CustomerID,Recency,Frequency,MonetaryValue,UniqueProducts,CustomerLifetimeDays
12346,0.5929850504276071,1.2544959545938104,3.2062193695310337,-0.3507527121214226,0.48893676874894443
12347,-0.949987805006197,0.8001660338568091,1.215993495386433,0.8896672959534744,0.4966605022120999
12348,-0.6012663856666685,0.2992073267345332,0.5731847098867666,-0.4115503779538524,0.3460476996805683
12349,-0.8735557130961633,0.07394609082159041,1.1398455150219955,0.9637379981128575,1.1493159798487367
12350,0.5213299642619506,-1.058145946714099,-0.7230240585435647,-0.7132292345010023,-1.0558099238821486
12351,0.8318353376464622,-1.058145946714099,-0.7989090223857139,-0.5486003891756687,-1.0558099238821486
12352,-0.7875696096973754,1.0480979277381186,0.8217237437062819,0.4126028186801636,0.3190146325595242
12353,0.014967355357977748,-0.5571872395918231,-0.5820111071321858,-0.47721685960260357,-0.2679891106402911
12354,0.14872351620053662,-1.058145946714099,0.12134527620542247,0.26071325195673184,-1.0558099238821486
12355,0.06273741280174877,-0.5571872395918231,0.027443288216165703,-0.14457610000475504,0.307429032364791
12356,-0.8544476901186548,0.48966298795922886,1.4023737274475314,0.7336066022127771,0.4966605022120999
12357,-0.8019006269305068,-0.20175138038774237,2.1633648730513246,1.48376101337308,0.3151527658279465
12358,-0.954764810750574,0.2992073267345332,1.0457068774158027,0.23242103254119895,1.763352790169596
12359,-0.6872524890654563,1.0480979277381186,1.6414015563961941,1.6111193223129396,1.5586738533959763
12360,-0.7111375177873418,0.8001660338568091,1.1106144891203522,1.0842787042858788,1.272895715259224
12361,0.4114588321412772,0.07394609082159041,-0.4173372295368919,-0.6688728615528973,0.46962743509105576
12362,-0.9452107992618198,1.15560189306089,1.2770779055579506,1.27039580711652,1.7826621238274847
12363,-0.43884819035784695,-0.5571872395918231,-0.36208463193182244,-0.47721685960260357,-0.5421816485823101
12364,-0.9261027762843114,0.07394609082159041,0.2626944277333087,0.4126028186801636,-0.6503139170664866
12365,0.4305668551187856,-0.5571872395918231,-0.25393866545346516,-0.5121324717856456,-1.0558099238821486
12366,2.0643028196957545,-1.058145946714099,-0.43302096789213573,-1.9471638881929467,-1.0558099238821486
12367,-0.9404337935174427,-1.058145946714099,-1.213950311142458,-1.0458699940988507,-1.0558099238821486
12368,2.040417790973869,-1.058145946714099,0.0043172207528609265,-0.6688728615528973,-1.0558099238821486
12369,1.0133615559327922,-0.20175138038774237,0.48665214790635825,0.6162076636214244,-0.17530430908242553
12370,-0.7159145235317189,0.654643185938614,1.1213383999456377,1.124063132285242,1.3269618495013122
12371,-0.7493535637423586,0.2992073267345332,1.0784288511240807,0.939783214329445,1.2651719817960685
12372,-0.6203744086441768,-0.20175138038774237,0.2543742662664077,-0.16768729188131876,-0.1868899092771587
12373,0.5261069700063277,-0.20175138038774237,0.15288264825307363,-0.12209817180851448,0.3421858329489906
12374,-0.8401166728855235,0.07394609082159041,0.8561790325100624,0.5105140700321456,1.1184210459961148
12375,-0.9117717590511801,-0.5571872395918231,-0.4973538363338093,-0.862804573858747,-0.715965651503308
12376,0.8987134180677416,-0.5571872395918231,-0.42884243050086407,-1.0458699940988507,-0.947677655397972
12377,0.5452149929838361,0.07394609082159041,0.9546594299151249,0.9088213112787457,0.002341560570150162
12378,-0.3433080754703049,-0.5571872395918231,1.2851293206644303,1.544111232749301,0.6163783708910096
12379,-0.5726043512004059,0.07394609082159041,0.4142980730648163,0.26071325195673184,0.6936157055225642
12380,-0.859224695863032,1.15560189306089,1.70392162178767,1.0636387966331442,1.4196466510591779
12381,-0.9404337935174427,0.2992073267345332,0.50814320523047,0.4126028186801636,-0.6116952497507092
12383,-0.0805727595295643,0.2992073267345332,0.5101928217282923,0.5602500888610992,-0.40701631297708946
12384,-0.8257856556523923,-0.5571872395918231,-0.3199135936051969,-0.3805884749031534,-0.6966563178454194
12385,0.8509433606239707,-1.058145946714099,0.5436497078693487,0.3526935049184267,-1.0558099238821486
12386,0.6503091193601324,-0.5571872395918231,-0.5906661132716986,-1.1172535236719159,-0.9438157886663943
12387,1.0229155674215462,-1.058145946714099,-1.328641927312092,-1.1954453334565955,-1.0558099238821486
12388,-0.8878867303292945,0.8001660338568091,1.0483087422875885,0.5505411819726732,1.1338685129224257
12389,0.960814492744644,-0.20175138038774237,0.32588758791989764,-0.0181119525235737,-0.07875764079298221
12390,-0.58215836268916,-1.058145946714099,-0.3649095953618274,-0.21595962957782017,-1.0558099238821486
12391,-0.859224695863032,0.48966298795922886,0.7893590359723442,1.4186162443378565,1.4196466510591779
12392,1.8636685784319162,-1.058145946714099,-0.9775064577064894,-1.3785107536966998,-1.0558099238821486
12393,-0.6155974028997997,0.48966298795922886,0.6975997621596978,0.32744864979204164,0.3190146325595242
12394,-0.6585904545991936,-0.5571872395918231,0.2400299109738643,-0.3805884749031534,-0.4610824472191777
12395,-0.8687787073517862,1.5110377522649707,1.1859984558463377,1.0040461146997783,1.1956583806276695
12396,2.260160055215216,-1.058145946714099,0.01502516828392611,0.3526935049184267,-1.0558099238821486
12397,-0.7923466154417526,-0.5571872395918231,0.7007353189785602,0.7791957222855813,-0.6696232507243752
12398,-0.7445765579979815,-1.058145946714099,0.42114002653310345,0.5698454386786636,-1.0558099238821486
12399,-0.39107813291407595,0.654643185938614,0.5524907368461843,0.37718466862099537,0.9716701101961609
12400,1.0181385616771692,-1.058145946714099,-1.0740027224756639,-1.0458699940988507,-1.0558099238821486
12401,0.48789092405131085,-1.058145946714099,-1.7113165490258473,-1.614523128595098,-1.0558099238821486
12402,0.583431038938853,0.48966298795922886,0.23114444424528025,0.020052745320578196,0.2842578319753246
12403,-0.7254685350204731,-0.5571872395918231,0.08007406775230387,-1.614523128595098,0.7669911734225411
12404,2.298376101170233,-1.058145946714099,-1.915990151841023,-2.515817022689194,-1.0558099238821486
12405,-0.25254496632713996,-1.058145946714099,0.4533685075652882,0.2031181655606824,-1.0558099238821486
12406,-0.8544476901186548,0.2992073267345332,1.4044808410844076,0.8082392174469527,1.5509501199328208
12407,-0.7254685350204731,0.2992073267345332,0.45241043212203363,0.24668909751329784,-0.22550857659293605
12408,-0.8066776326748838,0.8001660338568091,1.125374633446221,0.7336066022127771,0.7438199730330748
12409,-0.5869353684335371,0.654643185938614,2.341888872405521,1.1666290909919852,0.8249191743962071
12410,0.5117759527731964,-0.20175138038774237,0.07606600175804377,-0.12209817180851448,-0.3066077779560684
12411,0.9942535329552837,-1.058145946714099,-0.6966114254899243,-0.5121324717856456,-1.0558099238821486
12412,-0.6060433914110456,0.48966298795922886,0.7546667071385064,0.5407159979871611,0.739958106301497
12413,-0.6442594373660624,0.07394609082159041,0.06584997802958731,-0.0181119525235737,0.24177729792796956
12414,0.07706843003488008,0.48966298795922886,0.031086561358961824,-0.5486003891756687,-0.10579070791402634
12415,-0.8448936786299006,2.245808014503504,3.655182342682135,2.0123087504134847,0.8867090421014509
12416,2.174173951816428,-1.058145946714099,-1.0834790621220605,-1.0458699940988507,-1.0558099238821486
12417,-0.9452107992618198,1.8470162614078611,1.4490478123025283,1.5114692286462774,1.763352790169596
12418,-0.42451717312471565,0.07394609082159041,0.5738275106953539,0.6162076636214244,0.9446370430751168
12419,0.8796053950902333,-0.5571872395918231,-0.42904290688861085,-0.47721685960260357,-0.947677655397972
12420,-0.6585904545991936,-1.058145946714099,-0.30153349748720876,-0.2941514393624997,-1.0558099238821486
12421,-0.8878867303292945,0.48966298795922886,0.1340604007084619,0.038489320235348796,0.8365047745909403
12422,-0.5057262707791264,1.6565606001831652,1.2601145193498287,0.9578145568046977,1.3617186500855119
12423,-0.9595418164949511,1.0480979277381186,0.7617062779674191,0.9024861982765124,0.739958106301497
12424,-0.18566688590586056,0.07394609082159041,0.9362531575498055,0.5001945244425666,0.43487063450685615
12425,-0.5869353684335371,-0.5571872395918231,0.4663349530521773,0.5887058798168258,0.37308076680161245
12426,-0.03280270208579327,-0.5571872395918231,0.2801202709514223,0.44655496268773315,0.7515437064962301
12427,-0.859224695863032,-0.20175138038774237,-0.07176130349403842,-0.3805884749031534,0.2958434321700578
12428,-0.8401166728855235,0.9303406571479473,1.5626790082781818,1.4743130042630095,-0.05944830713509355
12429,-0.9165487647955571,0.8001660338568091,1.383168400597989,0.8766449105123539,1.0180125109750937
12430,-0.7541305694867357,-1.058145946714099,-0.9140869656340905,-1.0458699940988507,-1.0558099238821486
12431,-0.7923466154417526,2.202452120611942,1.758211872653305,1.428723884190206,1.4852983854959994
12432,-0.7589075752311129,0.2992073267345332,1.235921113356602,0.7567177940893411,-0.5537672487770433
12433,-0.9595418164949511,1.0480979277381186,2.1018710322682255,1.5556662555596725,0.782438640348852
12434,-0.5582733339672745,-0.20175138038774237,0.13722409839286961,0.31452880707427483,0.091164495396438
12435,-0.58215836268916,0.48966298795922886,1.9666974896498608,0.5979759564957379,1.4852983854959994
12436,-0.486618247801618,-1.058145946714099,-0.42050061415138756,-0.7601216003714991,-1.0558099238821486
12437,-0.954764810750574,2.6431297898006605,1.8992414471712926,1.520501170041236,1.7865239905590624
12438,-0.8926637360736717,-0.5571872395918231,0.8360161772455401,0.5602500888610992,-0.5692147157033542
12439,2.298376101170233,-0.5571872395918231,0.16255788125321066,0.40096584261492885,-0.889749654424306
12440,1.2474348374072701,-0.5571872395918231,-0.04317534288762241,-0.5486003891756687,-0.07103390732982674
12441,0.7888422859470683,-1.058145946714099,-1.1944600436013972,-1.0458699940988507,-1.0558099238821486
12442,-0.9452107992618198,-1.058145946714099,-1.2006482005322074,-0.9802035124500996,-1.0558099238821486
12443,2.5372263883890875,-1.058145946714099,-0.45484818948389744,-0.5486003891756687,-1.0558099238821486
12444,-0.859224695863032,0.2992073267345332,1.2281970724042601,0.9637379981128575,-0.4765299141454886
12445,-0.8544476901186548,-0.5571872395918231,-0.5337080026950451,-0.4437267787202448,0.48121303528578896
12446,-0.6872524890654563,-1.058145946714099,0.06791053808925723,0.24668909751329784,-1.0558099238821486
12447,0.20127057938868473,-1.058145946714099,-0.46805988144578636,-0.3805884749031534,-1.0558099238821486
12448,-0.7493535637423586,-1.058145946714099,-0.510139753711507,-0.5121324717856456,-1.0558099238821486
12449,-0.8544476901186548,0.48966298795922886,1.2033249004560924,0.8831819415705221,0.5507266364541882
12450,-0.21432892037212317,0.2992073267345332,-0.20315689142383597,-0.24120448470420522,0.17226369675957037
12451,-0.9117717590511801,0.8001660338568091,1.8984716559144086,1.7283395065606013,0.9484989098066945
12452,-0.8831097245849174,-0.5571872395918231,-0.5410465900516459,-0.5486003891756687,-1.0558099238821486
12453,-0.3194230467484194,-1.058145946714099,-0.1836388372477557,0.020052745320578196,-1.0558099238821486
12454,-0.6920294948098333,0.2992073267345332,2.0969392037556913,-0.4437267787202448,0.3537714331437238
12455,-0.6108203971554227,1.0480979277381186,1.3444038593034533,1.2622326247684965,1.446679718180222
12456,-0.7493535637423586,-0.20175138038774237,0.9010591725377102,0.7413828979433381,-0.2448179102508247
12457,-0.6442594373660624,0.8001660338568091,0.8577921732615951,0.32744864979204164,0.3692189000700347
12458,-0.6203744086441768,0.07394609082159041,0.481129194180734,0.4240770344914922,0.5507266364541882
12459,1.9305466588531957,-1.058145946714099,-0.5023142322457812,-0.47721685960260357,-1.0558099238821486
12460,1.2187728029410074,-1.058145946714099,-0.7398989059426161,-0.6688728615528973,-1.0558099238821486
12461,-0.5105032765235035,-0.5571872395918231,-0.07081903547384923,-0.14457610000475504,-0.8240979199874845
12462,-0.8735557130961633,-0.5571872395918231,0.1914476582440607,0.15710275654239486,0.04482209461750521
12463,-0.7063605120429647,0.07394609082159041,0.2798896707569266,0.3526935049184267,-0.3297789783455348
12464,-0.9117717590511801,0.8001660338568091,0.20493783443456348,-1.4880589811139169,0.09888822885959346
12465,-0.8783327188405403,-0.5571872395918231,-0.1487163426607125,0.07416420415895746,-0.46880618068233315
12466,2.298376101170233,-1.058145946714099,-1.9931169899332253,-2.515817022689194,-1.0558099238821486
12467,1.0611316133765631,-1.058145946714099,-1.3863693186696926,-1.1954453334565955,-1.0558099238821486
12468,-0.066241742296433,0.2992073267345332,1.0043841377912253,0.8961017842882889,0.855814108248829
12469,1.5340551820698962,-0.5571872395918231,0.8755472360221397,0.47915765239960845,-1.0017437896400603
12470,2.3318151413808725,-1.058145946714099,-1.0509270075370611,-0.47721685960260357,-1.0558099238821486
12471,-0.949987805006197,3.499524356127016,2.726807669984061,1.4647549187845361,1.763352790169596
12472,-0.8066776326748838,1.7867352234743035,2.078065956991249,1.8267735047541662,1.6204637211012198
12473,-0.8210086499080151,0.2992073267345332,1.0532750984253665,0.9754580982530536,-0.43018751336655586
12474,-0.8783327188405403,2.3674323185913275,1.8813432513253725,1.7669266519203308,1.4505415849117997
12475,-0.7063605120429647,-0.5571872395918231,0.16681112975002754,0.2031181655606824,0.3190146325595242
12476,-0.8878867303292945,2.0119964593872464,1.9748394639886893,1.7421666831507694,0.8210573076646294
12477,-0.8544476901186548,0.9303406571479473,2.2378752159510866,1.583861231680227,1.2651719817960685
12478,-0.9452107992618198,-1.058145946714099,-0.21074801886112174,-0.12209817180851448,-1.0558099238821486
12479,-0.906994753306803,-1.058145946714099,-0.3952043383348402,-0.24120448470420522,-1.0558099238821486
12480,-0.8257856556523923,0.654643185938614,1.2915668972545906,1.1666290909919852,0.7940242405435852
12481,-0.8544476901186548,1.5110377522649707,1.8703370174072167,1.4420098920812565,1.203382114090825
12482,1.7920134922662598,2.2876939305965793,2.350227144865256,0.0011923041824166546,-0.7584461855506631
12483,-0.8783327188405403,1.7867352234743035,1.2413015520560091,0.3891614223084505,1.4930221189591548
12484,-0.8066776326748838,1.2544959545938104,1.4003740365197033,1.673065194151025,1.4505415849117997
12485,1.567494222280536,-1.058145946714099,-0.18260997313199456,-0.16768729188131876,-1.0558099238821486
12486,1.0993476593315799,-1.058145946714099,0.09264111419986433,0.12492635577600246,-1.0558099238821486
12487,2.527672376900333,-1.058145946714099,-0.837277865088485,-2.183176263091345,-1.0558099238821486
12488,-0.9165487647955571,-0.20175138038774237,0.2547186956572471,0.07416420415895746,-0.8009267195980181
12489,0.6455321136157552,-1.058145946714099,-0.7218843217805706,-0.8098576192004525,-1.0558099238821486
12490,-0.9356567877730656,1.9044924940644754,1.7148288842880643,1.2456584639501014,1.7749383903643292
12491,-0.7780155982086212,-1.058145946714099,-0.49280266201626305,-0.4115503779538524,-1.0558099238821486
12492,-0.6585904545991936,-0.20175138038774237,-0.17540838096560996,-0.07890961835600385,0.2572247648542805
12493,-0.17133586867272924,-0.5571872395918231,-0.535763931687334,-0.586765087019821,-0.9322301884716611
12494,-0.8878867303292945,0.9303406571479473,0.4963022374405386,0.5505411819726732,1.1106973125329593
12495,2.097741859906394,-1.058145946714099,-0.6751481133397709,-0.7132292345010023,-1.0558099238821486
12496,2.0022017450188523,-0.5571872395918231,-2.151754516660122,-1.1172535236719159,-1.0558099238821486
12497,-0.5726043512004059,-0.20175138038774237,1.3882789309452366,-0.0181119525235737,1.1184210459961148
12498,-0.859224695863032,-0.20175138038774237,-0.5874484427912,-0.5486003891756687,-0.9167827215453501
12499,1.7155814003562262,-1.058145946714099,-0.6054720928875472,-0.3507527121214226,-1.0558099238821486
12500,-0.8496706843742777,1.7867352234743035,1.3535826866386151,0.5979759564957379,1.4544034516433775
12501,0.6455321136157552,-1.058145946714099,0.62487590797026,1.0262202498700983,-1.0558099238821486
12502,-0.5057262707791264,0.2992073267345332,1.0147541487958747,0.7178293264081053,-0.22937044332451376
12503,1.8302295382212765,-1.058145946714099,0.1518266165384111,-2.183176263091345,-1.0558099238821486
12504,-0.8735557130961633,0.07394609082159041,-0.1137752535347435,-1.0458699940988507,1.1763490469697808
12505,0.9894765272109066,-1.058145946714099,0.03319579400353146,0.0011923041824166546,-1.0558099238821486
12506,0.14872351620053662,-1.058145946714099,-1.809034461809704,-0.47721685960260357,-1.0558099238821486
12507,-0.3194230467484194,0.07394609082159041,0.507654342303714,0.07416420415895746,0.682030105327831
12508,-0.8353396671411465,-0.5571872395918231,-0.5979044557184462,0.24668909751329784,-1.0442243236874154
12509,0.3971278149081459,-1.058145946714099,-1.1823626312374615,-1.3785107536966998,-1.0558099238821486
12510,-0.2812070007934026,0.9303406571479473,1.2526575447955575,0.6514988276797011,1.2342770479434466
12511,1.0850166420984486,-1.058145946714099,0.87870818235328,1.2244584972993122,-1.0558099238821486
12512,-0.6442594373660624,-0.5571872395918231,-1.3897218928326032,-0.24120448470420522,-1.0558099238821486
12513,-0.42451717312471565,-1.058145946714099,-0.2873897782198052,-0.14457610000475504,-1.0558099238821486
12514,0.3159187172537352,-0.5571872395918231,0.4042281008227125,0.47915765239960845,0.3885282337279234
12515,0.726741211270166,-1.058145946714099,-0.6240323827749733,-0.7601216003714991,-1.0558099238821486
12516,-0.5917123741779142,0.07394609082159041,0.7688876583346518,0.12492635577600246,0.9600845100014277
12517,-0.8257856556523923,0.2992073267345332,0.7218894552076941,1.3875239442341725,-0.43018751336655586
12518,-0.9595418164949511,0.2992073267345332,0.586456032964965,0.5602500888610992,-0.6310045834085979
12519,-0.6585904545991936,-0.5571872395918231,-0.1740691885320757,-0.16768729188131876,0.539141036259455
12520,-0.58215836268916,0.2992073267345332,0.7649649589219185,0.8567153541898691,-0.3066077779560684
12521,-0.2812070007934026,-1.058145946714099,-0.30238619165563374,-0.07890961835600385,-1.0558099238821486
12522,-0.7732385924642441,-0.5571872395918231,-1.1192435393802618,-1.0458699940988507,-1.0094675231032157
12523,-0.8687787073517862,2.0119964593872464,1.127297273069689,1.1620071460508272,1.6977010557327745
12524,-0.9165487647955571,1.6565606001831652,1.8046901357489282,1.0688476589388138,1.4930221189591548
12525,1.4194070442048459,-0.20175138038774237,0.04705016692997249,0.23242103254119895,-0.48039178087706635
12526,-0.9595418164949511,-0.20175138038774237,0.2646472765967842,0.34016817678249833,-0.6927944511138416
12527,-0.5726043512004059,0.2992073267345332,-0.15523368285846353,-0.3805884749031534,0.6743063718646756
12528,-0.9165487647955571,0.48966298795922886,0.5418161955811613,0.14117229372259663,0.1143356957859044
12529,1.562717216536159,-1.058145946714099,-0.7626590154256736,-0.5486003891756687,-1.0558099238821486
12530,-0.6776984775767021,0.9303406571479473,1.0215798787697747,0.6514988276797011,1.1956583806276695
12531,-0.8926637360736717,-0.5571872395918231,0.5417117091547192,0.8896672959534744,1.5393645197380876
12532,-0.816231644163638,-1.058145946714099,-0.6905576623032889,-0.7601216003714991,-1.0558099238821486
12533,2.035640785229492,-0.5571872395918231,0.29217984516131085,0.32744864979204164,-0.6271427166770202
12534,-0.33853106972592784,-1.058145946714099,0.12785002679205063,0.32744864979204164,-1.0558099238821486
12535,-0.5248342937566348,-0.5571872395918231,-0.174260349687491,-0.32196403698294906,-0.6889325843822639
12536,-0.7541305694867357,-0.20175138038774237,1.8945845637917984,1.480623751205243,-0.9940200561769047
12537,0.9894765272109066,-1.058145946714099,-0.15775686124647337,0.020052745320578196,-1.0558099238821486
12538,-0.8210086499080151,-0.5571872395918231,-0.2549844450320142,-0.1914684658752519,0.2919815654384801
12539,-0.8544476901186548,0.654643185938614,1.8104175410070467,1.5294347580327998,1.6243255878327976
12540,-0.8687787073517862,2.442335020593583,2.3050654446810217,1.7329745079127619,1.6977010557327745
12541,-0.8210086499080151,-0.20175138038774237,0.052546235856740134,0.07416420415895746,-0.08648137425613768
12542,1.3525289637835665,-0.5571872395918231,-0.4599573748663074,-0.05813906446410138,-0.4533587137560222
12543,1.1805567569859907,-1.058145946714099,0.051862430953131866,0.020052745320578196,-1.0558099238821486
12544,-0.7875696096973754,-1.058145946714099,-0.6449729996148171,-0.6267921989603487,-1.0558099238821486
12545,-0.6012663856666685,-0.5571872395918231,0.0665278741912229,0.0011923041824166546,-0.3452264452718457
12546,-0.7397995522536044,-0.5571872395918231,0.17421316635153433,0.27450169513374717,-0.9360920552032388
12547,-0.018471684852661967,-0.20175138038774237,-0.6242575791835762,-0.9194058466176699,0.1143356957859044
12548,-0.16655886292835215,-1.058145946714099,-1.6245130064803786,-1.614523128595098,-1.0558099238821486
12549,1.7872364865218826,0.48966298795922886,0.39418964736920614,-0.07890961835600385,-0.5846621826296651
12550,-0.58215836268916,-1.058145946714099,0.04042905958825228,0.24668909751329784,-1.0558099238821486
12551,0.7458492342476744,-1.058145946714099,-1.217784174355678,-1.1172535236719159,-1.0558099238821486
12552,-0.7780155982086212,-0.5571872395918231,-0.5290212100071265,-0.586765087019821,-1.0519480571505708
12553,-0.9213257705399343,1.2544959545938104,1.1686061070422498,0.7717713000569296,0.5468647697226104
12554,1.1805567569859907,-1.058145946714099,-0.4802406963637031,-0.3805884749031534,-1.0558099238821486
12555,2.298376101170233,-1.058145946714099,-1.4058904984466845,-2.515817022689194,-1.0558099238821486
12556,-0.720691529276096,-0.5571872395918231,-0.3025304085418353,0.7017426726202728,-0.6657613839927975
12557,-0.8831097245849174,0.8001660338568091,2.155765970622886,-0.8098576192004525,1.6706679886117304
12558,-0.9261027762843114,-1.058145946714099,-0.8770282991272431,-1.0458699940988507,-1.0558099238821486
12559,0.5213299642619506,-0.5571872395918231,-0.34952018079681924,-0.5486003891756687,-1.021053123297949
12560,-0.9356567877730656,-0.20175138038774237,0.6130122463682963,0.6251737972068488,-0.5228723149244214
12561,0.4831139183069338,-1.058145946714099,-0.965060812340724,-0.7601216003714991,-1.0558099238821486
12562,-0.9213257705399343,0.9303406571479473,1.222618891249808,0.8010741670374462,0.5932071705015431
12563,0.9894765272109066,-1.058145946714099,-0.9344503819690803,-0.9194058466176699,-1.0558099238821486
12564,0.2872566827874726,-1.058145946714099,-0.49829905194139956,-0.5486003891756687,-1.0558099238821486
12565,0.4162358378856543,-1.058145946714099,-1.3188478861004596,-1.1954453334565955,-1.0558099238821486
12566,-0.5487193224785203,-1.058145946714099,-0.6868227083299417,-0.6267921989603487,-1.0558099238821486
12567,-0.8544476901186548,1.5110377522649707,1.8451416788313435,1.7580092482839644,1.431232251253911
12568,2.1168498828839026,-1.058145946714099,-1.8437683571491477,-1.614523128595098,-1.0558099238821486
12569,-0.949987805006197,2.4054512011867506,1.0885260863246253,0.6340429977198944,-0.09034324098771541
12570,2.298376101170233,-1.058145946714099,-1.7710992555389735,-2.515817022689194,-1.0558099238821486
12571,-0.7732385924642441,-0.5571872395918231,-0.40565195405654486,-0.24120448470420522,-0.7391368518927744
12572,-0.9213257705399343,-0.5571872395918231,0.08082355044963413,0.18806465959309385,-0.889749654424306
12573,0.1248384874786511,0.2992073267345332,-0.17319451770839459,0.7567177940893411,-0.13668564176664819
12574,0.5452149929838361,-1.058145946714099,-1.0292237442147212,-1.0458699940988507,-1.0558099238821486
12575,1.2235498086853847,-0.5571872395918231,-0.2751013823253025,-0.16768729188131876,-0.7893411194032849
12576,-0.7923466154417526,0.8001660338568091,0.6159510361763905,0.8082392174469527,0.840366641322518
12577,-0.7923466154417526,0.8001660338568091,0.4129075905623924,1.4774744457749929,1.6513586549538417
12578,-0.859224695863032,0.07394609082159041,1.1738639126361168,1.0262202498700983,0.5738978368436545
12579,-0.5869353684335371,-1.058145946714099,-0.5247570041408117,-0.2941514393624997,-1.0558099238821486
12580,0.21560159662181605,-0.5571872395918231,0.1034195243298941,0.17272976344709118,0.21860609753850316
12581,-0.7732385924642441,-1.058145946714099,-1.1008854954062024,-0.8098576192004525,-1.0558099238821486
12582,0.17738555066679923,0.07394609082159041,0.5591149194361137,0.5979759564957379,0.25336289812270274
12583,-0.949987805006197,2.202452120611942,1.949156800452492,0.9812559531764108,1.7672146569011737
12584,-0.9452107992618198,0.9303406571479473,0.678927039207128,0.038489320235348796,0.013927160764883359
12585,0.15827752768929082,-0.5571872395918231,0.5805425831087312,0.4897435161402434,-0.6039715162875537
12586,-0.8783327188405403,0.07394609082159041,0.5884805952808836,0.5407159979871611,1.6706679886117304
12587,-0.9261027762843114,-1.058145946714099,-1.3283431774081855,-1.7640984679528429,-1.0558099238821486
12588,-0.7732385924642441,0.07394609082159041,0.03589326766548728,-0.24120448470420522,1.0991117123382261
12589,-0.8257856556523923,0.8001660338568091,1.1820884337258346,0.8567153541898691,1.4968839856907326
12590,0.048406395568617464,-0.5571872395918231,1.7178071378986466,0.3891614223084505,-1.0558099238821486
12591,0.5547690044725903,-0.20175138038774237,0.2767558688619763,0.32744864979204164,-0.7043800513085748
12592,-0.5200572880122577,0.2992073267345332,0.7506908874738508,0.0011923041824166546,0.5932071705015431
12593,-0.44362519610222406,-0.20175138038774237,-0.5622107531472414,-0.862804573858747,-0.6310045834085979
12594,-0.7827926039529983,1.5110377522649707,1.2402998461998136,0.5001945244425666,1.2960669156486904
12595,1.4480690786711083,-1.058145946714099,-0.8034897984166127,-0.6267921989603487,-1.0558099238821486
12596,-0.7159145235317189,-0.5571872395918231,-0.2803855357107396,-0.4115503779538524,-0.3181933781508016
12597,-0.8687787073517862,0.07394609082159041,1.0314859734772552,1.1982735174240835,-0.09420510771929315
12598,-0.9165487647955571,1.15560189306089,1.156819571345362,0.9151078788768329,1.4119229175960224
12599,-0.8210086499080151,1.3460575542855853,0.6660277368462708,0.09143627489364367,1.0604930450224488
12600,-0.8257856556523923,1.9044924940644754,1.2226915366655033,0.18806465959309385,1.662944255148575
12601,-0.056687730807678784,0.48966298795922886,-0.21046230292808216,-0.4437267787202448,-0.22550857659293605
12602,-0.6824754833210792,-1.058145946714099,-1.2843131792914178,-0.9802035124500996,-1.0558099238821486
12603,-0.859224695863032,-1.058145946714099,-0.15162626287722686,-2.183176263091345,-1.0558099238821486
12604,-0.58215836268916,-0.5571872395918231,-0.9203395374038559,-0.8098576192004525,-0.3529501787350012
12605,0.8366123433908393,0.07394609082159041,0.21726852870549757,0.32744864979204164,-0.7391368518927744
12606,2.298376101170233,-1.058145946714099,-2.6894908704952525,-2.515817022689194,-1.0558099238821486
12607,-0.672921471832325,-1.058145946714099,0.39594095693849624,0.7098254282188435,-1.0558099238821486
12608,0.9703685042333982,-1.058145946714099,-0.5662003462836066,-0.7601216003714991,-1.0558099238821486
12609,-0.5869353684335371,0.9303406571479473,0.9566658628271674,0.9088213112787457,1.4196466510591779
12610,-0.8544476901186548,0.2992073267345332,0.6012631163179315,0.5698454386786636,-0.6541757837980643
12611,-0.7111375177873418,-1.058145946714099,0.1937055433749677,0.3526935049184267,-1.0558099238821486
12612,-0.6060433914110456,-1.058145946714099,-0.1867547339361406,-0.6267921989603487,-1.0558099238821486
12613,-0.6872524890654563,1.0480979277381186,1.4511639848662263,1.3366868742976272,1.5239170528117767
12614,0.3636887746975062,-1.058145946714099,-0.7646625809414077,-0.586765087019821,-1.0558099238821486
12615,-0.949987805006197,0.8001660338568091,1.3271418723428048,1.258120370257919,1.373304250280245
12616,-0.5057262707791264,-0.20175138038774237,0.15508573473131596,-0.21595962957782017,0.07571702847012707
12617,-0.8210086499080151,-1.058145946714099,-0.6841054887551064,-0.05813906446410138,-1.0558099238821486
12618,-0.859224695863032,-1.058145946714099,-1.1790761415667466,-1.0458699940988507,-1.0558099238821486
12619,-0.8831097245849174,1.0480979277381186,1.0258136524624226,0.21790042237482501,1.0450455780961379
12620,-0.8926637360736717,-0.20175138038774237,0.2770036278166577,0.607142454731596,-0.32205524488237935
12621,-0.954764810750574,2.5129551665095216,2.368867642531958,1.7095331115410488,1.520055186080199
12622,0.14872351620053662,-1.058145946714099,-1.167869191864615,-1.0458699940988507,-1.0558099238821486
12623,0.3589117689531291,0.654643185938614,1.0193843294211156,0.7938459876173184,0.566174103380499
12624,-0.4531792075909783,-0.5571872395918231,-0.25421964012797177,-0.12209817180851448,-0.7816173859401294
12625,0.048406395568617464,0.07394609082159041,1.2508238208586988,0.9984076522496489,0.4310087677752784
12626,-0.8496706843742777,0.9303406571479473,1.430013274357993,1.3875239442341725,0.1143356957859044
12627,-0.9117717590511801,0.654643185938614,1.1479217237202772,1.0944071422788821,-0.5537672487770433
12628,-0.9404337935174427,-0.20175138038774237,-0.10695067595300772,-0.16768729188131876,-0.8240979199874845
12629,0.8796053950902333,-0.5571872395918231,0.3861515886527913,-0.037881416532715165,-0.9090589880821947
12630,-0.9165487647955571,-0.5571872395918231,0.23912243428623384,0.28806221969362183,-0.9245064550085056
12631,-0.6872524890654563,0.48966298795922886,0.9662028647673178,0.921346639414674,1.4003373174012892
12632,1.524501170581142,-0.5571872395918231,-0.0902603365706685,-0.21595962957782017,-0.8858877876927282
12633,-0.6824754833210792,0.654643185938614,1.3192011957422989,1.3441450443638419,0.7476818397646525
12634,1.5961562567467986,-0.5571872395918231,-0.447920179796687,-0.586765087019821,-1.005605656371638
12635,-0.534388305245389,0.07394609082159041,0.8418410237031824,1.0791672045283927,0.36149516660687925
12636,2.56588842285535,-1.058145946714099,-1.3434342402862764,-2.515817022689194,-1.0558099238821486
12637,-0.6394824316216853,1.2544959545938104,1.59177874666133,1.583861231680227,0.782438640348852
12638,-0.8019006269305068,-0.5571872395918231,0.0072889269378760444,0.09143627489364367,1.2844813154539572
12639,0.17738555066679923,-0.20175138038774237,0.2622933304157641,0.26071325195673184,0.44645623470158935
12640,-0.8496706843742777,-0.20175138038774237,0.18228956151426634,0.09143627489364367,-0.83182165345064
12641,-0.41018615589158436,-1.058145946714099,-1.1451139848245804,-1.1172535236719159,-1.0558099238821486
12642,-0.8401166728855235,-0.20175138038774237,0.07574581634134551,-0.05813906446410138,-0.7391368518927744
12643,-0.348085081214682,1.2544959545938104,1.5936069649912554,-0.862804573858747,0.8094717074698962
12644,-0.3433080754703049,0.07394609082159041,0.5362010613137879,0.7490861757345402,1.1261447794592703
12645,-0.8019006269305068,0.8001660338568091,0.9780704227686495,0.7865535568710715,1.3964754506697115
12646,-0.9404337935174427,-0.5571872395918231,0.281063355813817,0.020052745320578196,-0.8820259209611505
12647,-0.8544476901186548,2.5468070428147276,2.108775065562688,1.4152191667836551,1.5432263864696654
12648,-0.22388293186087738,0.07394609082159041,0.14280362968555887,-0.07890961835600385,1.056631178290871
12649,-0.4484022018466012,0.8001660338568091,0.6653771525180051,0.6514988276797011,1.218829581017136
12650,-0.9452107992618198,-1.058145946714099,-0.7673121702623668,-0.586765087019821,-1.0558099238821486
12651,0.635978102127001,0.07394609082159041,-0.6352838668997591,-0.2672508963742018,-0.5499053820454656
12652,0.6216470848938698,-0.5571872395918231,0.07842387953307106,0.15710275654239486,-0.658037650529642
12653,-0.25254496632713996,-0.20175138038774237,1.0948215969885573,0.47915765239960845,0.4039757006542343
12654,-0.9117717590511801,0.2992073267345332,-0.2996275887548598,-0.24120448470420522,0.04482209461750521
12655,1.0611316133765631,-1.058145946714099,-0.9003374156455943,-0.7601216003714991,-1.0558099238821486
12656,-0.8783327188405403,0.8001660338568091,1.4064511821581325,1.15268439735128,1.0489074448277156
12657,-0.906994753306803,0.07394609082159041,0.4244490374668179,-0.14457610000475504,-0.7970648528664404
12658,-0.8735557130961633,-1.058145946714099,-0.20541220084183234,-0.12209817180851448,-1.0558099238821486
12659,-0.8210086499080151,-1.058145946714099,-1.6514203997972512,-1.614523128595098,-1.0558099238821486
12660,-0.906994753306803,-1.058145946714099,-0.94649230339445,-0.9194058466176699,-1.0558099238821486
12661,1.1232326880534655,-1.058145946714099,-1.2438772400039853,-1.0458699940988507,-1.0558099238821486
12662,-0.9595418164949511,1.8470162614078611,1.4414836074537642,1.0994248524597794,1.3269618495013122
12663,2.0213097679963608,-0.5571872395918231,-0.963407480011233,-1.1954453334565955,-0.8858877876927282
12664,-0.9213257705399343,1.15560189306089,1.36736642037641,-1.1172535236719159,1.7170103893906632
12665,0.5882080446832301,-0.20175138038774237,-0.7692369279938808,-0.9194058466176699,0.27653409851216915
12666,0.9225984467896272,-1.058145946714099,0.22626183020621837,-0.24120448470420522,-1.0558099238821486
12667,-0.6824754833210792,-1.058145946714099,-0.2782207437600957,-0.1914684658752519,-1.0558099238821486
12668,-0.906994753306803,1.0480979277381186,1.8211673555220569,1.4899997739109212,1.5161933193486212
12669,-0.24299095483838576,-0.20175138038774237,0.7944229347158304,0.6853342645162757,-0.6464520503349088
12670,-0.9117717590511801,0.654643185938614,1.0217775732450651,0.4240770344914922,1.4775746520328439
12671,1.9353236645975729,-1.058145946714099,0.7617310411726953,0.05652066271060163,-1.0558099238821486
12672,0.6120930734051155,-0.5571872395918231,-0.5302889210606112,-0.5121324717856456,-0.028553373282471695
12673,-0.9356567877730656,-0.20175138038774237,0.21555251465648956,0.3891614223084505,0.4734893018226335
12674,-0.7780155982086212,0.07394609082159041,0.5555358938482587,0.17272976344709118,-0.4031544462455117
12675,1.6821423601455865,-0.5571872395918231,0.034741669990265435,0.7865535568710715,-0.9592632555927052
12676,-0.8448936786299006,1.15560189306089,0.8200126246095943,0.37718466862099537,0.7167869059120306
12677,1.6916963716343407,-0.5571872395918231,-0.6029528703363192,-0.9194058466176699,-0.6271427166770202
12678,-0.7589075752311129,1.9044924940644754,2.6169224930011463,1.2622326247684965,1.489160252227577
12679,-0.6824754833210792,0.07394609082159041,0.14346484170130439,0.020052745320578196,-0.1868899092771587
12680,-0.9595418164949511,0.07394609082159041,-0.025265529751058342,-0.1914684658752519,-0.6194189832138647
12681,-0.8926637360736717,2.8158079328937515,2.5166473673480434,1.9455454864394472,1.6938391890011968
12682,-0.9452107992618198,2.990819440597063,2.327285072106549,1.6680779869560265,1.7826621238274847
12683,-0.9404337935174427,1.9044924940644754,1.8368891756313066,1.4014884185366627,1.7324578563169741
12684,-0.9261027762843114,0.654643185938614,0.6619037504636034,0.3014022381220454,-0.2602653771771356
12685,-0.8257856556523923,0.48966298795922886,0.8250683365718805,0.8293663864529791,-0.8047885863295958
12686,0.8127273146689539,-1.058145946714099,-1.6714790918155304,-1.3785107536966998,-1.0558099238821486
12687,1.333420940806058,-0.5571872395918231,0.6146669984291486,0.8896672959534744,-1.0558099238821486
12688,-0.41974016738033854,-1.058145946714099,1.2089617952544545,1.1384985731749109,-1.0558099238821486
12689,-0.8401166728855235,-0.5571872395918231,0.22579371576777515,0.24668909751329784,-0.6618995172612198
12690,0.019744361102354852,-1.058145946714099,-0.6141371318268822,-0.7601216003714991,-1.0558099238821486
12691,-0.8257856556523923,0.654643185938614,0.17971838433692175,-0.4437267787202448,0.45804183489632255
12692,2.083410842673263,-1.058145946714099,-1.5150670553023327,-0.9194058466176699,-1.0558099238821486
12693,-0.35286208695905913,0.654643185938614,0.4502532786266417,0.32744864979204164,0.46962743509105576
12694,-0.6251514143885539,-0.20175138038774237,0.5073765206540471,0.40096584261492885,0.29970529890163555
12695,-0.9261027762843114,0.654643185938614,0.31257534762440264,0.07416420415895746,1.4852983854959994
12696,1.1136786765647113,-0.5571872395918231,-0.04931875361687984,0.020052745320578196,-0.7700317857453963
12697,-0.8257856556523923,-0.20175138038774237,0.03499773940586301,-0.10021972705664996,-0.5112867147296882
12698,1.8588915726875392,-1.058145946714099,-0.7116009462680045,-0.7601216003714991,-1.0558099238821486
12699,1.0324695789103004,-1.058145946714099,-0.2576224831170896,-0.0181119525235737,-1.0558099238821486
12700,-0.9261027762843114,0.07394609082159041,1.218695368355855,1.2372441024225518,-0.25254164371398014
12701,-0.58215836268916,0.48966298795922886,0.7115845620149734,0.8362895757000253,1.0836642454119152
12702,-0.8687787073517862,-1.058145946714099,-1.0274169108578235,-0.9802035124500996,-1.0558099238821486
12703,-0.6203744086441768,0.07394609082159041,0.07094024226215268,0.23242103254119895,1.3115143825750013
12704,-0.9261027762843114,0.8001660338568091,0.6797566593093086,0.34016817678249833,-0.43018751336655586
12705,-0.8878867303292945,1.4312993642702228,1.8448116165879849,1.6503800698286364,0.9446370430751168
12707,0.4305668551187856,-1.058145946714099,-0.29790581462257654,-0.1914684658752519,-1.0558099238821486
12708,-0.8210086499080151,1.7233615276208618,1.244195419233648,0.9151078788768329,1.616601854369642
12709,-0.8878867303292945,2.478149591821275,2.5276199459532984,1.2201519621759485,1.70542478919593
12710,-0.5009492650347493,-0.20175138038774237,0.1664220811019619,0.46843340743959727,-0.6503139170664866
12711,1.9592086933194583,-0.5571872395918231,0.27680973673880577,0.23242103254119895,-0.8047885863295958
12712,-0.8257856556523923,1.9044924940644754,1.441106904693396,0.8896672959534744,1.6552205216854194
12713,-0.9595418164949511,-1.058145946714099,-0.05216798406494349,-0.07890961835600385,-1.0558099238821486
12714,-0.9165487647955571,1.2544959545938104,1.975341523978654,1.9034648238468983,1.747905323243285
12715,-0.4531792075909783,-1.058145946714099,-0.7039939085967742,-0.586765087019821,-1.0558099238821486
12716,-0.9452107992618198,-0.5571872395918231,0.10382350978337862,0.28806221969362183,-0.5537672487770433
12717,-0.23821394909400867,-0.20175138038774237,0.26038920147149347,0.28806221969362183,0.639549571280476
12718,-0.6203744086441768,-1.058145946714099,-0.9668687770910126,-0.6267921989603487,-1.0558099238821486
12719,-0.9356567877730656,-0.5571872395918231,-0.24993823375294236,-0.16768729188131876,-0.8240979199874845
12720,-0.949987805006197,2.3282062876889484,1.5471670256379129,1.48688632403703,0.8905709088330286
12721,-0.8114546384192609,0.8001660338568091,1.068729840122611,1.193826931703096,0.6434114380120537
12722,-0.5534963282228974,0.07394609082159041,0.06453564329312321,0.14117229372259663,-0.8047885863295958
12723,-0.9452107992618198,0.2992073267345332,-0.16553879914241718,0.18806465959309385,-0.816374186524329
12724,-0.9356567877730656,0.654643185938614,0.6725326656333384,0.6514988276797011,0.9909794438540496
12725,0.8127273146689539,0.07394609082159041,0.65655389237286,0.6340429977198944,-0.2332323100560915
12726,-0.8257856556523923,1.15560189306089,1.0690031214807394,0.32744864979204164,1.2458626481381798
12727,-0.9117717590511801,1.0480979277381186,1.3193753037482716,0.9275383145186272,1.431232251253911
12728,-0.6203744086441768,0.2992073267345332,0.11515209856332097,0.10835219495760728,0.149092496370104
12729,-0.41974016738033854,-1.058145946714099,-0.5044574096263202,-0.3805884749031534,-1.0558099238821486
12730,1.5292781763255192,-1.058145946714099,-0.06875558182840663,0.09143627489364367,-1.0558099238821486
12731,-0.8496706843742777,1.6565606001831652,2.411089682658427,0.9578145568046977,1.3539949166223564
12732,-0.1044577882514498,-1.058145946714099,-0.9728978180503906,-0.9802035124500996,-1.0558099238821486
12733,0.15827752768929082,0.07394609082159041,0.7052035169103972,0.8293663864529791,0.7013394389857197
12734,0.7219642055257889,-0.20175138038774237,-0.2558852541955628,-0.7132292345010023,-0.9013352546190392
12735,0.5452149929838361,-0.5571872395918231,-0.11329422499548691,-0.07890961835600385,-0.9708488557874383
12736,0.6264240906382469,-1.058145946714099,-0.9798065007014709,-1.7640984679528429,-1.0558099238821486
12737,1.4194070442048459,-0.5571872395918231,1.012158562112724,-2.183176263091345,-1.0558099238821486
12738,0.8175043204133309,-1.058145946714099,-1.2739436906001904,-1.0458699940988507,-1.0558099238821486
12739,-0.5869353684335371,0.07394609082159041,0.7898593533433798,0.5698454386786636,0.1645399632964149
12740,-0.6585904545991936,-1.058145946714099,-0.5460312844275099,-0.3507527121214226,-1.0558099238821486
12741,1.567494222280536,-0.5571872395918231,-0.5832336014143975,-0.7601216003714991,-1.0403624569558376
12742,2.026086773740738,-1.058145946714099,0.19864456758709653,0.37718466862099537,-1.0558099238821486
12743,-0.3194230467484194,-0.5571872395918231,-0.37774721849536913,0.8082392174469527,-1.0558099238821486
12744,-0.7159145235317189,1.15560189306089,2.398130390923822,1.4320656120576276,1.029598111169827
12745,1.3620829752723205,-0.20175138038774237,0.010349748045142668,-0.5486003891756687,-0.29888404449291295
12746,1.620041285468684,-1.058145946714099,-0.9192936737188472,-0.7132292345010023,-1.0558099238821486
12747,-0.949987805006197,2.1575193073054413,1.643439459837447,0.5698454386786636,1.763352790169596
12748,-0.9595418164949511,5.276266197153594,2.9387251543947475,3.261267017269096,1.7826621238274847
12749,-0.9452107992618198,0.9303406571479473,1.4595828718994006,1.480623751205243,0.9446370430751168
12750,-0.348085081214682,-1.058145946714099,-0.8614274037088413,-0.8098576192004525,-1.0558099238821486
12751,1.1614487340084823,-1.058145946714099,-0.8815445085844503,0.3014022381220454,-1.0558099238821486
12752,-0.5726043512004059,-1.058145946714099,1.1296859566233304,0.18806465959309385,-1.0558099238821486
12753,-0.8544476901186548,0.48966298795922886,2.2777956542869773,0.9275383145186272,0.2572247648542805
12754,0.1630545334336679,-0.20175138038774237,0.861355287755091,0.12492635577600246,-0.773893652476974
12755,0.3780197919306375,1.15560189306089,1.2607294843040115,-0.16768729188131876,0.539141036259455
12756,-0.5487193224785203,-1.058145946714099,-1.507817584150598,-1.7640984679528429,-1.0558099238821486
12757,-0.8878867303292945,1.3460575542855853,1.5515440512027943,1.4049427101962726,-0.29888404449291295
12758,-0.40540915014720724,0.654643185938614,1.7206536390534493,1.211470473151452,1.346271183159201
12759,-0.7111375177873418,0.8001660338568091,1.2303967820325554,1.2904553164025458,1.5818450537854427
12760,1.2139957971966304,-1.058145946714099,-0.6947464995371898,-0.5486003891756687,-1.0558099238821486
12761,1.2235498086853847,-0.5571872395918231,-0.11017532888416856,-0.3507527121214226,-1.0287768567611044
12762,-0.9261027762843114,-0.5571872395918231,0.528651949117455,0.31452880707427483,-0.9862963227137492
12763,-0.300315023770911,-0.5571872395918231,-0.44194686857031085,-0.7601216003714991,-0.16371870888769233
12764,0.5499919987282132,-1.058145946714099,0.4463711179378988,0.05652066271060163,-1.0558099238821486
12765,1.295204894851041,0.48966298795922886,0.3112721187421723,0.12492635577600246,-0.4031544462455117
12766,-0.9452107992618198,0.9303406571479473,1.6451010951825427,1.4583204304497215,0.5043842356752554
12767,0.8318353376464622,-1.058145946714099,0.029122996363929867,0.020052745320578196,-1.0558099238821486
12768,1.190110768474745,-1.058145946714099,-1.214843059601785,-1.1172535236719159,-1.0558099238821486
12769,0.17738555066679923,-1.058145946714099,0.16301208429851713,-0.21595962957782017,-1.0558099238821486
12770,0.04362938982424036,-0.5571872395918231,0.9157466515779767,-0.6267921989603487,-0.10579070791402634
12771,1.3573059695279435,-1.058145946714099,-0.8448814769960051,-0.8098576192004525,-1.0558099238821486
12772,-0.6776984775767021,-1.058145946714099,-0.015783472192020687,0.21790042237482501,-1.0558099238821486
12773,1.7346894233337347,-1.058145946714099,-1.434034905431568,-1.4880589811139169,-1.0558099238821486
12774,1.5961562567467986,-1.058145946714099,-1.5987174752332982,-1.4880589811139169,-1.0558099238821486
12775,-0.8783327188405403,0.654643185938614,0.4430586358967026,0.21790042237482501,0.45804183489632255
12776,2.226721015004576,-1.058145946714099,-2.008662549972644,-1.7640984679528429,-1.0558099238821486
12777,1.2235498086853847,-1.058145946714099,-0.4058738293159522,-0.3805884749031534,-1.0558099238821486
12778,-0.8687787073517862,0.9303406571479473,0.48039420170672625,0.4897435161402434,1.1956583806276695
12779,-0.7827926039529983,1.4312993642702228,1.41387799174842,0.9870131210634252,1.6436349214906862
12780,1.897107618642556,-1.058145946714099,-0.7165963264066685,-0.586765087019821,-1.0558099238821486
12781,-0.6585904545991936,-0.5571872395918231,-0.0709411119613612,-0.4115503779538524,-0.20233737620346964
12782,-0.9404337935174427,1.15560189306089,1.1700905955585748,0.9870131210634252,0.9330514428803837
12783,-0.949987805006197,0.48966298795922886,0.6434327737997795,0.47915765239960845,-0.773893652476974
12784,-0.9165487647955571,-0.20175138038774237,0.4752854774782182,0.8567153541898691,0.9523607765382722
12785,0.7792882744583141,-0.20175138038774237,0.1352410399435335,0.0011923041824166546,0.36149516660687925
12786,1.9496546818307041,-1.058145946714099,-0.1621368604702705,-0.6688728615528973,-1.0558099238821486
12787,-0.9165487647955571,0.07394609082159041,-0.04067902263271017,-0.2672508963742018,0.5043842356752554
12788,1.2522118431516471,0.07394609082159041,-0.5174680354285444,-0.586765087019821,-0.8047885863295958
12789,-0.6490364431104395,-0.20175138038774237,-0.8680534639130443,-1.614523128595098,1.3694423835486673
12790,-0.042356713574547476,-0.5571872395918231,-0.3118572672978513,-0.12209817180851448,-0.21392297639820285
12791,0.822281326157708,0.48966298795922886,-0.03956767338595944,-0.7132292345010023,-0.08648137425613768
12792,0.26337165406558705,-0.5571872395918231,-0.0707056972187881,-0.05813906446410138,0.01778902749646109
12793,0.635978102127001,-0.20175138038774237,-0.02141214910786072,-0.16768729188131876,-0.7970648528664404
12794,-0.7063605120429647,-0.5571872395918231,-0.0421606950889594,0.020052745320578196,-0.8820259209611505
12795,-0.8735557130961633,-1.058145946714099,-0.5411971367399309,-0.862804573858747,-1.0558099238821486
12796,2.040417790973869,-1.058145946714099,-0.6291163734871101,-1.3785107536966998,-1.0558099238821486
12797,0.7840652802026912,-0.5571872395918231,-0.3619802156797694,-0.3507527121214226,-0.8279597867190622
12798,-0.9117717590511801,0.07394609082159041,1.6113006205226592,-0.3507527121214226,0.5314173027962995
12799,1.567494222280536,-1.058145946714099,-1.0262694581705698,-0.8098576192004525,-1.0558099238821486
12800,1.2856508833622868,-0.20175138038774237,-0.32117053557155273,-0.24120448470420522,-0.2602653771771356
12801,1.4289610556936,-1.058145946714099,0.11626312892381001,0.14117229372259663,-1.0558099238821486
12802,-0.0710187480408101,0.654643185938614,0.7026847885751649,0.7642790739473241,0.4001138339226566
12803,0.9178214410452501,-1.058145946714099,0.13024952832493933,0.21790042237482501,-1.0558099238821486
12804,1.2617658546404014,-0.5571872395918231,-0.7427243333076268,0.28806221969362183,-0.9206445882769279
12805,0.8604973721127248,0.07394609082159041,0.32670239622699543,0.038489320235348796,0.07571702847012707
12806,1.1184556823090883,0.07394609082159041,0.8290594934734243,0.26071325195673184,-0.4649443139507554
12807,0.870051383601479,-1.058145946714099,-0.7317932992767602,-0.7601216003714991,-1.0558099238821486
12808,-0.7875696096973754,0.2992073267345332,-0.11595313923837869,0.07416420415895746,0.5893453037699654
12809,-0.114011799740204,-0.20175138038774237,0.47232934836847834,0.46843340743959727,0.7592674399593856
12810,1.5913792510024214,-0.5571872395918231,-0.38463638970362385,-0.21595962957782017,-0.5074248479981105
12811,0.28247967704309546,0.2992073267345332,0.09028744877966807,0.09143627489364367,-0.4108781797086672
12812,-0.7493535637423586,-1.058145946714099,-0.9933245352982406,-0.8098576192004525,-1.0558099238821486
12813,1.433738061437977,-0.20175138038774237,0.4437770615363721,-0.10021972705664996,-0.3143315114192239
12814,-0.47706423631286377,-1.058145946714099,-1.4244741093777389,-2.183176263091345,-1.0558099238821486
12815,-0.2573219720715171,-0.5571872395918231,0.11061620778359711,-0.07890961835600385,-0.8588547205716841
12816,-0.5057262707791264,-0.5571872395918231,-0.3361877737639311,-0.3507527121214226,-0.7429987186243522
12817,0.3827967976750146,-0.20175138038774237,-0.20025113133955313,-0.7601216003714991,-0.4649443139507554
12818,0.2872566827874726,-1.058145946714099,0.37864075215177107,-0.862804573858747,-1.0558099238821486
12819,1.2283268144297617,-1.058145946714099,-0.37722717316888477,-0.6267921989603487,-1.0558099238821486
12820,-0.9452107992618198,1.15560189306089,0.779944823821231,0.921346639414674,1.7672146569011737
12821,0.06273741280174877,-0.5571872395918231,-1.021535062158014,-0.9194058466176699,0.4773511685542112
12822,-0.6251514143885539,-0.5571872395918231,0.028409028003270376,-0.0181119525235737,-0.990158189445327
12823,-0.6060433914110456,1.7233615276208618,1.4169249226869345,-2.515817022689194,1.2806194487223794
12824,-0.6776984775767021,-1.058145946714099,-0.5992810946736785,-0.4115503779538524,-1.0558099238821486
12825,1.5292781763255192,-0.5571872395918231,-0.407012011673019,-0.586765087019821,-0.5923859160928205
12826,-0.949987805006197,1.2544959545938104,0.8091859500770391,0.6428173386552047,1.720872256122241
12827,-0.9356567877730656,-0.20175138038774237,-0.5417494100502755,-0.6267921989603487,-0.9051971213506169
12828,-0.949987805006197,0.48966298795922886,0.07961409410154931,0.07416420415895746,-0.5614909822401988
12829,0.6455321136157552,-0.20175138038774237,-0.6210364581663478,-0.7132292345010023,-0.22937044332451376
12830,-0.7827926039529983,0.48966298795922886,1.4508749144173112,-0.9194058466176699,-0.5383197818507324
12831,0.2920336885318497,-0.20175138038774237,-0.5074845542727002,-0.7601216003714991,-0.2795747108350243
12832,-0.8066776326748838,-0.5571872395918231,-0.6252906292865271,-0.3507527121214226,-0.8009267195980181
12833,-0.26687598356027126,-1.058145946714099,-0.5634518989739083,-0.4437267787202448,-1.0558099238821486
12834,0.38757380341939174,-1.058145946714099,-0.7720415815112243,-0.6688728615528973,-1.0558099238821486
12835,1.0802396363540716,2.703410827734218,1.3586090488107398,0.9637379981128575,0.1375068961753708
12836,-0.6776984775767021,1.5110377522649707,1.4233601478252427,1.5411968671369618,1.5663975868591318
12837,-0.13311982271771242,-0.5571872395918231,-0.23041428285687018,0.5505411819726732,0.4734893018226335
12838,-0.8019006269305068,1.0480979277381186,0.8529588689696657,1.380451546493704,1.1029735790698039
12839,-0.949987805006197,2.1575193073054413,1.7033858670047508,1.0636387966331442,1.763352790169596
12840,-0.2764299950490255,0.654643185938614,1.0739063613181266,0.7717713000569296,0.9948413105856273
12841,-0.9404337935174427,2.6736379125253507,1.4659211294199945,1.6164639213921022,0.9330514428803837
12842,-0.6251514143885539,0.07394609082159041,0.5360130104308166,0.05652066271060163,1.520055186080199
12843,-0.6490364431104395,2.3282062876889484,1.4259553146320394,0.9151078788768329,1.4968839856907326
12844,-0.8210086499080151,0.07394609082159041,-0.24587094985748945,0.5979759564957379,1.1222829127276925
12845,0.3159187172537352,0.07394609082159041,-0.6818455385270936,-0.3805884749031534,-0.9669869890558606
12846,2.298376101170233,-1.058145946714099,-2.8936569685190454,-2.515817022689194,-1.0558099238821486
12847,-0.8544476901186548,-0.5571872395918231,0.40928513052751386,0.7017426726202728,0.3537714331437238
12848,2.2649370609595927,-1.058145946714099,-1.064441926421835,-0.7601216003714991,-1.0558099238821486
12849,-0.8114546384192609,0.48966298795922886,0.8689202974689713,0.8700553726182927,1.1068354458013816
12850,1.1662257397528595,-1.058145946714099,-0.7325561598964621,-2.183176263091345,-1.0558099238821486
12851,-0.5009492650347493,-0.5571872395918231,-0.8488159981371194,0.4240770344914922,0.41556130084896753
12852,0.44489787235191697,-1.058145946714099,-0.7739559133917131,-0.7132292345010023,-1.0558099238821486
12853,-0.3194230467484194,1.15560189306089,1.049489825928525,0.7865535568710715,1.0218743777066714
12854,-0.5869353684335371,0.654643185938614,0.8517600420332949,1.215822701168371,1.4544034516433775
12855,0.8175043204133309,0.07394609082159041,-0.28674272977565274,0.3526935049184267,-0.9399539219348165
12856,-0.9261027762843114,0.48966298795922886,0.6253380469964335,1.0583966506364906,-0.8395453869137954
12857,0.04362938982424036,0.48966298795922886,1.0077693411413204,0.4240770344914922,0.7708530401541188
12858,0.870051383601479,-1.058145946714099,-1.3122455168788398,-0.12209817180851448,-1.0558099238821486
12859,1.2283268144297617,-1.058145946714099,-0.33254501706804723,-0.5486003891756687,-1.0558099238821486
12860,2.3509231643583806,-1.058145946714099,-2.0252035856702366,-0.7601216003714991,-1.0558099238821486
12861,1.9974247392744753,-1.058145946714099,-1.861782863738991,-1.7640984679528429,-1.0558099238821486
12862,1.0706856248653174,-0.5571872395918231,0.055069964059461386,0.8431548296299944,-0.7854792526717072
12863,-0.7111375177873418,0.48966298795922886,0.8070702434872897,-0.4437267787202448,1.0180125109750937
12864,-0.300315023770911,-0.5571872395918231,-0.8021677438934529,-1.614523128595098,0.37308076680161245
12865,-0.8353396671411465,0.07394609082159041,0.9326664733014844,1.0636387966331442,0.682030105327831
12866,0.3923508091637688,-0.20175138038774237,0.21398521436941897,0.26071325195673184,-0.2100611096666251
12867,-0.8353396671411465,1.3460575542855853,1.5510473470312998,1.7580092482839644,1.6359111880275308
12868,-0.0757957537851872,0.8001660338568091,0.581835773211498,0.5793298571111467,-0.25640351044555787
12869,2.2935990954258556,-1.058145946714099,-0.716020628211176,-0.14457610000475504,-1.0558099238821486
12870,0.8318353376464622,-0.20175138038774237,0.4391245760699494,0.5698454386786636,-0.09420510771929315
12871,-0.5582733339672745,-0.20175138038774237,-0.1469411244579031,-0.9194058466176699,0.3151527658279465
12872,0.5977620561719842,1.2544959545938104,0.924036432525153,1.3329322084435713,0.5275554360647218
12873,0.38757380341939174,-0.20175138038774237,0.5760016440511478,-0.1914684658752519,0.4850749020173667
12874,0.8796053950902333,-0.5571872395918231,0.028059381713460528,0.038489320235348796,-0.4031544462455117
12875,-0.2764299950490255,0.2992073267345332,0.28640915925577654,-2.183176263091345,1.0836642454119152
12876,-0.6872524890654563,0.07394609082159041,1.0809810183932442,0.8293663864529791,1.0025650440487828
12877,-0.9452107992618198,1.8470162614078611,0.8447236519435452,1.0262202498700983,1.5972925207117536
12878,0.16783153917804502,-0.5571872395918231,-0.046716802164123265,-0.07890961835600385,-0.9399539219348165
12879,-0.7493535637423586,-0.20175138038774237,-0.33490443142353266,-1.3785107536966998,-0.874302187497995
12880,0.8604973721127248,-0.5571872395918231,-0.2553446338085931,-0.21595962957782017,-0.31046964468764615
12881,0.354134763208752,-1.058145946714099,-0.8059480363778254,-1.3785107536966998,-1.0558099238821486
12882,-0.9165487647955571,-0.5571872395918231,0.3406864625157826,-0.9802035124500996,-0.9631251223242829
12883,-0.8448936786299006,0.07394609082159041,-0.18733854372176031,-0.05813906446410138,-0.8047885863295958
12884,-0.5391653109897661,-1.058145946714099,-0.7797528410235639,-1.3785107536966998,-1.0558099238821486
12885,-0.6585904545991936,-0.20175138038774237,0.18268242733864182,0.36503047510217346,-0.8240979199874845
12886,-0.6394824316216853,-0.5571872395918231,0.29770070762108064,0.46843340743959727,-0.46880618068233315
12887,0.870051383601479,-1.058145946714099,-1.016346687265377,-0.9194058466176699,-1.0558099238821486
12888,0.06273741280174877,-0.5571872395918231,-0.6817845568836683,-1.7640984679528429,-0.8974733878874614
12889,0.8604973721127248,0.07394609082159041,-0.6207375484672947,-0.4115503779538524,-0.5885240493612428
12890,-0.8448936786299006,-0.5571872395918231,-0.1847304241418072,0.8766449105123539,0.3460476996805683
12891,-0.0757957537851872,1.15560189306089,-0.05904036721602896,-2.183176263091345,0.7747149068856966
12892,0.9321524582783813,-1.058145946714099,-0.8947735736783212,-0.6688728615528973,-1.0558099238821486
12893,-0.816231644163638,-1.058145946714099,-1.182159327603056,-0.3507527121214226,-1.0558099238821486
12894,1.7872364865218826,-1.058145946714099,-1.2647687396311589,-0.5486003891756687,-1.0558099238821486
12895,-0.7589075752311129,-0.5571872395918231,-0.6447798679617092,-0.5121324717856456,-0.8858877876927282
12897,0.014967355357977748,0.07394609082159041,-0.41312215449851725,-1.1172535236719159,0.25336289812270274
12898,1.2522118431516471,-0.5571872395918231,-0.8102823440050988,-0.3507527121214226,-0.29888404449291295
12899,1.0133615559327922,-1.058145946714099,-0.6572456637810847,-0.7132292345010023,-1.0558099238821486
12900,1.0563546076321861,-1.058145946714099,-0.7103733446979955,-0.9194058466176699,-1.0558099238821486
12901,-0.9213257705399343,2.245808014503504,2.1379336771881894,-0.2672508963742018,-0.04400084020878262
12902,0.30158770002060387,-1.058145946714099,-1.355324913554088,-1.1172535236719159,-1.0558099238821486
12903,1.0850166420984486,-1.058145946714099,-0.06504405564818636,-0.0181119525235737,-1.0558099238821486
12904,-0.8735557130961633,-0.5571872395918231,-0.43906577436019867,0.27450169513374717,-0.4610824472191777
12905,1.7920134922662598,-0.5571872395918231,0.07940878049165173,0.17272976344709118,-0.6464520503349088
12906,-0.906994753306803,0.2992073267345332,0.8392261522223533,0.21790042237482501,-0.7970648528664404
12907,0.9273754525340043,-0.5571872395918231,-0.42064216045923475,-0.47721685960260357,-0.673485117455953
12908,-0.11878880548458111,0.2992073267345332,0.48052419959981907,-2.515817022689194,0.697477572254142
12909,-0.7732385924642441,0.8001660338568091,0.8831796792673412,0.8499631098416093,1.315376249306579
12910,-0.8496706843742777,1.3460575542855853,1.3340903055911724,0.46843340743959727,1.2535863816013353
12911,1.6725883486568323,-1.058145946714099,0.4281885734777863,1.3441450443638419,-1.0558099238821486
12912,-0.949987805006197,0.2992073267345332,0.43279468715903197,-0.7132292345010023,-0.9090589880821947
12913,-0.9404337935174427,1.3460575542855853,1.3922803579342666,0.17272976344709118,1.778800257095907
12914,0.9512604812558898,-1.058145946714099,-1.0112595049276547,-1.1954453334565955,-1.0558099238821486
12915,-0.25254496632713996,0.07394609082159041,0.04806399862720199,0.07416420415895746,0.6472733047436314
12916,-0.300315023770911,0.654643185938614,1.148115065311748,0.5407159979871611,1.0527693115592933
12917,-0.348085081214682,0.48966298795922886,1.1284321798368513,0.05652066271060163,1.2690338485276462
12918,2.0308637794851148,-1.058145946714099,1.793404949901198,-2.515817022689194,-1.0558099238821486
12919,-0.9213257705399343,0.48966298795922886,0.27472751392475425,-0.16768729188131876,-0.4340493800981336
12920,-0.8783327188405403,0.07394609082159041,-0.4528767661106829,0.27450169513374717,1.6783917220748859
12921,-0.9165487647955571,3.419785968132268,2.636695318244174,1.6554756952610448,1.7594909234380183
12922,-0.19044389165023765,-1.058145946714099,-0.5844581696322143,-0.32196403698294906,-1.0558099238821486
12923,-0.6538134488548165,-0.20175138038774237,-0.1218056418227257,0.2031181655606824,0.9176039759540727
12924,-0.5391653109897661,1.2544959545938104,0.718333493846978,0.23242103254119895,1.4235085177907556
12925,-0.9404337935174427,-0.20175138038774237,-0.16131605449919065,0.07416420415895746,1.2149677142855582
12926,1.003807544444038,0.07394609082159041,0.37011906250255805,1.274447139088575,0.15681622983325944
12927,0.9225984467896272,-1.058145946714099,-1.102339990985108,-1.0458699940988507,-1.0558099238821486
12928,-0.7923466154417526,1.2544959545938104,1.1193847141281565,0.6514988276797011,0.9291895761488059
12929,0.5261069700063277,-1.058145946714099,-1.471894537690344,-1.2818823689972492,-1.0558099238821486
12930,-0.5869353684335371,-0.5571872395918231,-0.5661830277085464,-0.586765087019821,-0.6966563178454194
12931,-0.859224695863032,3.10220258082986,3.3322137431532646,-0.10021972705664996,1.7131485226590855
12932,1.615264279724307,0.8001660338568091,0.44836152839186916,0.40096584261492885,-0.5614909822401988
12933,-0.8448936786299006,0.8001660338568091,0.4215677068443723,1.3697273015336935,1.6668061218801526
12934,2.556334411366596,-1.058145946714099,-1.1617174801225614,-2.183176263091345,-1.0558099238821486
12935,-0.949987805006197,1.5110377522649707,1.1090805874802343,0.8010741670374462,1.2806194487223794
12936,-0.8783327188405403,0.07394609082159041,0.11091451807980066,0.23242103254119895,-0.8202360532559068
12937,-0.8878867303292945,0.9303406571479473,0.8818809722411654,0.9024861982765124,1.7285959895853964
12938,-0.8401166728855235,-1.058145946714099,-1.4947862174242712,-1.1954453334565955,-1.0558099238821486
12939,-0.6538134488548165,1.8470162614078611,2.3966388944005486,-0.4437267787202448,1.3848898504749783
12940,-0.7015835062985876,-0.5571872395918231,-0.009973915098421078,0.5887058798168258,-0.9283683217400833
12941,2.4990103424340706,-1.058145946714099,-0.6357795504087213,-0.3507527121214226,-1.0558099238821486
12942,-0.3337540639815507,-0.20175138038774237,-0.21647554767131005,0.3891614223084505,-0.15213310869295912
12943,1.706027388867472,-0.5571872395918231,-0.4384270898718572,-0.5121324717856456,-0.874302187497995
12944,-0.7923466154417526,-0.5571872395918231,-0.29660525273641514,-0.2941514393624997,0.1761255634911481
12945,0.4162358378856543,-0.5571872395918231,-0.009637397819978463,0.09143627489364367,0.365357033338457
12946,1.1232326880534655,-1.058145946714099,-0.7447619621813469,-0.586765087019821,-1.0558099238821486
12947,-0.2764299950490255,0.48966298795922886,0.4070354383239766,0.5505411819726732,-0.16758057561927006
12948,-0.8831097245849174,0.9303406571479473,0.672504645206361,0.607142454731596,1.7285959895853964
12949,-0.816231644163638,1.9594133665673954,2.045233374627036,1.7166361261036414,1.6706679886117304
12950,-0.949987805006197,-0.20175138038774237,0.5072395269614892,-0.9194058466176699,-0.9708488557874383
12951,-0.9213257705399343,1.5110377522649707,0.9084346547818261,0.7791957222855813,1.6088781209064866
12952,-0.9356567877730656,0.07394609082159041,0.30259777427022105,0.34016817678249833,-0.773893652476974
12953,-0.9165487647955571,-0.5571872395918231,-0.06913822463538853,0.05652066271060163,0.9253277094172282
12954,2.08818784841764,-1.058145946714099,-1.2418872047589355,-1.1172535236719159,-1.0558099238821486
12955,-0.954764810750574,1.15560189306089,1.1914790182899513,0.5307717179635321,-0.028553373282471695
12956,0.5022219412844422,0.07394609082159041,-0.40249761962216873,0.0011923041824166546,0.5584503699173436
12957,-0.9165487647955571,1.3460575542855853,1.6277366716897321,1.8370157483611393,1.720872256122241
12958,0.9512604812558898,-0.5571872395918231,-0.48202633720661403,0.05652066271060163,-0.34908831200342344
12959,1.3525289637835665,-1.058145946714099,-1.2945487225841041,-1.2818823689972492,-1.0558099238821486
12960,1.0133615559327922,0.07394609082159041,0.26760487038670944,0.12492635577600246,-0.09806697445087087
12961,0.8509433606239707,-1.058145946714099,-1.0507914335968238,-0.10021972705664996,-1.0558099238821486
12962,-0.9261027762843114,-0.5571872395918231,-0.886601882354549,-0.8098576192004525,-0.6464520503349088
12963,-0.9213257705399343,1.2544959545938104,0.9133732940444921,0.9088213112787457,0.9176039759540727
12964,1.1280096937978425,-1.058145946714099,-1.3893967687902389,-0.3805884749031534,-1.0558099238821486
12965,-0.534388305245389,-1.058145946714099,-0.12237665399077434,0.7642790739473241,-1.0558099238821486
12966,-0.9165487647955571,-1.058145946714099,-1.251982265497201,-1.1172535236719159,-1.0558099238821486
12967,0.7506262399920515,-0.20175138038774237,0.8438352703957818,0.09143627489364367,-0.9592632555927052
12968,-0.42451717312471565,-1.058145946714099,-1.3695725269503922,-1.614523128595098,-1.0558099238821486
12969,1.9162156416200644,-1.058145946714099,-1.4444837665201569,-1.614523128595098,-1.0558099238821486
12970,-0.9261027762843114,1.0480979277381186,0.3360170995894476,1.5411968671369618,1.7556290567064405
12971,-0.9452107992618198,3.9692025014910746,2.053456320362375,0.7178293264081053,1.7285959895853964
12972,1.0133615559327922,0.07394609082159041,0.1740268637181127,0.40096584261492885,-0.09806697445087087
12973,1.0133615559327922,-1.058145946714099,-0.6205694661404939,-1.4880589811139169,-1.0558099238821486
12974,-0.018471684852661967,-0.5571872395918231,-0.578144674063386,-0.3507527121214226,0.365357033338457
12975,1.1232326880534655,0.48966298795922886,0.6014520935740536,0.6340429977198944,0.091164495396438
12976,0.048406395568617464,0.8001660338568091,0.8954433886121723,0.7490861757345402,0.697477572254142
12977,-0.21432892037212317,0.07394609082159041,-0.4136406850620066,0.2031181655606824,0.3151527658279465
12978,0.8796053950902333,0.2992073267345332,0.7280330674579835,0.8896672959534744,0.2726722317805914
12979,2.5228953711559563,-1.058145946714099,-0.40830505272981943,0.23242103254119895,-1.0558099238821486
12980,-0.20955191462774606,1.9044924940644754,2.0779100277503972,-1.3785107536966998,1.1840727804329363
12981,-0.8210086499080151,-0.5571872395918231,-0.6459007515328429,-0.9802035124500996,-0.6541757837980643
12982,0.19649357364430764,0.8001660338568091,0.794628013374889,0.9696189771111754,0.34990956641214604
12983,1.897107618642556,-1.058145946714099,-0.44780257967436965,-0.2672508963742018,-1.0558099238821486
12984,-0.8735557130961633,-1.058145946714099,-1.6074582022086337,-1.7640984679528429,-1.0558099238821486
12985,-0.9595418164949511,-0.5571872395918231,0.22102014991144517,0.44655496268773315,-0.947677655397972
12986,1.0850166420984486,1.0480979277381186,0.7906818728460597,0.3014022381220454,-0.05558644040351582
12987,-0.6108203971554227,0.2992073267345332,0.2622053888887502,0.3014022381220454,1.3192381160381568
12988,0.43534386086316273,-1.058145946714099,-0.42502967764509125,0.46843340743959727,-1.0558099238821486
12989,-0.9452107992618198,2.442335020593583,1.9470385361634448,0.14117229372259663,1.747905323243285
12990,-0.8114546384192609,0.654643185938614,0.03342222665531297,-1.1954453334565955,1.2149677142855582
12991,-0.8496706843742777,-0.20175138038774237,-0.12706475992618052,0.05652066271060163,0.3576332998753015
12992,2.503787348178448,-1.058145946714099,-1.638529554640658,-1.4880589811139169,-1.0558099238821486
12993,-0.8496706843742777,0.8001660338568091,0.2327093217262565,0.24668909751329784,1.4003373174012892
12994,-0.9404337935174427,-0.20175138038774237,0.047560960878870795,0.17272976344709118,-0.03627710674562716
12995,-0.5534963282228974,-1.058145946714099,-1.0530656627379984,-1.9471638881929467,-1.0558099238821486
12996,0.8318353376464622,-1.058145946714099,-0.6789849558984002,-0.5121324717856456,-1.0558099238821486
12997,-0.8544476901186548,0.8001660338568091,0.6051597664408542,0.3526935049184267,1.2226914477487136
12998,1.3907450097385832,-0.20175138038774237,0.006184786750302813,0.26071325195673184,-0.4340493800981336
12999,-0.02324869059703907,-0.20175138038774237,-0.4999087645396128,-0.4115503779538524,-0.8665784540348396
13000,-0.4531792075909783,0.07394609082159041,0.08931030555477724,0.24668909751329784,1.3346855829644677
13001,-0.9404337935174427,2.442335020593583,2.360850026529134,1.5976034802539407,1.7710765236327515
13002,0.5595460102169674,-0.20175138038774237,-0.5690810046207915,-0.6267921989603487,-0.6078333830191315
13003,-0.45795621333535536,-0.20175138038774237,-1.3036314658884387,-1.7640984679528429,-0.6348664501401756
13004,-0.906994753306803,2.5468070428147276,1.837952397019337,1.8669969064568752,1.6977010557327745
13005,-0.13311982271771242,0.07394609082159041,0.06601590507784852,-0.0181119525235737,0.040960227885927486
13006,-0.6920294948098333,-1.058145946714099,-1.7347962466369191,-1.7640984679528429,-1.0558099238821486
13007,1.806344509499391,-1.058145946714099,-1.1874639213681257,-1.0458699940988507,-1.0558099238821486
13008,0.583431038938853,-0.20175138038774237,-0.28757811945449624,-0.24120448470420522,0.48893676874894443
13009,2.2506060437264614,-1.058145946714099,-0.9798065007014709,-1.7640984679528429,-1.0558099238821486
13010,0.8270583319020851,-0.5571872395918231,-0.7322945168503355,-1.1172535236719159,0.002341560570150162
13011,0.8175043204133309,-1.058145946714099,-2.074845966397241,-1.9471638881929467,-1.0558099238821486
13012,-0.9165487647955571,1.15560189306089,0.8485615339751327,0.6600894093898906,1.1956583806276695
13013,-0.954764810750574,2.2876939305965793,1.8028272264147698,1.567060786745896,1.7401815897801296
13014,-0.9117717590511801,1.15560189306089,1.2804184360596975,0.9754580982530536,0.5738978368436545
13015,-0.7063605120429647,1.15560189306089,1.4255627400221564,1.480623751205243,1.0682167784856043
13016,-0.6108203971554227,-0.20175138038774237,-0.10381337528934687,-0.05813906446410138,-0.8627165873032618
13017,-0.9261027762843114,-1.058145946714099,-1.0783907575644571,-2.515817022689194,-1.0558099238821486
13018,-0.8831097245849174,2.5129551665095216,1.710371603612002,1.8349775036925169,1.3848898504749783
13019,0.8509433606239707,0.48966298795922886,0.21551146779689617,0.07416420415895746,0.31129089909636876
13020,1.7251354118449804,-0.5571872395918231,-0.27958171004414245,-0.07890961835600385,-0.6812088509191084
13021,-0.9404337935174427,1.6565606001831652,1.2109476863356643,1.114296432923324,1.763352790169596
13022,1.0897936478428258,-1.058145946714099,-1.893206448427644,-1.614523128595098,-1.0558099238821486
13023,-0.6538134488548165,-0.20175138038774237,0.33374571647921747,0.40096584261492885,0.7360962395699193
13024,1.2856508833622868,-0.5571872395918231,-0.3570507240383186,-0.3805884749031534,-0.6232808499454424
13025,2.5324493826447103,-1.058145946714099,-0.7471168187637194,-0.9194058466176699,-1.0558099238821486
13026,-0.954764810750574,0.9303406571479473,0.4628758022121804,0.17272976344709118,1.7440434565117073
13027,-0.41974016738033854,1.7867352234743035,2.1207499840816233,-1.3785107536966998,1.1647634467750476
13028,-0.8544476901186548,-0.5571872395918231,-0.23187320670968908,-0.037881416532715165,-0.9669869890558606
13029,-0.816231644163638,0.2992073267345332,0.5395065064867468,-0.9194058466176699,0.8480903747856735
13030,-0.906994753306803,-0.5571872395918231,-0.13882897094983007,0.47915765239960845,0.3228764992911019
13031,0.9846995214665295,0.2992073267345332,0.9259850706626687,1.5264676913009443,-0.4881155143402218
13032,-0.7111375177873418,0.9303406571479473,0.8130939838646238,1.0152080971839796,0.5198317026015663
13033,0.7458492342476744,-0.5571872395918231,-1.0223491251169543,-0.9802035124500996,-0.7777555192085517
13034,-0.7015835062985876,-0.20175138038774237,-0.13464488313197912,0.0011923041824166546,0.2842578319753246
13035,-0.6108203971554227,-0.20175138038774237,0.29023144356976993,-0.3507527121214226,0.32673836602267964
13036,2.307930112658987,-1.058145946714099,-0.7843069857780746,-1.4880589811139169,-1.0558099238821486
13037,-0.300315023770911,1.2544959545938104,1.050864397116663,1.1848607981176718,1.2535863816013353
13038,-0.5773813569447829,-0.20175138038774237,-0.0029794730038598927,-0.4437267787202448,-0.2448179102508247
13039,1.8302295382212765,0.07394609082159041,0.07394301404840804,-0.10021972705664996,-0.5228723149244214
13040,-0.9213257705399343,-0.5571872395918231,-0.21499414971985628,-0.07890961835600385,-0.9592632555927052
13041,1.190110768474745,0.07394609082159041,-0.09542909348066875,-0.47721685960260357,-0.5190104481928437
13042,1.897107618642556,-0.20175138038774237,0.3531749631197192,1.1044120596547777,-0.5383197818507324
13043,0.3445807517199978,-1.058145946714099,-0.41008851853105005,-0.9194058466176699,-1.0558099238821486
13044,0.4305668551187856,1.15560189306089,1.205137311420743,1.7375834697941206,0.523693569333144
13045,-0.486618247801618,-0.20175138038774237,-0.0866507345708718,-0.0181119525235737,0.4387325012384339
13046,-0.816231644163638,-0.20175138038774237,0.028690142386574538,0.14117229372259663,0.5893453037699654
13047,-0.8114546384192609,2.062432694683636,1.6042788852198318,1.2244584972993122,1.616601854369642
13048,-0.8926637360736717,0.9303406571479473,1.0751835729973553,0.8831819415705221,1.520055186080199
13049,-0.6538134488548165,0.07394609082159041,0.3131492530803441,-0.6267921989603487,0.2456391646595473
13050,-0.8926637360736717,2.5129551665095216,1.8584531812131695,2.036606470810011,1.6861154555380413
13051,1.801567503755014,-0.5571872395918231,-1.2718691351429299,-1.7640984679528429,-0.8974733878874614
13052,0.053183401312994566,0.654643185938614,0.8869230538678851,1.0893585536871893,0.6511351714752092
13053,2.0069787507632295,-1.058145946714099,-1.4147015680451522,-0.7132292345010023,-1.0558099238821486
13055,-0.5869353684335371,0.07394609082159041,0.6736494832199673,1.0040461146997783,0.29970529890163555
13056,1.6725883486568323,-1.058145946714099,-1.0593484193864275,-0.6688728615528973,-1.0558099238821486
13057,1.5722712280249131,-0.20175138038774237,-0.1810948164101958,-0.16768729188131876,-0.6657613839927975
13058,-0.8448936786299006,-0.20175138038774237,-0.8732023384959673,-1.614523128595098,-0.5653528489717765
13059,0.22993261385494734,1.0480979277381186,0.6644710151658639,1.0583966506364906,0.3692189000700347
13060,0.24904063683245575,-1.058145946714099,-0.783300266168384,-0.8098576192004525,-1.0558099238821486
13061,-0.6155974028997997,-1.058145946714099,-0.9362699392634157,-1.1172535236719159,-1.0558099238821486
13062,-0.04713371931892458,-1.058145946714099,-0.6964454590468906,-1.0458699940988507,-1.0558099238821486
13063,1.333420940806058,-1.058145946714099,-1.1355226990223182,-0.9802035124500996,-1.0558099238821486
13064,-0.9022177475624259,0.48966298795922886,0.4347622467226448,0.26071325195673184,1.1802109137013586
13065,0.822281326157708,0.2992073267345332,0.1048905867416909,0.12492635577600246,-0.38384511258762305
13066,-0.8448936786299006,-0.5571872395918231,-0.47671321040355336,0.10835219495760728,-1.0249149900295267
13067,-0.5678273454560288,-0.20175138038774237,-0.4212086234175687,-0.4437267787202448,0.34990956641214604
13068,-0.9117717590511801,-0.5571872395918231,-0.7026536189245958,-2.515817022689194,0.1375068961753708
13069,-0.9595418164949511,2.611849228042442,1.6740853186305795,2.1271828940350566,1.0411837113645601
13070,-0.042356713574547476,0.07394609082159041,-0.13953827275361813,-0.9802035124500996,1.029598111169827
13071,1.9639856990638354,-1.058145946714099,-1.4059459278611242,-0.9802035124500996,-1.0558099238821486
13072,0.3111417115093581,-1.058145946714099,-1.1797241398589866,-1.3785107536966998,-1.0558099238821486
13073,1.003807544444038,-0.5571872395918231,-0.562245200619113,-0.4115503779538524,-0.9554013888611275
13074,1.481508118881748,0.07394609082159041,0.2978786051166516,-0.3805884749031534,-0.23709417678766923
13075,-0.3433080754703049,-1.058145946714099,0.005816364382279591,-0.5121324717856456,-1.0558099238821486
13076,1.2235498086853847,-1.058145946714099,-1.3724772775470977,-1.1954453334565955,-1.0558099238821486
13077,-0.954764810750574,1.15560189306089,0.793533586627412,1.298343771960628,1.7517671899748628
13078,-0.9452107992618198,3.10220258082986,2.496613119143359,1.0478107868958557,1.7826621238274847
13079,-0.9404337935174427,0.48966298795922886,-0.5603530266592508,-1.0458699940988507,0.539141036259455
13080,-0.1044577882514498,0.07394609082159041,-0.8488928580157185,-0.7132292345010023,0.6047927706962763
13081,-0.906994753306803,2.245808014503504,2.9818820638589214,2.3344703973940772,1.7247341228538187
13082,-0.35763909270343625,1.9044924940644754,1.5040564239870915,0.6935794902722501,1.2265533144802914
13083,-0.9404337935174427,-0.20175138038774237,-0.6023517479434821,-0.6267921989603487,0.5700359701120767
13084,1.3859680039942062,-1.058145946714099,-1.4447761827887642,-2.183176263091345,-1.0558099238821486
13085,-0.20955191462774606,0.8001660338568091,0.7077016260501058,0.14117229372259663,1.187934647164514
13086,0.8652743778571019,-1.058145946714099,-0.526541624746174,0.09143627489364367,-1.0558099238821486
13087,2.508564353922825,-1.058145946714099,-0.7691451563900208,-0.8098576192004525,-1.0558099238821486
13088,1.0324695789103004,-1.058145946714099,-0.9733543158727085,-0.6267921989603487,-1.0558099238821486
13089,-0.949987805006197,4.656082860368571,3.4805580771425304,2.4569601496537685,1.7826621238274847
13090,-0.9213257705399343,2.062432694683636,1.9221126064305916,1.0994248524597794,0.8210573076646294
13091,-0.8257856556523923,-0.20175138038774237,0.6738701534922483,-0.0181119525235737,1.6513586549538417
13092,-0.6251514143885539,1.2544959545938104,0.6151289758308249,0.17272976344709118,1.2497245148697576
13093,0.354134763208752,3.058846686938299,2.946830765068351,1.2622326247684965,0.7206487726436084
13094,-0.859224695863032,1.3460575542855853,0.6380743561542123,-1.614523128595098,0.365357033338457
13095,-0.6251514143885539,-1.058145946714099,-1.800366624576885,-1.4880589811139169,-1.0558099238821486
13096,0.9225984467896272,-1.058145946714099,-0.5594602680886495,-2.515817022689194,-1.0558099238821486
13097,-0.8066776326748838,2.245808014503504,1.9348107406775004,1.8122160850282965,1.6706679886117304
13098,-0.954764810750574,2.245808014503504,2.493231755558838,1.0636387966331442,0.1645399632964149
13099,-0.486618247801618,-1.058145946714099,-1.0666557048077938,-2.515817022689194,-1.0558099238821486
13101,0.15827752768929082,0.07394609082159041,-0.19565513112909963,0.10835219495760728,0.6704445051330978
13102,-0.954764810750574,2.579756093947218,1.8209815484925518,1.3138967127742598,1.187934647164514
13103,-0.7732385924642441,-0.20175138038774237,-0.18104402733668343,-0.3507527121214226,1.0218743777066714
13104,-0.9452107992618198,0.9303406571479473,0.4528242065954937,-0.8098576192004525,1.4544034516433775
13105,1.1232326880534655,-1.058145946714099,-1.8237162469131643,-2.515817022689194,-1.0558099238821486
13106,-0.3242000524927965,-0.5571872395918231,-0.297858046139389,-0.8098576192004525,0.025512760959616555
13107,-0.7493535637423586,0.9303406571479473,1.2630426257466327,0.9870131210634252,1.373304250280245
13108,0.8175043204133309,-0.5571872395918231,-0.14265209733436612,-0.3507527121214226,-0.8125123197927513
13109,-0.6776984775767021,-0.20175138038774237,0.15695149607417838,0.24668909751329784,0.8442285080540958
13110,-0.8114546384192609,1.2544959545938104,0.8484737038370539,1.1191943164689204,1.6745298553433081
13111,2.470348307967808,-1.058145946714099,-0.7504847010897352,-0.9802035124500996,-1.0558099238821486
13112,1.624818291213061,-1.058145946714099,-2.702735820988061,-2.183176263091345,-1.0558099238821486
13113,-0.9595418164949511,2.579756093947218,2.1610882845772914,1.114296432923324,1.3424093164276232
13114,2.527672376900333,-1.058145946714099,-0.9786402296509925,-0.7601216003714991,-1.0558099238821486
13115,-0.906994753306803,1.0480979277381186,1.2954982145050866,1.1712251425483466,1.2149677142855582
13116,-0.300315023770911,-1.058145946714099,-0.4317260511736604,-0.2672508963742018,-1.0558099238821486
13117,-0.859224695863032,1.7233615276208618,0.6530120796891468,0.8634124775613803,1.2690338485276462
13118,-0.8687787073517862,0.9303406571479473,0.7023831445970824,0.7865535568710715,0.566174103380499
13119,2.231498020748953,-1.058145946714099,-1.3751281418895274,-1.0458699940988507,-1.0558099238821486
13120,0.17738555066679923,-1.058145946714099,-2.428105803491835,-2.515817022689194,-1.0558099238821486
13121,0.3254727287424894,-1.058145946714099,-0.8412470969950946,0.14117229372259663,-1.0558099238821486
13122,-0.5105032765235035,-0.5571872395918231,0.007992815214195731,0.2031181655606824,-0.49197738107179956
13123,1.295204894851041,-0.5571872395918231,-0.42370635511680815,-0.12209817180851448,-0.8356835201822177
13124,-0.534388305245389,0.07394609082159041,1.173741095795646,1.3291602796973225,0.08730262866486027
13125,1.5388321878142734,-1.058145946714099,-1.305702990693564,-0.586765087019821,-1.0558099238821486
13126,-0.9404337935174427,1.3460575542855853,1.0245587431964158,1.193826931703096,1.4273703845223333
13127,-0.5917123741779142,-1.058145946714099,-0.9063605249905068,-0.8098576192004525,-1.0558099238821486
13128,2.0547488082070005,-1.058145946714099,-0.8944460152628447,-2.515817022689194,-1.0558099238821486
13129,1.1996647799634992,-0.5571872395918231,-0.9821138960040896,-1.1172535236719159,-0.7584461855506631
13130,-0.5105032765235035,-1.058145946714099,-1.9075005699615364,-2.183176263091345,-1.0558099238821486
13131,-0.8496706843742777,0.654643185938614,0.93055727055871,0.7567177940893411,1.4350941179854888
13132,0.2872566827874726,-1.058145946714099,-1.7731245406429086,-1.9471638881929467,-1.0558099238821486
13133,0.3445807517199978,-0.20175138038774237,-1.09100023013457,-0.9802035124500996,-0.3375027118086903
13134,-0.5534963282228974,0.48966298795922886,0.7200349626126837,0.7791957222855813,0.2224679642700809
13135,-0.02324869059703907,-0.5571872395918231,0.9430097279212127,-0.6688728615528973,0.08344076193328254
13136,-0.6920294948098333,1.3460575542855853,1.3912826539127987,1.2824902726998832,1.5509501199328208
13137,-0.9117717590511801,1.5859404542672264,1.5283562235284438,2.202250385005428,0.8442285080540958
13138,-0.8544476901186548,0.654643185938614,0.24089661976451177,-0.0181119525235737,0.3885282337279234
13139,-0.8831097245849174,0.8001660338568091,1.5847017022172458,1.3215639934150147,0.5700359701120767
13140,-0.44362519610222406,0.2992073267345332,0.10480172388709331,0.607142454731596,0.42328503431212294
13141,-0.5582733339672745,1.6565606001831652,1.5349036255269661,1.5556662555596725,1.4389559847170665
13142,-0.8687787073517862,-1.058145946714099,-0.7843304145759857,-0.47721685960260357,-1.0558099238821486
13143,1.8302295382212765,-1.058145946714099,-0.5849556890339801,-0.47721685960260357,-1.0558099238821486
13144,0.6264240906382469,-0.5571872395918231,-1.3727419263306988,-1.4880589811139169,-0.673485117455953
13145,-0.7732385924642441,0.654643185938614,0.15343884352522957,-1.614523128595098,1.1068354458013816
13146,-0.8353396671411465,-1.058145946714099,-0.9956128254391616,-0.7601216003714991,-1.0558099238821486
13147,-0.9117717590511801,0.07394609082159041,-0.1778413861341236,-2.515817022689194,-0.7121037847717303
13148,-0.8210086499080151,2.1575193073054413,1.6101880079378614,1.931152256609813,1.6590823884169972
13149,-0.8926637360736717,0.07394609082159041,0.43874160951316166,0.47915765239960845,0.006203427301727894
13150,1.3525289637835665,-0.20175138038774237,-0.5093069534470079,-1.3785107536966998,-0.49197738107179956
13151,0.44967487809629403,-0.20175138038774237,0.7171081726093846,0.921346639414674,0.22632983100165863
13152,1.0324695789103004,0.654643185938614,0.6171823739642155,0.8082392174469527,0.013927160764883359
13153,-0.9356567877730656,-1.058145946714099,-0.45349873937744023,-0.8098576192004525,-1.0558099238821486
13154,0.9464834755115127,-0.20175138038774237,0.41635214953253497,0.5001945244425666,0.24177729792796956
13155,-0.8019006269305068,0.48966298795922886,0.293544287984037,0.5105140700321456,0.7129250391804529
13156,0.8796053950902333,-0.20175138038774237,0.3991444859609843,0.6514988276797011,0.06799329500697161
13157,-0.7254685350204731,0.9303406571479473,1.3203695830954651,1.147982991607394,1.2304151812118689
13158,-0.5105032765235035,0.2992073267345332,0.3626060578875709,0.4126028186801636,0.0795788952017048
13159,-0.9213257705399343,0.07394609082159041,0.32388186061058377,0.8082392174469527,-0.6425901836033311
13160,-0.8544476901186548,-1.058145946714099,-1.6504863955058156,-1.7640984679528429,-1.0558099238821486
13161,0.5356609814950819,-0.5571872395918231,-0.47468124203682105,-0.2672508963742018,-0.33364084507711256
13162,-0.37674711568094466,1.5859404542672264,1.6733884525419023,1.207095033142026,1.3115143825750013
13163,1.9544316875750813,-1.058145946714099,-2.8087344464979975,-2.183176263091345,-1.0558099238821486
13164,1.7585744520556201,-0.5571872395918231,-0.6459394337519346,-1.3785107536966998,-0.6773469841875307
13165,-0.7397995522536044,-0.20175138038774237,0.33480525924921073,0.09143627489364367,0.36149516660687925
13166,0.3923508091637688,-0.5571872395918231,-0.029271280731978315,0.21790042237482501,-0.5499053820454656
13167,-0.8735557130961633,0.2992073267345332,0.15128199665432482,0.34016817678249833,0.3808045002647679
13168,-0.7875696096973754,0.2992073267345332,0.5063503933115313,0.8961017842882889,0.898294642296184
13169,-0.6585904545991936,-0.20175138038774237,-0.05940072858601346,-0.7601216003714991,0.8712615751751399
13170,-0.8353396671411465,-1.058145946714099,-1.5289989022350687,-0.2941514393624997,-1.0558099238821486
13171,-0.859224695863032,-0.20175138038774237,-0.48037907950931985,-0.10021972705664996,0.01778902749646109
13172,0.9512604812558898,-1.058145946714099,-1.8478465010430452,-2.515817022689194,-1.0558099238821486
13173,-0.9404337935174427,1.15560189306089,0.6977110147798287,1.0842787042858788,1.7440434565117073
13174,-0.8831097245849174,1.2544959545938104,1.5661990711984577,2.1676182632903656,1.720872256122241
13175,1.8206755267325223,-0.5571872395918231,-0.0668454044843997,-0.037881416532715165,-0.4649443139507554
13176,-0.7397995522536044,-1.058145946714099,-0.46054059899694655,0.36503047510217346,-1.0558099238821486
13177,-0.6538134488548165,-0.5571872395918231,-0.41599979081651234,-0.47721685960260357,0.3576332998753015
13178,-0.8353396671411465,1.9044924940644754,1.9735714897378127,1.2414620708765944,1.6359111880275308
13179,1.992647733530098,-1.058145946714099,-0.33604926428620485,-0.16768729188131876,-1.0558099238821486
13180,1.9401006703419499,-1.058145946714099,-1.6962429944544235,-1.7640984679528429,-1.0558099238821486
13181,0.8604973721127248,-1.058145946714099,-0.670550649168026,-0.6267921989603487,-1.0558099238821486
13182,-0.7445765579979815,-1.058145946714099,-1.4519480965813247,-1.0458699940988507,-1.0558099238821486
13183,-0.9261027762843114,1.5110377522649707,1.473964473580431,0.34016817678249833,1.3694423835486673
13184,-0.8926637360736717,1.0480979277381186,0.4356748628858326,0.9637379981128575,0.010065294033305626
13185,0.3159187172537352,-1.058145946714099,-1.8296736085067826,-2.515817022689194,-1.0558099238821486
13186,-0.7732385924642441,-0.20175138038774237,0.39428578235625433,0.40096584261492885,-0.7121037847717303
13187,0.6503091193601324,0.07394609082159041,-0.7081984262462366,0.15710275654239486,0.05254582808066068
13188,-0.906994753306803,-1.058145946714099,-1.4919081552546134,-2.183176263091345,-1.0558099238821486
13189,-0.8735557130961633,-0.5571872395918231,-0.9021832109683118,-0.2941514393624997,-0.6812088509191084
13190,1.6391493084461926,-0.20175138038774237,-0.33812970234245326,-0.7601216003714991,-0.3297789783455348
13191,2.183727963305182,-1.058145946714099,-1.2320620655851362,0.26071325195673184,-1.0558099238821486
13192,-0.5057262707791264,0.48966298795922886,0.7439318085478493,0.9458378031172426,1.2265533144802914
13193,-0.6681444660879479,-1.058145946714099,-1.507817584150598,-0.5121324717856456,-1.0558099238821486
13194,-0.3146460410040423,-0.5571872395918231,-0.47369025180403146,-1.1172535236719159,0.04868396134908295
13195,1.0181385616771692,-1.058145946714099,-1.3654730034194822,0.020052745320578196,-1.0558099238821486
13196,-0.906994753306803,0.654643185938614,0.8751476156550702,0.9812559531764108,1.2844813154539572
13197,1.9496546818307041,-1.058145946714099,-0.6443744596111561,-0.6267921989603487,-1.0558099238821486
13198,-0.9117717590511801,0.8001660338568091,1.2236802400085396,1.4961914490148744,0.5816215703068099
13199,-0.9452107992618198,3.2987295869199396,2.0652904582723237,0.3014022381220454,1.7672146569011737
13200,-0.8687787073517862,0.07394609082159041,-0.034094452379250975,0.0011923041824166546,-0.6425901836033311
13201,1.4385150671823541,0.07394609082159041,0.2173328730561795,0.3526935049184267,-0.515148581461266
13202,0.9225984467896272,0.654643185938614,0.396301665112437,0.21790042237482501,0.24177729792796956
13203,-0.9165487647955571,1.0480979277381186,0.7687868530936727,1.074023657541187,1.6977010557327745
13204,2.5324493826447103,-1.058145946714099,0.04179544728040676,0.24668909751329784,-1.0558099238821486
13205,1.1566717282641052,-1.058145946714099,0.8098168806090983,-2.515817022689194,-1.0558099238821486
13206,0.9512604812558898,1.3460575542855853,1.5938997804170807,1.8184866357374985,0.22632983100165863
13207,-0.8878867303292945,0.07394609082159041,-0.3834656913852256,-1.1172535236719159,1.2497245148697576
13208,-0.6824754833210792,0.9303406571479473,0.5576197305054839,1.258120370257919,1.562535720127554
13209,-0.816231644163638,1.3460575542855853,1.6111801914934218,1.5527927217737973,1.4698509185696884
13210,-0.5152802822678806,-1.058145946714099,-0.6830866173028979,-0.5121324717856456,-1.0558099238821486
13211,-0.9117717590511801,1.0480979277381186,0.76070954188336,0.6853342645162757,1.7363197230485519
13212,-0.8687787073517862,-0.20175138038774237,-0.10661159306908141,0.9024861982765124,-0.8936115211558837
13213,-0.6920294948098333,1.15560189306089,1.0390765763933776,1.1848607981176718,0.9214658426856505
13214,1.0324695789103004,0.654643185938614,0.919687935740523,1.294409025534889,-0.1714424423508478
13215,0.960814492744644,-1.058145946714099,-1.7345340333207757,-2.515817022689194,-1.0558099238821486
13216,0.3159187172537352,-1.058145946714099,-0.7244458738552777,-1.614523128595098,-1.0558099238821486
13217,-0.37674711568094466,0.07394609082159041,-0.22627137309947143,-1.9471638881929467,1.0025650440487828
13218,-0.35286208695905913,-1.058145946714099,-1.9227637037273528,-1.614523128595098,-1.0558099238821486
13219,1.992647733530098,-1.058145946714099,-1.7830566412444557,-1.0458699940988507,-1.0558099238821486
13220,-0.5869353684335371,0.2992073267345332,0.27521354353542815,0.07416420415895746,0.8635378417119844
13221,0.18693956215555343,-0.5571872395918231,-0.05313724813443365,0.31452880707427483,-0.5962477828243983
13222,1.7967904980106368,-1.058145946714099,-1.6766224102974465,-2.515817022689194,-1.0558099238821486
13223,-0.004140667619530661,0.48966298795922886,0.043628164766305946,-1.2818823689972492,0.739958106301497
13224,-0.672921471832325,-0.5571872395918231,0.6203921279413743,0.7098254282188435,-0.7043800513085748
13225,-0.9452107992618198,1.5859404542672264,2.078544640308427,0.28806221969362183,1.720872256122241
13226,0.3445807517199978,-0.5571872395918231,-0.7718573355656935,-0.32196403698294906,-0.5923859160928205
13227,0.0006363381248464415,-1.058145946714099,-0.9104505370405566,-1.1954453334565955,-1.0558099238821486
13228,-0.5726043512004059,-1.058145946714099,-0.6739407037203298,-2.183176263091345,-1.0558099238821486
13229,0.1152844759898969,-1.058145946714099,-1.2485421033029545,-1.1172535236719159,-1.0558099238821486
13230,-0.9404337935174427,2.3282062876889484,1.3732833948877297,2.2342261025376673,1.3655805168170896
13232,-0.9022177475624259,0.654643185938614,0.27102295503347656,1.0152080971839796,-0.16371870888769233
13233,-0.6060433914110456,0.07394609082159041,0.18344299693501864,0.457567115373851,1.3385474496960454
13234,2.2506060437264614,-0.5571872395918231,-0.6974418305848857,0.23242103254119895,-0.8240979199874845
13235,0.053183401312994566,-1.058145946714099,0.08831085608538763,0.18806465959309385,-1.0558099238821486
13236,-0.8448936786299006,-0.5571872395918231,-0.14613740771838726,-0.16768729188131876,-0.7391368518927744
13237,0.8891594065789875,-1.058145946714099,-0.2521205953841725,-0.4437267787202448,-1.0558099238821486
13238,-0.8783327188405403,0.48966298795922886,0.07101188218650398,-0.4437267787202448,1.1570397133118921
13239,0.2872566827874726,0.2992073267345332,0.4028406836471494,0.5793298571111467,-0.125100041571915
13240,-0.5009492650347493,0.8001660338568091,0.3469455012338862,1.0842787042858788,1.0913879788750707
13241,1.003807544444038,-1.058145946714099,-1.5049507757652665,-0.037881416532715165,-1.0558099238821486
13242,-0.42451717312471565,0.654643185938614,-0.19152092997006578,-0.6267921989603487,1.0913879788750707
13243,0.010190349613600646,0.2992073267345332,0.20987768779792043,1.1093691324834083,0.5970690372331209
13244,-0.5200572880122577,-1.058145946714099,-1.4486472207691263,-0.3507527121214226,-1.0558099238821486
13245,-0.720691529276096,-0.5571872395918231,0.058430987143653725,0.020052745320578196,0.4194231675805452
13246,-0.8735557130961633,1.15560189306089,0.9387808327830041,1.3768923519432,0.9021565090277618
13247,-0.8783327188405403,0.07394609082159041,-0.4317548018776328,-0.6688728615528973,-0.8047885863295958
13248,-0.3671931041921904,-0.5571872395918231,-0.48458935898275546,-0.4115503779538524,-0.8047885863295958
13249,-0.5200572880122577,0.9303406571479473,0.40925374595179215,-0.5486003891756687,1.2304151812118689
13250,1.237880825918516,-0.5571872395918231,-0.9234294323909581,-0.7132292345010023,-0.8936115211558837
13251,0.960814492744644,-1.058145946714099,-0.9245951183491041,-0.4115503779538524,-1.0558099238821486
13252,0.9225984467896272,-0.5571872395918231,-0.5953393288671305,-0.6267921989603487,-0.16371870888769233
13253,-0.21432892037212317,0.07394609082159041,0.8469202733091993,0.44655496268773315,1.056631178290871
13254,0.8366123433908393,-1.058145946714099,-2.0629031504429576,-1.7640984679528429,-1.0558099238821486
13255,-0.9165487647955571,-0.20175138038774237,-0.2131121552056708,-0.3805884749031534,0.8867090421014509
13257,1.1232326880534655,-1.058145946714099,-1.3002718808049774,-1.3785107536966998,-1.0558099238821486
13258,-0.906994753306803,0.2992073267345332,0.07301491880053901,-0.2941514393624997,0.44645623470158935
13259,-0.6681444660879479,0.9303406571479473,0.3102237245552399,1.3945358933915557,1.404199184132867
13260,-0.6681444660879479,-1.058145946714099,-0.3547858848243376,-1.2818823689972492,-1.0558099238821486
13261,0.3206957229981123,-0.5571872395918231,0.024767456521715643,-1.2818823689972492,-0.990158189445327
13262,0.2968106942762268,-0.20175138038774237,-0.33461536528873026,0.10835219495760728,0.2456391646595473
13263,-0.954764810750574,2.6431297898006605,1.6251815378117809,2.026973564945969,0.5352791695278772
13264,1.151894722519728,-1.058145946714099,-0.16803846316571902,-0.07890961835600385,-1.0558099238821486
13265,-0.7063605120429647,0.2992073267345332,0.5988949928365929,0.36503047510217346,-0.20619924293504738
13266,-0.906994753306803,1.7867352234743035,1.3750536582972779,1.0531207928583965,1.689977322269619
13267,-0.949987805006197,2.5468070428147276,1.6852977353200267,1.0424661878166923,1.763352790169596
13268,-0.8783327188405403,1.15560189306089,0.8996309060030467,1.4711393327727598,-0.09034324098771541
13269,-0.954764810750574,2.245808014503504,1.61353508594275,1.4083825184101708,1.7865239905590624
13270,0.7888422859470683,-1.058145946714099,-0.3141132722866744,-2.515817022689194,-1.0558099238821486
13271,-0.7827926039529983,-1.058145946714099,-1.0524879407921301,0.5105140700321456,-1.0558099238821486
13272,-0.8114546384192609,-0.5571872395918231,-0.8596568087317207,-0.8098576192004525,-0.83182165345064
13273,-0.41974016738033854,-1.058145946714099,-1.3537762548412189,-0.7601216003714991,-1.0558099238821486
13274,0.9942535329552837,-1.058145946714099,-0.6682329283596415,-0.6267921989603487,-1.0558099238821486
13275,0.870051383601479,-0.5571872395918231,-0.9650307179274622,0.10835219495760728,-0.09420510771929315
13276,-0.6585904545991936,0.2992073267345332,0.5261357269846095,1.3022597367090243,1.1802109137013586
13277,-0.8878867303292945,0.654643185938614,-0.40055378845606615,-1.1172535236719159,0.9678082434645832
13278,-0.768461586719867,0.07394609082159041,0.32715467039541657,0.5207054191909427,1.145454113117159
13279,-0.5869353684335371,-1.058145946714099,-1.360146979978334,-1.1954453334565955,-1.0558099238821486
13280,-0.37674711568094466,0.654643185938614,0.664961980760746,1.0791672045283927,0.9600845100014277
13281,1.1375637052865968,-1.058145946714099,-0.6884620664209561,-0.5121324717856456,-1.0558099238821486
13282,-0.8735557130961633,0.07394609082159041,0.2627438626582612,0.0011923041824166546,0.4425943679700116
13283,-0.6776984775767021,0.07394609082159041,-0.6436992846024443,-0.6267921989603487,1.187934647164514
13284,0.6168700791494927,-1.058145946714099,-1.088353542666341,-0.9194058466176699,-1.0558099238821486
13285,-0.8496706843742777,0.48966298795922886,0.9415399377690948,1.189356113787718,1.2651719817960685
13286,1.9066616301313102,-1.058145946714099,-0.15582196304140494,0.07416420415895746,-1.0558099238821486
13287,1.9209926473644416,-0.20175138038774237,-0.11142864949331129,0.07416420415895746,-0.6657613839927975
13288,1.1566717282641052,0.2992073267345332,0.012061886731240657,-1.3785107536966998,-0.19461364274031417
13289,2.4942333366896934,-1.058145946714099,-0.7823183122349396,-0.7601216003714991,-1.0558099238821486
13290,1.1327866995422198,-1.058145946714099,-1.0622693494001791,-2.515817022689194,-1.0558099238821486
13291,-0.21910592611650026,1.15560189306089,0.9211366703113747,1.0583966506364906,0.9176039759540727
13292,-0.7780155982086212,0.2992073267345332,0.06227691518865184,0.21790042237482501,0.8287810411277848
13293,0.913044435300873,0.48966298795922886,0.19347584038533922,0.15710275654239486,0.010065294033305626
13294,-0.056687730807678784,-0.20175138038774237,0.44451612237339155,0.6428173386552047,0.7090631724488752
13295,0.7554032457364286,0.07394609082159041,0.13626924535718232,0.23242103254119895,-0.21778484312978058
13296,-0.3050920295152881,0.48966298795922886,-0.10142610548036934,0.14117229372259663,0.6434114380120537
13297,-0.9261027762843114,0.654643185938614,1.129989975299398,0.7642790739473241,1.0102887775119382
13298,-0.954764810750574,-1.058145946714099,-0.6699305292439316,-2.183176263091345,-1.0558099238821486
13299,0.3206957229981123,-0.20175138038774237,0.20888413262226743,0.23242103254119895,-0.05172457367193809
13300,-0.15222784569522083,-0.20175138038774237,0.24737800237147442,0.038489320235348796,0.5082461024068331
13301,-0.4675102248241096,0.07394609082159041,-0.28059537666130097,0.46843340743959727,-0.3259171116139571
13302,-0.21910592611650026,-0.5571872395918231,-1.2563845005509475,-1.9471638881929467,0.3769426335331902
13303,0.9512604812558898,-1.058145946714099,-1.9332748610546162,-1.7640984679528429,-1.0558099238821486
13304,0.7171871997814118,0.07394609082159041,0.20846382582279577,0.27450169513374717,0.17226369675957037
13305,-0.9404337935174427,1.5859404542672264,0.9936235619575321,1.0478107868958557,1.3964754506697115
13306,1.0945706535872028,-1.058145946714099,-2.0326932832109414,-1.7640984679528429,-1.0558099238821486
13307,-0.38630112716969883,-0.20175138038774237,-0.8680797749283453,-0.8098576192004525,0.7669911734225411
13308,-0.8544476901186548,0.07394609082159041,0.4362883916837634,0.3526935049184267,1.1609015800434699
13309,-0.9261027762843114,0.48966298795922886,0.4516709586732302,0.6600894093898906,0.4310087677752784
13310,-0.8257856556523923,0.2992073267345332,0.3782289840007386,0.5207054191909427,0.3885282337279234
13311,-0.9404337935174427,-0.5571872395918231,-0.3037212985550608,-0.4115503779538524,-0.49197738107179956
13312,1.194887774219122,-1.058145946714099,-1.4311590866906365,-1.614523128595098,-1.0558099238821486
13313,-0.8544476901186548,1.2544959545938104,0.9586499782606466,0.7413828979433381,1.70542478919593
13314,-0.954764810750574,-0.20175138038774237,-0.11665888526457442,0.21790042237482501,-0.7777555192085517
13315,2.3318151413808725,-1.058145946714099,-0.7769413142213882,-0.5121324717856456,-1.0558099238821486
13316,-0.7827926039529983,1.0480979277381186,1.9137437508900856,0.8153422320095451,1.2690338485276462
13317,-0.6442594373660624,1.7867352234743035,1.4152122591507843,1.3515360227957012,1.4930221189591548
13318,-0.954764810750574,-0.20175138038774237,-0.25463568346594007,-0.862804573858747,-0.9167827215453501
13319,-0.9356567877730656,3.1233230300705346,2.274210693471577,1.7119076227707086,1.7556290567064405
13320,-0.5869353684335371,0.48966298795922886,0.6387793698778894,0.6853342645162757,0.48893676874894443
13321,-0.6155974028997997,-0.5571872395918231,-0.34230865387934134,-1.1172535236719159,-1.0017437896400603
13322,-0.8783327188405403,-1.058145946714099,-1.0944842996096216,-0.4115503779538524,-1.0558099238821486
13323,-0.9452107992618198,0.2992073267345332,-0.1056776480163343,-1.4880589811139169,-0.7429987186243522
13324,-0.7875696096973754,1.7233615276208618,1.7638114347038183,-0.12209817180851448,0.9793938436593164
13325,-0.5726043512004059,-1.058145946714099,-0.21679567313262302,-0.9802035124500996,-1.0558099238821486
13326,1.104124665075957,-1.058145946714099,-0.8462586740238881,-0.9194058466176699,-1.0558099238821486
13327,-0.7780155982086212,1.8470162614078611,1.6623318220081296,1.1573590143130723,1.5818450537854427
13328,0.5499919987282132,-1.058145946714099,0.2601522098750245,-0.7132292345010023,-1.0558099238821486
13329,-0.8114546384192609,0.8001660338568091,1.1992662793482918,0.3891614223084505,1.662944255148575
13330,-0.5200572880122577,0.48966298795922886,0.8079869509341939,0.5207054191909427,1.114559179264537
13331,0.9560374870002669,-1.058145946714099,-0.8974542124717376,-0.9802035124500996,-1.0558099238821486
13332,-0.8926637360736717,-1.058145946714099,-0.6883594973907041,-0.5486003891756687,-1.0558099238821486
13333,1.003807544444038,-0.20175138038774237,0.07750863088757033,0.2031181655606824,-0.1019288411824486
13334,-0.5678273454560288,0.2992073267345332,1.382864734694339,1.6164639213921022,1.145454113117159
13336,-0.5917123741779142,-1.058145946714099,-0.09905577173437549,0.15710275654239486,-1.0558099238821486
13337,1.6487033199349468,-1.058145946714099,0.39399733897611827,0.5887058798168258,-1.0558099238821486
13338,-0.20955191462774606,0.07394609082159041,0.7113515248865502,0.8010741670374462,1.0527693115592933
13339,-0.004140667619530661,-1.058145946714099,-0.042403745220151765,0.2031181655606824,-1.0558099238821486
13340,-0.7445765579979815,1.2544959545938104,2.30005556830137,1.2244584972993122,1.299928782380268
13341,0.28247967704309546,-1.058145946714099,-0.11674250616508167,0.0011923041824166546,-1.0558099238821486
13343,-0.114011799740204,-1.058145946714099,-0.6831884397557317,-0.6267921989603487,-1.0558099238821486
13344,-0.6394824316216853,-0.20175138038774237,0.7305856925992349,0.8153422320095451,-0.2448179102508247
13345,0.4114588321412772,-1.058145946714099,-0.6132308102536337,-0.586765087019821,-1.0558099238821486
13346,1.2474348374072701,0.48966298795922886,-0.8025761204401514,-1.7640984679528429,-0.5383197818507324
13347,-0.6251514143885539,-1.058145946714099,-0.7081984262462366,-1.2818823689972492,-1.0558099238821486
13348,-0.6538134488548165,-1.058145946714099,-0.9805440650188985,-0.862804573858747,-1.0558099238821486
13349,-0.9117717590511801,-1.058145946714099,-0.9400100722207776,-0.7601216003714991,-1.0558099238821486
13350,-0.8831097245849174,-0.5571872395918231,0.05103069856115465,-0.12209817180851448,-0.8125123197927513
13351,-0.6442594373660624,-1.058145946714099,-0.6425818117020227,-0.7601216003714991,-1.0558099238821486
13352,-0.672921471832325,-1.058145946714099,-0.5977235143119423,-0.4437267787202448,-1.0558099238821486
13354,-0.6203744086441768,-1.058145946714099,-0.14741602827698827,0.15710275654239486,-1.0558099238821486
13355,-0.37674711568094466,-1.058145946714099,-0.2174363502893443,-0.21595962957782017,-1.0558099238821486
13356,-0.5773813569447829,-1.058145946714099,-0.12384838904459033,0.0011923041824166546,-1.0558099238821486
13357,0.26814865980996416,0.2992073267345332,1.0304039959042046,1.5527927217737973,0.37308076680161245
13358,0.3206957229981123,-1.058145946714099,-0.5270335800216019,-0.2941514393624997,-1.0558099238821486
13359,-0.6585904545991936,-0.5571872395918231,0.09682114420589381,0.17272976344709118,0.2572247648542805
13360,1.0993476593315799,0.07394609082159041,0.384032833914659,0.26071325195673184,-0.0169677730877385
13361,1.295204894851041,-0.5571872395918231,0.33447711648410294,-0.2941514393624997,-0.4958392478033773
13362,-0.9165487647955571,0.654643185938614,1.2821585195483252,1.207095033142026,0.5507266364541882
13363,-0.8783327188405403,-0.20175138038774237,0.4590276382047806,0.5001945244425666,0.45804183489632255
13364,-0.6203744086441768,-1.058145946714099,-1.3748095236768125,-1.1172535236719159,-1.0558099238821486
13365,-0.8019006269305068,-0.5571872395918231,0.6432577172309264,0.8634124775613803,-0.3452264452718457
13366,-0.720691529276096,-1.058145946714099,-2.0002794273753146,-2.515817022689194,-1.0558099238821486
13367,1.0993476593315799,-1.058145946714099,-0.41881834007978774,-0.586765087019821,-1.0558099238821486
13368,0.26337165406558705,0.07394609082159041,0.14893865272045287,0.05652066271060163,-0.4108781797086672
13369,0.7840652802026912,-1.058145946714099,-0.7815477130279959,-0.862804573858747,-1.0558099238821486
13370,0.8127273146689539,-1.058145946714099,-0.13650466736727748,-0.05813906446410138,-1.0558099238821486
13371,1.4528460844154856,-0.5571872395918231,0.6663229777905335,0.46843340743959727,-0.5653528489717765
13372,-0.534388305245389,-1.058145946714099,-0.6335896763284398,-0.47721685960260357,-1.0558099238821486
13373,-0.672921471832325,0.48966298795922886,1.5283800052682306,1.5755040145163772,1.5432263864696654
13374,1.0181385616771692,-0.5571872395918231,-0.554160844398127,-0.7132292345010023,-0.9206445882769279
13375,-0.5391653109897661,-0.5571872395918231,0.4870870116790681,0.31452880707427483,0.3190146325595242
13376,-0.486618247801618,-0.20175138038774237,0.08035698284144167,0.05652066271060163,-0.5344579151191546
13377,0.9321524582783813,-0.5571872395918231,0.3836752315982969,0.4240770344914922,-0.09420510771929315
13379,-0.8353396671411465,-0.20175138038774237,-0.33573456882786246,0.5698454386786636,-0.6310045834085979
13380,1.104124665075957,-1.058145946714099,-1.9254910226489426,-1.9471638881929467,-1.0558099238821486
13381,-0.8114546384192609,1.2544959545938104,1.586581258350735,1.0531207928583965,1.6745298553433081
13382,0.3780197919306375,0.2992073267345332,0.3024886176179795,0.457567115373851,0.6858919720594088
13383,1.6343723027018153,-1.058145946714099,-0.7885836016262074,-2.515817022689194,-1.0558099238821486
13384,-0.816231644163638,1.15560189306089,1.4365624282344565,1.233004335585143,0.7592674399593856
13385,0.6120930734051155,-1.058145946714099,-0.3852022346888468,-0.14457610000475504,-1.0558099238821486
13386,1.0181385616771692,-0.5571872395918231,-0.06337662298919594,-0.4437267787202448,-0.9669869890558606
13387,1.0324695789103004,-1.058145946714099,-1.1411085176521794,0.4240770344914922,-1.0558099238821486
13388,-0.3337540639815507,-0.20175138038774237,0.18905495828285762,0.3891614223084505,0.7669911734225411
13389,-0.906994753306803,-0.20175138038774237,-0.09648537014208386,0.14117229372259663,-0.20233737620346964
13390,-0.6060433914110456,-1.058145946714099,-0.3724973325843592,-0.9194058466176699,-1.0558099238821486
13391,0.010190349613600646,-1.058145946714099,-1.9557169655032929,-2.515817022689194,-1.0558099238821486
13392,2.274491072448347,-1.058145946714099,-1.6556384396818138,-1.2818823689972492,-1.0558099238821486
13393,1.8254525324768995,0.07394609082159041,0.155308861042704,0.18806465959309385,-0.48039178087706635
13394,-0.954764810750574,1.7867352234743035,1.4301462583634204,1.4615439829551946,1.7903858572906401
13395,-0.0757957537851872,-0.20175138038774237,0.18575046397630474,0.4897435161402434,-0.14440937522980365
13396,-0.8210086499080151,-0.5571872395918231,0.28853220448270855,0.0011923041824166546,0.06413142827539388
13397,-0.6155974028997997,1.0480979277381186,0.9035117315662345,0.3891614223084505,1.3230999827697345
13398,-0.042356713574547476,-0.5571872395918231,-0.22210909619871233,-0.10021972705664996,-0.06717204059824902
13399,1.2569888488960244,-0.20175138038774237,-0.8626798555254067,-1.1172535236719159,-0.8434072536453732
13400,1.8206755267325223,-1.058145946714099,-0.775620660839668,-0.47721685960260357,-1.0558099238821486
13402,-0.35286208695905913,0.07394609082159041,0.21369133375743407,0.21790042237482501,0.6318258378173205
13403,-0.8783327188405403,-0.20175138038774237,-0.9937628236271246,-1.1954453334565955,1.6706679886117304
13404,-0.954764810750574,-0.5571872395918231,-0.9251359532595342,-1.0458699940988507,-0.24095604351924696
13405,-0.6060433914110456,0.48966298795922886,0.20598436943172524,-0.1914684658752519,1.4544034516433775
13406,1.0802396363540716,-0.5571872395918231,-0.34033013400421364,-1.3785107536966998,-0.2679891106402911
13407,1.801567503755014,-0.20175138038774237,0.6494978038490383,0.5698454386786636,-0.7352749851611967
13408,-0.954764810750574,3.858815183182004,2.8918722438923825,1.6529318387821261,1.778800257095907
13410,-0.8448936786299006,0.9303406571479473,0.6356275848678152,-0.4115503779538524,1.6745298553433081
13411,-0.4484022018466012,-1.058145946714099,-1.0455238137528349,-0.7132292345010023,-1.0558099238821486
13412,2.0022017450188523,-1.058145946714099,-0.451826552337329,-0.1914684658752519,-1.0558099238821486
13413,2.0929648541620174,0.48966298795922886,-0.5429390689273043,-0.07890961835600385,-0.8704403207664173
13414,-0.3242000524927965,0.48966298795922886,0.7255263513475738,0.10835219495760728,0.7592674399593856
13415,1.295204894851041,0.07394609082159041,-0.10905287524460215,0.5698454386786636,-0.06717204059824902
13416,-0.7541305694867357,-0.20175138038774237,0.02224263809898496,-0.7601216003714991,1.6204637211012198
13417,-0.9404337935174427,0.48966298795922886,0.4359082381058371,0.24668909751329784,1.5123314526170435
13418,-0.906994753306803,2.3674323185913275,1.8322809745654962,1.670575380230482,1.7131485226590855
13419,-0.6585904545991936,-1.058145946714099,-1.020689409455568,-0.7601216003714991,-1.0558099238821486
13420,-0.24776796058276288,-0.5571872395918231,-1.253461654588972,-1.2818823689972492,-0.974710722519016
13421,-0.768461586719867,0.8001660338568091,1.0768960529650258,1.15268439735128,1.3501330498907786
13422,-0.6538134488548165,-1.058145946714099,0.7627813191749575,0.8961017842882889,-1.0558099238821486
13423,1.0850166420984486,-1.058145946714099,-1.0339096798439198,-0.9802035124500996,-1.0558099238821486
13424,1.1853337627303677,-1.058145946714099,-0.3354703306278298,-0.037881416532715165,-1.0558099238821486
13425,-0.44362519610222406,0.2992073267345332,0.9470607639546528,0.8766449105123539,0.7631293066909633
13426,-0.9595418164949511,1.9594133665673954,1.5815626101804465,1.0944071422788821,1.763352790169596
13427,-0.8687787073517862,0.48966298795922886,0.07094024226215268,-0.14457610000475504,1.6590823884169972
13428,-0.9117717590511801,-0.20175138038774237,-0.46496749596353076,0.8634124775613803,0.8905709088330286
13429,-0.9117717590511801,0.07394609082159041,0.07113365374260162,0.21790042237482501,-0.8047885863295958
13430,-0.8735557130961633,-0.5571872395918231,-0.2123798235338557,0.10835219495760728,-0.7932029861348626
13431,-0.6394824316216853,0.8001660338568091,0.9310949413610525,0.8010741670374462,1.2304151812118689
13432,1.7681284635443744,-0.5571872395918231,-0.5269187604641512,0.6853342645162757,-0.8974733878874614
13433,1.433738061437977,0.07394609082159041,-0.23515018435379673,-0.5121324717856456,-0.3027459112244907
13434,-0.6060433914110456,0.2992073267345332,0.4347709025316107,-0.7132292345010023,1.187934647164514
13435,-0.9356567877730656,0.9303406571479473,1.142876578832943,0.6685909679263046,0.855814108248829
13436,-0.954764810750574,-1.058145946714099,-1.1038703722280145,-0.9802035124500996,-1.0558099238821486
13437,-0.8926637360736717,0.654643185938614,0.9508034011651416,0.9927301689877395,-0.3761213791244676
13438,1.6534803256793238,-1.058145946714099,-2.133907864268534,-2.515817022689194,-1.0558099238821486
13439,0.25859464832121,-0.20175138038774237,0.05652589295762981,0.9275383145186272,-0.009244039624583035
13440,1.0611316133765631,0.654643185938614,0.25282229695428005,0.12492635577600246,-0.947677655397972
13441,-0.5248342937566348,-0.5571872395918231,-0.16969639569712633,-0.1914684658752519,0.2572247648542805
13442,2.226721015004576,-0.20175138038774237,-0.559168644040666,-0.1914684658752519,-0.7816173859401294
13443,1.1805567569859907,0.48966298795922886,0.24041524336392145,1.1620071460508272,-0.1714424423508478
13444,0.8270583319020851,-0.5571872395918231,-0.27944200560529797,0.15710275654239486,-0.5460435153138878
13445,2.0308637794851148,-1.058145946714099,-0.9559396961562746,-1.3785107536966998,-1.0558099238821486
13446,1.0945706535872028,1.15560189306089,1.0447445567710996,0.8010741670374462,-0.15599497542453686
13447,-0.8496706843742777,-0.20175138038774237,0.15383495119782278,0.21790042237482501,-1.0094675231032157
13448,-0.8831097245849174,1.3460575542855853,1.630958979000392,1.6529318387821261,1.7131485226590855
13449,-0.8496706843742777,-1.058145946714099,-0.8208759078577588,-0.6267921989603487,-1.0558099238821486
13450,-0.8353396671411465,1.3460575542855853,1.087712064825332,0.24668909751329784,1.172487180238203
13451,-0.8353396671411465,1.15560189306089,1.4794700941897834,2.1098500016332093,1.2690338485276462
13452,0.2777026712987184,-0.20175138038774237,-0.16085167432792832,-2.183176263091345,-0.2332323100560915
13453,-0.17133586867272924,-0.20175138038774237,-0.11133641940665995,-0.1914684658752519,-0.14054750849822592
13454,2.1025188656507714,-1.058145946714099,-1.024568032399471,-0.47721685960260357,-1.0558099238821486
13455,-0.8448936786299006,0.48966298795922886,0.6392326953976895,0.5105140700321456,1.6706679886117304
13456,-0.8783327188405403,0.48966298795922886,0.4767447227891824,0.020052745320578196,-0.32205524488237935
13457,2.3270381356364953,-0.5571872395918231,-1.3076353424008704,-1.1954453334565955,-0.8665784540348396
13458,-0.9261027762843114,1.5859404542672264,1.856810452284545,1.5698848620204007,0.41556130084896753
13459,2.0213097679963608,-0.5571872395918231,0.17353603662937697,0.24668909751329784,-0.83182165345064
13460,-0.8210086499080151,-0.5571872395918231,-1.154677870578116,-0.7601216003714991,-0.9785725892505938
13461,-0.7780155982086212,0.48966298795922886,1.094677627082213,-0.2672508963742018,1.1029735790698039
13462,0.24426363108807866,0.2992073267345332,0.16944736393874463,0.34016817678249833,0.7708530401541188
13464,-0.6824754833210792,0.48966298795922886,0.8818879607881744,0.9024861982765124,1.1068354458013816
13465,1.1710027454972365,-0.5571872395918231,0.014785145584283193,-0.16768729188131876,-0.515148581461266
13466,-0.0805727595295643,0.2992073267345332,0.07580986478778828,0.12492635577600246,0.6588589049383646
13467,-0.9117717590511801,-0.5571872395918231,0.11632368142525712,0.607142454731596,-0.9554013888611275
13468,-0.954764810750574,3.3863916056978276,1.9054674465234824,1.5698848620204007,1.7826621238274847
13469,2.159842934583297,-1.058145946714099,-1.7275765862120418,-1.4880589811139169,-1.0558099238821486
13470,-0.486618247801618,-0.5571872395918231,-1.2307128104046932,-1.3785107536966998,-0.9940200561769047
13471,-0.954764810750574,0.07394609082159041,0.7277504866687,1.3215639934150147,-0.8781640542295728
13472,1.2522118431516471,-0.5571872395918231,-0.3113825756061113,-0.4437267787202448,-0.7005181845769971
13473,-0.672921471832325,0.8001660338568091,0.7713733615432669,0.3526935049184267,1.5084695858854658
13474,0.16783153917804502,-0.20175138038774237,-0.24810790597807442,0.8223842757380923,-0.05558644040351582
13475,-0.04713371931892458,0.07394609082159041,0.3251071254261417,0.34016817678249833,-0.6425901836033311
13476,-0.1092347939958269,0.2992073267345332,0.5880607377465084,0.5793298571111467,0.7438199730330748
13477,-0.7827926039529983,1.15560189306089,0.8139160593190947,0.7938459876173184,1.4389559847170665
13478,1.2808738776179098,0.2992073267345332,0.640141749448522,0.8082392174469527,-0.25254164371398014
13479,-0.004140667619530661,0.07394609082159041,-0.04977590783154129,0.05652066271060163,0.013927160764883359
13480,1.0276925731659234,-0.5571872395918231,-0.26933888565610886,-0.037881416532715165,-0.040138973477204895
13481,-0.7445765579979815,1.15560189306089,1.0351914197598007,1.0944071422788821,1.6088781209064866
13482,0.14872351620053662,-0.5571872395918231,-0.7193960655438953,-0.586765087019821,0.46962743509105576
13483,-0.6490364431104395,-1.058145946714099,-1.346797043731695,-1.1172535236719159,-1.0558099238821486
13484,0.19171656789993052,-0.20175138038774237,-0.10305624803657673,-0.07890961835600385,0.48121303528578896
13485,0.1535005219449137,1.15560189306089,0.863384849824365,0.921346639414674,0.8867090421014509
13486,-0.5869353684335371,-0.20175138038774237,0.14952359595121878,0.40096584261492885,-0.7584461855506631
13487,-0.6872524890654563,0.2992073267345332,-0.05359682788509659,-0.24120448470420522,1.5586738533959763
13488,-0.8783327188405403,2.0119964593872464,1.981067390456676,1.7691409395186153,1.5161933193486212
13489,-0.45795621333535536,0.07394609082159041,-0.5100275900022943,-1.0458699940988507,-0.3259171116139571
13490,2.1646199403276736,-1.058145946714099,-1.279040069306721,-1.2818823689972492,-1.0558099238821486
13491,-0.7159145235317189,2.202452120611942,1.1461680079276622,0.9984076522496489,1.5741213203222872
13492,-0.3098690352596652,-0.20175138038774237,0.2385319620572709,-0.07890961835600385,-0.7545843188190854
13493,0.354134763208752,-0.5571872395918231,-0.2799660367277375,-1.4880589811139169,-1.0094675231032157
13494,0.5261069700063277,-1.058145946714099,-0.7631593856786271,-0.6688728615528973,-1.0558099238821486
13495,-0.9261027762843114,1.0480979277381186,1.2074053480183526,0.27450169513374717,1.7440434565117073
13496,-0.9117717590511801,-0.5571872395918231,-0.24063406023380496,-0.32196403698294906,0.2919815654384801
13497,0.38757380341939174,0.48966298795922886,0.17751515208421412,0.17272976344709118,0.4387325012384339
13498,2.527672376900333,-1.058145946714099,-0.7382924678577927,-0.7132292345010023,-1.0558099238821486
13499,-0.8783327188405403,0.2992073267345332,0.1727276192889922,-0.24120448470420522,-0.08261950752455995
13500,-0.8496706843742777,0.07394609082159041,0.34229198442759345,0.4897435161402434,0.4039757006542343
13501,0.4162358378856543,-0.20175138038774237,0.8305992782526104,0.6162076636214244,0.03323649442277202
13502,-0.8831097245849174,0.2992073267345332,-0.11243472246351491,-0.32196403698294906,0.998703177317205
13503,-0.6203744086441768,0.48966298795922886,0.5135688074537899,1.074023657541187,1.2226914477487136
13504,-0.6538134488548165,-1.058145946714099,-0.8109626964093622,-0.5121324717856456,-1.0558099238821486
13505,-0.6155974028997997,0.07394609082159041,1.1341096674644167,1.189356113787718,-0.43791124682971133
13506,0.5499919987282132,0.2992073267345332,0.2762870486323652,0.21790042237482501,-0.499701114534955
13507,-0.9452107992618198,0.07394609082159041,0.7211796629783979,1.0096460890517032,-0.5074248479981105
13508,0.20127057938868473,-0.5571872395918231,-0.8328791339309186,-0.3507527121214226,0.4850749020173667
13509,-0.9213257705399343,0.8001660338568091,0.14456551753918906,-0.3507527121214226,0.8712615751751399
13510,-0.954764810750574,1.15560189306089,1.1606611342271558,1.1620071460508272,1.7131485226590855
13511,2.26971406670397,-1.058145946714099,-0.8437103781159621,-1.614523128595098,-1.0558099238821486
13512,0.28247967704309546,0.07394609082159041,-0.17724499565632085,-0.24120448470420522,0.19157303041745904
13513,-0.35763909270343625,-0.20175138038774237,-0.07281845575304409,-0.21595962957782017,0.9871175771224718
13514,-0.6108203971554227,0.07394609082159041,-0.08045656290972526,-0.8098576192004525,1.2960669156486904
13515,-0.6155974028997997,0.48966298795922886,0.23624500697657672,0.34016817678249833,1.1531778465803144
13516,-0.859224695863032,0.07394609082159041,0.4426905935025763,0.21790042237482501,0.4734893018226335
13517,-0.6776984775767021,-0.20175138038774237,0.6111198342564343,0.8831819415705221,-0.5923859160928205
13518,-0.5534963282228974,-1.058145946714099,-0.27009690495036026,-0.12209817180851448,-1.0558099238821486
13519,-0.5869353684335371,-0.5571872395918231,-0.7043083993067691,-0.6267921989603487,0.34990956641214604
13520,-0.6824754833210792,1.15560189306089,1.4284330329324226,0.5307717179635321,1.5084695858854658
13521,-0.954764810750574,-0.20175138038774237,0.11620257134233715,1.6322919311293915,-1.021053123297949
13522,-0.816231644163638,-1.058145946714099,-1.4251569057860711,-1.614523128595098,-1.0558099238821486
13523,-0.8019006269305068,0.48966298795922886,1.1568959667088599,1.1666290909919852,0.3692189000700347
13524,-0.768461586719867,0.2992073267345332,-0.21160584584330727,-0.7132292345010023,-0.3645357789297344
13525,-0.8926637360736717,-0.5571872395918231,-0.2682377311962271,-1.614523128595098,-0.15213310869295912
13526,2.56588842285535,-0.5571872395918231,0.18683127129264807,-0.2941514393624997,-1.0558099238821486
13527,-0.8019006269305068,1.2544959545938104,1.1579646537026154,1.499269850589834,1.4698509185696884
13529,-0.5869353684335371,-0.5571872395918231,-0.7827623640348802,-0.8098576192004525,-0.5692147157033542
13530,2.0690798254401317,-1.058145946714099,-0.588733790302555,-0.6688728615528973,-1.0558099238821486
13531,0.019744361102354852,0.48966298795922886,0.3257567305197425,0.038489320235348796,0.9948413105856273
13532,-0.8019006269305068,-1.058145946714099,-1.056507577739454,0.36503047510217346,-1.0558099238821486
13533,-0.09012677101831851,-0.20175138038774237,-0.8793496825448214,0.3014022381220454,-0.7275512516980412
13534,-0.949987805006197,2.5129551665095216,1.5409884592998884,1.0994248524597794,0.9446370430751168
13535,0.960814492744644,-1.058145946714099,-1.6686019994579675,-2.515817022689194,-1.0558099238821486
13536,-0.954764810750574,0.654643185938614,0.9584551640607402,0.6251737972068488,-0.7700317857453963
13537,1.0706856248653174,-0.5571872395918231,-0.17275255868697395,-0.07890961835600385,-0.9554013888611275
13538,-0.7541305694867357,1.2544959545938104,0.8831657270957547,0.7413828979433381,1.3848898504749783
13539,-0.5534963282228974,0.654643185938614,0.39129043484970416,0.40096584261492885,0.8944327755646063
13540,1.2713198661291556,-0.20175138038774237,-0.26411190210445795,-0.3805884749031534,-0.3297789783455348
13541,1.0802396363540716,-0.5571872395918231,-0.10806068215062993,-1.1172535236719159,-0.5035629812665328
13542,0.8366123433908393,1.6565606001831652,1.0590281438904365,0.6853342645162757,0.307429032364791
13543,2.0690798254401317,-0.5571872395918231,0.3290411123613799,-0.10021972705664996,-0.8511309871085286
13544,-0.7732385924642441,0.48966298795922886,-0.10353049989905719,1.3404244345531768,1.2806194487223794
13545,0.9034904238121187,-0.5571872395918231,-0.660139561094827,0.2031181655606824,-0.4610824472191777
13546,-0.9022177475624259,0.2992073267345332,0.1259007655891088,0.6600894093898906,0.5352791695278772
13547,0.9894765272109066,-1.058145946714099,-1.22172439527784,0.038489320235348796,-1.0558099238821486
13548,-0.5009492650347493,-0.20175138038774237,-0.008572793595596486,1.1289032233573464,0.3923901004595011
13549,-0.8401166728855235,0.8001660338568091,0.07041705530274292,0.038489320235348796,0.3421858329489906
13550,0.870051383601479,-1.058145946714099,-0.7056937885376181,-0.037881416532715165,-1.0558099238821486
13551,0.5643230159613445,-0.5571872395918231,-0.9491369088125471,-1.614523128595098,0.2842578319753246
13552,-0.6442594373660624,1.9594133665673954,1.4649579370382506,1.0944071422788821,1.2304151812118689
13553,2.260160055215216,-1.058145946714099,-0.43394321290994664,0.5698454386786636,-1.0558099238821486
13554,0.8557203663683477,0.654643185938614,0.41835169707033537,1.0636387966331442,-0.8009267195980181
13555,-0.6108203971554227,1.3460575542855853,1.6429006938497506,1.493101452679689,1.3230999827697345
13556,1.0897936478428258,-0.5571872395918231,-1.089675673345615,-1.2818823689972492,-1.0326387234926822
13557,-0.8257856556523923,1.3460575542855853,0.8664946880927884,0.8896672959534744,1.6590823884169972
13558,-0.9356567877730656,0.07394609082159041,-0.3086136846774349,0.8700553726182927,-0.8125123197927513
13559,1.4862851246261253,-0.5571872395918231,0.05899935115921428,-2.515817022689194,-0.9360920552032388
13560,-0.9261027762843114,-1.058145946714099,-1.2033225749673955,-0.21595962957782017,-1.0558099238821486
13561,0.06751441854612587,1.15560189306089,0.4915693303015571,0.921346639414674,0.6202402376225873
13562,-0.5726043512004059,0.8001660338568091,1.2036665659666754,0.5979759564957379,1.3115143825750013
13563,-0.5582733339672745,-0.5571872395918231,-0.1151831777511556,0.12492635577600246,-0.8395453869137954
13564,-0.2716529893046484,2.579756093947218,2.0890722753318234,1.988962657158903,1.2342770479434466
13565,-0.8687787073517862,-0.20175138038774237,-0.5679169453070924,0.05652066271060163,0.45804183489632255
13566,-0.768461586719867,0.2992073267345332,0.44411891782937624,1.4899997739109212,1.257448248332913
13567,1.0850166420984486,0.07394609082159041,0.12127178000700489,1.1803407147432114,-0.6194189832138647
13568,-0.13311982271771242,-1.058145946714099,-1.140686159330544,-0.0181119525235737,-1.0558099238821486
13569,-0.8783327188405403,0.07394609082159041,-0.16407886174652597,0.9754580982530536,0.5314173027962995
13570,0.20127057938868473,-1.058145946714099,-0.9631372948953635,-0.3507527121214226,-1.0558099238821486
13571,-0.9022177475624259,2.1575193073054413,1.1573239494998515,1.4899997739109212,1.720872256122241
13572,0.019744361102354852,-1.058145946714099,0.30075549514577704,-0.21595962957782017,-1.0558099238821486
13573,-0.720691529276096,0.48966298795922886,-0.006113406040301983,0.44655496268773315,1.2111058475539804
13574,1.003807544444038,-1.058145946714099,-0.5861119685171886,0.5602500888610992,-1.0558099238821486
13575,-0.8496706843742777,0.2992073267345332,-0.15861301325827035,-0.0181119525235737,-0.4649443139507554
13576,-0.9117717590511801,2.245808014503504,1.8096345163347038,1.0040461146997783,1.7285959895853964
13577,-0.8401166728855235,1.15560189306089,0.9677991440770083,0.7178293264081053,1.647496788222264
13578,0.9942535329552837,-1.058145946714099,-1.310349354914304,-1.1954453334565955,-1.0558099238821486
13579,-0.8926637360736717,0.2992073267345332,0.2955730076627374,0.43539298020353107,1.4350941179854888
13580,0.9799225157221524,-1.058145946714099,-1.5360005980748404,-1.614523128595098,-1.0558099238821486
13581,0.5165529585175734,-0.5571872395918231,-0.8494054664590814,-0.21595962957782017,-0.6503139170664866
13582,0.8987134180677416,-0.5571872395918231,-0.9565937696835474,-1.1172535236719159,-0.17530430908242553
13583,-0.21910592611650026,-0.5571872395918231,0.3317517522431395,0.6428173386552047,0.9678082434645832
13584,0.5022219412844422,-0.20175138038774237,-0.6202894158754154,0.457567115373851,0.3692189000700347
13585,1.5722712280249131,-0.20175138038774237,-0.2070003853091197,-0.2941514393624997,-0.25254164371398014
13586,1.624818291213061,-1.058145946714099,-1.4167805554566906,-0.586765087019821,-1.0558099238821486
13587,-0.6585904545991936,0.07394609082159041,0.4376389086781576,-0.3507527121214226,1.2613101150644908
13588,-0.8878867303292945,0.9303406571479473,0.7211185416704355,0.921346639414674,-0.12896190830349274
13589,-0.8926637360736717,0.48966298795922886,0.1484497651876115,0.10835219495760728,1.720872256122241
13590,-0.906994753306803,1.7233615276208618,1.3983198123374037,1.4647549187845361,1.7517671899748628
13591,-0.6538134488548165,0.654643185938614,0.5993361626077427,0.607142454731596,1.4968839856907326
13592,-0.7923466154417526,0.07394609082159041,-0.9381520800773404,-0.8098576192004525,-0.1714424423508478
13593,-0.44362519610222406,1.4312993642702228,1.2953129951063544,1.3138967127742598,1.0257362444382492
13594,-0.7111375177873418,-0.5571872395918231,-0.3868889264927364,-0.24120448470420522,0.6163783708910096
13595,1.5053931476036337,-0.20175138038774237,-0.10876793950060619,0.8082392174469527,-0.5537672487770433
13596,-0.9356567877730656,-0.5571872395918231,-0.2288389112549097,0.9336836095984207,-1.0287768567611044
13597,0.9512604812558898,-0.5571872395918231,-0.6000248468351942,-0.7132292345010023,-1.048086190418993
13598,-0.7350225465092273,0.2992073267345332,-0.1297655212116977,0.5001945244425666,1.2767575819908017
13599,-0.954764810750574,2.442335020593583,1.7139025511637318,1.3980195209492263,1.7903858572906401
13600,0.5308839757507048,-0.5571872395918231,-0.4073037862890491,-0.14457610000475504,0.1877111636858813
13601,-0.7445765579979815,0.07394609082159041,0.1732749546331983,1.0842787042858788,0.8789853086382954
13602,-0.6538134488548165,0.07394609082159041,0.08417255733980329,0.12492635577600246,0.8596759749804067
13603,-0.8353396671411465,-1.058145946714099,-1.23358845555799,-0.3507527121214226,-1.0558099238821486
13604,2.183727963305182,-1.058145946714099,-0.17298354896535084,-0.5486003891756687,-1.0558099238821486
13605,0.8891594065789875,-0.5571872395918231,-0.4014216619081092,0.14117229372259663,-0.3452264452718457
13606,-0.8210086499080151,-0.20175138038774237,-0.8591628589750185,-0.037881416532715165,0.03323649442277202
13607,-0.768461586719867,-0.5571872395918231,0.11894275584453035,0.7791957222855813,0.3421858329489906
13608,1.620041285468684,-1.058145946714099,-0.985821139158484,-0.24120448470420522,-1.0558099238821486
13609,1.8732225899206705,-1.058145946714099,-1.220565794557795,-1.3785107536966998,-1.0558099238821486
13610,-0.9022177475624259,1.4312993642702228,0.6026946745875692,1.6217739273546439,1.6127399876380644
13611,-0.534388305245389,1.0480979277381186,0.927099659260592,1.133714926635295,1.4428178514486443
13612,2.0595258139513777,-1.058145946714099,-0.07834779332973585,0.14117229372259663,-1.0558099238821486
13613,1.1996647799634992,0.2992073267345332,0.09442561337618217,0.14117229372259663,-0.25254164371398014
13614,-0.8448936786299006,0.48966298795922886,0.677255654001891,1.3697273015336935,0.9793938436593164
13615,0.5595460102169674,0.8001660338568091,1.3910491208044018,1.4774744457749929,0.3421858329489906
13616,1.753797446311243,-0.5571872395918231,-0.8409429446471054,-0.24120448470420522,-0.5808003158980874
13617,-0.768461586719867,0.8001660338568091,0.24357513045759416,0.10835219495760728,0.7013394389857197
13618,-0.13311982271771242,-1.058145946714099,-1.1789547066219734,-0.9194058466176699,-1.0558099238821486
13619,1.6391493084461926,-0.5571872395918231,-1.008185977853334,-0.05813906446410138,-0.5537672487770433
13620,1.562717216536159,-1.058145946714099,-1.5061598174755804,-1.614523128595098,-1.0558099238821486
13621,-0.40540915014720724,-1.058145946714099,-1.0445152022018847,-0.6267921989603487,-1.0558099238821486
13622,2.3652541815915122,-1.058145946714099,-0.23446078392696296,-0.21595962957782017,-1.0558099238821486
13623,-0.816231644163638,1.0480979277381186,0.7366987711790114,1.3100360324395852,1.6745298553433081
13624,0.8939364123233645,-1.058145946714099,-0.49017918724660453,-0.5121324717856456,-1.0558099238821486
13625,1.8875536071538017,-1.058145946714099,-0.798120516204155,-0.5486003891756687,-1.0558099238821486
13626,0.24426363108807866,-0.5571872395918231,-0.18368980923122347,0.038489320235348796,-0.5653528489717765
13627,-0.6776984775767021,0.654643185938614,0.6498834137317893,0.8362895757000253,1.187934647164514
13628,2.26971406670397,-1.058145946714099,-0.7772196546679674,-0.7601216003714991,-1.0558099238821486
13629,-0.8496706843742777,1.7867352234743035,1.9373393270210695,-0.32196403698294906,1.4273703845223333
13630,-0.9356567877730656,0.654643185938614,0.5775942241983707,0.15710275654239486,0.025512760959616555
13631,-0.486618247801618,1.15560189306089,0.8755190347817242,-1.4880589811139169,-0.40701631297708946
13632,-0.8448936786299006,0.8001660338568091,0.9994664204114079,1.114296432923324,1.2111058475539804
13634,-0.8019006269305068,1.5859404542672264,1.232267300590012,1.5084363488256922,1.5123314526170435
13635,-0.6394824316216853,0.07394609082159041,0.858574537404256,0.9458378031172426,1.53550265300651
13636,-0.7875696096973754,0.2992073267345332,0.028591384942981787,0.24668909751329784,-0.09420510771929315
13637,-0.7111375177873418,-0.20175138038774237,-0.09078003164708687,0.5105140700321456,-0.38384511258762305
13638,-0.8878867303292945,-1.058145946714099,-1.443373663793406,-1.2818823689972492,-1.0558099238821486
13639,-0.6060433914110456,-0.5571872395918231,0.2806884128062991,0.12492635577600246,0.3421858329489906
13640,1.9592086933194583,-1.058145946714099,-0.5851334576715457,-1.7640984679528429,-1.0558099238821486
13641,2.097741859906394,0.2992073267345332,0.07802670482637272,-0.0181119525235737,-0.6927944511138416
13642,0.06751441854612587,0.07394609082159041,-0.47457445461903824,0.6428173386552047,-0.21778484312978058
13643,-0.8114546384192609,1.0480979277381186,0.6206664911619114,0.4240770344914922,1.647496788222264
13644,-0.8831097245849174,0.07394609082159041,0.7622206278722866,0.9984076522496489,-0.7121037847717303
13645,-0.38630112716969883,-1.058145946714099,-0.9262473592477994,-1.614523128595098,-1.0558099238821486
13646,0.9464834755115127,-0.5571872395918231,-0.7407806645487491,0.26071325195673184,-1.0558099238821486
13647,-0.9165487647955571,0.8001660338568091,0.8687329063113244,0.6853342645162757,1.2381389146750243
13648,0.9512604812558898,0.8001660338568091,0.47564136383139083,0.6600894093898906,0.24950103139112503
13649,0.26337165406558705,0.48966298795922886,0.33605679763428964,0.6770053294538549,-0.009244039624583035
13650,-0.8831097245849174,1.0480979277381186,0.9249236273805593,0.8961017842882889,1.5161933193486212
13651,-0.7923466154417526,-0.20175138038774237,-1.0021095875383568,-0.862804573858747,0.2803959652437469
13652,-0.7445765579979815,0.2992073267345332,0.6550531371430666,0.8223842757380923,1.288343182185535
13653,1.3668599810166977,-1.058145946714099,-1.2886349622476156,-1.1954453334565955,-1.0558099238821486
13654,-0.7541305694867357,1.15560189306089,1.3951187891350865,1.48688632403703,1.6243255878327976
13655,-0.4149631616359615,0.48966298795922886,0.6609173117893828,0.7257558910386418,0.7863005070804298
13656,-0.17611287441710635,0.07394609082159041,0.12097772035713587,0.5307717179635321,0.6086546374278541
13657,-0.9117717590511801,-0.5571872395918231,-0.6269654304048696,-0.7601216003714991,-0.3181933781508016
13658,-0.9165487647955571,0.9303406571479473,1.362051218543659,1.1044120596547777,1.504607719153888
13659,0.019744361102354852,1.2544959545938104,1.2105695609390634,1.3588610094679472,0.7013394389857197
13660,0.9512604812558898,-1.058145946714099,-0.7853854983138764,-0.05813906446410138,-1.0558099238821486
13661,1.9209926473644416,-1.058145946714099,-0.7430119103984937,-0.7132292345010023,-1.0558099238821486
13662,-0.5534963282228974,1.15560189306089,0.6459243430619253,0.8896672959534744,1.1570397133118921
13663,-0.1044577882514498,0.2992073267345332,0.5831583644731269,0.5887058798168258,0.7476818397646525
13665,0.8843824008346104,-0.20175138038774237,0.4539039691207584,0.6770053294538549,-0.600109649555976
13666,-0.672921471832325,0.2992073267345332,-1.4133002289345027,-0.6267921989603487,1.5509501199328208
13667,-0.24776796058276288,-1.058145946714099,-0.803417623881996,0.5407159979871611,-1.0558099238821486
13668,-0.949987805006197,2.5129551665095216,1.9141708607306946,1.8551355954006,1.747905323243285
13669,-0.720691529276096,-0.20175138038774237,-0.5700902158991794,-0.9194058466176699,0.3228764992911019
13670,-0.6012663856666685,-1.058145946714099,-0.690825185694928,-0.4115503779538524,-1.0558099238821486
13671,0.9225984467896272,-1.058145946714099,-1.1983993787942857,0.3014022381220454,-1.0558099238821486
13672,0.47833691256255667,-0.20175138038774237,-0.5590828946791824,-0.9194058466176699,0.6009309039646986
13673,-0.8735557130961633,-0.5571872395918231,-0.6170487483180889,0.09143627489364367,-1.0017437896400603
13674,1.104124665075957,-1.058145946714099,-0.9595743237127224,-0.862804573858747,-1.0558099238821486
13675,-0.23821394909400867,-0.5571872395918231,-0.45261037011222466,-0.4115503779538524,-0.5421816485823101
13676,1.615264279724307,-0.5571872395918231,-0.9500206014948652,-0.9194058466176699,-0.7468605853559299
13677,0.9703685042333982,-0.5571872395918231,-0.36307734038219736,0.6853342645162757,-0.6078333830191315
13678,-0.23821394909400867,-1.058145946714099,-0.9841196222362367,-0.7601216003714991,-1.0558099238821486
13679,1.3955220154829604,-0.20175138038774237,-0.8475362035584272,0.038489320235348796,-0.12123817484033726
13680,-0.954764810750574,1.2544959545938104,1.8234868648723255,1.7329745079127619,1.778800257095907
13681,-0.8783327188405403,0.07394609082159041,-0.06999120423375686,-0.10021972705664996,-0.5228723149244214
13682,-0.066241742296433,-1.058145946714099,-1.9592874404626097,-1.9471638881929467,-1.0558099238821486
13683,1.2235498086853847,-1.058145946714099,-0.9079436983478452,-1.1172535236719159,-1.0558099238821486
13684,0.40190482065252303,0.07394609082159041,-0.3081774606626365,0.5307717179635321,0.24177729792796956
13685,-0.949987805006197,0.654643185938614,0.8869484998466396,-0.2941514393624997,-0.83182165345064
13686,-0.09012677101831851,-0.20175138038774237,-0.5779862217415588,-0.3507527121214226,-0.2100611096666251
13687,1.1327866995422198,-1.058145946714099,1.8520614350414426,0.05652066271060163,-1.0558099238821486
13688,2.073856831184509,-1.058145946714099,-0.6395847508204194,-1.614523128595098,-1.0558099238821486
13689,-0.6585904545991936,-0.5571872395918231,0.23263488062922633,-1.4880589811139169,0.41556130084896753
13690,-0.6776984775767021,-1.058145946714099,-1.1998561493173652,-1.1954453334565955,-1.0558099238821486
13691,0.9321524582783813,-1.058145946714099,-1.0481190527115851,0.2031181655606824,-1.0558099238821486
13692,-0.8448936786299006,0.2992073267345332,0.8857816893704057,0.5505411819726732,0.4734893018226335
13693,0.8270583319020851,0.9303406571479473,0.5704715058340306,0.5001945244425666,0.32673836602267964
13694,-0.9452107992618198,4.225744299162235,3.874103559733394,2.4934280670437916,1.7710765236327515
13695,-0.8114546384192609,1.5859404542672264,0.8014100066368304,0.09143627489364367,1.0527693115592933
13696,1.051577601887809,-0.20175138038774237,0.5735418921144447,-0.4437267787202448,-0.10965257464560407
13697,-0.7780155982086212,-1.058145946714099,-1.2928879800785398,-0.9802035124500996,-1.0558099238821486
13698,1.8875536071538017,-0.5571872395918231,-0.5064953531088817,-0.24120448470420522,-0.7275512516980412
13699,-0.21910592611650026,-0.5571872395918231,-0.12769655000544985,-0.1914684658752519,0.46962743509105576
13700,-0.8353396671411465,1.3460575542855853,0.7546778209713236,1.0994248524597794,1.431232251253911
13701,1.1710027454972365,-1.058145946714099,-1.248319282017288,-1.1954453334565955,-1.0558099238821486
13702,1.1662257397528595,-1.058145946714099,-1.3736424586704594,-1.614523128595098,-1.0558099238821486
13703,0.5595460102169674,-0.5571872395918231,-0.549475166446299,-0.12209817180851448,-0.6812088509191084
13704,-0.9356567877730656,0.9303406571479473,0.6695814397020844,0.7865535568710715,-0.7352749851611967
13705,-0.9261027762843114,0.654643185938614,0.45623092650093555,0.21790042237482501,1.3269618495013122
13706,0.4831139183069338,-0.5571872395918231,-0.26550359008890095,-0.07890961835600385,0.19543489714903678
13707,0.3159187172537352,0.2992073267345332,0.9418122676158335,0.9870131210634252,-0.0169677730877385
13708,0.3350267402312436,-1.058145946714099,-0.8372022320043112,0.12492635577600246,-1.0558099238821486
13709,-0.9452107992618198,1.7233615276208618,1.526871644191429,1.5866281586103719,1.6243255878327976
13710,-0.8114546384192609,-0.20175138038774237,-0.4197791594156509,-0.9194058466176699,1.187934647164514
13711,0.08184543577925718,0.9303406571479473,0.4870990874893872,0.5207054191909427,0.898294642296184
13712,0.21560159662181605,-0.5571872395918231,-0.12555824079293615,-0.21595962957782017,0.34990956641214604
13713,0.9894765272109066,-0.20175138038774237,-0.15010658014266734,0.4126028186801636,-0.3799832458560453
13714,1.2617658546404014,-1.058145946714099,-1.2467614559634905,-0.2672508963742018,-1.0558099238821486
13715,0.3827967976750146,1.6565606001831652,1.580294288644982,1.5323911326091049,0.3228764992911019
13716,0.3254727287424894,-1.058145946714099,-1.3573949739036573,-0.5486003891756687,-1.0558099238821486
13717,-0.8066776326748838,0.8001660338568091,0.47534684971387003,0.7791957222855813,0.6936157055225642
13718,0.21560159662181605,-0.5571872395918231,-0.785596700251132,-1.1954453334565955,-0.8665784540348396
13719,-0.8878867303292945,1.15560189306089,0.804619119121111,1.2414620708765944,1.0913879788750707
13720,-0.40540915014720724,0.07394609082159041,-0.09473477945066709,0.0011923041824166546,-0.5228723149244214
13721,-0.7875696096973754,-0.5571872395918231,-0.14934793687622322,-0.0181119525235737,0.3306002327542574
13722,-0.3337540639815507,1.0480979277381186,1.3137470542287175,0.9578145568046977,0.9330514428803837
13723,0.07706843003488008,0.48966298795922886,0.1941647301799242,0.15710275654239486,0.465765568359478
13724,2.083410842673263,-1.058145946714099,-1.0473428736877204,-0.05813906446410138,-1.0558099238821486
13725,-0.7254685350204731,0.8001660338568091,0.559173205529303,0.6600894093898906,-0.05558644040351582
13726,-0.7780155982086212,-0.5571872395918231,0.12151896475057537,-0.05813906446410138,-0.816374186524329
13727,-0.8257856556523923,0.8001660338568091,0.1178291317164655,0.457567115373851,1.6552205216854194
13728,-0.7875696096973754,1.5859404542672264,0.8230720338322031,0.46843340743959727,1.6243255878327976
13729,1.1184556823090883,-0.20175138038774237,-0.16587689261425875,-0.12209817180851448,-0.09420510771929315
13730,-0.3146460410040423,-0.5571872395918231,-0.13867569999709667,-0.07890961835600385,-0.9554013888611275
13731,0.08662244152363428,-0.5571872395918231,-0.2893934210607691,-0.12209817180851448,-0.9515395221295497
13732,-0.8257856556523923,-1.058145946714099,-0.4451909204284964,-0.1914684658752519,-1.0558099238821486
13733,0.9990305386996609,-0.5571872395918231,-0.45229969898926725,-0.32196403698294906,0.1992967638806145
13734,1.4671771016486168,0.07394609082159041,1.4381659526171346,-0.4437267787202448,-0.6927944511138416
13735,-0.8448936786299006,1.3460575542855853,1.7103427717261621,1.7512570039357047,1.6552205216854194
13736,-0.9356567877730656,0.654643185938614,0.7966389013175605,1.6630602767751295,1.7556290567064405
13737,-0.004140667619530661,-1.058145946714099,-0.7119187695134059,-0.2941514393624997,-1.0558099238821486
13738,0.9321524582783813,-1.058145946714099,-0.5340392083304724,0.5979759564957379,-1.0558099238821486
13739,-0.8735557130961633,-0.5571872395918231,-0.8200876691234807,-1.4880589811139169,0.9098802424909173
13740,0.18693956215555343,0.2992073267345332,0.3974282874926239,0.5505411819726732,0.8635378417119844
13741,-0.6203744086441768,-0.20175138038774237,-0.22416566872280866,-0.16768729188131876,-0.49197738107179956
13742,-0.8831097245849174,1.2544959545938104,0.8842671186061218,1.2663243691962696,0.11819756251748213
13743,-0.949987805006197,0.654643185938614,0.27818201109796725,-1.2818823689972492,-0.06331017386667129
13744,-0.5057262707791264,-0.5571872395918231,0.12209317544999436,0.2031181655606824,-0.2950221777613352
13745,-0.18566688590586056,-0.5571872395918231,-0.11534081383829001,0.07416420415895746,0.4271469010437007
13746,1.0133615559327922,-1.058145946714099,-1.1815903818642999,-1.1954453334565955,-1.0558099238821486
13747,0.822281326157708,-0.5571872395918231,-1.2101367032446864,-1.7640984679528429,-0.8588547205716841
13748,-0.5057262707791264,0.9303406571479473,0.5890679858527631,-0.037881416532715165,1.4273703845223333
13750,-0.7063605120429647,1.15560189306089,0.9907784626559982,0.15710275654239486,1.1222829127276925
13751,0.4162358378856543,-1.058145946714099,-0.8101852031309913,-1.1954453334565955,-1.0558099238821486
13752,-0.3671931041921904,0.654643185938614,0.3960870882983173,0.46843340743959727,0.5005223689436776
13753,0.4114588321412772,0.07394609082159041,0.5995532018795323,0.34016817678249833,0.6781682385962533
13754,-0.23821394909400867,-0.20175138038774237,-0.513995947452617,-0.7601216003714991,0.04868396134908295
13755,-0.9452107992618198,0.9303406571479473,0.6041850073083305,1.3875239442341725,-0.8240979199874845
13756,-0.949987805006197,2.0119964593872464,1.6234950340004697,0.9870131210634252,1.7324578563169741
13757,2.260160055215216,-1.058145946714099,-1.1087748206459636,-1.2818823689972492,-1.0558099238821486
13758,-0.906994753306803,1.5110377522649707,1.627003525586895,1.3177393102307873,1.7517671899748628
13759,-0.8019006269305068,-0.5571872395918231,-0.23395782775431406,-0.4437267787202448,-0.9090589880821947
13760,-0.7015835062985876,0.2992073267345332,0.28993529100902315,0.6600894093898906,1.0257362444382492
13761,-0.720691529276096,0.48966298795922886,0.5487566857034497,0.8362895757000253,1.2844813154539572
13762,0.08184543577925718,0.2992073267345332,0.7192328827071921,-0.47721685960260357,0.797886107275163
13763,-0.6585904545991936,-0.20175138038774237,1.2581309310197897,0.14117229372259663,0.3808045002647679
13764,-0.6251514143885539,0.48966298795922886,0.8391791953592588,1.583861231680227,1.1531778465803144
13765,2.159842934583297,-1.058145946714099,-0.6844318315916055,-0.7132292345010023,-1.0558099238821486
13766,1.4050760269717144,-1.058145946714099,-1.1281289764868667,-0.7601216003714991,-1.0558099238821486
13767,-0.949987805006197,3.4032016091410844,2.6089276012510054,0.8293663864529791,1.7865239905590624
13768,2.508564353922825,-0.5571872395918231,-0.029238356184430245,-0.2672508963742018,-1.0403624569558376
13769,-0.949987805006197,1.8470162614078611,1.293317232396889,0.8567153541898691,1.7285959895853964
13770,1.0563546076321861,0.07394609082159041,-0.1079505226129536,0.10835219495760728,0.13364502944379306
13771,-0.6538134488548165,0.9303406571479473,1.3256116067165755,1.189356113787718,1.2149677142855582
13772,-0.8019006269305068,0.8001660338568091,0.882442170022699,1.820566213675165,1.3424093164276232
13773,0.9321524582783813,-0.5571872395918231,-0.7974521554627133,-0.6267921989603487,-0.040138973477204895
13774,-0.5726043512004059,-1.058145946714099,-0.7005643857752434,-0.5121324717856456,-1.0558099238821486
13775,1.8588915726875392,-1.058145946714099,0.10119698889537083,0.32744864979204164,-1.0558099238821486
13776,1.0850166420984486,-0.5571872395918231,-0.27376037893343785,-2.515817022689194,-1.0558099238821486
13777,-0.9595418164949511,3.184600854015305,2.8841122967032797,0.038489320235348796,1.7903858572906401
13778,-0.4675102248241096,0.07394609082159041,0.1508588317468737,-0.1914684658752519,0.7283725061067639
13779,1.5006161418592565,-1.058145946714099,-1.2477402683719865,-0.3507527121214226,-1.0558099238821486
13780,-0.9261027762843114,-0.20175138038774237,-0.15861301325827035,0.6162076636214244,0.48893676874894443
13781,0.23470961959932446,-0.20175138038774237,-0.11397886214806477,0.23242103254119895,0.7631293066909633
13782,-0.9022177475624259,1.3460575542855853,0.48460719507456285,1.211470473151452,1.7285959895853964
13783,1.3668599810166977,0.07394609082159041,0.3786454299857802,-1.7640984679528429,-0.3375027118086903
13784,-0.9165487647955571,1.4312993642702228,0.8368547235967261,-0.9194058466176699,0.6472733047436314
13785,1.0850166420984486,0.07394609082159041,-0.3746059885263703,-0.3805884749031534,-0.9322301884716611
13786,0.7936192916914454,0.48966298795922886,0.8889236068551712,0.5207054191909427,0.3692189000700347
13787,-0.6012663856666685,0.48966298795922886,0.21112951122304507,0.4240770344914922,1.3346855829644677
13788,1.4528460844154856,-1.058145946714099,-3.7959818239059624,-2.515817022689194,-1.0558099238821486
13789,0.8939364123233645,-1.058145946714099,-0.9632273453642425,-0.6688728615528973,-1.0558099238821486
13790,-0.9404337935174427,-1.058145946714099,-0.6926799949789395,0.05652066271060163,-1.0558099238821486
13791,-0.35286208695905913,-0.5571872395918231,0.3663366486912578,-1.3785107536966998,-0.8974733878874614
13792,-0.6442594373660624,-0.20175138038774237,-0.6235634491203432,-0.47721685960260357,0.3190146325595242
13793,2.126403894372657,-1.058145946714099,-1.6185350878488902,-1.3785107536966998,-1.0558099238821486
13794,1.6487033199349468,-1.058145946714099,-1.4238487795460693,-1.1954453334565955,-1.0558099238821486
13795,0.8939364123233645,0.07394609082159041,-0.062652102302572,-0.47721685960260357,-0.09420510771929315
13796,1.4241840499492229,-1.058145946714099,-0.8262688128126825,-0.5121324717856456,-1.0558099238821486
13797,1.1232326880534655,-0.20175138038774237,0.18527366181103536,0.4240770344914922,-0.24095604351924696
13798,-0.954764810750574,3.904160316263359,3.186141153261337,1.124063132285242,1.763352790169596
13799,-0.40540915014720724,0.9303406571479473,0.8099121160826819,0.34016817678249833,0.9832557103908941
13800,0.5165529585175734,-0.20175138038774237,0.4402464875739431,0.44655496268773315,0.5932071705015431
13801,-0.6442594373660624,-1.058145946714099,-0.7439860992514788,-0.47721685960260357,-1.0558099238821486
13802,-0.300315023770911,1.7867352234743035,2.424501049524391,1.3138967127742598,0.9639463767330054
13803,0.25859464832121,-0.20175138038774237,0.2767343205855964,0.44655496268773315,0.3460476996805683
13804,-0.816231644163638,0.9303406571479473,0.8965262188059423,1.0262202498700983,0.5121079691384108
13805,-0.7111375177873418,-0.5571872395918231,0.009718345437035309,-1.1172535236719159,-0.7584461855506631
13806,-0.6585904545991936,-1.058145946714099,-0.9141430540252128,-1.1172535236719159,-1.0558099238821486
13807,0.7936192916914454,-0.20175138038774237,-0.5551835074487884,-0.4437267787202448,0.365357033338457
13808,-0.9356567877730656,0.2992073267345332,0.4689195128016526,0.4126028186801636,-0.7043800513085748
13809,0.4974449355400651,-0.20175138038774237,-0.21211466923150035,-0.47721685960260357,-0.45722058048759995
13810,-0.8257856556523923,-0.20175138038774237,0.35820673617294746,-0.21595962957782017,-0.947677655397972
13811,-0.0853497652739414,-0.20175138038774237,-0.08169469280022709,-1.3785107536966998,-0.8395453869137954
13812,-0.7589075752311129,-0.20175138038774237,-0.3792561354389461,-0.1914684658752519,-0.8125123197927513
13813,-0.7732385924642441,0.8001660338568091,0.8000388663492393,0.5602500888610992,1.6243255878327976
13814,-0.5200572880122577,-0.20175138038774237,0.6535428625965528,0.23242103254119895,0.624102104354165
13815,-0.8544476901186548,0.8001660338568091,1.517699654155492,1.2784785627150907,1.4273703845223333
13816,-0.8496706843742777,-0.5571872395918231,-0.33685551039784234,-0.4115503779538524,-0.8974733878874614
13817,-0.8210086499080151,-0.5571872395918231,-0.6253846162854212,-0.586765087019821,0.1877111636858813
13818,1.0897936478428258,-1.058145946714099,-1.9383565620690548,-1.614523128595098,-1.0558099238821486
13819,0.47833691256255667,0.48966298795922886,0.767177513221274,0.09143627489364367,0.6318258378173205
13820,1.0372465846546777,-0.20175138038774237,-0.24127417577102597,0.3891614223084505,-0.04400084020878262
13821,-0.2716529893046484,0.48966298795922886,0.29805645877954623,1.074023657541187,1.1068354458013816
13822,-0.9356567877730656,-0.5571872395918231,-0.2645564942649808,0.6162076636214244,-0.9206445882769279
13823,-0.8735557130961633,0.654643185938614,0.9498266256912592,0.7642790739473241,1.6706679886117304
13824,-0.8066776326748838,1.2544959545938104,0.9307728223348138,0.27450169513374717,1.2806194487223794
13825,2.0069787507632295,-0.5571872395918231,-0.9163620387633593,-0.07890961835600385,-0.6348664501401756
13826,-0.11878880548458111,-1.058145946714099,-1.1313425741310692,-1.1172535236719159,-1.0558099238821486
13827,-0.6872524890654563,-0.20175138038774237,-0.5766495651114191,0.5505411819726732,-0.7236893849664635
13828,-0.8544476901186548,-1.058145946714099,-1.0593141257527094,-0.8098576192004525,-1.0558099238821486
13829,1.051577601887809,-1.058145946714099,-1.5752123149451707,-2.515817022689194,-1.0558099238821486
13830,1.8158985209881453,-1.058145946714099,-1.2670515674326033,-1.0458699940988507,-1.0558099238821486
13831,-0.8831097245849174,1.7233615276208618,1.4261942638961893,0.8567153541898691,1.6977010557327745
13832,-0.8687787073517862,-0.5571872395918231,-0.2902200697415709,0.2031181655606824,0.5005223689436776
13833,-0.19999790313899185,-0.5571872395918231,-0.190480777637252,0.020052745320578196,-0.10965257464560407
13834,1.7920134922662598,-0.5571872395918231,-0.7453388578311004,-0.8098576192004525,-0.6966563178454194
13835,-0.8401166728855235,0.654643185938614,0.13187111423758893,0.28806221969362183,1.3385474496960454
13836,0.9464834755115127,-0.5571872395918231,-0.2779418880756539,-0.2941514393624997,-0.9978819229084824
13837,0.048406395568617464,-0.5571872395918231,-0.8860621765092364,-0.7132292345010023,-0.6464520503349088
13838,-0.9356567877730656,1.0480979277381186,0.44474665700780946,1.670575380230482,1.1609015800434699
13839,1.3620829752723205,-1.058145946714099,-1.3487915437373001,-1.3785107536966998,-1.0558099238821486
13840,1.0276925731659234,-1.058145946714099,-0.2427663018490421,-0.037881416532715165,-1.0558099238821486
13841,0.24426363108807866,-1.058145946714099,-1.7054171503456395,-2.515817022689194,-1.0558099238821486
13842,-0.6824754833210792,1.7233615276208618,1.2720901793208679,1.3215639934150147,1.272895715259224
13843,0.8604973721127248,-1.058145946714099,-0.7552622986305686,-0.6688728615528973,-1.0558099238821486
13844,-0.906994753306803,-1.058145946714099,-0.6666985405667409,-0.586765087019821,-1.0558099238821486
13845,-0.6538134488548165,-1.058145946714099,-0.7706608818760545,-1.1954453334565955,-1.0558099238821486
13846,-0.8448936786299006,0.07394609082159041,0.2597717583551519,0.5307717179635321,0.3923901004595011
13847,2.475125313712185,-1.058145946714099,-0.775875335689268,-0.6267921989603487,-1.0558099238821486
13848,-0.5200572880122577,0.8001660338568091,0.8623755687862865,-1.9471638881929467,1.4080610508644447
13849,-0.7159145235317189,0.2992073267345332,0.963655180785644,1.2201519621759485,1.1570397133118921
13850,-0.3433080754703049,-1.058145946714099,0.4031979612078673,0.6428173386552047,-1.0558099238821486
13851,-0.5057262707791264,0.8001660338568091,1.1682474324104146,0.7865535568710715,1.1995202473592472
13852,1.9544316875750813,-1.058145946714099,-1.139535527499461,-1.0458699940988507,-1.0558099238821486
13853,-0.6872524890654563,-1.058145946714099,0.12848538190909628,-0.47721685960260357,-1.0558099238821486
13854,-0.9213257705399343,2.6431297898006605,1.8559221238718815,0.3014022381220454,1.616601854369642
13855,1.4289610556936,0.07394609082159041,0.26117677713786386,0.34016817678249833,-0.16371870888769233
13856,-0.15700485143959794,1.15560189306089,0.16202130119972236,-0.1914684658752519,0.6858919720594088
13857,0.9178214410452501,0.48966298795922886,0.06697464900881497,0.6935794902722501,-0.3683976456613121
13858,-0.6872524890654563,-1.058145946714099,-1.0367625025476792,-1.0458699940988507,-1.0558099238821486
13859,0.5977620561719842,-0.5571872395918231,-0.41087017260353415,-0.16768729188131876,-0.2718509773718688
13860,-0.954764810750574,0.2992073267345332,0.2248044761155223,0.26071325195673184,-0.7275512516980412
13861,1.0897936478428258,-0.5571872395918231,-0.8682902975836283,-0.5486003891756687,-0.6657613839927975
13862,-0.8735557130961633,0.9303406571479473,0.7432292595386866,0.8010741670374462,0.3769426335331902
13863,0.22037860236619314,0.07394609082159041,0.22111907331803363,0.27450169513374717,0.2803959652437469
13864,0.8843824008346104,-1.058145946714099,-0.2306971271671342,-2.515817022689194,-1.0558099238821486
13865,-0.6824754833210792,0.07394609082159041,-0.4311225507689267,-0.3805884749031534,-0.16371870888769233
13866,-0.6060433914110456,-1.058145946714099,-1.3200772020234333,-1.3785107536966998,-1.0558099238821486
13867,-0.8114546384192609,-0.20175138038774237,0.06990783820575684,0.15710275654239486,-0.33364084507711256
13868,-0.9261027762843114,-0.5571872395918231,0.9036631862331689,-0.21595962957782017,-0.9360920552032388
13869,-0.37197010993656754,1.0480979277381186,1.5663353656774681,2.0188588295763243,1.1377303796540035
13870,-0.949987805006197,1.5110377522649707,1.3234996534051968,1.0791672045283927,1.520055186080199
13871,-0.8544476901186548,1.6565606001831652,1.556245314177551,1.193826931703096,1.6359111880275308
13872,1.5579402107917817,-0.20175138038774237,0.00578500060255995,0.15710275654239486,-0.2911603110297575
13873,-0.39107813291407595,0.8001660338568091,0.09378037000431187,0.21790042237482501,0.9793938436593164
13874,0.7506262399920515,0.654643185938614,0.5837360169370258,0.07416420415895746,0.16067809656483717
13875,-0.7063605120429647,1.4312993642702228,1.2001062143376096,1.0791672045283927,1.5277789195433544
13876,-0.6585904545991936,-1.058145946714099,-1.443023459428559,-1.3785107536966998,-1.0558099238821486
13877,-0.5487193224785203,-0.20175138038774237,-0.5097712812382396,-0.47721685960260357,1.272895715259224
13878,-0.7015835062985876,0.07394609082159041,0.7028280999525904,0.6428173386552047,1.0682167784856043
13879,2.12162688862828,-1.058145946714099,-0.6022243014637823,-0.4115503779538524,-1.0558099238821486
13880,-0.859224695863032,1.6565606001831652,1.1175332978464705,1.0207326504320022,1.0334599779014046
13881,-0.9452107992618198,2.7608870603908318,2.816169853275036,1.189356113787718,1.4235085177907556
13882,-0.949987805006197,0.2992073267345332,0.1923807243706147,0.2031181655606824,-0.816374186524329
13883,-0.9117717590511801,1.5110377522649707,1.423392053717262,1.2663243691962696,1.7285959895853964
13884,-0.9261027762843114,1.0480979277381186,0.5001707124493047,0.7642790739473241,0.7322343728383416
13885,-0.056687730807678784,-0.5571872395918231,-0.42363527742001666,-0.32196403698294906,-1.0133293898347935
13886,-0.6203744086441768,-1.058145946714099,-0.9510234294530128,-0.7601216003714991,-1.0558099238821486
13887,0.014967355357977748,-1.058145946714099,-0.6911339897848505,-0.6267921989603487,-1.0558099238821486
13888,-0.39107813291407595,0.654643185938614,0.566793509183781,0.8766449105123539,0.7052013057172974
13889,-0.5200572880122577,0.48966298795922886,0.5630495753422434,0.24668909751329784,1.2381389146750243
13890,-0.954764810750574,1.4312993642702228,0.8410945315152496,0.7017426726202728,1.7710765236327515
13891,0.8461663548795936,-0.20175138038774237,-0.04316695152103883,0.6770053294538549,-0.2679891106402911
13892,-0.8353396671411465,0.48966298795922886,0.23728698207735663,-0.1914684658752519,1.0643549117540265
13893,0.45922888958504826,-1.058145946714099,-0.07587629902943895,-0.5486003891756687,-1.0558099238821486
13894,-0.8496706843742777,-0.20175138038774237,-0.345796928476492,-0.4115503779538524,0.05254582808066068
13895,-0.8257856556523923,0.48966298795922886,1.0679093747208799,1.0531207928583965,1.6783917220748859
13896,2.026086773740738,-1.058145946714099,-0.6149890011664152,-0.5486003891756687,-1.0558099238821486
13897,-0.720691529276096,-0.20175138038774237,0.17372867945313256,0.26071325195673184,1.3655805168170896
13898,0.5929850504276071,-0.5571872395918231,-0.20504457692291844,0.020052745320578196,-0.7236893849664635
13899,-0.8831097245849174,-0.5571872395918231,-0.6150445927987107,-0.6267921989603487,-0.05944830713509355
13900,-0.0853497652739414,0.48966298795922886,0.4099976414779412,0.5207054191909427,0.6472733047436314
13901,-0.6155974028997997,1.5110377522649707,1.318969834003953,1.5411968671369618,1.3810279837434005
13902,2.0595258139513777,0.2992073267345332,2.6129971948954673,0.26071325195673184,-0.7005181845769971
13903,0.9512604812558898,-1.058145946714099,-1.228758691015228,-1.1172535236719159,-1.0558099238821486
13904,-0.7827926039529983,-0.5571872395918231,-0.7268218073690943,-0.4437267787202448,-0.06331017386667129
13905,2.5372263883890875,-1.058145946714099,-0.7714199398343489,-0.9802035124500996,-1.0558099238821486
13906,0.9942535329552837,-1.058145946714099,-2.2057512672085102,-2.515817022689194,-1.0558099238821486
13907,2.3413691528696265,-1.058145946714099,-1.365106233415997,-1.7640984679528429,-1.0558099238821486
13908,-0.58215836268916,0.07394609082159041,0.6885521888687104,0.7336066022127771,-0.2950221777613352
13909,1.0611316133765631,-0.5571872395918231,-0.8434814721418915,-0.14457610000475504,-0.6773469841875307
13911,-0.6872524890654563,1.8470162614078611,1.1075706844785684,1.1712251425483466,1.2265533144802914
13912,1.0611316133765631,-1.058145946714099,-1.4300119596328644,-1.3785107536966998,-1.0558099238821486
13913,1.4576230901598626,-1.058145946714099,-2.2020676011110396,-1.9471638881929467,-1.0558099238821486
13914,-0.906994753306803,-0.5571872395918231,-0.27091323969529724,-0.32196403698294906,-0.9592632555927052
13915,0.9225984467896272,-1.058145946714099,-1.8356805464948875,-2.183176263091345,-1.0558099238821486
13916,1.2522118431516471,0.07394609082159041,0.24191494660890256,0.43539298020353107,-0.23709417678766923
13917,-0.7254685350204731,-0.5571872395918231,-0.8715083992047877,-0.7601216003714991,-0.5074248479981105
13918,-0.7254685350204731,-0.5571872395918231,0.2054077736275211,-0.2672508963742018,-0.2679891106402911
13919,-0.6776984775767021,0.07394609082159041,0.28836789150704467,0.3526935049184267,0.8017479740067407
13920,1.0993476593315799,0.07394609082159041,0.47998780732763585,0.5307717179635321,-0.5499053820454656
13921,0.960814492744644,0.07394609082159041,-0.15996326861678442,-0.12209817180851448,0.1761255634911481
13922,0.7171871997814118,-0.20175138038774237,-0.038157971788522316,-0.2672508963742018,-0.6078333830191315
13923,-0.7063605120429647,-1.058145946714099,-0.6878878674822654,-0.586765087019821,-1.0558099238821486
13924,-0.954764810750574,0.48966298795922886,0.5056131882689002,0.6162076636214244,-0.7816173859401294
13925,-0.5200572880122577,0.07394609082159041,-0.21365392176716172,-0.32196403698294906,-0.8936115211558837
13926,-0.8496706843742777,-1.058145946714099,-1.01167671962657,-1.0458699940988507,-1.0558099238821486
13927,-0.6060433914110456,-0.5571872395918231,-0.18244711923261847,-0.10021972705664996,0.3460476996805683
13928,-0.9117717590511801,0.07394609082159041,-0.4863082781100893,-0.47721685960260357,-0.5808003158980874
13929,-0.15222784569522083,1.15560189306089,0.9687952871584864,-0.07890961835600385,0.9716701101961609
13930,-0.6872524890654563,-0.5571872395918231,-0.7167243217167271,-0.8098576192004525,-0.7507224520875077
13931,-0.5057262707791264,1.15560189306089,1.2636345116592986,1.2864824609043526,1.4196466510591779
13932,0.44489787235191697,-1.058145946714099,-0.7836044752124673,-0.7601216003714991,-1.0558099238821486
13933,-0.43884819035784695,-0.5571872395918231,-0.29152100482534365,-0.47721685960260357,-0.9051971213506169
13934,0.2968106942762268,-1.058145946714099,0.007766081713353126,-0.24120448470420522,-1.0558099238821486
13935,1.8875536071538017,-0.20175138038774237,1.3729189098625874,0.37718466862099537,-0.8395453869137954
13936,-0.1044577882514498,-0.20175138038774237,0.021368371674554267,0.23242103254119895,-0.1482712419613814
13937,-0.15222784569522083,-0.5571872395918231,-0.02582237696966888,0.2031181655606824,-0.15599497542453686
13938,-0.7923466154417526,-1.058145946714099,-1.827086046342688,-1.3785107536966998,-1.0558099238821486
13939,-0.8496706843742777,0.654643185938614,0.38741893848384473,0.6251737972068488,1.218829581017136
13940,-0.8783327188405403,0.07394609082159041,-0.06020790414535681,-0.05813906446410138,-0.5653528489717765
13941,-0.859224695863032,1.5110377522649707,1.729630442406866,0.0011923041824166546,1.6552205216854194
13942,1.5913792510024214,-1.058145946714099,-0.7546999070562017,-2.515817022689194,-1.0558099238821486
13943,1.7967904980106368,-1.058145946714099,-0.9422809854331822,-0.8098576192004525,-1.0558099238821486
13944,2.159842934583297,-1.058145946714099,-1.091071897087487,-0.14457610000475504,-1.0558099238821486
13945,0.9225984467896272,-0.5571872395918231,-0.04742549563166159,0.12492635577600246,-0.7275512516980412
13946,-0.58215836268916,0.48966298795922886,0.520131518870143,0.12492635577600246,1.4775746520328439
13947,-0.6490364431104395,-1.058145946714099,-1.659881272802636,-1.614523128595098,-1.0558099238821486
13948,0.7601802514808057,0.07394609082159041,-0.36632623385599933,-0.47721685960260357,0.3923901004595011
13949,-0.949987805006197,0.48966298795922886,0.7059321585769466,0.8766449105123539,-0.7005181845769971
13950,-0.906994753306803,0.07394609082159041,-0.14593419947347921,-0.1914684658752519,-0.1482712419613814
13951,-0.11878880548458111,-0.20175138038774237,-0.21770346702598442,-0.07890961835600385,-0.600109649555976
13952,0.07706843003488008,1.4312993642702228,1.9071715181978093,1.4083825184101708,0.898294642296184
13953,-0.9261027762843114,1.2544959545938104,1.4322119914310654,-1.2818823689972492,1.7285959895853964
13954,-0.954764810750574,-0.5571872395918231,-0.5255750897160439,-0.4437267787202448,-0.7893411194032849
13955,-0.22388293186087738,-0.20175138038774237,-0.3725105753408457,0.5407159979871611,-0.20233737620346964
13956,-0.9356567877730656,0.2992073267345332,0.08001039657284567,0.8700553726182927,-0.028553373282471695
13957,1.0324695789103004,-0.20175138038774237,-0.49617405473226966,-0.5486003891756687,-0.125100041571915
13958,0.8509433606239707,0.8001660338568091,1.1841709995423815,1.1432544882744613,0.3151527658279465
13959,-0.58215836268916,0.48966298795922886,0.11150399626524725,0.8499631098416093,0.6125165041594318
13960,-0.859224695863032,-0.5571872395918231,-0.9915115990898403,-1.0458699940988507,-0.8627165873032618
13961,0.913044435300873,-1.058145946714099,-0.38005861417550063,-0.6267921989603487,-1.0558099238821486
13962,-0.859224695863032,-0.20175138038774237,-0.6643534520030555,-0.47721685960260357,0.5430029029910327
13963,0.5117759527731964,1.6565606001831652,0.8244354678898913,0.9088213112787457,0.060269561543816144
13964,0.8891594065789875,-0.5571872395918231,-0.5272468648103393,-0.5121324717856456,-0.889749654424306
13965,1.3143129178285495,-0.20175138038774237,0.06379799030125408,-0.47721685960260357,-0.17916617581400324
13966,1.1184556823090883,-1.058145946714099,-0.622982394155254,-0.5486003891756687,-1.0558099238821486
13967,-0.26687598356027126,-0.5571872395918231,-1.2250819482833915,-1.7640984679528429,-0.08648137425613768
13968,1.0611316133765631,-1.058145946714099,-1.437443174210337,-1.2818823689972492,-1.0558099238821486
13969,-0.9261027762843114,2.5129551665095216,1.9155619538839237,1.9684089376959415,1.3269618495013122
13970,0.8843824008346104,-0.5571872395918231,-0.05386930958105661,-1.1172535236719159,-0.8588547205716841
13971,-0.8735557130961633,1.4312993642702228,1.1777583205645152,1.1982735174240835,1.5084695858854658
13972,-0.6251514143885539,-0.5571872395918231,-1.128506305062728,-0.8098576192004525,-0.5499053820454656
13973,0.4114588321412772,-1.058145946714099,-0.8911785805662783,-1.0458699940988507,-1.0558099238821486
13974,-0.7254685350204731,-0.5571872395918231,-0.2142173652607493,0.020052745320578196,1.0025650440487828
13975,-0.8114546384192609,1.2544959545938104,1.2634999723364424,1.899701546343745,1.431232251253911
13976,0.02452136684673195,0.07394609082159041,0.19312510009566902,0.12492635577600246,0.7283725061067639
13977,1.003807544444038,-1.058145946714099,-0.4053747058538761,-0.9194058466176699,-1.0558099238821486
13978,-0.8926637360736717,-0.5571872395918231,-1.1042352274466531,-0.862804573858747,-0.9360920552032388
13979,-0.6108203971554227,0.654643185938614,0.9448224847316263,1.7375834697941206,1.504607719153888
13980,-0.672921471832325,0.2992073267345332,-0.12330434117336146,0.24668909751329784,1.2458626481381798
13981,1.0229155674215462,-1.058145946714099,-0.7300743717470713,-0.5121324717856456,-1.0558099238821486
13982,-0.7732385924642441,0.9303406571479473,1.0580797814559852,0.8700553726182927,1.4505415849117997
13983,-0.8210086499080151,1.9044924940644754,1.4444121693302687,1.4083825184101708,1.6513586549538417
13984,-0.8353396671411465,1.2544959545938104,0.5268560872873713,0.18806465959309385,1.6706679886117304
13985,-0.9404337935174427,1.9594133665673954,1.7291753846711266,1.0262202498700983,1.5084695858854658
13986,-0.8783327188405403,-1.058145946714099,-0.7536662500211614,-0.9802035124500996,-1.0558099238821486
13987,0.8509433606239707,-0.5571872395918231,-0.20910933456747455,0.07416420415895746,-0.974710722519016
13988,-0.8687787073517862,0.8001660338568091,1.1915761020041151,1.3366868742976272,1.2844813154539572
13989,-0.6490364431104395,0.2992073267345332,0.575560219038875,0.3014022381220454,0.8673997084435622
13990,0.05796040705737167,-1.058145946714099,-0.7745335156864257,-0.7601216003714991,-1.0558099238821486
13991,-0.9022177475624259,0.48966298795922886,-0.0484982956365867,0.26071325195673184,-0.5499053820454656
13992,-0.816231644163638,-0.20175138038774237,-1.0257782505645532,-1.1172535236719159,0.6163783708910096
13993,-0.7589075752311129,1.7867352234743035,1.446740103117067,0.7791957222855813,1.6243255878327976
13994,-0.9452107992618198,0.48966298795922886,0.6588991373745754,0.8634124775613803,-0.4958392478033773
13995,-0.8878867303292945,1.4312993642702228,1.0484752090676375,1.0096460890517032,1.6706679886117304
13996,0.8843824008346104,-0.5571872395918231,-0.01313038081231406,-0.2941514393624997,-1.005605656371638
13997,1.519724164836765,-0.20175138038774237,-0.6377465717613179,-0.12209817180851448,-0.9360920552032388
13998,1.1710027454972365,-0.20175138038774237,-0.34314735527902024,-0.2672508963742018,-0.5537672487770433
13999,-0.9117717590511801,2.2876939305965793,1.690821830887009,1.15268439735128,1.7401815897801296
14000,0.048406395568617464,0.2992073267345332,0.5827459760333561,-0.32196403698294906,0.9755319769277386
14001,-0.7445765579979815,0.9303406571479473,1.106523645033197,0.28806221969362183,0.6743063718646756
14002,-0.3194230467484194,-0.5571872395918231,-0.391755135395389,0.09143627489364367,-0.9708488557874383
14003,2.5372263883890875,-1.058145946714099,-1.059588520452782,-0.7601216003714991,-1.0558099238821486
14004,-0.7541305694867357,1.15560189306089,1.3894272616251346,0.8961017842882889,0.45804183489632255
14005,-0.9165487647955571,0.2992073267345332,0.8279960021597389,0.18806465959309385,-0.2602653771771356
14006,-0.41018615589158436,0.654643185938614,0.6338921605515311,0.21790042237482501,1.0180125109750937
14007,1.4862851246261253,-1.058145946714099,-1.7533023047882665,-1.614523128595098,-1.0558099238821486
14008,1.104124665075957,-1.058145946714099,-0.4204581556709569,-0.21595962957782017,-1.0558099238821486
14009,-0.013694679108284865,-0.20175138038774237,0.13491983494974316,0.4240770344914922,-0.03627710674562716
14010,1.7394664290781117,-0.5571872395918231,-0.5170634451207792,-0.586765087019821,-1.0558099238821486
14011,1.333420940806058,-0.5571872395918231,-0.4968502269824178,-0.21595962957782017,-0.5653528489717765
14012,0.3636887746975062,-1.058145946714099,-0.7351778197366566,-1.0458699940988507,-1.0558099238821486
14013,-0.4340711846134699,0.2992073267345332,0.12479118344938525,0.23242103254119895,0.9253277094172282
14014,-0.5917123741779142,-0.20175138038774237,0.5472917099727753,0.47915765239960845,0.8712615751751399
14015,-0.7111375177873418,-1.058145946714099,0.00403431059191333,-0.586765087019821,-1.0558099238821486
14016,-0.19044389165023765,1.15560189306089,1.8224584390832232,1.7329745079127619,1.0257362444382492
14017,1.7681284635443744,-1.058145946714099,-0.9929803524944745,-0.862804573858747,-1.0558099238821486
14018,2.12162688862828,-1.058145946714099,-0.6557736432535707,-0.9194058466176699,-1.0558099238821486
14019,-0.7397995522536044,-0.20175138038774237,0.31996524459224723,-0.10021972705664996,-0.7005181845769971
14020,-0.8831097245849174,0.07394609082159041,0.226602611457887,0.32744864979204164,0.9253277094172282
14021,-0.21910592611650026,0.654643185938614,0.4559746136338754,0.5602500888610992,0.6318258378173205
14022,0.1152844759898969,-0.5571872395918231,-0.1017536597669407,0.05652066271060163,-0.04786270694036036
14023,-0.9261027762843114,-0.5571872395918231,-0.3213925762439811,-0.2672508963742018,-0.11737630810875954
14024,-0.3815241214253217,-0.20175138038774237,-0.24905597208951508,-0.1914684658752519,-0.0169677730877385
14025,1.2569888488960244,0.8001660338568091,1.0767449058853888,0.28806221969362183,-0.5962477828243983
14026,1.2856508833622868,-0.5571872395918231,-0.17752796699179182,0.020052745320578196,-0.45722058048759995
14027,-0.672921471832325,-1.058145946714099,-1.5557153023594221,-1.4880589811139169,-1.0558099238821486
14028,1.667811342912455,-0.20175138038774237,1.755736319550106,-1.9471638881929467,-1.0558099238821486
14029,-0.6585904545991936,-0.5571872395918231,-0.48153330526484284,-0.8098576192004525,-0.7429987186243522
14030,-0.8735557130961633,1.8470162614078611,1.5221327999105245,2.152514366176474,1.689977322269619
14031,-0.9261027762843114,2.7886526377188545,2.7103717877618165,1.5411968671369618,1.7594909234380183
14032,-0.949987805006197,1.5859404542672264,1.1587778307453547,0.5105140700321456,1.7363197230485519
14033,1.6916963716343407,-1.058145946714099,-1.5248694688073652,-2.515817022689194,-1.0558099238821486
14034,-0.8544476901186548,-0.20175138038774237,-0.24554877643139353,0.5407159979871611,-0.5344579151191546
14035,-0.8257856556523923,0.9303406571479473,0.8076384810448435,0.4126028186801636,1.1995202473592472
14036,0.3971278149081459,-1.058145946714099,-0.2706831928288178,-0.07890961835600385,-1.0558099238821486
14037,-0.11878880548458111,0.48966298795922886,-0.062091959959022947,0.6685909679263046,1.0913879788750707
14038,-0.5869353684335371,0.2992073267345332,0.8753921155633315,0.6935794902722501,1.242000781406602
14039,-0.8019006269305068,-0.5571872395918231,-0.8842032828813133,-1.1172535236719159,1.0373218446329824
14040,-0.768461586719867,2.5129551665095216,1.8901020638509074,1.6878474509651678,1.6397730547591085
14041,0.3111417115093581,-1.058145946714099,-1.3413530875829507,-0.5486003891756687,-1.0558099238821486
14042,2.503787348178448,-1.058145946714099,-0.538692115315112,-0.5486003891756687,-1.0558099238821486
14043,1.3859680039942062,-0.5571872395918231,-0.7949275238524544,-0.10021972705664996,-0.13668564176664819
14044,-0.8353396671411465,1.0480979277381186,0.8772279190221762,2.0679229850860814,1.4852983854959994
14045,-0.43884819035784695,1.5859404542672264,1.7955847046594893,-0.7601216003714991,1.2265533144802914
14046,0.3971278149081459,-1.058145946714099,-1.2756076385593238,-0.862804573858747,-1.0558099238821486
14047,-0.9213257705399343,1.4312993642702228,1.0605974974933734,0.6251737972068488,1.5239170528117767
14048,0.4974449355400651,-0.20175138038774237,-0.14243061076182126,0.8896672959534744,-0.7584461855506631
14049,-0.8831097245849174,1.3460575542855853,1.9183350148582752,2.1271828940350566,1.2651719817960685
14050,-0.8114546384192609,-0.5571872395918231,-0.14467751528422446,0.12492635577600246,-0.7661699190138186
14051,-0.9595418164949511,2.579756093947218,2.289210532411997,0.5407159979871611,1.7865239905590624
14052,-0.8687787073517862,-0.5571872395918231,-0.4830751495566168,0.8153422320095451,0.3769426335331902
14053,-0.3671931041921904,0.07394609082159041,-0.3360618549586949,-1.9471638881929467,0.3421858329489906
14054,-0.6490364431104395,-1.058145946714099,-1.6453708634926123,-1.4880589811139169,-1.0558099238821486
14055,-0.4531792075909783,-0.20175138038774237,0.36869290066107485,-0.1914684658752519,1.3269618495013122
14056,-0.954764810750574,2.0119964593872464,1.580265075080724,1.6503800698286364,0.03709836115434975
14057,-0.8496706843742777,1.9594133665673954,1.5972340041305506,1.428723884190206,1.6977010557327745
14058,1.2474348374072701,-0.5571872395918231,-0.4791806393694769,-0.47721685960260357,-0.7932029861348626
14059,0.3111417115093581,-1.058145946714099,-1.1540519615432896,-1.2818823689972492,-1.0558099238821486
14060,-0.9404337935174427,2.3282062876889484,1.6434199933711147,0.7017426726202728,1.3926135839381337
14061,1.4624000959042398,-0.20175138038774237,0.004105048528049535,-0.7132292345010023,-0.16371870888769233
14062,-0.9165487647955571,2.062432694683636,2.4057476820465564,0.9812559531764108,1.7247341228538187
14063,1.1327866995422198,0.9303406571479473,2.319696550776634,-0.2672508963742018,0.07571702847012707
14064,-0.8210086499080151,1.5110377522649707,0.9188053452252618,0.921346639414674,1.4852983854959994
14065,0.8987134180677416,-0.20175138038774237,-0.016955870890878508,0.0011923041824166546,-0.8936115211558837
14066,0.3111417115093581,-1.058145946714099,-1.2869877547375916,-1.3785107536966998,-1.0558099238821486
14067,-0.6585904545991936,-0.5571872395918231,-0.6411201505999401,0.15710275654239486,-0.9283683217400833
14068,0.5691000217057216,0.07394609082159041,0.3666791628508278,0.6428173386552047,0.3228764992911019
14069,1.4958391361148795,-0.5571872395918231,-1.0054118531454455,-0.10021972705664996,-0.874302187497995
14070,2.307930112658987,-1.058145946714099,-0.7511109398157964,-0.037881416532715165,-1.0558099238821486
14071,-0.9452107992618198,0.8001660338568091,0.32801822909131456,1.5144909376134899,-0.04786270694036036
14072,2.221944009260199,-1.058145946714099,-0.6107396723777625,-0.6267921989603487,-1.0558099238821486
14073,-0.8066776326748838,-1.058145946714099,-1.294121309436798,-0.9194058466176699,-1.0558099238821486
14074,2.0165327622519835,-1.058145946714099,-1.02610568515814,-1.4880589811139169,-1.0558099238821486
14075,-0.9404337935174427,0.48966298795922886,0.46362052476302595,0.27450169513374717,1.0180125109750937
14076,-0.3433080754703049,-1.058145946714099,-1.46693141038677,0.020052745320578196,-1.0558099238821486
14077,-0.768461586719867,0.48966298795922886,-0.2841134531106391,0.020052745320578196,0.3151527658279465
14078,-0.47706423631286377,0.9303406571479473,0.38394925443300587,0.7567177940893411,0.9523607765382722
14079,-0.3671931041921904,-0.5571872395918231,-0.279849552485749,-0.9194058466176699,1.0991117123382261
14080,-0.8066776326748838,0.2992073267345332,0.14518633496432196,0.457567115373851,1.6668061218801526
14081,0.4831139183069338,1.0480979277381186,1.2080372255460508,1.9561770787304198,0.5932071705015431
14082,0.7792882744583141,-0.5571872395918231,-0.5704211266536575,0.10835219495760728,-0.947677655397972
14083,-0.9404337935174427,1.15560189306089,0.12320690947098241,1.1289032233573464,1.7131485226590855
14084,1.4862851246261253,-1.058145946714099,-1.2966895928114455,-1.3785107536966998,-1.0558099238821486
14085,-0.949987805006197,2.442335020593583,1.7072236149293367,1.9804610986224889,1.7594909234380183
14086,1.2474348374072701,-1.058145946714099,-2.2410114174698923,-2.515817022689194,-1.0558099238821486
14087,-0.949987805006197,-0.20175138038774237,-0.06856433646284257,1.1573590143130723,1.7749383903643292
14088,-0.9117717590511801,1.5859404542672264,3.0679561336992953,1.9034648238468983,0.5314173027962995
14089,-0.6920294948098333,-1.058145946714099,-1.2584149647567153,-0.9194058466176699,-1.0558099238821486
14090,0.5882080446832301,-1.058145946714099,-1.7822159467537384,-2.515817022689194,-1.0558099238821486
14091,2.1646199403276736,-0.5571872395918231,1.6929318396771718,-0.9194058466176699,-0.8858877876927282
14092,-0.9261027762843114,2.062432694683636,1.4935215452085313,1.1289032233573464,1.7092866559275077
14093,-0.9022177475624259,-1.058145946714099,-0.5355647146991738,0.6600894093898906,-1.0558099238821486
14094,1.1375637052865968,-1.058145946714099,-0.7734480054170035,-0.0181119525235737,-1.0558099238821486
14095,2.4894563309453166,-1.058145946714099,-3.9291081540804482,-2.515817022689194,-1.0558099238821486
14096,-0.9404337935174427,1.6565606001831652,3.0805600745077064,2.675578380599917,-0.6812088509191084
14097,1.338197946550435,-0.5571872395918231,-0.5540586577359664,-0.05813906446410138,-0.4224637799034004
14098,-0.7875696096973754,-1.058145946714099,-1.3118561542914546,-0.5486003891756687,-1.0558099238821486
14099,-0.8831097245849174,1.8470162614078611,1.3283891035598634,1.520501170041236,1.6977010557327745
14100,-0.3050920295152881,-1.058145946714099,-1.1221183912568773,-0.4437267787202448,-1.0558099238821486
14101,-0.6108203971554227,1.3460575542855853,1.7249183933669467,-0.6267921989603487,1.0604930450224488
14102,-0.9356567877730656,0.2992073267345332,0.13882358749130336,-0.14457610000475504,-0.9051971213506169
14104,-0.22388293186087738,0.2992073267345332,-0.14741602827698827,0.8293663864529791,0.5121079691384108
14105,0.18216255641117632,0.2992073267345332,1.3576456185414876,1.2663243691962696,0.8056098407383184
14106,2.561111417110973,-1.058145946714099,-1.041330531661707,-2.515817022689194,-1.0558099238821486
14107,-0.7159145235317189,1.15560189306089,1.209478386420591,0.7178293264081053,1.5663975868591318
14108,-0.816231644163638,0.07394609082159041,0.09796072809078317,0.12492635577600246,1.6783917220748859
14109,-0.6155974028997997,-1.058145946714099,-1.3273482364523375,-1.1954453334565955,-1.0558099238821486
14110,-0.9452107992618198,2.442335020593583,1.9163676501506022,1.1666290909919852,1.7826621238274847
14111,-0.8926637360736717,0.07394609082159041,-0.1983030971993893,-1.1172535236719159,-0.17916617581400324
14112,-0.8544476901186548,1.3460575542855853,1.338814777213711,1.2622326247684965,1.3848898504749783
14113,-0.9452107992618198,1.5859404542672264,1.4797296230149526,0.47915765239960845,1.7556290567064405
14114,0.3445807517199978,0.654643185938614,0.2901732803340303,0.43539298020353107,0.23019169773323636
14115,1.433738061437977,-0.5571872395918231,-0.27527496998195683,-0.5121324717856456,-0.41860191317182266
14116,-0.8687787073517862,0.2992073267345332,0.29996823139450735,0.3014022381220454,-0.6618995172612198
14117,-0.2764299950490255,-1.058145946714099,-1.6646249670877677,-1.9471638881929467,-1.0558099238821486
14118,1.0850166420984486,-1.058145946714099,-0.4958597716972905,-0.8098576192004525,-1.0558099238821486
14119,0.8318353376464622,-0.5571872395918231,-1.1549518765380944,-1.0458699940988507,0.2688103650490137
14121,-0.9452107992618198,0.07394609082159041,0.8038590568147823,1.0207326504320022,-0.8395453869137954
14122,0.9799225157221524,-0.20175138038774237,-0.6651078186421903,-0.9802035124500996,0.2224679642700809
14123,2.5420033941334648,-1.058145946714099,-0.5317239539425459,-0.4437267787202448,-1.0558099238821486
14124,-0.5582733339672745,-1.058145946714099,-0.5596661913163254,-1.7640984679528429,-1.0558099238821486
14125,-0.9117717590511801,-0.20175138038774237,0.7882433242723833,1.0791672045283927,-0.7932029861348626
14126,-0.9261027762843114,0.07394609082159041,0.18098666410958716,-0.10021972705664996,0.6318258378173205
14127,-0.37674711568094466,0.48966298795922886,0.5292445156385136,0.6685909679263046,0.1143356957859044
14128,-0.672921471832325,-0.20175138038774237,0.009414139680259125,0.14117229372259663,0.840366641322518
14129,-0.954764810750574,0.9303406571479473,0.7531118636563339,-0.037881416532715165,1.1763490469697808
14130,0.5643230159613445,0.07394609082159041,0.5133864101538244,1.2201519621759485,0.523693569333144
14131,2.135957905861411,-1.058145946714099,-1.216845125670104,0.05652066271060163,-1.0558099238821486
14132,-0.949987805006197,1.15560189306089,0.9875358405841674,0.7017426726202728,-0.3568120454665789
14133,-0.3433080754703049,0.07394609082159041,-0.0008555110060751061,-0.1914684658752519,1.2767575819908017
14134,0.8652743778571019,1.5110377522649707,1.8045110688862616,0.9151078788768329,0.2842578319753246
14135,-0.954764810750574,2.062432694683636,1.6386535982414063,0.9637379981128575,1.7865239905590624
14136,0.9512604812558898,0.2992073267345332,0.3919566323632787,0.5793298571111467,0.2224679642700809
14137,2.360477175847135,-1.058145946714099,-0.726692009146096,-1.0458699940988507,-1.0558099238821486
14138,-0.954764810750574,-0.5571872395918231,0.04121336877195037,-0.037881416532715165,-0.816374186524329
14139,-0.7397995522536044,0.07394609082159041,0.1262724594949459,0.10835219495760728,0.8596759749804067
14140,-0.9452107992618198,-0.5571872395918231,0.017822122211626552,0.28806221969362183,-0.947677655397972
14141,-0.949987805006197,0.07394609082159041,0.0022951226243400815,-0.3507527121214226,-0.658037650529642
14142,0.822281326157708,-0.5571872395918231,-0.22103468907431895,0.0011923041824166546,-0.0015203061614275704
14143,-0.3242000524927965,-1.058145946714099,-1.4844537390991082,-1.3785107536966998,-1.0558099238821486
14144,1.3620829752723205,-1.058145946714099,-2.428105803491835,-2.515817022689194,-1.0558099238821486
14145,-0.7397995522536044,0.654643185938614,1.529602282382891,-1.0458699940988507,1.1222829127276925
14146,-0.9213257705399343,1.2544959545938104,1.6868643285946436,1.692716266781489,1.5972925207117536
14147,-0.5869353684335371,0.9303406571479473,0.7527943641485308,-0.4437267787202448,1.114559179264537
14148,0.1535005219449137,-0.5571872395918231,-0.48364646769585673,-0.8098576192004525,-0.3568120454665789
14149,0.09139944726801139,-1.058145946714099,-0.5146890302397958,-0.32196403698294906,-1.0558099238821486
14150,-0.7923466154417526,-0.5571872395918231,-0.23479993042604813,-0.47721685960260357,0.19543489714903678
14151,2.2553830494708387,-0.5571872395918231,-0.2123798235338557,0.038489320235348796,-0.889749654424306
14152,-0.6012663856666685,0.654643185938614,0.5652599773609731,0.7336066022127771,1.1995202473592472
14153,1.3477519580391892,-1.058145946714099,-0.9816518265020079,-0.7132292345010023,-1.0558099238821486
14154,0.18216255641117632,0.8001660338568091,1.41238152736168,1.4014884185366627,0.7052013057172974
14155,0.3111417115093581,-1.058145946714099,-1.4664490249044877,-1.4880589811139169,-1.0558099238821486
14156,-0.9165487647955571,4.332533059721831,4.214315308222204,2.8857333527122617,1.7594909234380183
14157,-0.8687787073517862,0.2992073267345332,0.050713946721812724,0.46843340743959727,1.3655805168170896
14158,-0.768461586719867,-1.058145946714099,-0.42241383523749143,-0.0181119525235737,-1.0558099238821486
14159,-0.8687787073517862,1.8470162614078611,1.553949009991932,2.298153848691797,1.7131485226590855
14160,1.9544316875750813,0.654643185938614,1.6036740766611566,0.5207054191909427,-0.715965651503308
14161,0.06751441854612587,0.654643185938614,0.8580378065553195,1.274447139088575,0.9176039759540727
14162,-0.13311982271771242,-0.5571872395918231,-0.8271135519953241,-0.4115503779538524,-0.5962477828243983
14163,-0.5439423167341432,0.2992073267345332,0.7540245928357366,0.0011923041824166546,0.3923901004595011
14164,-0.6251514143885539,-0.5571872395918231,0.41942234591517275,-0.32196403698294906,-1.0171912565663712
14165,0.354134763208752,-1.058145946714099,-1.4563332497641408,-0.47721685960260357,-1.0558099238821486
14166,1.4528460844154856,-0.5571872395918231,-0.9289618130027326,-0.05813906446410138,-0.5885240493612428
14167,-0.7732385924642441,0.8001660338568091,0.24105512054840755,0.10835219495760728,1.4235085177907556
14168,1.046800596143432,-0.5571872395918231,-0.6493321794354616,-1.0458699940988507,-0.499701114534955
14169,1.0945706535872028,-0.5571872395918231,-0.2766187927345191,0.14117229372259663,-1.0017437896400603
14170,0.8318353376464622,-0.20175138038774237,-0.3387360482946119,0.8700553726182927,-0.9785725892505938
14171,-0.4913952535459951,-0.5571872395918231,-0.43511212116095,0.3014022381220454,1.3848898504749783
14172,1.9305466588531957,-0.20175138038774237,-0.6521164256898359,-0.07890961835600385,-0.9129208548137724
14173,-0.9117717590511801,0.48966298795922886,-0.31901535937283393,-0.2672508963742018,1.7247341228538187
14174,-0.8019006269305068,-1.058145946714099,-1.3774689826913022,-0.3805884749031534,-1.0558099238821486
14175,-0.6776984775767021,0.8001660338568091,1.5370497778081564,1.4049427101962726,1.1377303796540035
14176,0.45922888958504826,0.2992073267345332,-0.13498786745513539,-0.1914684658752519,-0.731413118429619
14177,-0.5487193224785203,1.3460575542855853,0.6381559902104327,0.9812559531764108,1.1261447794592703
14178,-0.9213257705399343,0.654643185938614,0.40535595267370195,1.228742543886138,-0.38384511258762305
14179,-0.768461586719867,-0.5571872395918231,-0.1892879935981826,0.9458378031172426,-1.0094675231032157
14180,-0.9117717590511801,2.442335020593583,1.3729873385596811,0.8831819415705221,1.0218743777066714
14181,0.9990305386996609,-0.5571872395918231,-0.7813843582968688,0.10835219495760728,-0.46880618068233315
14182,1.1566717282641052,0.07394609082159041,-0.21310153639550528,0.0011923041824166546,-0.4649443139507554
14183,1.003807544444038,-0.5571872395918231,-0.8550424759143768,-0.3507527121214226,-0.7854792526717072
14184,-0.6442594373660624,-1.058145946714099,-0.5046482225934018,-0.4437267787202448,-1.0558099238821486
14185,0.6216470848938698,-1.058145946714099,-1.1011034829906612,-1.9471638881929467,-1.0558099238821486
14186,1.0802396363540716,0.2992073267345332,0.3826292734337128,0.46843340743959727,-0.21778484312978058
14187,1.2999819005954183,-1.058145946714099,-1.4383702310713486,-1.2818823689972492,-1.0558099238821486
14188,-0.816231644163638,0.48966298795922886,0.5855680592265612,-0.16768729188131876,0.025512760959616555
14189,-0.949987805006197,1.5859404542672264,1.2966072225170906,1.2622326247684965,0.43487063450685615
14190,2.221944009260199,-1.058145946714099,-1.7495450970160211,-2.515817022689194,-1.0558099238821486
14191,-0.954764810750574,1.5110377522649707,1.2005992207553062,1.0152080971839796,1.7517671899748628
14192,0.8939364123233645,-1.058145946714099,-0.8163062626944048,-0.862804573858747,-1.0558099238821486
14193,-0.6394824316216853,-0.20175138038774237,0.20383018566634198,0.12492635577600246,0.21474423080692542
14194,-0.9404337935174427,2.5468070428147276,2.178322568414943,1.8959209264867094,1.6397730547591085
14195,0.0006363381248464415,0.48966298795922886,0.759835577686617,-1.1172535236719159,0.6163783708910096
14196,-0.4531792075909783,-1.058145946714099,-0.7206176713432098,-1.4880589811139169,-1.0558099238821486
14197,0.9990305386996609,-1.058145946714099,-0.6122148642038878,-0.586765087019821,-1.0558099238821486
14198,-0.8735557130961633,0.9303406571479473,0.39146048851542825,0.26071325195673184,1.5895687872485982
14199,0.08184543577925718,0.07394609082159041,0.12951664270500066,-0.8098576192004525,0.149092496370104
14200,1.987870727785721,-1.058145946714099,-0.6325257033322012,-0.5486003891756687,-1.0558099238821486
14201,-0.672921471832325,1.0480979277381186,0.19383849591406208,0.09143627489364367,0.9832557103908941
14202,0.8604973721127248,-0.20175138038774237,-0.05283952858271333,-0.3507527121214226,-0.11737630810875954
14203,0.9369294640227585,-1.058145946714099,-0.7124699948545778,-0.7601216003714991,-1.0558099238821486
14204,-0.949987805006197,0.07394609082159041,0.08393335456302999,1.207095033142026,1.7826621238274847
14205,-0.8831097245849174,0.9303406571479473,0.7020216030932055,0.5105140700321456,1.3617186500855119
14206,0.18216255641117632,-0.20175138038774237,0.18866554646432226,0.31452880707427483,-0.42632564663497813
14207,2.322261129892118,-1.058145946714099,-1.2627203491842645,-2.183176263091345,-1.0558099238821486
14208,-0.5105032765235035,-0.5571872395918231,-0.34270246802352866,-0.16768729188131876,0.7090631724488752
14209,-0.9117717590511801,1.5110377522649707,1.2264373795493764,0.9336836095984207,1.5548119866643986
14210,-0.45795621333535536,1.5859404542672264,1.3035790920429642,0.9927301689877395,1.2497245148697576
14211,-0.7063605120429647,1.7233615276208618,1.1355306955971598,1.0583966506364906,1.5586738533959763
14212,-0.534388305245389,-0.5571872395918231,0.6317441749087592,-0.6688728615528973,0.3190146325595242
14213,0.9703685042333982,-1.058145946714099,0.19302831415436233,-1.614523128595098,-1.0558099238821486
14214,-0.816231644163638,0.2992073267345332,0.06939826162623423,0.34016817678249833,-0.1019288411824486
14215,-0.906994753306803,0.9303406571479473,0.9166085668862691,1.1191943164689204,1.7247341228538187
14216,-0.9452107992618198,0.2992073267345332,0.6184116148427183,0.3526935049184267,0.5314173027962995
14217,-0.954764810750574,2.0119964593872464,0.9272440575511331,0.8634124775613803,0.9755319769277386
14218,-0.7589075752311129,-1.058145946714099,-1.211490345552657,-0.9802035124500996,-1.0558099238821486
14219,-0.9404337935174427,-0.20175138038774237,-0.2624726991309626,-0.05813906446410138,0.8326429078593626
14220,0.22037860236619314,0.07394609082159041,0.36586066479719853,-0.3805884749031534,0.1877111636858813
14221,-0.7589075752311129,1.6565606001831652,1.4186977618171988,1.114296432923324,1.145454113117159
14222,-0.114011799740204,-1.058145946714099,-0.2084443505457896,-0.0181119525235737,-1.0558099238821486
14223,-0.5200572880122577,-0.20175138038774237,0.05982195732104569,0.14117229372259663,-0.3915688460507785
14224,-0.4340711846134699,0.9303406571479473,0.5067343827236992,1.2201519621759485,0.6202402376225873
14225,1.1136786765647113,0.07394609082159041,0.5773420628713187,0.4126028186801636,-0.04400084020878262
14226,-0.8257856556523923,0.48966298795922886,0.8551910437486708,0.607142454731596,0.539141036259455
14227,-0.8353396671411465,1.5110377522649707,1.4020315755081305,1.4353937831824446,1.4273703845223333
14228,1.1280096937978425,-0.20175138038774237,-0.14550861522783168,-0.07890961835600385,-0.6348664501401756
14229,-0.7159145235317189,0.654643185938614,0.7538632795768176,-0.0181119525235737,0.566174103380499
14230,1.1184556823090883,-0.20175138038774237,0.051531324913195495,-0.3507527121214226,-0.6194189832138647
14231,-0.0853497652739414,0.07394609082159041,0.2188287238399461,0.36503047510217346,-0.024691506550893964
14232,-0.7589075752311129,0.2992073267345332,0.5833556636351008,0.5307717179635321,-0.1984755094718919
14233,-0.7254685350204731,0.654643185938614,0.8353754471869218,0.0011923041824166546,1.242000781406602
14234,-0.8544476901186548,0.07394609082159041,-0.13722124683683026,0.8634124775613803,-0.9206445882769279
14235,-0.6012663856666685,0.9303406571479473,1.1855121982141787,0.7567177940893411,1.0450455780961379
14236,-0.5773813569447829,0.2992073267345332,0.3848170807673471,-0.05813906446410138,0.5854834370383877
14237,0.822281326157708,-0.5571872395918231,-0.47619321536713854,-0.3805884749031534,-0.21778484312978058
14238,0.5977620561719842,-0.20175138038774237,-0.5349508082083573,-0.9194058466176699,0.5198317026015663
14239,-0.7541305694867357,1.9044924940644754,1.1123567664389413,0.6770053294538549,1.6127399876380644
14240,-0.816231644163638,-0.20175138038774237,0.2257243396547087,0.07416420415895746,0.4619037016279003
14241,-0.0853497652739414,-0.5571872395918231,-0.7245321345567654,-0.9802035124500996,0.9253277094172282
14242,0.15827752768929082,-0.5571872395918231,-0.849354189230305,-0.9194058466176699,-0.7043800513085748
14243,-0.9213257705399343,1.6565606001831652,1.4923525659472205,1.3980195209492263,0.7515437064962301
14244,2.1932819747939365,-1.058145946714099,-0.6572063709175611,-0.7601216003714991,-1.0558099238821486
14245,0.08662244152363428,-0.5571872395918231,0.44618796273742245,0.7567177940893411,-0.8858877876927282
14246,-0.4340711846134699,-0.20175138038774237,0.3460994113153155,0.24668909751329784,-0.5344579151191546
14247,0.36846578044188333,0.2992073267345332,-0.13775675709871857,0.5407159979871611,-0.0015203061614275704
14248,0.5595460102169674,-0.20175138038774237,0.08962453158419813,-0.0181119525235737,-0.2950221777613352
14249,0.9990305386996609,1.2544959545938104,1.2830129591428754,1.1712251425483466,-0.0169677730877385
14250,-0.9261027762843114,-0.20175138038774237,0.5307503309151922,0.6514988276797011,-0.7391368518927744
14251,-0.954764810750574,0.2992073267345332,0.8292449423175968,-0.10021972705664996,-0.8395453869137954
14252,0.8604973721127248,-1.058145946714099,-0.6881749098563428,-1.1172535236719159,-1.0558099238821486
14253,1.3955220154829604,-0.5571872395918231,-0.6631639495929478,-1.0458699940988507,-0.5537672487770433
14254,1.104124665075957,-1.058145946714099,-0.3007657340213664,-0.47721685960260357,-1.0558099238821486
14255,1.6487033199349468,-1.058145946714099,0.06670085208723309,-2.515817022689194,-1.0558099238821486
14256,0.28247967704309546,0.2992073267345332,0.7158133319182568,0.7017426726202728,0.6202402376225873
14257,-0.6538134488548165,0.9303406571479473,1.3534905768137677,1.1191943164689204,1.1995202473592472
14258,-0.9165487647955571,2.110890520920167,2.5683754900739175,0.6770053294538549,1.747905323243285
14259,-0.28598400653777967,-1.058145946714099,-1.4589533235997385,-1.614523128595098,-1.0558099238821486
14260,1.290427889106664,-0.20175138038774237,-0.07308954573938817,0.14117229372259663,-0.7584461855506631
14261,-0.720691529276096,-0.5571872395918231,0.17542296282365688,0.17272976344709118,-0.947677655397972
14262,-0.9213257705399343,0.8001660338568091,0.7605607394562016,0.5887058798168258,-0.1598568421561146
14263,1.0611316133765631,-1.058145946714099,-0.7481411328319107,-0.7601216003714991,-1.0558099238821486
14264,-0.22388293186087738,0.48966298795922886,0.36698348350003485,0.27450169513374717,0.7090631724488752
14265,-0.43884819035784695,0.07394609082159041,0.2950532317719487,0.457567115373851,0.8867090421014509
14266,1.0850166420984486,-1.058145946714099,-2.230338188833436,-2.515817022689194,-1.0558099238821486
14267,-0.18566688590586056,-0.20175138038774237,0.3664508381371591,-0.4115503779538524,-0.6773469841875307
14268,1.2856508833622868,-1.058145946714099,-0.6803022559255985,-0.6267921989603487,-1.0558099238821486
14269,1.1375637052865968,-1.058145946714099,-0.811449055319509,-0.7601216003714991,-1.0558099238821486
14270,0.6216470848938698,-1.058145946714099,-0.44403483388958004,-0.2941514393624997,-1.0558099238821486
14271,0.1152844759898969,-0.5571872395918231,-1.0434073548517488,-0.07890961835600385,-0.3452264452718457
14272,-0.6108203971554227,0.07394609082159041,0.006756644645744838,0.31452880707427483,0.9098802424909173
14273,-0.7159145235317189,0.07394609082159041,-0.35175566495503263,-0.5121324717856456,-0.3181933781508016
14274,2.317484124147741,-1.058145946714099,-0.9135263212958589,-0.8098576192004525,-1.0558099238821486
14275,0.9273754525340043,0.48966298795922886,0.19132032845349478,-0.862804573858747,-0.23709417678766923
14276,-0.4913952535459951,0.654643185938614,0.6023413402005441,0.46843340743959727,1.114559179264537
14277,-0.8878867303292945,0.9303406571479473,2.1190065495352512,1.6854021643347719,1.689977322269619
14278,0.9942535329552837,-1.058145946714099,-1.0719756990726796,-0.9194058466176699,-1.0558099238821486
14279,1.524501170581142,-0.5571872395918231,-1.1224551614836995,-1.9471638881929467,-0.4340493800981336
14280,-0.02324869059703907,-1.058145946714099,-1.379710525421698,-1.2818823689972492,-1.0558099238821486
14281,0.9894765272109066,-1.058145946714099,-0.9463456645825317,-1.3785107536966998,-1.0558099238821486
14282,-0.9452107992618198,2.110890520920167,1.4956458340836367,0.7017426726202728,1.489160252227577
14283,1.2522118431516471,0.07394609082159041,-0.26862753131485206,-0.12209817180851448,-0.6464520503349088
14284,-0.816231644163638,-0.20175138038774237,0.25526833111472813,0.27450169513374717,1.3501330498907786
14285,-0.859224695863032,0.8001660338568091,0.9241375047898218,0.10835219495760728,1.6861154555380413
14286,-0.8496706843742777,0.654643185938614,1.6086524874392039,1.5114692286462774,1.6938391890011968
14287,-0.9213257705399343,-0.20175138038774237,-1.1818341608430392,-1.1954453334565955,-0.32205524488237935
14288,0.05796040705737167,-1.058145946714099,-0.5477174088783494,-0.7601216003714991,-1.0558099238821486
14289,-0.9213257705399343,0.48966298795922886,-0.0007605542575251894,-0.1914684658752519,0.029374627691194286
14290,-0.906994753306803,0.8001660338568091,1.1540239948426452,0.8499631098416093,1.7247341228538187
14291,-0.954764810750574,2.0119964593872464,1.5579136825724782,1.4186162443378565,1.7594909234380183
14292,-0.9261027762843114,1.5859404542672264,1.6695467458491295,0.8499631098416093,1.3501330498907786
14293,-0.9452107992618198,0.9303406571479473,0.8350623256826268,0.5979759564957379,1.747905323243285
14294,0.9846995214665295,-1.058145946714099,-0.6398915696122174,-0.47721685960260357,-1.0558099238821486
14295,-0.768461586719867,0.2992073267345332,0.6865274800955419,0.36503047510217346,1.6127399876380644
14296,1.051577601887809,-0.5571872395918231,-0.4990876782070894,-0.3507527121214226,-0.4649443139507554
14297,-0.8783327188405403,0.07394609082159041,0.25841373179058846,0.10835219495760728,-0.06331017386667129
14298,-0.9213257705399343,3.5450086160813172,3.3231459129849976,2.8414714678791038,1.7247341228538187
14299,-0.9213257705399343,2.202452120611942,1.9741390707237356,1.1044120596547777,1.7594909234380183
14300,-0.8735557130961633,-1.058145946714099,-2.18588314462386,-1.9471638881929467,-1.0558099238821486
14301,-0.4006321444028301,0.07394609082159041,0.5633936995777493,-0.10021972705664996,1.0643549117540265
14302,1.0945706535872028,-0.20175138038774237,-0.1480270783675451,-0.4115503779538524,0.12978316271221532
14303,0.9846995214665295,-0.5571872395918231,-0.8560768381307605,-0.5486003891756687,-0.9515395221295497
14304,0.10095345875676559,-0.20175138038774237,0.4595087366015867,0.40096584261492885,0.28811969870690235
14305,-0.6203744086441768,-0.20175138038774237,0.5134601507825604,0.6685909679263046,-0.8086504530611736
14306,-0.7159145235317189,0.48966298795922886,0.8943039790285269,0.020052745320578196,1.3617186500855119
14307,-0.5391653109897661,1.0480979277381186,1.1165342815141395,1.2864824609043526,1.431232251253911
14308,1.663034337168078,-0.5571872395918231,0.16516565435319935,-2.515817022689194,-1.0558099238821486
14309,-0.9213257705399343,1.15560189306089,1.0257048654425784,0.8831819415705221,1.0373218446329824
14310,1.104124665075957,-1.058145946714099,-0.44483950841335174,-0.5121324717856456,-1.0558099238821486
14311,0.19649357364430764,-0.5571872395918231,-0.4100466680832032,-0.24120448470420522,0.1992967638806145
14312,-0.7397995522536044,1.15560189306089,0.8801737411831106,1.0207326504320022,0.7129250391804529
14314,-0.4531792075909783,-0.5571872395918231,-0.9928239600013515,-1.1172535236719159,0.19543489714903678
14315,-0.7493535637423586,0.8001660338568091,0.9048556287384242,0.5505411819726732,1.2226914477487136
14316,1.0563546076321861,0.2992073267345332,0.2934706002196384,-0.5486003891756687,-0.25254164371398014
14317,-0.6538134488548165,-1.058145946714099,-0.4211094603043548,-0.4437267787202448,-1.0558099238821486
14318,1.237880825918516,-1.058145946714099,-1.2617210255030304,-1.1954453334565955,-1.0558099238821486
14319,1.0659086191209401,-1.058145946714099,-0.4408250761838875,-0.3805884749031534,-1.0558099238821486
14320,0.02452136684673195,0.2992073267345332,0.2809455375677282,0.3891614223084505,0.8017479740067407
14321,-0.9117717590511801,0.654643185938614,0.6408837832085655,1.0944071422788821,0.7322343728383416
14322,1.0897936478428258,0.07394609082159041,-0.47168195650946515,-1.1172535236719159,-0.16758057561927006
14323,-0.4149631616359615,-0.5571872395918231,-0.2959498943513056,-0.21595962957782017,-0.5769384491665097
14324,0.9942535329552837,-0.5571872395918231,-0.18924689824815588,-0.0181119525235737,0.040960227885927486
14325,1.7585744520556201,-1.058145946714099,-0.9453785948268896,-0.6688728615528973,-1.0558099238821486
14326,0.19649357364430764,-0.20175138038774237,0.022380583420889895,0.2031181655606824,0.06413142827539388
14327,-0.18088988016148344,0.48966298795922886,0.5272864357504591,0.6935794902722501,1.0180125109750937
14328,1.1327866995422198,-1.058145946714099,-0.5172252540318323,-2.515817022689194,-1.0558099238821486
14329,-0.8783327188405403,1.5110377522649707,1.7195143413573155,1.7213375318475266,1.6706679886117304
14330,2.0165327622519835,-1.058145946714099,-1.0903555475529974,-0.9194058466176699,-1.0558099238821486
14331,-0.3671931041921904,-0.5571872395918231,-0.48927567343865613,-0.3507527121214226,-1.0133293898347935
14332,-0.8544476901186548,0.2992073267345332,0.535794810012973,0.09143627489364367,0.465765568359478
14333,-0.6394824316216853,-1.058145946714099,-0.5672228783794,-0.8098576192004525,-1.0558099238821486
14334,-0.8831097245849174,1.2544959545938104,1.121659323029764,1.0207326504320022,1.0759405119487597
14335,-0.8831097245849174,-0.5571872395918231,-0.5015220748945044,0.21790042237482501,-0.7468605853559299
14336,-0.8831097245849174,0.07394609082159041,0.4119299764212154,0.4897435161402434,-0.05172457367193809
14338,-0.19044389165023765,-0.20175138038774237,0.012442674353962565,0.020052745320578196,0.3923901004595011
14339,0.19649357364430764,-0.5571872395918231,-0.2780580648526363,-0.5486003891756687,-0.3375027118086903
14340,0.08184543577925718,-1.058145946714099,-1.3761912194737054,-1.4880589811139169,-1.0558099238821486
14341,-0.7445765579979815,1.7233615276208618,1.1436372232068743,1.2026961322161416,1.6204637211012198
14342,-0.859224695863032,0.48966298795922886,0.00489841031976433,-0.3507527121214226,0.6858919720594088
14343,1.051577601887809,0.07394609082159041,0.12151896475057537,1.2372441024225518,-0.0169677730877385
14344,-0.35286208695905913,1.8470162614078611,0.8571029906706593,0.9754580982530536,0.8712615751751399
14345,-0.7780155982086212,-1.058145946714099,-1.5278822813894242,-1.4880589811139169,-1.0558099238821486
14346,-0.38630112716969883,0.2992073267345332,0.6719813974810377,0.8700553726182927,0.4001138339226566
14347,2.556334411366596,-1.058145946714099,-1.7258476523335213,-1.4880589811139169,-1.0558099238821486
14348,0.28247967704309546,-1.058145946714099,-0.5770538184945526,-0.6688728615528973,-1.0558099238821486
14349,-0.9117717590511801,-1.058145946714099,-1.3826027750177077,-0.24120448470420522,-1.0558099238821486
14350,0.3493577574643749,-0.20175138038774237,0.04579014460154379,0.21790042237482501,-0.4533587137560222
14351,-0.17611287441710635,-1.058145946714099,-2.068572179010351,-2.515817022689194,-1.0558099238821486
14352,-0.20955191462774606,0.07394609082159041,0.12105124650108336,0.038489320235348796,-0.6078333830191315
14353,0.06751441854612587,-0.20175138038774237,-0.6376700824585878,-0.6688728615528973,-0.22164670986135832
14354,-0.9356567877730656,-0.5571872395918231,-1.236738644067453,-1.1954453334565955,-0.9592632555927052
14355,0.7840652802026912,-0.20175138038774237,-0.05942647556927673,0.24668909751329784,-0.04400084020878262
14356,-0.58215836268916,-0.5571872395918231,-0.18963739856901868,-0.1914684658752519,-1.048086190418993
14357,-0.7541305694867357,-1.058145946714099,-1.0076111456376105,-0.05813906446410138,-1.0558099238821486
14358,0.8987134180677416,-0.5571872395918231,-0.5939701798657935,-0.5486003891756687,-0.9051971213506169
14359,-0.8687787073517862,-0.20175138038774237,-3.296721935647865e-05,0.038489320235348796,-0.7932029861348626
14360,-0.8114546384192609,0.07394609082159041,0.607589217693649,0.7336066022127771,-0.8125123197927513
14361,1.801567503755014,-1.058145946714099,-1.0416316355080546,-0.862804573858747,-1.0558099238821486
14362,-0.8544476901186548,-1.058145946714099,-1.2919406970696399,-0.10021972705664996,-1.0558099238821486
14363,0.960814492744644,-0.5571872395918231,-1.0001480929911697,-1.2818823689972492,-0.8665784540348396
14364,-0.44362519610222406,0.8001660338568091,1.013489553670529,0.3014022381220454,-0.658037650529642
14365,0.9225984467896272,-0.5571872395918231,-0.2615068583137342,0.14117229372259663,0.05254582808066068
14366,1.5483861993030275,-1.058145946714099,-1.3693090374241275,-2.515817022689194,-1.0558099238821486
14367,-0.9213257705399343,1.5859404542672264,1.6696695534018708,1.5114692286462774,-0.02082963981931623
14368,0.5643230159613445,-1.058145946714099,-1.2755613659512635,-1.2818823689972492,-1.0558099238821486
14369,2.1072958713951486,-0.5571872395918231,-0.47927275646367873,-0.4437267787202448,-0.9824344559821715
14370,1.190110768474745,0.48966298795922886,0.18302600962098398,-0.10021972705664996,-0.18302804254558097
14371,0.44967487809629403,-1.058145946714099,-1.5858016913972883,-1.7640984679528429,-1.0558099238821486
14372,1.1566717282641052,-0.5571872395918231,-0.04243727579961161,-0.12209817180851448,-0.4533587137560222
14373,0.7506262399920515,-1.058145946714099,-1.7800719431588554,-1.7640984679528429,-1.0558099238821486
14374,1.624818291213061,-1.058145946714099,-1.5343431242141174,-1.3785107536966998,-1.0558099238821486
14375,-0.0757957537851872,-0.20175138038774237,0.13943632945814188,1.1620071460508272,0.3190146325595242
14376,2.3031531069146096,-1.058145946714099,-1.0391262662997536,-0.7132292345010023,-1.0558099238821486
14377,-0.04713371931892458,-0.5571872395918231,-0.28180898693659906,-1.0458699940988507,-0.7816173859401294
14378,2.0069787507632295,-1.058145946714099,-1.394780132125716,-1.1954453334565955,-1.0558099238821486
14379,-0.7493535637423586,0.07394609082159041,0.23586884331697916,0.6428173386552047,0.6279639710857428
14380,2.298376101170233,-1.058145946714099,-2.097460543452593,-2.515817022689194,-1.0558099238821486
14381,-0.7111375177873418,-0.5571872395918231,-0.2715001912659709,0.7336066022127771,0.4850749020173667
14382,-0.8353396671411465,-0.5571872395918231,0.1938928785318388,1.3697273015336935,0.34990956641214604
14383,-0.7780155982086212,-0.20175138038774237,0.22583996280573984,0.12492635577600246,-0.573076582434932
14384,1.4289610556936,-1.058145946714099,-1.9713182114442631,-1.9471638881929467,-1.0558099238821486
14385,-0.9165487647955571,-0.20175138038774237,-1.0850765413052315,-0.9194058466176699,-1.0017437896400603
14386,0.45445188384067114,-1.058145946714099,-1.336352464009759,-1.3785107536966998,-1.0558099238821486
14387,-0.8066776326748838,-0.20175138038774237,0.46059108099511903,0.8831819415705221,-0.7584461855506631
14388,-0.9117717590511801,1.5859404542672264,1.4042368530524154,1.1982735174240835,1.562535720127554
14389,-0.6490364431104395,0.2992073267345332,0.5284581198875705,0.10835219495760728,0.9716701101961609
14390,-0.9117717590511801,1.3460575542855853,1.376814896787888,1.253987399012523,0.5468647697226104
14391,1.7920134922662598,-1.058145946714099,-1.3714196516447947,-0.862804573858747,-1.0558099238821486
14392,1.104124665075957,-1.058145946714099,-0.8865748874762128,-0.862804573858747,-1.0558099238821486
14393,0.08184543577925718,-1.058145946714099,-1.8649167161977362,-1.614523128595098,-1.0558099238821486
14394,1.7346894233337347,-1.058145946714099,-1.6350949904327472,-1.4880589811139169,-1.0558099238821486
14395,-0.949987805006197,1.8470162614078611,1.5485235343383619,1.6503800698286364,1.2535863816013353
14396,-0.6490364431104395,0.654643185938614,0.5550890970212209,1.274447139088575,1.5393645197380876
14397,-0.949987805006197,1.7867352234743035,0.7591069252395869,-0.6688728615528973,-0.24095604351924696
14398,0.9560374870002669,-0.5571872395918231,-0.18292560715693704,0.14117229372259663,-0.5692147157033542
14399,0.9225984467896272,0.8001660338568091,0.6042363432505169,0.8431548296299944,0.025512760959616555
14400,-0.24776796058276288,-0.20175138038774237,0.46262183844551763,0.4240770344914922,0.8056098407383184
14401,-0.9404337935174427,1.9594133665673954,1.4488874683863164,1.1384985731749109,1.7285959895853964
14402,2.1550659288389196,-1.058145946714099,-0.8365218906268024,-1.2818823689972492,-1.0558099238821486
14403,-0.33853106972592784,0.48966298795922886,0.521775384530315,-0.586765087019821,0.9098802424909173
14404,-0.8019006269305068,1.3460575542855853,0.789170996418716,0.8700553726182927,1.593430653980176
14405,0.8843824008346104,-1.058145946714099,-1.1107975260941148,-2.183176263091345,-1.0558099238821486
14406,-0.39107813291407595,-1.058145946714099,-1.2675090006223007,-1.2818823689972492,-1.0558099238821486
14407,-0.4484022018466012,0.48966298795922886,0.6209875644289766,0.37718466862099537,-0.4031544462455117
14408,-0.9117717590511801,1.15560189306089,1.0845927925581569,0.32744864979204164,1.7324578563169741
14409,-0.6203744086441768,0.9303406571479473,0.9548636931877972,0.47915765239960845,0.8596759749804067
14410,-0.5200572880122577,1.15560189306089,0.7643182367836258,1.6164639213921022,0.27653409851216915
14411,0.5213299642619506,-1.058145946714099,0.11030420605671974,-0.862804573858747,-1.0558099238821486
14412,-0.7589075752311129,-0.20175138038774237,0.3222853949056568,0.46843340743959727,0.4194231675805452
14413,0.7697342629695599,0.07394609082159041,-0.12734758264030857,0.6428173386552047,0.20702049734376995
14414,-0.5248342937566348,0.8001660338568091,0.6975636765461434,0.6935794902722501,0.03709836115434975
14415,-0.954764810750574,2.0119964593872464,1.8580658943314845,1.9201891572919485,1.7324578563169741
14416,-0.8544476901186548,-0.5571872395918231,-0.4475968255512503,-0.9194058466176699,-0.9785725892505938
14417,0.8891594065789875,-1.058145946714099,-0.3986975659151735,0.7490861757345402,-1.0558099238821486
14418,-0.9452107992618198,-0.20175138038774237,0.5432215598900821,0.8082392174469527,-0.6503139170664866
14419,-0.9117717590511801,0.654643185938614,0.22984640624248762,0.8362895757000253,0.3808045002647679
14420,-0.486618247801618,0.07394609082159041,0.4226864129410945,0.5698454386786636,1.2304151812118689
14421,-0.6872524890654563,0.48966298795922886,0.7183247280527897,0.43539298020353107,1.3926135839381337
14422,-0.9595418164949511,1.7867352234743035,1.7470072175487683,1.642676792037434,1.7324578563169741
14423,0.08184543577925718,-0.20175138038774237,0.0034602910394481074,-0.9802035124500996,0.782438640348852
14424,-0.8783327188405403,-1.058145946714099,-0.750037720117383,-2.515817022689194,-1.0558099238821486
14425,1.1136786765647113,-0.20175138038774237,-0.23179692123061782,-0.14457610000475504,0.1143356957859044
14426,-0.8496706843742777,1.6565606001831652,1.8427123766088913,1.9329652806783522,1.346271183159201
14427,-0.720691529276096,0.07394609082159041,0.23493328399981298,0.020052745320578196,1.187934647164514
14428,-0.9261027762843114,0.2992073267345332,0.21204927978014615,0.7642790739473241,0.17226369675957037
14429,0.965591498489021,-1.058145946714099,-0.4102838527100447,-0.5121324717856456,-1.0558099238821486
14430,1.481508118881748,-0.20175138038774237,0.2101849398289967,-0.2941514393624997,-0.6850707176506862
14431,0.4831139183069338,0.07394609082159041,0.7594492626925498,0.43539298020353107,0.4310087677752784
14432,-0.9165487647955571,0.48966298795922886,0.6507181957961312,1.4679533363137638,-0.7468605853559299
14433,1.2617658546404014,-1.058145946714099,-0.8489697260791729,0.43539298020353107,-1.0558099238821486
14434,-0.859224695863032,0.48966298795922886,0.29476430557989,-1.9471638881929467,-0.8588547205716841
14435,1.433738061437977,-1.058145946714099,-1.6613011106427162,-1.9471638881929467,-1.0558099238821486
14436,-0.4913952535459951,-0.5571872395918231,-0.8724078094678275,-1.0458699940988507,0.7013394389857197
14437,0.7840652802026912,0.2992073267345332,-0.03140634830628253,-0.16768729188131876,-0.21392297639820285
14438,0.5022219412844422,-1.058145946714099,-1.391241077652027,-1.1954453334565955,-1.0558099238821486
14439,0.5643230159613445,0.2992073267345332,1.6863096433881368,0.7413828979433381,0.365357033338457
14440,-0.9213257705399343,1.3460575542855853,1.3568256905606657,0.32744864979204164,1.7594909234380183
14441,-0.9595418164949511,1.15560189306089,1.1690663277531443,0.7257558910386418,1.6088781209064866
14442,0.014967355357977748,0.654643185938614,1.278530280740504,0.9024861982765124,0.8210573076646294
14443,-0.7063605120429647,0.2992073267345332,0.5955464239708375,0.8431548296299944,0.20315863061219222
14444,1.2187728029410074,-1.058145946714099,-1.4563332497641408,-1.0458699940988507,-1.0558099238821486
14445,1.2139957971966304,-1.058145946714099,-1.0187740952782816,-0.21595962957782017,-1.0558099238821486
14446,-0.9595418164949511,0.2992073267345332,0.19789985611327732,1.4774744457749929,0.43487063450685615
14447,-0.8735557130961633,0.48966298795922886,0.4539334712028281,0.5307717179635321,0.4194231675805452
14448,-0.9165487647955571,-0.5571872395918231,-0.6398723896164894,-0.586765087019821,0.3151527658279465
14449,-0.8735557130961633,0.8001660338568091,0.6450678251836502,1.6003245210805033,0.5584503699173436
14450,-0.0996807825070727,0.654643185938614,0.15338771702103415,0.09143627489364367,0.6047927706962763
14451,-0.672921471832325,1.2544959545938104,0.918459978584293,1.4320656120576276,1.3810279837434005
14452,-0.9117717590511801,0.07394609082159041,-0.23446078392696296,0.7642790739473241,0.9176039759540727
14453,-0.05191072506330168,-1.058145946714099,-1.4593710317785755,-0.5121324717856456,-1.0558099238821486
14454,0.8366123433908393,0.2992073267345332,0.049689076071889764,0.6428173386552047,0.3228764992911019
14455,1.104124665075957,0.07394609082159041,-0.28102690806135916,0.3526935049184267,-0.8125123197927513
14456,-0.9356567877730656,0.9303406571479473,0.8629210427949379,2.137127174058685,-0.5267341816559992
14457,0.5213299642619506,-1.058145946714099,-1.4979276165384887,-1.7640984679528429,-1.0558099238821486
14458,0.8557203663683477,-1.058145946714099,-0.9982549340202691,0.07416420415895746,-1.0558099238821486
14459,-0.21910592611650026,-0.5571872395918231,1.279701894634304,0.8010741670374462,0.8596759749804067
14460,-0.4340711846134699,0.9303406571479473,0.1307047311119706,-0.1914684658752519,1.315376249306579
14461,-0.25254496632713996,1.3460575542855853,1.4361388313809234,2.039792467269007,1.0373218446329824
14462,-0.6442594373660624,1.2544959545938104,0.6488900502507374,1.189356113787718,0.3576332998753015
14463,-0.4913952535459951,0.07394609082159041,-0.10684985088867323,-1.3785107536966998,0.49279863548052216
14464,1.753797446311243,-0.5571872395918231,-1.5147447380166985,-1.7640984679528429,-0.8279597867190622
14465,0.21560159662181605,1.15560189306089,1.052870809916163,0.9024861982765124,0.7013394389857197
14466,-0.8210086499080151,1.3460575542855853,1.1130301780817593,0.4897435161402434,1.6359111880275308
14467,-0.8783327188405403,1.2544959545938104,0.6360468723287596,0.9984076522496489,1.7247341228538187
14468,2.5420033941334648,-1.058145946714099,-1.0775461831125837,-0.9802035124500996,-1.0558099238821486
14469,1.0276925731659234,0.07394609082159041,0.5991707555398449,0.8499631098416093,-0.040138973477204895
14470,-0.906994753306803,-0.20175138038774237,-0.1786103448250229,0.23242103254119895,0.5623122366489213
14471,1.8636685784319162,-0.5571872395918231,-0.5923701286539097,-0.07890961835600385,-0.5112867147296882
14472,-0.4675102248241096,0.9303406571479473,0.6078242220667953,1.147982991607394,1.2072439808224027
14473,-0.6060433914110456,-0.5571872395918231,-0.9787629063251806,-1.3785107536966998,-0.25254164371398014
14474,-0.7397995522536044,-0.5571872395918231,0.23228547753399068,0.8634124775613803,1.0025650440487828
14475,-0.6203744086441768,0.07394609082159041,0.1677577751458209,-0.037881416532715165,0.2456391646595473
14476,0.26814865980996416,-1.058145946714099,-1.1182009709860188,-0.7132292345010023,-1.0558099238821486
14477,-0.8687787073517862,0.654643185938614,0.5551696873824942,-1.3785107536966998,1.5895687872485982
14478,0.8652743778571019,0.07394609082159041,0.2423953242523683,0.27450169513374717,0.3190146325595242
14479,0.24904063683245575,0.07394609082159041,0.15099991428181167,0.8961017842882889,0.797886107275163
14480,-0.906994753306803,0.07394609082159041,0.25519618062746835,0.17272976344709118,1.6745298553433081
14481,-0.17611287441710635,0.2992073267345332,0.6622385801192321,0.8082392174469527,0.9253277094172282
14482,-0.8735557130961633,1.2544959545938104,1.1196914259702029,1.2026961322161416,0.6897538387909865
14483,0.3827967976750146,-0.5571872395918231,-0.9121266125982279,-0.9194058466176699,0.7013394389857197
14484,-0.720691529276096,0.07394609082159041,0.11569772715924748,0.09143627489364367,1.5393645197380876
14485,-0.7780155982086212,-1.058145946714099,-1.2403431837441499,0.038489320235348796,-1.0558099238821486
14486,1.481508118881748,-0.5571872395918231,-1.1864407751313588,-1.7640984679528429,-0.8936115211558837
14487,-0.8353396671411465,0.654643185938614,0.2365013698528346,0.9088213112787457,0.307429032364791
14488,-0.6394824316216853,-1.058145946714099,0.11117205052457092,0.07416420415895746,-1.0558099238821486
14489,0.029298372591109054,0.07394609082159041,0.39384620357368266,0.3526935049184267,0.5082461024068331
14490,0.9799225157221524,-0.5571872395918231,0.24059084136076772,0.43539298020353107,-0.9708488557874383
14491,-0.12356581122895821,-0.5571872395918231,-0.7091056052113078,-0.7132292345010023,-0.2950221777613352
14492,1.0945706535872028,0.654643185938614,0.5374860174402315,0.4126028186801636,-0.3259171116139571
14493,-0.9261027762843114,1.0480979277381186,1.2399807653946415,1.5755040145163772,1.3926135839381337
14494,-0.8401166728855235,-0.20175138038774237,-0.5914548413765018,-0.7132292345010023,1.6706679886117304
14495,-0.720691529276096,-0.20175138038774237,-1.1893092471686633,-1.3785107536966998,1.2960669156486904
14496,0.5261069700063277,0.654643185938614,0.6868266650762257,0.34016817678249833,0.1877111636858813
14497,0.5165529585175734,-0.5571872395918231,-0.19393656248222482,-0.037881416532715165,0.34990956641214604
14498,-0.7589075752311129,1.0480979277381186,1.0482569447920012,1.5294347580327998,0.9060183757593395
14499,-0.8353396671411465,0.654643185938614,0.6020358924933873,1.2622326247684965,0.6549970382067869
14500,-0.5391653109897661,-0.20175138038774237,-0.6762566824988183,-1.4880589811139169,-0.6657613839927975
14501,-0.0853497652739414,-0.5571872395918231,-0.9287900714960493,-1.1954453334565955,-0.5305960483875769
14502,-0.8687787073517862,1.15560189306089,0.7066778825531975,1.7647063716554765,0.0795788952017048
14503,-0.9452107992618198,0.48966298795922886,0.9788773734649449,0.8010741670374462,-0.3799832458560453
14504,-0.7350225465092273,0.07394609082159041,-0.21897629953979036,0.5698454386786636,-0.16371870888769233
14505,-0.8783327188405403,1.7867352234743035,1.8519545059709883,2.49525522382829,1.6977010557327745
14506,-0.8783327188405403,0.654643185938614,0.8491516704619124,1.4518350760667693,1.1917965138960918
14507,-0.8496706843742777,1.15560189306089,0.9091124438077071,1.189356113787718,1.6706679886117304
14508,-0.8544476901186548,0.2992073267345332,-0.07428004829750066,0.9870131210634252,0.9446370430751168
14509,1.5913792510024214,-1.058145946714099,-1.5150670553023327,-0.4115503779538524,-1.0558099238821486
14510,0.8318353376464622,-0.20175138038774237,0.05156812197430893,0.37718466862099537,-0.8202360532559068
14511,-0.906994753306803,0.2992073267345332,0.263633112861739,0.18806465959309385,-0.5846621826296651
14512,-0.066241742296433,0.654643185938614,0.20726668299321643,0.21790042237482501,1.0489074448277156
14513,-0.4818412420572409,0.48966298795922886,-0.10553125641218006,-0.8098576192004525,0.7515437064962301
14514,-0.6681444660879479,0.9303406571479473,1.131874015618994,1.3138967127742598,1.5123314526170435
14515,-0.8783327188405403,1.2544959545938104,1.014790967293329,0.7717713000569296,1.0025650440487828
14516,1.5053931476036337,-1.058145946714099,-1.2935043813469507,-0.14457610000475504,-1.0558099238821486
14517,-0.8019006269305068,-0.5571872395918231,-0.7315754870997346,-0.7132292345010023,-0.6387283168717534
14518,-0.6538134488548165,-1.058145946714099,-1.1910769771073009,-0.7601216003714991,-1.0558099238821486
14519,2.3031531069146096,-0.5571872395918231,-1.0814252901281363,-0.07890961835600385,-0.8820259209611505
14520,-0.954764810750574,-0.5571872395918231,-0.8753253681122503,-1.9471638881929467,0.060269561543816144
14521,1.3859680039942062,-1.058145946714099,-1.0945923228880794,-0.7132292345010023,-1.0558099238821486
14522,-0.8448936786299006,0.8001660338568091,0.46923316512865076,-0.16768729188131876,1.4930221189591548
14523,-0.44362519610222406,-1.058145946714099,-0.9583508076368024,-0.9802035124500996,-1.0558099238821486
14524,-0.8114546384192609,1.3460575542855853,0.8367629775283697,1.448573071542019,0.4310087677752784
14525,-0.8687787073517862,1.6565606001831652,1.5690082092671371,1.6999657371393233,1.6745298553433081
14526,0.8987134180677416,-1.058145946714099,-0.9078046844717905,-0.0181119525235737,-1.0558099238821486
14527,-0.949987805006197,4.030991185973982,2.4511543617733884,2.1743928109283392,1.7826621238274847
14528,-0.7827926039529983,-1.058145946714099,-0.6615414598598258,-0.6688728615528973,-1.0558099238821486
14529,-0.672921471832325,-0.20175138038774237,-0.3281604750848911,1.1666290909919852,-0.8627165873032618
14530,-0.8401166728855235,1.5859404542672264,1.3696017894850947,1.5084363488256922,1.5007458524223103
14531,1.3286439350616808,-1.058145946714099,-0.6379760883130721,-0.2941514393624997,-1.0558099238821486
14532,0.16783153917804502,1.15560189306089,1.0380002961133667,1.3022597367090243,0.7283725061067639
14533,-0.8448936786299006,1.15560189306089,0.9630454773247246,0.457567115373851,1.2072439808224027
14534,-0.949987805006197,2.1575193073054413,1.3812173623498982,1.9053400087938746,1.3848898504749783
14535,-0.672921471832325,0.9303406571479473,1.3557632228749816,2.1497380756855766,1.2342770479434466
14536,0.2777026712987184,-1.058145946714099,-1.2052928981591076,-0.6688728615528973,-1.0558099238821486
14537,-0.6872524890654563,-0.5571872395918231,-0.25391619220359396,-0.47721685960260357,1.130006646190848
14538,-0.6538134488548165,0.2992073267345332,0.29373373627238736,0.05652066271060163,1.3346855829644677
14539,-0.8878867303292945,-0.5571872395918231,-0.38129081691887495,-0.24120448470420522,-0.9438157886663943
14540,-0.9165487647955571,1.15560189306089,1.0119912859861402,1.253987399012523,1.7363197230485519
14541,-0.6824754833210792,1.4312993642702228,0.7247274574046463,0.6935794902722501,1.4273703845223333
14542,-0.0757957537851872,-1.058145946714099,-1.566504977163227,-1.614523128595098,-1.0558099238821486
14543,-0.8257856556523923,2.6431297898006605,2.000215307943734,0.7490861757345402,1.6861154555380413
14544,-0.8448936786299006,-0.20175138038774237,0.8438377259950683,1.0207326504320022,0.6665826384015201
14545,2.260160055215216,-1.058145946714099,-0.6917519945736162,-0.47721685960260357,-1.0558099238821486
14546,-0.9356567877730656,1.15560189306089,1.2536074617719377,1.8531419296390843,1.7556290567064405
14547,-0.9452107992618198,0.8001660338568091,1.061804050994013,1.258120370257919,-0.8588547205716841
14548,-0.24299095483838576,0.9303406571479473,0.7390392963180088,0.36503047510217346,1.1956583806276695
14549,0.5261069700063277,0.07394609082159041,0.0010886099573970641,0.8293663864529791,0.5893453037699654
14550,-0.9117717590511801,0.07394609082159041,0.28003983738978805,0.4897435161402434,0.7708530401541188
14551,-0.8735557130961633,0.654643185938614,-0.02749550071513173,0.40096584261492885,1.504607719153888
14552,-0.23821394909400867,-0.20175138038774237,-0.42203078512329295,0.8766449105123539,0.6472733047436314
14553,-0.8687787073517862,0.9303406571479473,0.49762444811962303,1.3910374102343395,0.8365047745909403
14554,-0.9117717590511801,0.07394609082159041,0.6605945296094454,1.0152080971839796,-0.8936115211558837
14555,-0.6872524890654563,0.48966298795922886,0.6683205306938426,0.6514988276797011,1.5084695858854658
14556,1.8875536071538017,-0.20175138038774237,-0.08064214706017189,1.074023657541187,-0.7005181845769971
14557,-0.5534963282228974,-1.058145946714099,-0.10519283949609368,-0.7601216003714991,-1.0558099238821486
14558,2.1646199403276736,-0.20175138038774237,-0.23824416749011743,-0.9194058466176699,-0.7584461855506631
14559,0.9034904238121187,-1.058145946714099,-1.7889690791104869,-2.183176263091345,-1.0558099238821486
14560,-0.9261027762843114,2.7886526377188545,1.3725778494583585,0.28806221969362183,1.763352790169596
14561,-0.6012663856666685,-0.20175138038774237,0.12225333880611627,0.37718466862099537,-0.6348664501401756
14562,-0.9452107992618198,2.1575193073054413,1.4319369741645953,1.4320656120576276,1.520055186080199
14563,1.471954107392994,-0.5571872395918231,-0.25488317431356233,0.6600894093898906,-0.7352749851611967
14564,1.1136786765647113,-0.5571872395918231,0.7570771766744305,0.7567177940893411,0.10661196232274893
14565,-0.5057262707791264,0.2992073267345332,1.0405178513165074,0.9696189771111754,0.4039757006542343
14566,-0.4340711846134699,0.07394609082159041,1.0827838737817406,-1.1954453334565955,0.5777597035752322
14567,-0.6920294948098333,-0.5571872395918231,0.3731373867934749,-0.1914684658752519,-0.7700317857453963
14568,1.1184556823090883,-1.058145946714099,0.005886927904422498,0.09143627489364367,-1.0558099238821486
14569,-0.954764810750574,0.07394609082159041,-0.30521569535059717,-0.24120448470420522,1.2690338485276462
14570,0.3780197919306375,-0.20175138038774237,-0.28567343080710955,0.34016817678249833,-0.42632564663497813
14571,1.0706856248653174,-1.058145946714099,-1.2527888291099152,-0.2672508963742018,-1.0558099238821486
14572,-0.9452107992618198,1.15560189306089,1.2997125515671375,1.6902854707597983,1.33082371623289
14573,-0.1044577882514498,1.3460575542855853,0.6227876099019116,1.193826931703096,0.95622264326985
14574,2.5372263883890875,-1.058145946714099,-1.3298381649274311,-1.0458699940988507,-1.0558099238821486
14575,1.3716369867610747,-1.058145946714099,-0.5585686123177794,0.4240770344914922,-1.0558099238821486
14576,0.8175043204133309,-1.058145946714099,-2.3260306929994536,-2.515817022689194,-1.0558099238821486
14577,-0.9022177475624259,0.654643185938614,0.29020500631633134,0.7336066022127771,1.7092866559275077
14578,-0.9452107992618198,-1.058145946714099,-1.215098333522583,-0.4437267787202448,-1.0558099238821486
14579,1.104124665075957,-1.058145946714099,-1.5506851109285624,-0.4437267787202448,-1.0558099238821486
14580,1.5149471590923878,-1.058145946714099,-2.926159256374685,-2.515817022689194,-1.0558099238821486
14581,-0.8831097245849174,-0.5571872395918231,-0.5769131829422826,0.27450169513374717,0.9832557103908941
14582,-0.768461586719867,-1.058145946714099,-1.4949743163306612,-1.4880589811139169,-1.0558099238821486
14583,-0.9356567877730656,0.8001660338568091,0.43192187122044107,1.7306602805470745,1.3230999827697345
14584,-0.15222784569522083,0.8001660338568091,0.4649873157987132,0.8961017842882889,0.840366641322518
14585,-0.720691529276096,0.2992073267345332,0.1628039433793022,0.5979759564957379,0.3576332998753015
14586,0.3589117689531291,-1.058145946714099,-0.9695589596348116,-0.6267921989603487,-1.0558099238821486
14587,-0.8735557130961633,0.9303406571479473,0.3962971003123888,1.133714926635295,0.15295436310168173
14588,1.801567503755014,-1.058145946714099,-1.3725301995420032,-0.7601216003714991,-1.0558099238821486
14589,0.8127273146689539,-1.058145946714099,-2.244545473729728,-1.9471638881929467,-1.0558099238821486
14590,1.0659086191209401,1.8470162614078611,0.8571801347106422,0.8766449105123539,0.13364502944379306
14591,-0.8878867303292945,0.07394609082159041,0.26658939306742735,0.9637379981128575,-0.2911603110297575
14592,-0.7923466154417526,-0.20175138038774237,-0.35437251021885424,0.9275383145186272,-0.9438157886663943
14593,-0.859224695863032,1.2544959545938104,1.003359173437735,1.9034648238468983,1.6822535888064636
14594,-0.9261027762843114,-0.5571872395918231,-0.6633026239129246,0.10835219495760728,0.3576332998753015
14595,-0.8687787073517862,0.8001660338568091,0.6232310873514575,0.8431548296299944,1.5277789195433544
14596,2.0308637794851148,-1.058145946714099,-1.0169285211549848,0.14117229372259663,-1.0558099238821486
14597,-0.906994753306803,0.48966298795922886,0.6299267237211564,0.5105140700321456,0.5893453037699654
14598,-0.7493535637423586,-0.5571872395918231,-0.6233947075529916,0.5505411819726732,0.9716701101961609
14599,0.9034904238121187,-0.5571872395918231,-0.4967401092577753,0.4897435161402434,-0.5962477828243983
14600,0.4974449355400651,-0.5571872395918231,-0.038182972090394895,0.18806465959309385,-0.715965651503308
14601,-0.9117717590511801,-1.058145946714099,-1.0441457307975712,-1.3785107536966998,-1.0558099238821486
14602,2.174173951816428,-1.058145946714099,-1.073617849339814,-0.24120448470420522,-1.0558099238821486
14603,0.3493577574643749,-1.058145946714099,-0.23331324437395573,-2.183176263091345,-1.0558099238821486
14604,2.0643028196957545,-1.058145946714099,-1.3290404529532358,-0.586765087019821,-1.0558099238821486
14605,0.8270583319020851,0.07394609082159041,0.007343698427502045,0.5979759564957379,0.3228764992911019
14606,-0.954764810750574,4.587598438742236,2.5194630650613465,2.774157760409393,1.7826621238274847
14607,-0.8878867303292945,1.9594133665673954,2.352409220672016,0.7490861757345402,1.6822535888064636
14608,-0.9404337935174427,1.15560189306089,0.9390369881062841,-0.8098576192004525,1.7594909234380183
14609,-0.6155974028997997,1.0480979277381186,0.35201588035389225,-1.4880589811139169,1.2458626481381798
14610,0.9273754525340043,-0.5571872395918231,-2.5871814377968905,-1.1172535236719159,-0.5962477828243983
14611,1.1566717282641052,-0.5571872395918231,-0.29681986295710533,-0.10021972705664996,-0.45722058048759995
14612,1.0229155674215462,-1.058145946714099,-0.027815804652236473,-0.862804573858747,-1.0558099238821486
14613,2.2888220896814784,-1.058145946714099,-1.7822159467537384,-2.515817022689194,-1.0558099238821486
14614,0.8843824008346104,-1.058145946714099,-0.8129101013586265,-0.6267921989603487,-1.0558099238821486
14615,0.9225984467896272,0.2992073267345332,0.030594276594060086,-0.037881416532715165,-0.4610824472191777
14616,0.19649357364430764,0.2992073267345332,-0.3944121546027954,-1.9471638881929467,0.1259212959806376
14617,0.960814492744644,-0.5571872395918231,-1.1276764424043249,-1.3785107536966998,-1.005605656371638
14618,-0.9165487647955571,0.654643185938614,0.2785690049681215,-0.037881416532715165,1.0180125109750937
14619,0.21082459087743893,-0.5571872395918231,0.2505858279644174,0.26071325195673184,0.08730262866486027
14620,0.019744361102354852,-0.5571872395918231,-0.571432214650808,-0.3805884749031534,-0.7545843188190854
14621,-0.954764810750574,0.9303406571479473,0.8589136995068747,0.939783214329445,1.577983187053865
14622,-0.0805727595295643,-1.058145946714099,-0.7533968436174915,-0.5486003891756687,-1.0558099238821486
14623,-0.8066776326748838,1.0480979277381186,0.572319596787888,1.2372441024225518,1.145454113117159
14624,-0.6872524890654563,0.48966298795922886,-0.0820754022617586,-0.05813906446410138,1.056631178290871
14625,-0.02324869059703907,1.15560189306089,1.1510330593357967,1.1191943164689204,0.9793938436593164
14626,-0.8496706843742777,1.15560189306089,1.2844094400654829,1.1848607981176718,1.6706679886117304
14627,0.8509433606239707,-1.058145946714099,-0.48913557432471394,-0.2941514393624997,-1.0558099238821486
14628,-0.5248342937566348,0.2992073267345332,0.5654983396252742,0.3526935049184267,1.2304151812118689
14629,-0.9404337935174427,-0.5571872395918231,0.03324108621666539,0.9336836095984207,-0.889749654424306
14630,1.3525289637835665,-1.058145946714099,-0.7139349062794014,-0.5486003891756687,-1.0558099238821486
14631,-0.720691529276096,0.48966298795922886,0.5754284512022102,0.3526935049184267,0.6318258378173205
14632,0.2920336885318497,-1.058145946714099,-1.4921579664871414,-1.2818823689972492,-1.0558099238821486
14633,0.3111417115093581,-1.058145946714099,-0.7007730371856242,-0.586765087019821,-1.0558099238821486
14634,1.1280096937978425,0.07394609082159041,0.6097762260512212,0.7413828979433381,-0.6541757837980643
14635,1.2044417857078762,-1.058145946714099,-1.0399270387392998,-0.8098576192004525,-1.0558099238821486
14636,-0.7875696096973754,-0.5571872395918231,-0.2902673354150821,-0.3507527121214226,-0.1598568421561146
14637,2.274491072448347,-1.058145946714099,-1.543137907230839,-1.3785107536966998,-1.0558099238821486
14638,-0.720691529276096,-1.058145946714099,-0.5195755684561871,-0.7601216003714991,-1.0558099238821486
14639,-0.7111375177873418,0.9303406571479473,1.224366164440834,1.2784785627150907,1.2960669156486904
14640,-0.8448936786299006,1.0480979277381186,1.0001687461354258,1.1093691324834083,1.5007458524223103
14641,-0.859224695863032,-1.058145946714099,-1.5182334045816903,-1.3785107536966998,-1.0558099238821486
14642,-0.6824754833210792,-1.058145946714099,-1.6176426547463159,-2.183176263091345,-1.0558099238821486
14643,-0.14745083995084374,0.2992073267345332,0.44038821435970305,0.24668909751329784,1.0991117123382261
14644,-0.6394824316216853,0.654643185938614,0.6504678625291911,0.14117229372259663,1.5277789195433544
14645,-0.21432892037212317,-0.20175138038774237,-0.02848150578486433,0.05652066271060163,0.7901623738120075
14646,-0.954764810750574,4.292545226599931,4.591568773930345,2.550821607423074,1.7865239905590624
14647,0.0006363381248464415,-0.5571872395918231,-0.42471641446612574,0.0011923041824166546,0.1877111636858813
14648,1.0276925731659234,1.5110377522649707,1.146004842628388,1.5585297595388092,0.15295436310168173
14649,-0.9404337935174427,0.9303406571479473,1.0005305233509627,1.7779388046064493,1.5857069205170204
14650,1.854114566943162,-1.058145946714099,-1.924353387190157,-1.7640984679528429,-1.0558099238821486
14651,-0.6394824316216853,0.9303406571479473,0.5753679011574635,1.3291602796973225,1.1222829127276925
14652,-0.5917123741779142,-1.058145946714099,-1.4945354951052567,-0.2941514393624997,-1.0558099238821486
14653,-0.954764810750574,1.2544959545938104,0.9889491255734467,1.5144909376134899,1.7865239905590624
14654,2.56588842285535,-1.058145946714099,-0.941348464287179,-0.3507527121214226,-1.0558099238821486
14655,-0.9213257705399343,0.654643185938614,1.044115940871263,0.43539298020353107,1.2149677142855582
14656,-0.15222784569522083,0.2992073267345332,-0.10371298746144635,1.0207326504320022,0.6202402376225873
14657,-0.8783327188405403,0.48966298795922886,0.33432293731850216,0.9927301689877395,0.5584503699173436
14658,-0.9356567877730656,-0.5571872395918231,-0.9405044063322349,-0.3507527121214226,-0.6232808499454424
14659,-0.9213257705399343,0.9303406571479473,0.7358066364357836,1.0152080971839796,0.12978316271221532
14660,-0.5487193224785203,-0.5571872395918231,-0.836169373311093,-0.4437267787202448,-1.0017437896400603
14661,-0.8353396671411465,-1.058145946714099,-1.5346743146531394,-1.7640984679528429,-1.0558099238821486
14662,-0.8257856556523923,0.654643185938614,0.29666908473977244,1.2622326247684965,1.6783917220748859
14663,1.0945706535872028,-0.5571872395918231,-0.44703864553383277,0.28806221969362183,-1.0558099238821486
14664,-0.8687787073517862,-0.5571872395918231,-0.25973761176174615,0.5001945244425666,-1.0017437896400603
14665,-0.672921471832325,0.654643185938614,0.7958992519251736,0.6514988276797011,0.998703177317205
14666,-0.8448936786299006,-1.058145946714099,-1.1098774118214259,-0.862804573858747,-1.0558099238821486
14667,-0.9117717590511801,3.0365845316001647,2.242097909498009,2.134298229679239,1.7517671899748628
14668,1.1662257397528595,-1.058145946714099,-1.5106958237280368,-1.1172535236719159,-1.0558099238821486
14669,0.19171656789993052,0.654643185938614,0.9091214168765401,1.6854021643347719,0.8596759749804067
14670,0.3780197919306375,-0.20175138038774237,-0.3223061283864403,1.0791672045283927,0.6897538387909865
14671,1.663034337168078,-0.5571872395918231,0.15275472666323262,0.10835219495760728,-0.9824344559821715
14672,0.15827752768929082,0.07394609082159041,0.1435425915451088,0.6428173386552047,0.6665826384015201
14673,-0.9452107992618198,0.654643185938614,0.8676978208405981,0.5793298571111467,0.5121079691384108
14674,1.471954107392994,-1.058145946714099,-1.194005295724552,-0.862804573858747,-1.0558099238821486
14675,-0.8831097245849174,-0.5571872395918231,0.07739503073795456,1.2498335012412511,0.3808045002647679
14676,-0.8114546384192609,1.2544959545938104,1.5981094231380588,0.4897435161402434,1.2922050489171126
14677,1.8684455841762935,-1.058145946714099,-1.1489476423629934,-0.862804573858747,-1.0558099238821486
14678,1.806344509499391,-1.058145946714099,-0.5880015757459944,-0.4437267787202448,-1.0558099238821486
14679,0.8604973721127248,-0.20175138038774237,0.2495796689366582,0.12492635577600246,0.2958434321700578
14680,-0.8401166728855235,3.1233230300705346,2.9671296001670813,1.3515360227957012,1.6861154555380413
14681,-0.6203744086441768,0.48966298795922886,-0.029913609759196266,-0.6267921989603487,1.1917965138960918
14682,-0.066241742296433,0.48966298795922886,0.36577019236355357,0.5105140700321456,0.8171954409330516
14683,1.849337561198785,-1.058145946714099,-1.3157103444077949,-0.5486003891756687,-1.0558099238821486
14684,-0.8401166728855235,0.48966298795922886,0.3242249426917382,1.5175015577155206,0.3537714331437238
14685,1.7920134922662598,0.8001660338568091,1.1572253291269534,0.7717713000569296,-0.4765299141454886
14686,1.0181385616771692,0.2992073267345332,-0.04879422964863212,1.2026961322161416,-0.10965257464560407
14687,-0.4531792075909783,-0.20175138038774237,0.30997682212027383,-0.16768729188131876,0.6627207716699424
14688,-0.9261027762843114,2.245808014503504,1.4896145517207782,1.253987399012523,0.6781682385962533
14689,0.034075378335486156,-1.058145946714099,-1.5032361400381604,-0.9194058466176699,-1.0558099238821486
14690,-0.7493535637423586,0.07394609082159041,-0.11504411566869678,0.40096584261492885,0.3576332998753015
14691,-0.816231644163638,0.2992073267345332,0.6063277425183086,0.14117229372259663,-0.3529501787350012
14692,-0.3050920295152881,1.2544959545938104,0.45536918592761894,0.7098254282188435,0.797886107275163
14693,0.30158770002060387,0.654643185938614,0.17660598052784351,0.020052745320578196,-0.04786270694036036
14694,1.987870727785721,-1.058145946714099,-0.9488131590347998,-0.8098576192004525,-1.0558099238821486
14695,1.519724164836765,-0.20175138038774237,0.3749545665385849,0.47915765239960845,-0.2332323100560915
14696,-0.9404337935174427,0.8001660338568091,0.7194663069817655,0.9578145568046977,0.5545885031857659
14697,0.08184543577925718,-0.5571872395918231,-1.134722803395073,-0.5121324717856456,-1.0558099238821486
14698,-0.954764810750574,0.2992073267345332,0.20803734913132055,1.0207326504320022,-0.8627165873032618
14699,0.06273741280174877,0.07394609082159041,-0.18823053316504873,0.05652066271060163,0.14523062963852626
14700,-0.8066776326748838,0.2992073267345332,0.8768433034787912,0.7865535568710715,0.6936157055225642
14701,-0.9117717590511801,1.5110377522649707,1.1493029788602753,1.9383804360299406,1.547088253201243
14702,-0.954764810750574,2.2876939305965793,1.4020395080185282,1.6951398817114138,1.7556290567064405
14703,-0.8926637360736717,-1.058145946714099,-0.7588267848328879,-0.5121324717856456,-1.0558099238821486
14704,-0.906994753306803,1.15560189306089,0.47108752968234446,1.64782033902464,1.3115143825750013
14705,-0.013694679108284865,-1.058145946714099,-1.172266948498034,-2.515817022689194,-1.0558099238821486
14706,1.992647733530098,-1.058145946714099,-0.6550093772787882,-0.4115503779538524,-1.0558099238821486
14707,1.1184556823090883,-0.5571872395918231,-1.3526426797576467,-2.515817022689194,-0.5112867147296882
14708,-0.949987805006197,0.2992073267345332,0.4874854067908238,-0.3507527121214226,0.6936157055225642
14709,-0.8878867303292945,2.110890520920167,1.6424533099447225,0.7413828979433381,1.720872256122241
14710,-0.8926637360736717,1.3460575542855853,0.529134395845007,1.6244160972942285,1.7324578563169741
14711,-0.9117717590511801,1.15560189306089,0.8191314015228358,1.3478488567818285,-0.08261950752455995
14712,-0.8210086499080151,0.07394609082159041,0.2708709005992491,-0.4437267787202448,0.44645623470158935
14713,-0.9165487647955571,1.9044924940644754,1.2439274329352445,1.3515360227957012,1.7517671899748628
14714,-0.8448936786299006,0.07394609082159041,-0.004743619419702936,0.34016817678249833,1.504607719153888
14715,-0.8448936786299006,0.8001660338568091,0.5003367193333914,0.7178293264081053,1.5123314526170435
14716,-0.7541305694867357,-0.20175138038774237,-0.37355752158185984,0.5698454386786636,0.49279863548052216
14717,2.5420033941334648,-1.058145946714099,-1.7371604627163735,-1.0458699940988507,-1.0558099238821486
14718,0.9990305386996609,-1.058145946714099,-1.0034731159871693,-1.0458699940988507,-1.0558099238821486
14719,-0.954764810750574,0.2992073267345332,0.39700430001071507,1.1666290909919852,-0.09806697445087087
14720,-0.9356567877730656,-0.20175138038774237,-0.22916456823943337,-0.16768729188131876,-0.5885240493612428
14721,0.8509433606239707,-1.058145946714099,-1.5272918277375345,-0.4437267787202448,-1.0558099238821486
14722,-0.2573219720715171,-0.20175138038774237,-0.4486261831613257,0.43539298020353107,0.25336289812270274
14723,-0.9117717590511801,1.15560189306089,0.49143330438055527,1.5613833034839868,1.7440434565117073
14724,1.8588915726875392,-1.058145946714099,-0.7070607907874518,-0.037881416532715165,-1.0558099238821486
14725,-0.8448936786299006,0.07394609082159041,0.22875332635380063,0.5698454386786636,0.913742109222495
14726,2.1646199403276736,-1.058145946714099,-1.4801406175643421,-0.8098576192004525,-1.0558099238821486
14727,0.3493577574643749,-0.20175138038774237,-0.48761180812427013,0.020052745320578196,-0.005382172893005303
14728,1.0133615559327922,-1.058145946714099,-1.127261868575357,-0.862804573858747,-1.0558099238821486
14729,0.822281326157708,-0.20175138038774237,-0.3187202934677091,0.8896672959534744,-0.08261950752455995
14730,-0.954764810750574,0.8001660338568091,0.5282908528369415,1.642676792037434,0.006203427301727894
14731,-0.7350225465092273,-0.20175138038774237,-0.6309705669477678,-0.07890961835600385,-0.41860191317182266
14732,-0.9213257705399343,1.7867352234743035,1.2984304255862618,1.0944071422788821,1.7324578563169741
14733,-0.8831097245849174,1.5110377522649707,1.9876016326089145,0.9754580982530536,0.43487063450685615
14734,1.0706856248653174,0.07394609082159041,0.10582639999751657,0.10835219495760728,-0.5692147157033542
14735,-0.9452107992618198,3.0807148010694942,1.8735668015558828,1.258120370257919,1.7710765236327515
14736,1.3573059695279435,-0.5571872395918231,-0.6423700722095497,0.4126028186801636,-1.0558099238821486
14737,-0.9452107992618198,0.07394609082159041,0.9810959083560256,-0.32196403698294906,0.4773511685542112
14738,-0.7589075752311129,0.9303406571479473,0.49893236200515517,0.26071325195673184,1.6088781209064866
14739,-0.9404337935174427,2.110890520920167,1.8331520893071036,0.9088213112787457,1.7749383903643292
14740,-0.018471684852661967,1.15560189306089,1.0948614871832507,1.147982991607394,0.7013394389857197
14741,-0.906994753306803,0.654643185938614,0.45450641535421754,0.10835219495760728,0.5121079691384108
14742,1.1184556823090883,-1.058145946714099,-0.3266178644276549,-0.16768729188131876,-1.0558099238821486
14743,1.8684455841762935,-1.058145946714099,-2.075826808408648,-1.9471638881929467,-1.0558099238821486
14744,-0.8831097245849174,1.4312993642702228,1.002285434041543,0.24668909751329784,1.0836642454119152
14745,-0.42451717312471565,1.2544959545938104,0.7419069527631155,0.457567115373851,0.9716701101961609
14746,0.9799225157221524,0.07394609082159041,-0.30985108626812,-1.3785107536966998,-0.990158189445327
14747,0.22993261385494734,-1.058145946714099,-0.7364922289906308,-0.6688728615528973,-1.0558099238821486
14748,-0.8210086499080151,1.0480979277381186,0.7778975820825131,0.9088213112787457,1.3230999827697345
14749,1.3286439350616808,-1.058145946714099,-0.7771964555309335,-0.6688728615528973,-1.0558099238821486
14750,2.556334411366596,-1.058145946714099,-1.5081368223801992,-0.21595962957782017,-1.0558099238821486
14751,2.307930112658987,-0.5571872395918231,-1.421466127188907,-1.3785107536966998,-0.8936115211558837
14752,-0.7541305694867357,-1.058145946714099,-0.6129720701098234,-1.614523128595098,-1.0558099238821486
14753,-0.5439423167341432,-0.5571872395918231,-0.034575230002132425,0.05652066271060163,0.38466636699634565
14754,-0.7493535637423586,0.48966298795922886,0.3813721197095886,0.7791957222855813,1.4389559847170665
14755,-0.9165487647955571,2.110890520920167,1.7256874188456117,1.3404244345531768,1.7517671899748628
14756,-0.8878867303292945,-0.20175138038774237,0.7702865796201122,0.7178293264081053,0.523693569333144
14757,-0.6012663856666685,-1.058145946714099,-0.5580889458064604,-0.6267921989603487,-1.0558099238821486
14758,-0.2716529893046484,0.654643185938614,0.8255445131837548,0.6251737972068488,0.7438199730330748
14759,-0.9404337935174427,-0.20175138038774237,0.4168536650980872,0.6340429977198944,-0.17530430908242553
14760,0.45922888958504826,-1.058145946714099,-1.670998779355187,-1.614523128595098,-1.0558099238821486
14761,-0.6824754833210792,-0.20175138038774237,-0.5125956957056838,-0.5486003891756687,0.43487063450685615
14762,0.2968106942762268,-0.5571872395918231,-0.5631241670503736,-0.32196403698294906,0.3460476996805683
14764,-0.7397995522536044,-1.058145946714099,-0.8551458454619091,-1.4880589811139169,-1.0558099238821486
14765,-0.8210086499080151,-0.20175138038774237,-0.9205375740840184,-0.07890961835600385,-0.4881155143402218
14766,-0.9213257705399343,1.15560189306089,1.402826659303701,1.4518350760667693,1.0411837113645601
14767,1.3047589063397953,-1.058145946714099,-0.6257042636508899,-0.6688728615528973,-1.0558099238821486
14768,-0.8783327188405403,-0.5571872395918231,-1.1196908157856822,-1.7640984679528429,-0.6310045834085979
14769,-0.949987805006197,1.6565606001831652,2.044647871283588,2.4346681221559217,1.7285959895853964
14770,0.14872351620053662,0.8001660338568091,0.9978474813235126,1.0424661878166923,0.566174103380499
14771,2.0069787507632295,-0.5571872395918231,-0.3084924848938861,0.07416420415895746,-0.6116952497507092
14772,-0.42451717312471565,-1.058145946714099,-1.3523338316252083,-1.1954453334565955,-1.0558099238821486
14773,1.8684455841762935,-1.058145946714099,-1.3457253605108435,-1.1172535236719159,-1.0558099238821486
14774,1.562717216536159,-1.058145946714099,-0.9572782081175821,-0.9194058466176699,-1.0558099238821486
14775,-0.6824754833210792,-0.20175138038774237,0.07477728072089501,0.24668909751329784,0.15681622983325944
14776,-0.7159145235317189,1.5110377522649707,1.0117305691592062,0.3891614223084505,0.46962743509105576
14777,0.965591498489021,-1.058145946714099,-0.7832300822843715,-0.7601216003714991,-1.0558099238821486
14778,-0.35286208695905913,-0.5571872395918231,-0.1598054442319556,-0.16768729188131876,-0.3568120454665789
14779,0.3780197919306375,-0.20175138038774237,-0.6194499164020113,-0.037881416532715165,-0.889749654424306
14780,-0.7015835062985876,-0.5571872395918231,-0.512981700821399,-0.3805884749031534,-0.9592632555927052
14782,0.5643230159613445,-1.058145946714099,-1.0922554302631338,-1.4880589811139169,-1.0558099238821486
14783,2.1885049690495593,-1.058145946714099,-0.7838385694415939,-0.7132292345010023,-1.0558099238821486
14784,-0.8353396671411465,-0.20175138038774237,-0.5093709809045671,-0.4115503779538524,0.3460476996805683
14785,-0.9117717590511801,-0.5571872395918231,-1.7722032520058004,-2.183176263091345,-1.0365005902242599
14786,1.667811342912455,-1.058145946714099,-1.657049948212565,-1.3785107536966998,-1.0558099238821486
14787,1.290427889106664,-1.058145946714099,-1.517003987276332,-0.862804573858747,-1.0558099238821486
14788,-0.9261027762843114,-0.20175138038774237,0.1709895685903919,0.18806465959309385,1.218829581017136
14789,-0.8257856556523923,-1.058145946714099,-1.1011398206558096,-1.4880589811139169,-1.0558099238821486
14790,-0.8831097245849174,1.0480979277381186,0.734861995719057,0.3526935049184267,1.6938391890011968
14791,1.9353236645975729,-1.058145946714099,-0.7924827738520686,-0.6267921989603487,-1.0558099238821486
14792,-0.6585904545991936,-1.058145946714099,-3.495746634047149,-2.183176263091345,-1.0558099238821486
14793,-0.859224695863032,-0.5571872395918231,-0.27154624687430595,-0.05813906446410138,0.9291895761488059
14794,-0.949987805006197,1.0480979277381186,0.549395755731193,0.5698454386786636,0.8171954409330516
14795,-0.16655886292835215,-1.058145946714099,-1.3936893430262869,-1.4880589811139169,-1.0558099238821486
14796,-0.954764810750574,2.202452120611942,1.7397905744635946,1.9940216231823635,1.7401815897801296
14797,1.4624000959042398,-1.058145946714099,-0.8003927916254123,-0.7601216003714991,-1.0558099238821486
14798,-0.7111375177873418,0.8001660338568091,-0.1662947562418974,-0.2672508963742018,1.2458626481381798
14799,-0.7159145235317189,-0.5571872395918231,-0.7149982970863155,-0.586765087019821,1.593430653980176
14800,-0.7350225465092273,1.6565606001831652,1.4897058860238122,1.692716266781489,0.4425943679700116
14801,-0.6681444660879479,-1.058145946714099,-1.1319490899102136,0.23242103254119895,-1.0558099238821486
14802,1.1327866995422198,-0.5571872395918231,0.36011464197730875,-2.515817022689194,-1.0558099238821486
14803,-0.18566688590586056,-0.20175138038774237,-0.05472147844124504,-0.14457610000475504,-0.5537672487770433
14804,-0.9213257705399343,-1.058145946714099,-0.6835143681593777,-0.9802035124500996,-1.0558099238821486
14805,-0.8878867303292945,0.654643185938614,0.12344677086653356,0.5979759564957379,1.2844813154539572
14806,-0.6012663856666685,-0.5571872395918231,-0.7929568352418364,-0.7132292345010023,0.34990956641214604
14807,0.9034904238121187,-0.5571872395918231,-0.4274263628040087,-0.10021972705664996,-0.05558644040351582
14808,-0.7732385924642441,0.8001660338568091,0.7877047276488879,1.1620071460508272,-0.5421816485823101
14809,2.0069787507632295,-0.5571872395918231,-0.20466664469155146,-0.6688728615528973,-1.0558099238821486
14810,-0.768461586719867,1.3460575542855853,0.6838108301857181,0.8831819415705221,0.44645623470158935
14811,0.8891594065789875,-1.058145946714099,-1.207184431034402,-0.32196403698294906,-1.0558099238821486
14812,1.897107618642556,-1.058145946714099,-1.1728687238969444,-0.12209817180851448,-1.0558099238821486
14813,0.8031733031801996,0.07394609082159041,-0.018665321947448875,0.7791957222855813,-0.125100041571915
14814,1.8158985209881453,-1.058145946714099,-1.279226071897246,-0.32196403698294906,-1.0558099238821486
14815,-0.7875696096973754,-0.5571872395918231,-0.11428438279448028,0.18806465959309385,-0.9360920552032388
14816,-0.018471684852661967,-1.058145946714099,-0.8720108726697109,-1.7640984679528429,-1.0558099238821486
14817,-0.004140667619530661,0.654643185938614,1.0590955760663645,0.9870131210634252,0.5932071705015431
14818,-0.6108203971554227,0.48966298795922886,0.16926607904748264,0.5887058798168258,1.1609015800434699
14819,-0.6538134488548165,0.07394609082159041,-0.49907189723510176,0.17272976344709118,1.4698509185696884
14820,-0.859224695863032,0.9303406571479473,0.24132109721837108,0.15710275654239486,1.4775746520328439
14821,0.7888422859470683,0.654643185938614,0.21562873834655266,0.3526935049184267,0.14136876290694853
14822,1.3573059695279435,-1.058145946714099,-1.2631750449783146,-1.1954453334565955,-1.0558099238821486
14823,-0.0996807825070727,-0.20175138038774237,-0.7514914214250327,0.23242103254119895,-1.0017437896400603
14824,-0.9117717590511801,1.0480979277381186,1.0704953531441146,0.5602500888610992,1.3655805168170896
14825,-0.9452107992618198,2.062432694683636,1.1881216089175912,1.211470473151452,1.2960669156486904
14826,1.8158985209881453,-0.5571872395918231,-0.621223339604074,-1.1172535236719159,-0.615557116482287
14828,-0.02324869059703907,1.3460575542855853,1.7159902662216984,0.43539298020353107,1.014150644243516
14829,-0.8210086499080151,0.654643185938614,0.33714268454046775,0.4897435161402434,0.5159698358699886
14830,-0.7063605120429647,-1.058145946714099,-1.1336956669162959,-0.05813906446410138,-1.0558099238821486
14831,2.2888220896814784,-0.20175138038774237,0.43896108711451937,0.37718466862099537,-0.8356835201822177
14832,2.0499718024626232,-1.058145946714099,-0.7486761351472662,-2.515817022689194,-1.0558099238821486
14833,1.4194070442048459,-1.058145946714099,-1.6275206339533033,-1.3785107536966998,-1.0558099238821486
14834,-0.8783327188405403,0.654643185938614,0.637002461298905,0.21790042237482501,0.4503181014331671
14835,1.562717216536159,-0.5571872395918231,-0.8083662280839614,-2.515817022689194,-0.7121037847717303
14836,-0.9117717590511801,-0.20175138038774237,-1.5720655596866677,-1.614523128595098,-0.9785725892505938
14837,-0.534388305245389,0.9303406571479473,0.9617849014056238,1.1384985731749109,1.242000781406602
14838,1.0611316133765631,-0.5571872395918231,-0.12227365119450655,0.40096584261492885,0.15295436310168173
14839,1.0372465846546777,-0.20175138038774237,0.002413299705472873,0.3014022381220454,0.04868396134908295
14840,0.3159187172537352,-0.5571872395918231,-0.6645320465509196,-0.586765087019821,-0.005382172893005303
14841,-0.7063605120429647,1.4312993642702228,1.4868570440603748,1.2498335012412511,1.5857069205170204
14842,-0.7541305694867357,0.07394609082159041,0.815327536182182,0.9024861982765124,-0.032415240014049426
14843,1.1232326880534655,-1.058145946714099,-1.051435636717838,-1.1954453334565955,-1.0558099238821486
14844,-0.6585904545991936,1.0480979277381186,1.4388920851550202,1.074023657541187,1.0411837113645601
14845,1.9018846243869332,-1.058145946714099,-1.299075808370274,-2.515817022689194,-1.0558099238821486
14846,1.0802396363540716,-1.058145946714099,-0.5297124127471999,-0.9802035124500996,-1.0558099238821486
14847,-0.25254496632713996,-0.20175138038774237,0.28212285554989835,0.23242103254119895,0.5507266364541882
14848,0.9703685042333982,-1.058145946714099,-0.7762459323084653,-1.0458699940988507,-1.0558099238821486
14849,-0.859224695863032,2.7608870603908318,2.0396759499931307,1.5382721116074227,1.5586738533959763
14850,0.5261069700063277,0.654643185938614,0.47847400834739795,0.9088213112787457,-0.06331017386667129
14851,-0.8496706843742777,-0.20175138038774237,-0.06861648926493562,-0.07890961835600385,1.288343182185535
14852,-0.6824754833210792,1.7233615276208618,1.3747465586178635,1.0424661878166923,1.2072439808224027
14853,-0.8448936786299006,0.2992073267345332,0.29689962588181923,-0.3805884749031534,1.187934647164514
14854,-0.5869353684335371,1.15560189306089,1.1190778719060983,1.133714926635295,1.2922050489171126
14855,-0.39107813291407595,0.654643185938614,1.419008862082557,1.124063132285242,0.840366641322518
14856,-0.7875696096973754,-0.20175138038774237,0.2501891216067915,0.3526935049184267,-0.9785725892505938
14857,-0.6776984775767021,0.654643185938614,1.0006609559026698,1.133714926635295,1.1647634467750476
14858,1.4528460844154856,-1.058145946714099,-1.165283055947014,-1.0458699940988507,-1.0558099238821486
14859,-0.9022177475624259,0.2992073267345332,0.451362268552852,0.15710275654239486,1.0373218446329824
14860,-0.8687787073517862,-1.058145946714099,-1.207942434247711,-1.0458699940988507,-1.0558099238821486
14861,-0.7111375177873418,1.0480979277381186,0.29891895033244725,0.31452880707427483,1.5663975868591318
14862,-0.8401166728855235,-0.5571872395918231,-0.058440164432228756,0.09143627489364367,-0.5808003158980874
14863,-0.8210086499080151,-1.058145946714099,-0.8856037436055804,-1.0458699940988507,-1.0558099238821486
14865,-0.9261027762843114,0.07394609082159041,-1.6449076078028302,-1.7640984679528429,1.7672146569011737
14866,-0.9117717590511801,1.7867352234743035,2.2544211369089684,-0.037881416532715165,0.7206487726436084
14867,-0.0757957537851872,1.5859404542672264,0.8471525233807949,0.37718466862099537,1.0643549117540265
14868,-0.9452107992618198,1.2544959545938104,1.0988307913577533,0.9275383145186272,0.5545885031857659
14869,-0.9213257705399343,0.48966298795922886,0.8033371856688306,1.211470473151452,1.70542478919593
14870,0.2872566827874726,0.48966298795922886,0.5056524202678871,0.020052745320578196,0.5738978368436545
14871,-0.9452107992618198,0.9303406571479473,0.21446691970837753,0.8700553726182927,1.7826621238274847
14872,1.3477519580391892,-0.20175138038774237,-0.07983829345078185,-0.16768729188131876,-0.4765299141454886
14873,0.04362938982424036,-0.5571872395918231,-0.04744237776907088,0.10835219495760728,0.5777597035752322
14874,1.5961562567467986,-1.058145946714099,-1.4821091329801943,-1.4880589811139169,-1.0558099238821486
14875,-0.4484022018466012,-0.20175138038774237,0.8248969369002089,0.5979759564957379,0.2340535644648141
14876,1.5292781763255192,-0.5571872395918231,-0.9132461623367104,-0.9802035124500996,-0.9013352546190392
14877,1.0372465846546777,-0.5571872395918231,-0.5489845919807522,0.24668909751329784,-0.19075177600873644
14878,-0.9022177475624259,2.110890520920167,1.0800451499743307,1.0791672045283927,1.431232251253911
14879,2.307930112658987,-1.058145946714099,-1.1483654747782586,-0.3507527121214226,-1.0558099238821486
14880,-0.5917123741779142,-0.20175138038774237,-0.20065806923447452,0.05652066271060163,-0.24095604351924696
14881,-0.8687787073517862,-1.058145946714099,-0.9168967377657438,-0.7132292345010023,-1.0558099238821486
14882,-0.8353396671411465,1.4312993642702228,0.9795674562093996,-0.21595962957782017,1.2342770479434466
14883,-0.8735557130961633,0.48966298795922886,-0.13011565976951028,-0.05813906446410138,-0.31046964468764615
14884,2.23627502649333,-1.058145946714099,-1.4553828486404214,-1.2818823689972492,-1.0558099238821486
14885,-0.3337540639815507,-0.20175138038774237,0.4043906201410137,-0.4437267787202448,0.2340535644648141
14886,0.24426363108807866,-1.058145946714099,-0.6603960432463896,-0.6688728615528973,-1.0558099238821486
14887,-0.58215836268916,-1.058145946714099,0.5146389774781094,-1.4880589811139169,-1.0558099238821486
14888,0.029298372591109054,-1.058145946714099,-0.6517653697296769,-0.586765087019821,-1.0558099238821486
14889,0.6455321136157552,-1.058145946714099,-1.3698361126933918,-1.1172535236719159,-1.0558099238821486
14890,0.24904063683245575,-0.20175138038774237,-0.07926465988821421,0.21790042237482501,0.5121079691384108
14891,-0.25254496632713996,0.07394609082159041,0.13937768518519628,0.21790042237482501,0.05640769481223841
14892,2.3365921471252493,-1.058145946714099,-1.0842241124712124,-0.9194058466176699,-1.0558099238821486
14893,-0.9165487647955571,-0.20175138038774237,0.49404930458087953,0.6853342645162757,1.2922050489171126
14894,-0.5534963282228974,-0.20175138038774237,0.35521701093705327,-0.05813906446410138,1.462127185106533
14895,-0.9261027762843114,2.611849228042442,2.392476923088379,1.9127981788600892,1.7324578563169741
14896,0.014967355357977748,0.8001660338568091,0.500554051583758,1.031671386584256,0.9871175771224718
14897,-0.9261027762843114,0.8001660338568091,0.8918129871589573,0.6514988276797011,1.7131485226590855
14898,-0.8496706843742777,1.4312993642702228,0.9418315626833899,1.2026961322161416,1.6977010557327745
14899,0.9273754525340043,-1.058145946714099,0.27266635573811265,0.8896672959534744,-1.0558099238821486
14900,1.5340551820698962,-1.058145946714099,-2.969806055546812,-2.515817022689194,-1.0558099238821486
14901,-0.906994753306803,1.2544959545938104,0.5363928227572348,0.7257558910386418,0.8249191743962071
14902,-0.8401166728855235,-0.20175138038774237,0.09148613101291839,0.15710275654239486,0.9832557103908941
14903,-0.859224695863032,0.2992073267345332,0.8077882146466622,1.3697273015336935,-0.06331017386667129
14904,-0.949987805006197,0.07394609082159041,0.4188562501566769,0.8961017842882889,0.5854834370383877
14905,-0.20955191462774606,0.8001660338568091,0.5558250656521848,0.05652066271060163,1.1802109137013586
14906,1.1662257397528595,-1.058145946714099,-1.859805104705972,-2.515817022689194,-1.0558099238821486
14907,-0.9452107992618198,1.5859404542672264,1.3024287181805165,1.0478107868958557,1.257448248332913
14908,-0.6060433914110456,-0.5571872395918231,-0.6274177281895098,-0.862804573858747,0.44645623470158935
14909,1.1280096937978425,-0.20175138038774237,0.3113234714843226,0.3014022381220454,-0.18302804254558097
14910,-0.949987805006197,0.07394609082159041,-0.5347518154760389,-0.4115503779538524,-0.8549928538401064
14911,-0.954764810750574,5.484918302069179,4.161743152109006,3.3508904663851315,1.7903858572906401
14912,-0.8831097245849174,0.48966298795922886,0.5251206671313428,0.038489320235348796,1.5161933193486212
14913,-0.7923466154417526,0.8001660338568091,1.0794483206974035,1.1620071460508272,0.682030105327831
14915,-0.5248342937566348,1.15560189306089,0.4947028217145946,0.3526935049184267,1.4350941179854888
14916,-0.6251514143885539,0.8001660338568091,0.8690341316333062,0.8010741670374462,1.056631178290871
14917,1.8875536071538017,-0.5571872395918231,0.1503840789332605,-0.2941514393624997,-1.0558099238821486
14918,-0.41018615589158436,0.9303406571479473,1.3536553966197757,0.5105140700321456,0.855814108248829
14919,1.615264279724307,-1.058145946714099,-0.6712313938282752,-0.9194058466176699,-1.0558099238821486
14920,0.053183401312994566,-0.20175138038774237,0.4084641992420998,0.6162076636214244,0.307429032364791
14921,-0.816231644163638,-0.5571872395918231,0.2643239953185216,0.5001945244425666,-0.39543071278235625
14922,0.9178214410452501,-0.5571872395918231,-0.05626646715732662,0.12492635577600246,-0.615557116482287
14923,-0.720691529276096,-1.058145946714099,-0.14203595534667834,0.038489320235348796,-1.0558099238821486
14924,0.21082459087743893,-0.20175138038774237,0.014699957050755549,-0.2672508963742018,0.465765568359478
14926,0.8604973721127248,-0.5571872395918231,-0.6711312440467504,-2.183176263091345,-0.21778484312978058
14927,0.9321524582783813,-1.058145946714099,-0.7817344494277397,-0.586765087019821,-1.0558099238821486
14928,2.035640785229492,-1.058145946714099,-1.0114841290306607,-0.5486003891756687,-1.0558099238821486
14929,-0.8066776326748838,-0.5571872395918231,-0.06231596473844394,-0.16768729188131876,0.44645623470158935
14930,-0.44362519610222406,0.48966298795922886,1.260794259523528,1.3177393102307873,0.8673997084435622
14931,-0.9404337935174427,0.2992073267345332,0.23159189838255714,-0.2672508963742018,-0.14440937522980365
14932,0.7840652802026912,-0.5571872395918231,-0.2266499711138832,-0.2941514393624997,-0.9785725892505938
14933,1.1566717282641052,0.07394609082159041,0.4780828346484703,-2.515817022689194,-1.0519480571505708
14934,-0.5726043512004059,0.2992073267345332,0.9707340270411426,0.8153422320095451,0.3344620994858351
14935,0.45922888958504826,-0.5571872395918231,0.8217212117128507,-0.4115503779538524,0.1877111636858813
14936,-0.8019006269305068,1.2544959545938104,1.883560094861326,1.502336744094668,1.0682167784856043
14937,-0.6920294948098333,-0.20175138038774237,0.4150367908332135,-0.1914684658752519,-0.7700317857453963
14938,1.7251354118449804,-0.5571872395918231,0.674059689581582,0.4240770344914922,-1.0558099238821486
14940,1.0324695789103004,-0.5571872395918231,-0.3893653737901486,-0.21595962957782017,0.1645399632964149
14941,1.801567503755014,-1.058145946714099,-1.159941275277531,-1.3785107536966998,-1.0558099238821486
14942,0.9560374870002669,0.07394609082159041,-0.14448437329575892,-0.9802035124500996,0.2108823640753477
14943,2.2076129920270677,-1.058145946714099,-1.5368639909310942,-1.614523128595098,-1.0558099238821486
14944,-0.8210086499080151,1.7867352234743035,1.711960012295697,1.1982735174240835,1.3810279837434005
14945,1.0133615559327922,-1.058145946714099,-1.1706646624923156,-1.0458699940988507,-1.0558099238821486
14946,-0.8926637360736717,-1.058145946714099,-1.5829626334632856,-1.9471638881929467,-1.0558099238821486
14947,-0.6155974028997997,0.48966298795922886,0.10128629660339473,0.09143627489364367,1.0759405119487597
14948,-0.8496706843742777,0.48966298795922886,0.13626924535718232,0.23242103254119895,-0.29888404449291295
14949,1.2808738776179098,0.07394609082159041,-0.41207222042368025,-0.7601216003714991,-0.08261950752455995
14950,-0.8687787073517862,-1.058145946714099,-0.6478761924914912,-0.6267921989603487,-1.0558099238821486
14951,-0.58215836268916,-1.058145946714099,-0.7736326578783906,-0.586765087019821,-1.0558099238821486
14952,-0.6776984775767021,2.4054512011867506,2.136903073202696,1.4152191667836551,1.5586738533959763
14953,-0.8401166728855235,0.07394609082159041,0.045263248153421705,1.274447139088575,0.5275554360647218
14954,-0.9022177475624259,-0.5571872395918231,-0.4901168396284115,0.7865535568710715,1.6127399876380644
14955,2.5372263883890875,-1.058145946714099,-1.2360812201027767,-0.2672508963742018,-1.0558099238821486
14956,1.051577601887809,-1.058145946714099,0.2692016280726563,-1.7640984679528429,-1.0558099238821486
14957,0.24904063683245575,-0.5571872395918231,-0.8994025456127255,-0.3507527121214226,0.4541799681647448
14958,-0.2573219720715171,0.48966298795922886,0.023154121370509477,0.17272976344709118,1.218829581017136
14959,-0.6538134488548165,0.07394609082159041,-0.1956344011123212,-0.10021972705664996,-0.1598568421561146
14960,-0.9213257705399343,-0.5571872395918231,-1.0200071047873462,-0.47721685960260357,-0.42632564663497813
14961,-0.9117717590511801,1.9594133665673954,2.085176141975476,1.670575380230482,1.7440434565117073
14962,0.3302497344868665,0.07394609082159041,-0.6562443632979799,-0.862804573858747,0.15681622983325944
14963,-0.9165487647955571,1.2544959545938104,0.8879032321762103,1.6084339089262203,0.9369133096119614
14964,0.22037860236619314,-1.058145946714099,-1.0706507289939124,-0.9194058466176699,-1.0558099238821486
14965,-0.5009492650347493,-0.5571872395918231,-0.3067131924010303,0.5207054191909427,-1.0558099238821486
14966,-0.8926637360736717,0.48966298795922886,0.1111584984758095,0.8831819415705221,1.6861154555380413
14967,-0.7254685350204731,0.48966298795922886,0.5599195799383051,-0.5121324717856456,1.5972925207117536
14968,-0.816231644163638,-0.5571872395918231,-0.43158231482853787,0.5505411819726732,0.5970690372331209
14969,2.398693221802152,-1.058145946714099,-0.004751575787669222,-0.9194058466176699,-1.0558099238821486
14970,-0.6347054258773082,1.2544959545938104,1.2156737539199214,0.4240770344914922,1.242000781406602
14971,-0.7923466154417526,-0.20175138038774237,0.13365328854301173,0.9984076522496489,-1.0249149900295267
14972,-0.348085081214682,-0.5571872395918231,-1.3230361303282367,-0.586765087019821,-0.07875764079298221
14973,-0.4484022018466012,-0.20175138038774237,0.2634355963568493,-0.2941514393624997,-0.600109649555976
14974,-0.7827926039529983,-1.058145946714099,-1.6651010556281787,-0.7132292345010023,-1.0558099238821486
14975,-0.6872524890654563,-0.5571872395918231,-0.47428468266668933,-0.4115503779538524,0.34990956641214604
14976,-0.6872524890654563,0.654643185938614,-0.10292861806253187,0.09143627489364367,-0.0169677730877385
14977,2.503787348178448,-1.058145946714099,-2.39834695413915,-1.7640984679528429,-1.0558099238821486
14978,-0.6155974028997997,1.0480979277381186,0.8852694567878643,1.1573590143130723,0.9446370430751168
14979,2.5515574056222188,-1.058145946714099,-0.5425702325452904,0.0011923041824166546,-1.0558099238821486
14980,2.561111417110973,-1.058145946714099,-1.2958324826186909,-0.4437267787202448,-1.0558099238821486
14981,0.21560159662181605,-0.5571872395918231,-0.6445481781670107,-0.586765087019821,-0.37225951239288985
14982,1.7729054692887514,-1.058145946714099,-0.9682881859040015,-0.05813906446410138,-1.0558099238821486
14983,2.3318151413808725,-1.058145946714099,-1.1556177529364098,-0.2672508963742018,-1.0558099238821486
14984,-0.8687787073517862,0.48966298795922886,0.23321302891860873,0.10835219495760728,1.562535720127554
14985,-0.013694679108284865,-0.5571872395918231,-0.8205555820527988,0.5001945244425666,-0.43791124682971133
14986,0.8366123433908393,-0.5571872395918231,-0.34773932407333197,0.5887058798168258,0.13364502944379306
14987,-0.8878867303292945,0.8001660338568091,0.38263857751905705,-1.7640984679528429,1.7324578563169741
14988,0.048406395568617464,0.654643185938614,0.5800296122625055,1.1384985731749109,0.4541799681647448
14989,2.1980589805383133,-1.058145946714099,-0.7060090208954278,-0.6688728615528973,-1.0558099238821486
14990,1.9639856990638354,-0.5571872395918231,-0.7912043610660813,-0.0181119525235737,-0.600109649555976
14991,1.0945706535872028,-1.058145946714099,-0.7667860470709653,-0.5486003891756687,-1.0558099238821486
14992,1.151894722519728,-1.058145946714099,-1.0558588342207242,-0.3507527121214226,-1.0558099238821486
14993,1.7299124175893574,-1.058145946714099,-2.3116976892145256,-1.1954453334565955,-1.0558099238821486
14994,0.8652743778571019,0.2992073267345332,0.026765739112429455,1.3910374102343395,-0.125100041571915
14995,-0.7780155982086212,-0.5571872395918231,-0.9860379838630009,0.18806465959309385,-0.12123817484033726
14996,1.338197946550435,-0.5571872395918231,-0.5217055561699085,-0.10021972705664996,-1.0558099238821486
14997,-0.7397995522536044,0.07394609082159041,-0.11604596114414373,-0.12209817180851448,1.2960669156486904
14998,-0.14745083995084374,0.07394609082159041,-0.13812036545335998,0.7865535568710715,0.624102104354165
14999,1.8684455841762935,-1.058145946714099,-1.4045061446235998,-1.1954453334565955,-1.0558099238821486
15000,-0.7350225465092273,-1.058145946714099,-0.4471561212520816,0.47915765239960845,-1.0558099238821486
15001,0.9225984467896272,-0.5571872395918231,-1.0958177178634325,0.038489320235348796,-1.0558099238821486
15002,-0.41018615589158436,0.9303406571479473,1.090865003468155,1.3441450443638419,1.187934647164514
15003,1.2999819005954183,0.48966298795922886,0.08547973612317514,1.4583204304497215,-0.24867977698240243
15004,-0.2573219720715171,-1.058145946714099,0.21010813908136491,1.0531207928583965,-1.0558099238821486
15005,-0.8878867303292945,3.0807148010694942,1.9577613727358116,2.152514366176474,1.7363197230485519
15006,-0.7159145235317189,-0.5571872395918231,-0.13373105422551698,1.1093691324834083,0.4966605022120999
15007,-0.19999790313899185,-1.058145946714099,-1.2667772465973335,-0.9802035124500996,-1.0558099238821486
15008,1.333420940806058,-0.5571872395918231,-0.6699305292439316,-1.4880589811139169,-0.4494968470244445
15009,-0.9022177475624259,-0.20175138038774237,0.23259479378155024,1.0207326504320022,-1.005605656371638
15010,-0.7923466154417526,-1.058145946714099,-0.7800089782233367,-0.586765087019821,-1.0558099238821486
15011,0.9273754525340043,-0.5571872395918231,-0.5647988862505112,-0.7132292345010023,-0.974710722519016
15012,-0.7063605120429647,-0.20175138038774237,-0.2484758308441032,1.1093691324834083,0.9639463767330054
15013,1.3668599810166977,1.0480979277381186,0.41010065089752745,1.1666290909919852,-0.32205524488237935
15014,-0.7541305694867357,-0.5571872395918231,-0.9105342484521184,-0.2941514393624997,-0.5421816485823101
15015,1.433738061437977,1.3460575542855853,0.6840988878317544,1.074023657541187,-0.19075177600873644
15016,-0.13789682846208953,0.2992073267345332,-0.2773380700690196,0.6428173386552047,0.3769426335331902
15017,-0.8019006269305068,-1.058145946714099,-1.4264103791519775,-0.586765087019821,-1.0558099238821486
15018,-0.7780155982086212,-0.20175138038774237,-0.43884797751789395,-0.2672508963742018,0.21474423080692542
15019,0.3111417115093581,-1.058145946714099,-0.9242253067530272,0.34016817678249833,-1.0558099238821486
15020,0.8509433606239707,-1.058145946714099,-1.0981300022947045,-0.3507527121214226,-1.0558099238821486
15021,-0.9213257705399343,1.2544959545938104,0.7273898913740324,1.7352822254882323,0.8365047745909403
15022,-0.906994753306803,0.2992073267345332,0.1565761842669161,0.8153422320095451,1.5161933193486212
15023,-0.9452107992618198,1.8470162614078611,1.8334657077186993,1.9923387650392004,1.53550265300651
15024,-0.9165487647955571,1.5859404542672264,0.9821549819701025,1.124063132285242,0.5468647697226104
15025,-0.8019006269305068,-0.5571872395918231,0.05152396527586865,0.9275383145186272,1.0102887775119382
15026,-0.5773813569447829,0.2992073267345332,0.10066778580306807,0.7717713000569296,0.365357033338457
15027,-0.816231644163638,1.0480979277381186,0.9043545008489171,0.40096584261492885,1.2381389146750243
15028,-0.9213257705399343,0.48966298795922886,0.039015151936912296,0.3526935049184267,0.43487063450685615
15029,1.9974247392744753,-1.058145946714099,-0.6598042988089438,-1.1172535236719159,-1.0558099238821486
15030,-0.6203744086441768,0.8001660338568091,0.5589363889925575,-0.4115503779538524,1.1609015800434699
15031,-0.9404337935174427,1.4312993642702228,0.8831215434398398,1.4049427101962726,1.7517671899748628
15032,0.26337165406558705,0.8001660338568091,1.7971216381872013,-0.05813906446410138,0.7708530401541188
15033,-0.9404337935174427,1.0480979277381186,0.743536885224338,1.6375007934350612,0.1992967638806145
15034,-0.8878867303292945,1.4312993642702228,1.5871803864241965,1.8650318922069538,1.114559179264537
15035,-0.534388305245389,-1.058145946714099,-0.924452860697201,-0.3805884749031534,-1.0558099238821486
15036,-0.6155974028997997,-0.20175138038774237,-0.5427378620830231,0.7567177940893411,-0.6425901836033311
15037,0.8366123433908393,-0.5571872395918231,-0.5981216452940835,-0.037881416532715165,-1.0558099238821486
15038,-0.6824754833210792,0.9303406571479473,0.1648574959733141,1.2244584972993122,0.36149516660687925
15039,-0.9165487647955571,3.698773764039586,2.7126245578151478,2.111308478563333,1.7247341228538187
15040,1.624818291213061,-1.058145946714099,-3.3767833682550847,-2.515817022689194,-1.0558099238821486
15041,-0.14745083995084374,-0.5571872395918231,-0.8270141195894662,0.6853342645162757,0.002341560570150162
15042,-0.008917673363907763,-0.5571872395918231,-0.7650046532402913,-1.1954453334565955,0.4734893018226335
15043,-0.8114546384192609,0.48966298795922886,0.8268907199146268,-0.05813906446410138,0.8828471753698731
15044,-0.8687787073517862,2.5129551665095216,2.0679954302582804,1.7095331115410488,1.662944255148575
15045,-0.23821394909400867,-0.5571872395918231,-0.15508668769463027,-1.0458699940988507,-0.6464520503349088
15046,-0.9165487647955571,2.110890520920167,1.5318532251728048,1.4420098920812565,1.5895687872485982
15047,0.3254727287424894,-1.058145946714099,-0.7034491157386451,-0.5121324717856456,-1.0558099238821486
15048,-0.6490364431104395,0.07394609082159041,-0.6291163734871101,0.5793298571111467,0.1143356957859044
15049,0.3445807517199978,-1.058145946714099,-1.4520071781896398,-1.9471638881929467,-1.0558099238821486
15050,-0.8401166728855235,0.2992073267345332,1.0819350973735073,0.8223842757380923,0.7013394389857197
15051,-0.8496706843742777,0.9303406571479473,1.053065631738035,1.3661211723993998,1.70542478919593
15052,0.5643230159613445,-1.058145946714099,-1.0653750363513126,-0.3507527121214226,-1.0558099238821486
15053,-0.9404337935174427,-0.20175138038774237,-0.19715964577349046,0.12492635577600246,0.013927160764883359
15054,-0.9022177475624259,-0.5571872395918231,-0.7961172876774191,0.7413828979433381,-0.947677655397972
15055,1.3047589063397953,-0.20175138038774237,-0.36585371204091643,0.4897435161402434,-0.09420510771929315
15056,1.524501170581142,-1.058145946714099,-1.4978646543901486,-1.4880589811139169,-1.0558099238821486
15057,0.354134763208752,0.2992073267345332,0.9178574053294248,0.31452880707427483,0.7167869059120306
15058,-0.8401166728855235,1.5859404542672264,0.9464539169628794,1.3875239442341725,1.3694423835486673
15059,-0.768461586719867,1.7867352234743035,0.968196112709748,1.6191232205022015,1.6204637211012198
15060,-0.9213257705399343,0.07394609082159041,-0.8150583325200722,0.5307717179635321,-1.0519480571505708
15061,-0.9452107992618198,4.08022145124404,3.558727314341537,0.921346639414674,1.7826621238274847
15062,-0.6203744086441768,0.8001660338568091,0.7515173865025383,0.6853342645162757,1.0257362444382492
15063,0.05796040705737167,-1.058145946714099,-0.6486523533718503,-1.614523128595098,-1.0558099238821486
15064,0.9990305386996609,0.07394609082159041,0.2297141740712629,0.46843340743959727,0.12978316271221532
15065,-0.7827926039529983,0.2992073267345332,0.9334021561024151,1.0636387966331442,0.38466636699634565
15066,-0.7063605120429647,-1.058145946714099,-0.01487919694307019,0.0011923041824166546,-1.0558099238821486
15067,-0.5869353684335371,0.2992073267345332,1.0412019171229436,1.133714926635295,0.9871175771224718
15068,-0.7397995522536044,0.07394609082159041,0.18248602115429338,1.1712251425483466,1.1647634467750476
15069,-0.1044577882514498,-1.058145946714099,0.14119994570571495,0.4126028186801636,-1.0558099238821486
15070,0.8175043204133309,-0.20175138038774237,-0.1537259545735463,-0.3805884749031534,0.3035671656332133
15071,-0.5152802822678806,0.07394609082159041,0.3369890737373303,-0.0181119525235737,0.7863005070804298
15072,1.3286439350616808,-1.058145946714099,-1.1388843160382969,-0.9194058466176699,-1.0558099238821486
15073,-0.9165487647955571,0.8001660338568091,0.8058987799586618,0.8153422320095451,1.5393645197380876
15074,-0.45795621333535536,-0.20175138038774237,0.38379135566976746,0.32744864979204164,0.3421858329489906
15075,-0.5917123741779142,-1.058145946714099,-0.11936754688015387,-0.3507527121214226,-1.0558099238821486
15076,-0.13789682846208953,-0.20175138038774237,0.3331032645565619,0.3891614223084505,0.2958434321700578
15077,1.4002990212273374,-0.5571872395918231,0.7061580368088637,-0.32196403698294906,-0.14440937522980365
15078,-0.9261027762843114,3.0139138736317976,2.122737278433973,0.8362895757000253,1.7556290567064405
15079,0.053183401312994566,1.15560189306089,0.995415229872296,0.8431548296299944,0.9484989098066945
15080,1.0802396363540716,-0.5571872395918231,-0.3696293857509007,-0.24120448470420522,-0.7700317857453963
15081,-0.8544476901186548,1.2544959545938104,0.5117544274023178,0.46843340743959727,0.9253277094172282
15082,2.231498020748953,-1.058145946714099,-1.638529554640658,-1.4880589811139169,-1.0558099238821486
15083,0.26337165406558705,-1.058145946714099,-1.6790460148659092,-1.614523128595098,-1.0558099238821486
15084,0.8509433606239707,-0.5571872395918231,0.04070553245509584,-0.24120448470420522,-0.028553373282471695
15085,2.5228953711559563,-1.058145946714099,-0.6952847611928664,-1.1954453334565955,-1.0558099238821486
15086,1.7346894233337347,-0.5571872395918231,-1.0289606508411093,-1.1172535236719159,-0.8202360532559068
15087,0.3827967976750146,-1.058145946714099,-0.7846819378281575,-0.8098576192004525,-1.0558099238821486
15088,-0.859224695863032,-0.5571872395918231,0.17332469181824742,0.18806465959309385,-0.8781640542295728
15089,-0.9117717590511801,0.48966298795922886,0.7040033734392156,0.9696189771111754,-0.600109649555976
15090,0.5117759527731964,-1.058145946714099,-0.6285119526444382,-0.47721685960260357,-1.0558099238821486
15091,-0.6394824316216853,-0.20175138038774237,0.09909851570023015,0.21790042237482501,1.288343182185535
15092,0.06751441854612587,-0.20175138038774237,-0.11617593186830734,-0.05813906446410138,-0.1019288411824486
15093,-0.8735557130961633,2.0119964593872464,1.955016946300343,0.7336066022127771,1.6977010557327745
15094,1.2522118431516471,-0.5571872395918231,-1.7224021586833531,-1.7640984679528429,-0.3568120454665789
15095,-0.4675102248241096,1.0480979277381186,0.8920656891860207,0.6162076636214244,1.1995202473592472
15096,-0.7589075752311129,-1.058145946714099,-1.026138436788137,-1.0458699940988507,-1.0558099238821486
15097,-0.9404337935174427,-0.20175138038774237,-0.003066784213395524,0.27450169513374717,1.1802109137013586
15098,-0.09012677101831851,-0.20175138038774237,2.7267771103018323,-2.515817022689194,-1.0558099238821486
15099,-0.5582733339672745,-1.058145946714099,-0.5754557036400503,-0.47721685960260357,-1.0558099238821486
15100,0.6312010963826239,0.654643185938614,0.6329817740960904,-1.0458699940988507,0.365357033338457
15101,-0.9213257705399343,0.48966298795922886,0.3479956200231295,0.17272976344709118,1.1917965138960918
15102,1.5722712280249131,-0.5571872395918231,-0.35860787397438487,-0.3805884749031534,-0.9940200561769047
15103,-0.8114546384192609,-0.5571872395918231,-0.18745126314223223,-0.14457610000475504,-0.8434072536453732
15104,-0.02324869059703907,-0.5571872395918231,0.06157323968486055,0.36503047510217346,-0.7236893849664635
15105,-0.8735557130961633,0.9303406571479473,0.8812517257761537,0.9088213112787457,1.2922050489171126
15106,-0.8783327188405403,0.2992073267345332,0.32042682920865123,0.6162076636214244,-0.08261950752455995
15107,0.5261069700063277,0.9303406571479473,-0.07302832297174973,-0.21595962957782017,-0.515148581461266
15108,-0.28598400653777967,0.07394609082159041,0.25560123994073103,0.14117229372259663,-0.7236893849664635
15109,0.21082459087743893,-0.20175138038774237,0.05395591624296897,0.07416420415895746,0.8365047745909403
15110,-0.8496706843742777,0.48966298795922886,0.36149077509251204,-0.47721685960260357,0.7283725061067639
15111,-0.8210086499080151,0.2992073267345332,0.7103920356523087,0.7717713000569296,1.1184210459961148
15112,1.9592086933194583,-1.058145946714099,-1.0596228271255945,-1.3785107536966998,-1.0558099238821486
15113,-0.9165487647955571,-0.20175138038774237,0.9719544099234448,0.4897435161402434,-0.8820259209611505
15114,-0.816231644163638,1.2544959545938104,0.9491202358985995,1.0370865419358446,0.4541799681647448
15115,-0.8735557130961633,-0.5571872395918231,-0.38887753207276643,-0.14457610000475504,1.7015629224643523
15116,-0.8783327188405403,0.07394609082159041,0.2841518928639713,-0.10021972705664996,-0.33364084507711256
15117,-0.8926637360736717,0.8001660338568091,0.7231589396673139,0.607142454731596,1.3385474496960454
15118,-0.3194230467484194,-1.058145946714099,-0.9473727623967041,-2.515817022689194,-1.0558099238821486
15119,0.21082459087743893,-1.058145946714099,-0.8865748874762128,-0.862804573858747,-1.0558099238821486
15120,-0.3242000524927965,-1.058145946714099,-0.6722938366685367,-0.5486003891756687,-1.0558099238821486
15121,-0.720691529276096,-0.5571872395918231,-0.49700756716421807,-0.32196403698294906,-0.13668564176664819
15122,-0.4149631616359615,1.15560189306089,1.149328711444654,1.0583966506364906,0.8944327755646063
15123,-0.9261027762843114,0.2992073267345332,1.175993557455193,1.0262202498700983,1.3617186500855119
15124,-0.8544476901186548,0.07394609082159041,-0.5079477108809458,-0.2672508963742018,1.373304250280245
15125,-0.8401166728855235,2.062432694683636,2.111719958466317,1.0370865419358446,1.2342770479434466
15126,1.6009332624911756,-0.5571872395918231,-0.51007565802925,-0.4115503779538524,-0.4726680474139109
15127,-0.6490364431104395,-0.5571872395918231,-0.17915720843488858,-0.3507527121214226,0.697477572254142
15128,-0.672921471832325,0.2992073267345332,0.48363714603500196,0.5887058798168258,0.37308076680161245
15129,-0.720691529276096,2.0119964593872464,1.4556819147515407,0.5793298571111467,1.1068354458013816
15130,-0.15222784569522083,-1.058145946714099,-0.7323163168155816,-0.5121324717856456,-1.0558099238821486
15131,0.9225984467896272,-1.058145946714099,-1.7461624884249158,-1.3785107536966998,-1.0558099238821486
15132,-0.8735557130961633,0.2992073267345332,0.050153766099829925,0.12492635577600246,-0.11351444137718181
15133,-0.35286208695905913,0.2992073267345332,0.49296810903684374,0.05652066271060163,0.4619037016279003
15134,-0.8926637360736717,1.0480979277381186,0.4035641002519293,0.09143627489364367,0.5198317026015663
15135,0.18216255641117632,-0.5571872395918231,-0.7876415112429535,-0.7132292345010023,0.16840183002799264
15136,-0.949987805006197,0.07394609082159041,0.24804537389494646,0.3014022381220454,-0.6927944511138416
15137,1.524501170581142,-0.5571872395918231,-0.07385964668446099,-0.16768729188131876,-0.43791124682971133
15138,0.9178214410452501,-1.058145946714099,-0.4297450130432403,-0.24120448470420522,-1.0558099238821486
15139,0.18216255641117632,-0.5571872395918231,-1.1724273728901122,-0.9194058466176699,-0.6812088509191084
15140,-0.7111375177873418,0.8001660338568091,0.9151329095219589,0.7257558910386418,0.4503181014331671
15141,1.2235498086853847,0.654643185938614,0.30295112068362245,0.038489320235348796,-0.4224637799034004
15142,-0.7397995522536044,0.48966298795922886,0.7610263337542348,0.8153422320095451,0.697477572254142
15143,0.1152844759898969,-0.5571872395918231,-0.34706144771816294,-0.3507527121214226,-0.25640351044555787
15144,-0.9213257705399343,2.2876939305965793,1.8688428293333181,1.2622326247684965,1.7170103893906632
15145,-0.9404337935174427,0.07394609082159041,0.1945572241200791,0.2031181655606824,-0.11351444137718181
15146,-0.17611287441710635,-0.5571872395918231,0.2703765023609046,0.6162076636214244,-0.5653528489717765
15147,0.18693956215555343,-1.058145946714099,-0.2743149747663496,-0.32196403698294906,-1.0558099238821486
15148,-0.9117717590511801,-1.058145946714099,-0.798048876516806,-0.586765087019821,-1.0558099238821486
15149,-0.3242000524927965,0.2992073267345332,0.3844784277809108,0.31452880707427483,0.9369133096119614
15150,-0.8783327188405403,1.3460575542855853,1.649855793455587,2.007361641610787,0.9755319769277386
15151,1.0611316133765631,-0.5571872395918231,0.5964602682152235,0.23242103254119895,-0.7236893849664635
15152,-0.9165487647955571,1.4312993642702228,1.26451937496152,1.3215639934150147,1.616601854369642
15153,-0.8114546384192609,-1.058145946714099,-0.7341935811260664,-0.5121324717856456,-1.0558099238821486
15154,-0.6012663856666685,-0.20175138038774237,0.27932089962760165,1.114296432923324,0.5005223689436776
15155,0.870051383601479,-1.058145946714099,-0.6235259475851525,-0.4437267787202448,-1.0558099238821486
15156,-0.954764810750574,-0.20175138038774237,0.037928527409703316,0.15710275654239486,-0.9322301884716611
15157,-0.9452107992618198,0.2992073267345332,0.7703817383876834,1.0424661878166923,1.747905323243285
15158,-0.7445765579979815,-0.5571872395918231,-0.294807419804074,-1.0458699940988507,0.3190146325595242
15159,-0.954764810750574,2.478149591821275,2.3005834819938147,1.8591084508987932,0.6047927706962763
15160,0.7458492342476744,0.07394609082159041,-0.3150054233410216,-0.7132292345010023,-0.8086504530611736
15161,0.8939364123233645,-1.058145946714099,-1.4594307241126334,-0.1914684658752519,-1.0558099238821486
15162,2.5324493826447103,-1.058145946714099,-0.7708448226425941,-0.9802035124500996,-1.0558099238821486
15163,-0.8735557130961633,-0.5571872395918231,-0.7904951088645281,-0.2941514393624997,-0.38384511258762305
15164,-0.6347054258773082,0.9303406571479473,0.5762898485671359,1.4253684886861164,1.346271183159201
15165,0.822281326157708,-1.058145946714099,-0.45123555482263517,-0.3507527121214226,-1.0558099238821486
15166,1.2713198661291556,-1.058145946714099,-1.2213809122596118,-0.9802035124500996,-1.0558099238821486
15167,0.5691000217057216,0.2992073267345332,0.4175853412969539,1.48688632403703,0.307429032364791
15168,-0.8401166728855235,-1.058145946714099,-1.5439427720782353,-1.614523128595098,-1.0558099238821486
15169,0.8652743778571019,-0.5571872395918231,-0.3399502703563226,0.26071325195673184,0.2726722317805914
15170,0.9799225157221524,-1.058145946714099,-1.7384772697994424,-1.7640984679528429,-1.0558099238821486
15171,0.6216470848938698,-1.058145946714099,0.24961323017632978,-1.614523128595098,-1.0558099238821486
15172,-0.9213257705399343,0.2992073267345332,0.41600132538586626,0.7490861757345402,-0.17530430908242553
15173,0.8557203663683477,0.654643185938614,0.35608144575694206,0.3891614223084505,-0.14054750849822592
15174,0.5786540331944758,-0.5571872395918231,-0.46058548191623294,-0.16768729188131876,-0.715965651503308
15175,-0.6203744086441768,-1.058145946714099,-1.0107463407370654,-0.47721685960260357,-1.0558099238821486
15176,2.226721015004576,-1.058145946714099,0.05757030287887483,0.17272976344709118,-1.0558099238821486
15177,1.0706856248653174,-1.058145946714099,0.02844702283166641,-0.3805884749031534,-1.0558099238821486
15178,0.28247967704309546,-1.058145946714099,-2.231381044130436,-1.9471638881929467,-1.0558099238821486
15179,-0.8735557130961633,1.3460575542855853,1.5192600378454186,1.3624991221135656,1.7170103893906632
15180,0.7936192916914454,-0.20175138038774237,-0.0795470071344643,0.07416420415895746,-0.1984755094718919
15181,-0.6442594373660624,0.2992073267345332,0.19785178381801913,-0.8098576192004525,1.5123314526170435
15182,-0.22388293186087738,1.15560189306089,0.8585240102621227,0.5001945244425666,0.8828471753698731
15183,1.6534803256793238,-0.20175138038774237,-0.2555698430983425,-0.1914684658752519,-0.9129208548137724
15184,-0.8210086499080151,0.07394609082159041,-0.2061059443459302,0.43539298020353107,1.6243255878327976
15185,-0.6251514143885539,-1.058145946714099,-0.7761069362781529,-0.5486003891756687,-1.0558099238821486
15186,-0.8926637360736717,0.2992073267345332,0.3105630775660154,-0.2941514393624997,1.577983187053865
15187,-0.954764810750574,1.5859404542672264,1.1945097510038374,0.3014022381220454,-0.24095604351924696
15188,2.503787348178448,-1.058145946714099,-0.7765471822250167,-0.47721685960260357,-1.0558099238821486
15189,-0.954764810750574,2.842379197713229,2.132592500049901,0.6162076636214244,0.9060183757593395
15190,1.1136786765647113,-1.058145946714099,-0.06425737689973612,-0.037881416532715165,-1.0558099238821486
15191,1.2522118431516471,-0.20175138038774237,-0.3164988812051317,-0.1914684658752519,-0.1868899092771587
15192,-0.39107813291407595,0.2992073267345332,0.43456746357479287,0.23242103254119895,1.1068354458013816
15193,-0.672921471832325,-1.058145946714099,-0.4343470659232629,-0.6267921989603487,-1.0558099238821486
15194,-0.9452107992618198,2.245808014503504,1.8605582389225326,1.5234898547932807,1.7749383903643292
15195,-0.949987805006197,-1.058145946714099,1.0408506200333543,-2.515817022689194,-1.0558099238821486
15196,1.104124665075957,-0.5571872395918231,-0.7690075208572966,-0.16768729188131876,0.0795788952017048
15197,-0.9117717590511801,0.48966298795922886,0.5206235347491603,0.038489320235348796,1.7170103893906632
15198,-0.5200572880122577,0.2992073267345332,-0.33725897140595273,-0.32196403698294906,1.2497245148697576
15199,-0.6776984775767021,1.0480979277381186,0.8876328913831469,-0.7132292345010023,0.9369133096119614
15200,1.4002990212273374,-1.058145946714099,-0.3659455670606158,-0.2672508963742018,-1.0558099238821486
15201,-0.5439423167341432,0.654643185938614,0.5072199543113928,0.038489320235348796,0.9678082434645832
15202,1.046800596143432,-0.20175138038774237,1.3591696548392926,-2.515817022689194,-1.0558099238821486
15203,-0.8401166728855235,1.5110377522649707,1.1351847212505064,1.031671386584256,1.6706679886117304
15204,0.7458492342476744,-1.058145946714099,-0.7624316890139485,-1.1954453334565955,-1.0558099238821486
15205,-0.5534963282228974,-0.5571872395918231,-0.24073335130654736,-0.10021972705664996,-0.8936115211558837
15206,-0.9117717590511801,0.07394609082159041,-0.5584315322149721,-1.9471638881929467,-0.032415240014049426
15207,1.0276925731659234,-0.20175138038774237,-0.2076535008338735,-0.6267921989603487,-0.5499053820454656
15208,-0.954764810750574,0.48966298795922886,0.04466910082447257,-0.3507527121214226,0.5738978368436545
15209,2.527672376900333,-1.058145946714099,-1.172347156237345,-0.9194058466176699,-1.0558099238821486
15210,0.1152844759898969,-0.20175138038774237,0.18327745727593187,0.36503047510217346,0.2958434321700578
15211,-0.672921471832325,-0.5571872395918231,-0.014217855857330713,0.17272976344709118,0.12205942924905985
15212,0.19171656789993052,-0.5571872395918231,-1.0634755292526596,-1.3785107536966998,-0.5344579151191546
15213,0.5595460102169674,-0.5571872395918231,-0.7361634022219712,-0.5121324717856456,-1.0133293898347935
15214,-0.954764810750574,0.8001660338568091,0.43242137269299646,0.7717713000569296,-0.125100041571915
15215,-0.7397995522536044,0.654643185938614,0.7044771175337247,0.5698454386786636,1.130006646190848
15216,-0.5439423167341432,-0.5571872395918231,-0.4536913635770296,-0.4437267787202448,0.9948413105856273
15217,1.7299124175893574,-1.058145946714099,-0.5483253791489705,-0.32196403698294906,-1.0558099238821486
15218,-0.9117717590511801,1.9594133665673954,1.8265872947618962,0.9696189771111754,1.5393645197380876
15219,-0.11878880548458111,-0.5571872395918231,-0.2060428491957614,-0.3805884749031534,0.7669911734225411
15220,-0.7159145235317189,0.48966298795922886,0.48172557153472884,0.7791957222855813,-0.1714424423508478
15221,0.7888422859470683,0.07394609082159041,0.5883161801722981,-0.5486003891756687,-0.009244039624583035
15222,0.5595460102169674,1.15560189306089,0.9804337054554302,0.6853342645162757,0.5082461024068331
15223,0.1152844759898969,0.2992073267345332,0.31810577471584384,-0.3805884749031534,0.9098802424909173
15224,0.7506262399920515,0.2992073267345332,-0.03304283209807086,-0.4437267787202448,0.23791543119639183
15225,0.15827752768929082,-1.058145946714099,-0.5773527600517725,-0.47721685960260357,-1.0558099238821486
15226,0.5213299642619506,-1.058145946714099,-1.2782965378698996,-1.2818823689972492,-1.0558099238821486
15227,-0.7875696096973754,0.9303406571479473,0.7238899856797114,0.5793298571111467,1.2497245148697576
15228,-0.6442594373660624,0.48966298795922886,1.3066507559022433,1.1982735174240835,0.6163783708910096
15229,1.8397835497100308,-1.058145946714099,-1.2505505961563006,-1.1954453334565955,-1.0558099238821486
15230,0.18216255641117632,-0.5571872395918231,-0.5426708055964509,-0.47721685960260357,-1.0519480571505708
15231,2.0069787507632295,-1.058145946714099,-0.9315141221269281,-0.862804573858747,-1.0558099238821486
15232,-0.41974016738033854,-0.5571872395918231,-0.2876605342001679,-0.3805884749031534,-0.9515395221295497
15233,0.9560374870002669,-1.058145946714099,-1.9604815342819604,-2.515817022689194,-1.0558099238821486
15234,0.3589117689531291,-1.058145946714099,-1.1034692443770775,-0.862804573858747,-1.0558099238821486
15235,0.07706843003488008,1.5859404542672264,0.8019384771778644,1.0893585536871893,-0.39543071278235625
15236,0.4640058953294254,-1.058145946714099,-0.7523426356146962,-0.8098576192004525,-1.0558099238821486
15237,-0.954764810750574,0.07394609082159041,0.31523605840025026,0.6514988276797011,-0.18302804254558097
15238,-0.8210086499080151,-0.20175138038774237,0.11637750160696343,0.12492635577600246,-0.45722058048759995
15239,-0.9117717590511801,-0.5571872395918231,-0.11235159908674418,0.10835219495760728,-0.7932029861348626
15240,-0.7493535637423586,1.2544959545938104,1.1449263784096482,0.939783214329445,1.6088781209064866
15241,-0.6442594373660624,1.15560189306089,0.8707418591319446,0.8499631098416093,1.2149677142855582
15242,1.0563546076321861,-1.058145946714099,-0.7962601912082619,-1.7640984679528429,-1.0558099238821486
15243,-0.6060433914110456,-0.5571872395918231,0.011805324679919474,0.23242103254119895,0.33832396621741284
15244,-0.6490364431104395,-0.20175138038774237,-0.00011201725055756128,0.038489320235348796,1.2651719817960685
15245,-0.3194230467484194,0.8001660338568091,1.1689333008957237,0.43539298020353107,0.7245106393751861
15246,0.17738555066679923,-0.20175138038774237,-0.11252709299907988,0.05652066271060163,0.16840183002799264
15247,-0.37674711568094466,-0.20175138038774237,0.04877357328879654,-0.9194058466176699,0.5468647697226104
15248,1.003807544444038,-0.20175138038774237,0.5269056094651682,0.7257558910386418,-0.5808003158980874
15249,-0.8114546384192609,1.7233615276208618,1.6726496312067796,1.6084339089262203,1.2304151812118689
15250,2.097741859906394,-1.058145946714099,-1.9533464229813262,-1.9471638881929467,-1.0558099238821486
15251,-0.9165487647955571,1.9044924940644754,2.2395879279560695,1.193826931703096,1.5316407862749322
15252,-0.7875696096973754,0.2992073267345332,0.6025917795096801,0.7490861757345402,1.1647634467750476
15253,-0.8831097245849174,0.8001660338568091,0.5858243851341813,0.7178293264081053,1.145454113117159
15254,-0.35286208695905913,-0.20175138038774237,0.12730025821370045,0.34016817678249833,0.6163783708910096
15255,-0.6442594373660624,0.9303406571479473,1.011286744884096,0.9578145568046977,1.5316407862749322
15256,-0.25254496632713996,-0.5571872395918231,-1.2076054456565364,-1.4880589811139169,0.539141036259455
15257,0.3923508091637688,-0.5571872395918231,-0.20556981128298135,-1.0458699940988507,-0.5499053820454656
15258,-0.15700485143959794,-0.5571872395918231,-0.27470807145045645,-0.21595962957782017,-0.8665784540348396
15259,1.4862851246261253,0.07394609082159041,0.18706309815988692,0.14117229372259663,-0.399292579513934
15260,-0.4818412420572409,2.110890520920167,1.6327557588302557,1.207095033142026,1.388751717206556
15261,-0.3146460410040423,0.07394609082159041,0.36251996009419396,0.5887058798168258,0.09888822885959346
15262,0.583431038938853,-0.20175138038774237,-0.5609717377392901,-0.5121324717856456,-0.41860191317182266
15263,-0.4531792075909783,-1.058145946714099,-1.268608024445628,-0.9802035124500996,-1.0558099238821486
15264,-0.6538134488548165,-0.5571872395918231,-0.052295444475972765,0.17272976344709118,0.7438199730330748
15265,-0.23821394909400867,0.07394609082159041,0.9374641816346596,1.1757955892278433,1.2111058475539804
15266,0.6550861251045095,0.2992073267345332,-0.049064904102205764,-0.07890961835600385,0.3460476996805683
15267,-0.8544476901186548,0.2992073267345332,0.45630234174207046,-1.2818823689972492,-0.43791124682971133
15268,1.3238669293173038,-0.20175138038774237,0.03823594577132307,-0.5486003891756687,-0.5653528489717765
15269,-0.8496706843742777,-0.20175138038774237,0.21281485932335495,-0.1914684658752519,0.36149516660687925
15270,-0.8878867303292945,1.9044924940644754,1.6124809482365976,0.36503047510217346,1.6745298553433081
15271,-0.9261027762843114,2.062432694683636,1.1559356622396213,1.7669266519203308,0.8133335742014739
15272,-0.6872524890654563,0.48966298795922886,0.5772994353518052,1.4711393327727598,1.2844813154539572
15273,1.9018846243869332,-1.058145946714099,-0.9954558616119864,-2.515817022689194,-1.0558099238821486
15274,-0.9404337935174427,-0.5571872395918231,-0.17403900981897522,0.038489320235348796,-1.0017437896400603
15275,-0.7827926039529983,-1.058145946714099,-0.2840431575903827,-0.0181119525235737,-1.0558099238821486
15276,-0.6442594373660624,0.07394609082159041,-0.27860434630909126,1.0842787042858788,0.365357033338457
15277,-0.7397995522536044,-0.5571872395918231,-0.4682866745571645,-0.47721685960260357,0.40783756738581206
15278,1.7203584061006032,0.07394609082159041,-0.43892056916384015,-0.2941514393624997,-0.6541757837980643
15279,0.7315182170145431,0.2992073267345332,0.3964112116542389,0.457567115373851,0.18384929695430358
15280,-0.13789682846208953,-0.20175138038774237,-0.5985562205926921,0.10835219495760728,0.4850749020173667
15281,-0.6824754833210792,1.5859404542672264,1.6140632676360944,1.8863924447270346,0.3692189000700347
15282,1.7633514577999971,-1.058145946714099,-0.6931134704643899,-0.3507527121214226,-1.0558099238821486
15283,0.9034904238121187,-0.20175138038774237,-1.3071034297965929,-1.1954453334565955,-0.5614909822401988
15284,1.4289610556936,-1.058145946714099,-2.5758805486709133,-2.515817022689194,-1.0558099238821486
15285,0.9846995214665295,-1.058145946714099,-1.626617029141976,-1.4880589811139169,-1.0558099238821486
15286,-0.7254685350204731,-1.058145946714099,-0.9599627012706468,-1.9471638881929467,-1.0558099238821486
15287,-0.8544476901186548,0.2992073267345332,-0.04584033507864075,-0.47721685960260357,1.70542478919593
15288,-0.7541305694867357,1.0480979277381186,1.0131070235059705,0.9024861982765124,1.346271183159201
15289,-0.8210086499080151,0.2992073267345332,0.40211654130782915,0.37718466862099537,1.2304151812118689
15290,-0.9404337935174427,2.1575193073054413,1.7626303571906334,0.7490861757345402,1.4505415849117997
15291,-0.8401166728855235,2.6736379125253507,1.9452259295323797,0.8223842757380923,1.689977322269619
15292,0.0006363381248464415,-1.058145946714099,-1.1747173029755598,-0.4437267787202448,-1.0558099238821486
15293,2.2171670035158217,-1.058145946714099,-0.9394870283636929,-0.6267921989603487,-1.0558099238821486
15294,0.9990305386996609,-1.058145946714099,-0.9818058168064185,-0.8098576192004525,-1.0558099238821486
15295,2.1646199403276736,-1.058145946714099,-1.0677651452554944,0.14117229372259663,-1.0558099238821486
15296,-0.720691529276096,1.2544959545938104,1.750617678290613,1.7047633710291312,1.404199184132867
15297,-0.9117717590511801,-0.20175138038774237,-0.2533096787838092,-0.2672508963742018,-0.8511309871085286
15298,-0.949987805006197,2.0119964593872464,1.6565637392746955,1.2622326247684965,1.7594909234380183
15299,-0.6394824316216853,1.0480979277381186,1.3775772755723854,-1.1954453334565955,1.373304250280245
15300,-0.6538134488548165,-1.058145946714099,-0.43851414994181853,-0.32196403698294906,-1.0558099238821486
15301,-0.720691529276096,1.6565606001831652,1.460869815892459,1.3839953665057922,0.48893676874894443
15302,2.527672376900333,-1.058145946714099,-0.7822015018860827,-0.8098576192004525,-1.0558099238821486
15303,0.42578984937440856,-0.20175138038774237,0.2121199826875936,0.32744864979204164,0.4619037016279003
15304,-0.672921471832325,0.9303406571479473,-0.09789614773006852,-1.2818823689972492,0.33832396621741284
15305,1.6916963716343407,-1.058145946714099,-1.636619446224683,-1.614523128595098,-1.0558099238821486
15306,-0.6538134488548165,0.9303406571479473,0.9668575385132199,0.8700553726182927,1.242000781406602
15307,-0.5057262707791264,-1.058145946714099,-1.0738277547014008,-0.9802035124500996,-1.0558099238821486
15308,0.3493577574643749,-1.058145946714099,-0.7764544765515308,-0.6267921989603487,-1.0558099238821486
15309,1.9544316875750813,0.07394609082159041,-0.09648537014208386,0.12492635577600246,-0.573076582434932
15310,1.3238669293173038,-1.058145946714099,0.4206900273496452,0.05652066271060163,-1.0558099238821486
15311,-0.9595418164949511,4.685999968399436,3.490352920505948,2.463626177507059,1.7942477240222179
15312,-0.6012663856666685,1.2544959545938104,0.8417868489340027,0.8362895757000253,1.446679718180222
15313,-0.4340711846134699,-1.058145946714099,-2.0548226290218548,-2.515817022689194,-1.0558099238821486
15314,-0.008917673363907763,-0.20175138038774237,-0.07644724512956659,0.12492635577600246,-0.1714424423508478
15315,-0.6538134488548165,-0.5571872395918231,-0.338331761071982,-0.14457610000475504,-0.8549928538401064
15316,0.5977620561719842,-1.058145946714099,-1.2307128104046932,-2.515817022689194,-1.0558099238821486
15317,2.274491072448347,-1.058145946714099,-1.4030140185455837,-1.614523128595098,-1.0558099238821486
15318,-0.9452107992618198,-1.058145946714099,-0.7714889847001706,-0.1914684658752519,-1.0558099238821486
15319,0.3923508091637688,-1.058145946714099,-1.076632341227911,-0.7601216003714991,-1.0558099238821486
15320,-0.7493535637423586,-1.058145946714099,-0.8846069831672891,-0.12209817180851448,-1.0558099238821486
15321,-0.6251514143885539,1.2544959545938104,1.439677726034395,1.4219993132850381,1.2767575819908017
15322,-0.5534963282228974,-0.5571872395918231,0.3041916588773462,0.47915765239960845,0.4541799681647448
15323,1.7251354118449804,-0.20175138038774237,-0.5343374233932497,-0.2941514393624997,-0.673485117455953
15324,2.3891392103133975,-1.058145946714099,-1.347410149274658,-1.2818823689972492,-1.0558099238821486
15325,-0.4675102248241096,0.8001660338568091,0.40589669624650543,1.1044120596547777,1.0991117123382261
15326,0.6312010963826239,0.2992073267345332,0.4491934912231022,0.6514988276797011,0.5082461024068331
15327,-0.7111375177873418,-1.058145946714099,-1.0618562655704005,-1.1172535236719159,-1.0558099238821486
15328,0.9846995214665295,-1.058145946714099,-1.539393692207786,-1.2818823689972492,-1.0558099238821486
15329,-0.7732385924642441,1.15560189306089,0.8488054505224776,0.6853342645162757,1.593430653980176
15330,-0.8066776326748838,-0.5571872395918231,-0.17566038650842858,-1.1172535236719159,-0.947677655397972
15331,1.4241840499492229,-0.20175138038774237,-0.12415811664578205,-0.0181119525235737,-0.6310045834085979
15332,0.7888422859470683,0.48966298795922886,1.2117505457236766,0.8010741670374462,-0.4881155143402218
15333,0.034075378335486156,-1.058145946714099,0.086553224440871,-0.7601216003714991,-1.0558099238821486
15334,-0.21432892037212317,-0.20175138038774237,-0.688523614835664,0.37718466862099537,-0.990158189445327
15335,-0.7063605120429647,-1.058145946714099,-1.2083638913445127,-0.16768729188131876,-1.0558099238821486
15336,0.9560374870002669,-1.058145946714099,-0.9601121329136986,-0.8098576192004525,-1.0558099238821486
15337,1.003807544444038,-1.058145946714099,-0.6443551601298723,-0.5486003891756687,-1.0558099238821486
15338,2.274491072448347,-1.058145946714099,-0.8561027161865535,0.23242103254119895,-1.0558099238821486
15339,-0.6442594373660624,0.654643185938614,0.4985838166238433,1.0944071422788821,1.272895715259224
15340,1.7203584061006032,-1.058145946714099,-1.5510916609529313,-1.3785107536966998,-1.0558099238821486
15341,-0.5773813569447829,-0.5571872395918231,0.698582401404502,-0.5121324717856456,0.3692189000700347
15342,-0.3433080754703049,-1.058145946714099,-0.5831981376456381,-0.4437267787202448,-1.0558099238821486
15343,-0.5439423167341432,-1.058145946714099,-0.6609882731845903,-0.5486003891756687,-1.0558099238821486
15344,-0.9595418164949511,-0.20175138038774237,-0.34666524887105193,-0.5486003891756687,-0.7700317857453963
15345,-0.7445765579979815,-1.058145946714099,-0.605801336282895,-0.586765087019821,-1.0558099238821486
15346,0.6264240906382469,-0.20175138038774237,-0.3066769259378784,-0.12209817180851448,-0.673485117455953
15347,0.7888422859470683,0.07394609082159041,0.17452356392638246,-0.2941514393624997,-0.7816173859401294
15348,-0.6155974028997997,-1.058145946714099,-1.261630246461323,-1.1954453334565955,-1.0558099238821486
15349,-0.20477490888336897,-0.5571872395918231,-0.4873322820271208,0.3526935049184267,-0.9438157886663943
15350,0.822281326157708,-0.5571872395918231,-0.36785091171820977,-0.3805884749031534,-1.0171912565663712
15351,-0.9022177475624259,1.0480979277381186,0.9554803438546061,1.27039580711652,0.566174103380499
15352,1.658257331423701,-1.058145946714099,-1.5137786488037568,-0.16768729188131876,-1.0558099238821486
15353,0.25381764257683287,0.654643185938614,0.8075661847395862,1.5234898547932807,0.8094717074698962
15354,1.9209926473644416,-0.20175138038774237,-0.8395505505211753,-2.515817022689194,-1.0558099238821486
15355,-0.8210086499080151,-0.5571872395918231,-0.8583836258487658,-1.1954453334565955,-0.9631251223242829
15356,-0.8114546384192609,1.3460575542855853,0.9142157718458367,1.5698848620204007,0.4541799681647448
15358,-0.9404337935174427,2.7324831383346417,2.0858668015545945,1.7444487237240907,1.7556290567064405
15359,2.2028359862826905,0.8001660338568091,-1.1629040495117056,-1.1172535236719159,-0.9360920552032388
15360,-0.7732385924642441,-1.058145946714099,-0.5454757265741642,-0.9194058466176699,-1.0558099238821486
15361,0.7649572572251828,0.07394609082159041,-0.20224627669129253,-1.1172535236719159,-0.3529501787350012
15362,1.1805567569859907,-0.5571872395918231,-0.2864605630318739,-0.07890961835600385,0.06413142827539388
15363,0.8175043204133309,-0.5571872395918231,-0.2138027131586103,-0.21595962957782017,-0.5923859160928205
15364,-0.5057262707791264,-0.5571872395918231,0.0007649532006075495,-0.2941514393624997,-0.441773113561289
15365,-0.8401166728855235,1.3460575542855853,1.1604774589590272,0.8896672959534744,1.446679718180222
15366,-0.6012663856666685,0.654643185938614,0.6944746865973201,0.5793298571111467,1.1686253135066254
15367,-0.6872524890654563,1.15560189306089,1.2390539224974406,1.3215639934150147,1.5393645197380876
15368,-0.859224695863032,-0.5571872395918231,-0.16785891598196498,-1.2818823689972492,0.38466636699634565
15369,1.3907450097385832,1.15560189306089,1.3885976460042555,0.038489320235348796,-0.13282377503507045
15370,-0.768461586719867,0.8001660338568091,1.01768213005192,0.6162076636214244,0.37308076680161245
15371,2.2028359862826905,-1.058145946714099,-1.9604815342819604,-2.515817022689194,-1.0558099238821486
15372,-0.3050920295152881,0.8001660338568091,1.3610396012837063,0.05652066271060163,0.9755319769277386
15373,-0.9213257705399343,1.6565606001831652,0.8788298411221652,0.7567177940893411,1.1763490469697808
15374,-0.348085081214682,-0.5571872395918231,-0.7837917445219067,-1.2818823689972492,0.8596759749804067
15375,2.3365921471252493,-1.058145946714099,-1.9420749453035875,-1.4880589811139169,-1.0558099238821486
15376,-0.768461586719867,-0.20175138038774237,0.21057472531457563,0.7017426726202728,-0.3529501787350012
15377,0.8652743778571019,0.07394609082159041,0.20475929633096102,-0.8098576192004525,-0.9283683217400833
15378,1.2474348374072701,-0.5571872395918231,-0.9423976353282625,-1.2818823689972492,-0.9051971213506169
15379,-0.15222784569522083,0.8001660338568091,1.2095582844146673,1.1666290909919852,-0.16371870888769233
15380,-0.9213257705399343,1.15560189306089,0.9163043483397885,-0.3507527121214226,1.763352790169596
15381,0.05796040705737167,0.2992073267345332,0.5256245594602308,-0.586765087019821,0.37308076680161245
15382,-0.8926637360736717,1.2544959545938104,1.956656970655454,1.6375007934350612,1.7285959895853964
15384,-0.15222784569522083,0.07394609082159041,0.576176003742858,0.5505411819726732,0.5777597035752322
15385,-0.768461586719867,-0.20175138038774237,0.023223010287120205,-0.6688728615528973,1.404199184132867
15386,-0.0710187480408101,-1.058145946714099,-0.6047044418120874,-0.24120448470420522,-1.0558099238821486
15387,1.3907450097385832,-1.058145946714099,-0.4800101167261614,-0.586765087019821,-1.0558099238821486
15388,0.3302497344868665,-1.058145946714099,-1.3457763569818946,-1.1172535236719159,-1.0558099238821486
15389,-0.13789682846208953,0.2992073267345332,0.7917278420335455,-2.183176263091345,0.9098802424909173
15390,0.9321524582783813,-0.5571872395918231,0.2076758313256309,0.4897435161402434,-1.005605656371638
15391,1.8302295382212765,-1.058145946714099,-0.825846813648845,-0.9802035124500996,-1.0558099238821486
15392,-0.9404337935174427,0.654643185938614,0.8371992871045153,0.7017426726202728,0.5932071705015431
15393,-0.8831097245849174,0.2992073267345332,-0.016696970827869324,-0.10021972705664996,1.6783917220748859
15394,-0.9165487647955571,1.15560189306089,1.2676618050346329,0.9088213112787457,1.70542478919593
15395,0.5929850504276071,-1.058145946714099,-1.5379946036223846,-1.3785107536966998,-1.0558099238821486
15396,-0.42451717312471565,-0.5571872395918231,-0.09791425253572715,-0.7601216003714991,0.7631293066909633
15397,0.42101284363003144,-1.058145946714099,-1.6335737474056626,-1.4880589811139169,-1.0558099238821486
15398,-0.8831097245849174,-0.5571872395918231,0.2802918326000226,0.28806221969362183,-0.816374186524329
15399,-0.954764810750574,-0.20175138038774237,-0.08057144270991984,0.05652066271060163,-0.7545843188190854
15400,-0.5200572880122577,0.8001660338568091,0.2567375213570212,-0.7601216003714991,0.7515437064962301
15401,1.1996647799634992,-0.5571872395918231,-1.0341745835761231,-0.862804573858747,-0.6078333830191315
15402,-0.25254496632713996,0.48966298795922886,0.5023455355284228,0.5105140700321456,0.6549970382067869
15403,1.3859680039942062,-0.5571872395918231,-1.2055868112506996,-1.4880589811139169,-0.13282377503507045
15404,0.8318353376464622,-1.058145946714099,-0.9122384894659635,-0.7601216003714991,-1.0558099238821486
15405,-0.056687730807678784,-0.5571872395918231,-0.2334879897719363,-0.2941514393624997,0.4387325012384339
15406,-0.8114546384192609,0.07394609082159041,0.048633191990820175,0.7642790739473241,0.5738978368436545
15407,-0.8019006269305068,0.07394609082159041,0.09918808340158299,0.9870131210634252,-0.005382172893005303
15408,0.30158770002060387,-1.058145946714099,-0.8844723913171878,-0.16768729188131876,-1.0558099238821486
15409,2.4846793252009394,-1.058145946714099,-1.394780132125716,-1.1954453334565955,-1.0558099238821486
15410,-0.5582733339672745,1.0480979277381186,1.1805591365210468,0.5207054191909427,0.9330514428803837
15411,-0.8353396671411465,0.07394609082159041,0.2821121613034989,0.5793298571111467,-0.4533587137560222
15412,-0.14267383420646662,-1.058145946714099,-1.1274502817082128,-1.1172535236719159,-1.0558099238821486
15413,2.3413691528696265,0.2992073267345332,1.4491868897657318,-0.586765087019821,-0.874302187497995
15414,-0.9165487647955571,-0.20175138038774237,-0.11762576252610327,-0.10021972705664996,-0.15599497542453686
15415,0.5356609814950819,-1.058145946714099,-0.3522190445563645,0.07416420415895746,-1.0558099238821486
15416,-0.6538134488548165,0.654643185938614,1.1629578748113036,1.2201519621759485,1.3076525158434236
15417,-0.5534963282228974,-1.058145946714099,-0.42079789346316454,-0.32196403698294906,-1.0558099238821486
15418,1.0706856248653174,-0.5571872395918231,-0.5101878292084902,0.34016817678249833,-0.4340493800981336
15419,-0.8448936786299006,-1.058145946714099,-1.3700470506110782,-1.2818823689972492,-1.0558099238821486
15420,1.1136786765647113,0.48966298795922886,-0.1479300517460957,0.17272976344709118,0.1027500955911712
15421,-0.6824754833210792,1.0480979277381186,1.0303717580370768,1.133714926635295,1.547088253201243
15422,0.583431038938853,0.654643185938614,0.4141867548585092,0.5207054191909427,0.2842578319753246
15423,-0.7780155982086212,-0.20175138038774237,-0.8852533736130981,-0.9194058466176699,1.1956583806276695
15424,0.25381764257683287,-0.20175138038774237,-0.30467301621094683,-0.1914684658752519,-0.24867977698240243
15425,0.9512604812558898,0.07394609082159041,0.5446613613943404,0.8082392174469527,-0.040138973477204895
15426,-0.8687787073517862,0.9303406571479473,0.6205259766864786,1.6680779869560265,1.1338685129224257
15427,-0.8019006269305068,-0.20175138038774237,0.32448214728340163,1.3910374102343395,-1.0017437896400603
15428,-0.8878867303292945,0.07394609082159041,-0.12901849604679763,-0.05813906446410138,1.6745298553433081
15429,-0.8353396671411465,-0.5571872395918231,-0.5988642031374561,0.4897435161402434,-0.8665784540348396
15430,1.2713198661291556,-0.5571872395918231,0.03285601178837758,-0.12209817180851448,-0.8202360532559068
15431,1.4385150671823541,-1.058145946714099,-1.28375137133789,-2.183176263091345,-1.0558099238821486
15432,-0.8496706843742777,-0.5571872395918231,-0.7529929224490775,-0.7601216003714991,0.9446370430751168
15433,0.05796040705737167,-0.5571872395918231,-0.3869159456220534,-0.037881416532715165,-0.8472691203769509
15434,-0.9213257705399343,1.15560189306089,0.7463193085117746,0.5407159979871611,1.5548119866643986
15435,-0.8544476901186548,-1.058145946714099,-1.3024778458000155,-0.2941514393624997,-1.0558099238821486
15436,-0.9022177475624259,-0.20175138038774237,0.11351948776132731,1.4253684886861164,-0.1984755094718919
15437,0.2920336885318497,-0.5571872395918231,-0.605966014313563,0.23242103254119895,0.4039757006542343
15438,-0.3337540639815507,-1.058145946714099,-1.2682873029420934,-0.4115503779538524,-1.0558099238821486
15439,0.9703685042333982,0.07394609082159041,0.2380831072369269,0.12492635577600246,-0.09420510771929315
15440,-0.7015835062985876,-0.20175138038774237,-0.6240699106311355,0.14117229372259663,-0.4610824472191777
15441,0.9321524582783813,-0.20175138038774237,0.22959916988094978,0.05652066271060163,0.2340535644648141
15442,0.22515560811057025,-1.058145946714099,-0.30924425180683424,-2.183176263091345,-1.0558099238821486
15443,-0.954764810750574,1.4312993642702228,1.2437115611022012,1.849140004351645,1.4196466510591779
15444,-0.9165487647955571,-0.5571872395918231,0.31466892172797023,1.228742543886138,-0.9360920552032388
15445,0.30158770002060387,-0.5571872395918231,-0.8392976762676919,-0.9802035124500996,0.20315863061219222
15446,0.8366123433908393,-0.20175138038774237,-0.5945283349683661,0.6162076636214244,0.2958434321700578
15447,0.6168700791494927,0.2992073267345332,-0.4436985994474577,-0.3507527121214226,0.08344076193328254
15448,0.5308839757507048,-0.5571872395918231,-0.10479974339768819,0.12492635577600246,0.3421858329489906
15449,-0.8353396671411465,-0.20175138038774237,0.04763495900795909,0.09143627489364367,-0.1482712419613814
15450,-0.816231644163638,-1.058145946714099,-0.5422685974419962,-0.2672508963742018,-1.0558099238821486
15451,1.1136786765647113,-0.5571872395918231,-1.0020779082006512,0.23242103254119895,-0.41860191317182266
15452,-0.8210086499080151,0.48966298795922886,0.48421529054112916,1.074023657541187,0.8056098407383184
15453,-0.954764810750574,0.654643185938614,0.29422291433880426,1.1289032233573464,-0.3375027118086903
15454,0.7697342629695599,-0.5571872395918231,-0.7869122359670513,-0.14457610000475504,-0.06717204059824902
15455,1.892330612898179,-1.058145946714099,-2.271617254595983,-2.183176263091345,-1.0558099238821486
15456,0.3923508091637688,1.0480979277381186,0.5985018488693418,0.9024861982765124,0.6743063718646756
15457,0.2920336885318497,-1.058145946714099,-0.9704377061248174,0.23242103254119895,-1.0558099238821486
15458,-0.8401166728855235,-0.5571872395918231,-0.6493516124484037,-0.9194058466176699,0.4001138339226566
15459,1.0324695789103004,-0.5571872395918231,-1.082522268843798,-1.4880589811139169,-0.7468605853559299
15460,0.7315182170145431,-1.058145946714099,-1.0431390416624555,0.18806465959309385,-1.0558099238821486
15461,1.237880825918516,-0.5571872395918231,-0.5425031916286284,-2.515817022689194,-0.39543071278235625
15462,-0.5105032765235035,0.07394609082159041,-0.1537259545735463,-0.21595962957782017,0.29970529890163555
15463,-0.8210086499080151,-1.058145946714099,-1.4232239909764681,-1.3785107536966998,-1.0558099238821486
15464,0.6550861251045095,-1.058145946714099,0.0977467616612046,1.0583966506364906,-1.0558099238821486
15465,-0.8687787073517862,2.4054512011867506,1.865278108312403,0.6514988276797011,1.6861154555380413
15466,-0.5534963282228974,0.07394609082159041,0.3871878361808078,1.3100360324395852,1.4582653183749552
15467,-0.9165487647955571,-0.20175138038774237,-0.3983817959438737,-0.0181119525235737,-0.5035629812665328
15468,-0.7159145235317189,-0.20175138038774237,0.32445189267605895,0.5207054191909427,0.2610866315858582
15469,-0.720691529276096,-0.20175138038774237,-0.030655469587277297,-0.07890961835600385,0.4425943679700116
15470,1.7872364865218826,-1.058145946714099,-1.9139704191560571,-1.7640984679528429,-1.0558099238821486
15471,-0.949987805006197,-0.20175138038774237,0.2510158125069635,0.8634124775613803,1.0604930450224488
15472,-0.41974016738033854,-1.058145946714099,-0.6471783605511457,0.47915765239960845,-1.0558099238821486
15473,-0.8926637360736717,0.8001660338568091,0.5826260924637023,-1.614523128595098,0.6047927706962763
15474,1.8827766014094247,-1.058145946714099,-1.2974046295704462,-0.6267921989603487,-1.0558099238821486
15475,-0.5917123741779142,-1.058145946714099,-0.5027106371615533,-0.2941514393624997,-1.0558099238821486
15476,0.8557203663683477,0.07394609082159041,0.6382506741509182,0.37718466862099537,-0.816374186524329
15477,2.1407349116057883,-1.058145946714099,-0.6533269269621258,-2.183176263091345,-1.0558099238821486
15478,-0.768461586719867,-0.20175138038774237,0.5602361008427478,0.18806465959309385,1.0102887775119382
15479,2.5420033941334648,-1.058145946714099,-1.3116129092852153,-1.1954453334565955,-1.0558099238821486
15480,-0.40540915014720724,0.2992073267345332,1.3917931724929302,1.2622326247684965,1.1068354458013816
15481,0.9560374870002669,-1.058145946714099,0.5638136710390463,-0.07890961835600385,-1.0558099238821486
15482,-0.8878867303292945,1.7867352234743035,1.991729108189369,0.457567115373851,1.7324578563169741
15483,-0.19044389165023765,1.0480979277381186,-0.07876200226250156,1.3291602796973225,0.9639463767330054
15484,-0.954764810750574,0.48966298795922886,1.1753624594414243,1.1803407147432114,1.7749383903643292
15485,-0.816231644163638,0.654643185938614,1.1995888699860233,0.5207054191909427,1.6783917220748859
15486,1.5579402107917817,-1.058145946714099,-1.5752123149451707,-2.515817022689194,-1.0558099238821486
15487,2.284045083937101,-1.058145946714099,-0.9880857286382813,-0.862804573858747,-1.0558099238821486
15488,-0.5200572880122577,0.2992073267345332,-0.5387921494368823,-1.1172535236719159,0.840366641322518
15489,-0.8544476901186548,0.8001660338568091,0.7036366787435165,0.46843340743959727,1.53550265300651
15490,1.0945706535872028,-1.058145946714099,-1.0546653045182341,-0.5121324717856456,-1.0558099238821486
15491,-0.5057262707791264,0.48966298795922886,0.882458463854457,0.7642790739473241,-0.515148581461266
15492,-0.8257856556523923,-0.5571872395918231,-0.2339031797155575,-0.21595962957782017,-0.8781640542295728
15493,-0.8066776326748838,0.9303406571479473,1.0879992653795187,1.567060786745896,1.346271183159201
15494,-0.859224695863032,0.2992073267345332,1.0106204963830328,1.6164639213921022,1.6783917220748859
15495,0.8509433606239707,-1.058145946714099,-0.9423976353282625,-0.586765087019821,-1.0558099238821486
15496,2.0547488082070005,-1.058145946714099,-1.3177678171998994,-0.5121324717856456,-1.0558099238821486
15497,-0.8783327188405403,0.9303406571479473,1.6236150933874895,0.36503047510217346,1.662944255148575
15498,-0.949987805006197,2.7886526377188545,2.388249773512325,2.160787307445943,1.7285959895853964
15499,2.4942333366896934,-1.058145946714099,-1.2588669557227585,-0.037881416532715165,-1.0558099238821486
15500,-0.9213257705399343,0.07394609082159041,0.15537897221260852,0.34016817678249833,-0.773893652476974
15501,0.9703685042333982,-0.5571872395918231,-0.5941681855038984,0.34016817678249833,-1.0133293898347935
15502,-0.8878867303292945,1.4312993642702228,1.9172518239934495,1.3839953665057922,1.0257362444382492
15503,0.7697342629695599,-0.5571872395918231,-0.9115674882099425,0.7938459876173184,0.34990956641214604
15504,-0.5726043512004059,0.07394609082159041,-0.589234266436342,0.0011923041824166546,1.1995202473592472
15505,-0.7111375177873418,0.2992073267345332,0.992535231497668,0.6162076636214244,-0.658037650529642
15506,-0.8544476901186548,0.48966298795922886,0.5770791530557445,1.1803407147432114,0.7013394389857197
15507,-0.14267383420646662,-1.058145946714099,-0.46901289172931787,-0.0181119525235737,-1.0558099238821486
15508,-0.056687730807678784,0.48966298795922886,0.06644136969619506,0.5001945244425666,-0.8781640542295728
15509,0.8557203663683477,-1.058145946714099,-1.2876461867410647,-0.3805884749031534,-1.0558099238821486
15510,0.6168700791494927,-1.058145946714099,-0.9322614470166359,-2.515817022689194,-1.0558099238821486
15511,-0.906994753306803,0.2992073267345332,-0.009301037352948321,0.8293663864529791,-0.7700317857453963
15512,-0.21910592611650026,0.07394609082159041,-0.7291187662348909,-0.2941514393624997,0.95622264326985
15513,-0.8019006269305068,2.5129551665095216,2.4293757107316947,1.5353368918139898,1.5007458524223103
15514,-0.9022177475624259,1.7233615276208618,1.4046728107225843,1.1384985731749109,1.7363197230485519
15515,0.8891594065789875,-1.058145946714099,-1.201691699064742,-1.3785107536966998,-1.0558099238821486
15516,-0.7493535637423586,-0.20175138038774237,-1.92514954371053,-0.8098576192004525,-1.048086190418993
15517,0.1535005219449137,-1.058145946714099,-0.8848762421786126,-0.3507527121214226,-1.0558099238821486
15518,-0.6538134488548165,1.5110377522649707,1.0998614841556358,1.448573071542019,1.4737127853012661
15519,0.870051383601479,-0.5571872395918231,-0.7013784675670669,-0.16768729188131876,-0.8125123197927513
15520,-0.954764810750574,-1.058145946714099,-0.7037005075043106,-0.6688728615528973,-1.0558099238821486
15521,-0.768461586719867,1.5859404542672264,1.480302291728435,1.207095033142026,1.504607719153888
15522,-0.8066776326748838,-0.5571872395918231,-0.5977054226656593,0.09143627489364367,-0.8434072536453732
15523,-0.5582733339672745,1.5859404542672264,2.1215864600926464,0.3526935049184267,1.4659890518381107
15524,-0.8448936786299006,-0.5571872395918231,-0.3124053766633706,-1.1954453334565955,1.1917965138960918
15525,-0.949987805006197,0.07394609082159041,-0.01760352760347913,1.0424661878166923,0.4116994341173898
15526,-0.8019006269305068,-0.5571872395918231,-1.3065719088674628,-1.7640984679528429,-1.0558099238821486
15527,-0.8735557130961633,2.0119964593872464,1.3033608569205326,1.3661211723993998,1.6706679886117304
15528,0.25381764257683287,-1.058145946714099,-0.9942953889068501,-0.3805884749031534,-1.0558099238821486
15529,-0.8544476901186548,1.2544959545938104,1.1954880077130674,1.931152256609813,0.3808045002647679
15530,-0.859224695863032,0.2992073267345332,0.493678449486117,0.7865535568710715,0.840366641322518
15531,-0.9213257705399343,-0.5571872395918231,0.5561909398593836,1.2498335012412511,-0.9708488557874383
15532,-0.8401166728855235,1.0480979277381186,1.017651249065407,1.8669969064568752,0.9678082434645832
15533,-0.8687787073517862,-0.20175138038774237,-0.08785490650569214,0.44655496268773315,-0.7854792526717072
15534,2.503787348178448,-1.058145946714099,-1.2427709876047983,-1.2818823689972492,-1.0558099238821486
15535,-0.13311982271771242,0.48966298795922886,0.09755344713051554,0.5979759564957379,0.010065294033305626
15536,0.9942535329552837,-1.058145946714099,-0.9065825153968035,-0.7601216003714991,-1.0558099238821486
15537,-0.18088988016148344,-1.058145946714099,-1.5152605147797544,-0.4437267787202448,-1.0558099238821486
15538,1.6057102682355529,0.48966298795922886,0.940211125035903,-1.9471638881929467,-0.5692147157033542
15539,-0.9261027762843114,-1.058145946714099,-0.3799783261436969,-0.0181119525235737,-1.0558099238821486
15540,-0.906994753306803,-0.5571872395918231,-0.4923647535360209,-0.24120448470420522,0.34990956641214604
15541,-0.4149631616359615,-1.058145946714099,-1.7043268365219522,-0.2941514393624997,-1.0558099238821486
15542,1.4862851246261253,-0.20175138038774237,-0.046109903926218686,1.3138967127742598,-0.1868899092771587
15543,0.4162358378856543,-0.5571872395918231,-0.9548706707934171,0.14117229372259663,-0.39543071278235625
15544,-0.9165487647955571,1.8470162614078611,1.5490746685843555,1.1573590143130723,1.53550265300651
15545,-0.7015835062985876,-0.5571872395918231,-0.828083736430256,0.5001945244425666,0.16840183002799264
15546,1.9353236645975729,-0.5571872395918231,0.12114481439922231,-1.4880589811139169,-1.0558099238821486
15547,-0.9261027762843114,2.1575193073054413,1.7317772927145443,2.232970718884709,1.747905323243285
15548,1.8827766014094247,-1.058145946714099,-1.2614033487920906,-0.47721685960260357,-1.0558099238821486
15549,-0.5917123741779142,0.8001660338568091,0.6776947287267507,0.9696189771111754,1.3385474496960454
15550,-0.9404337935174427,1.2544959545938104,0.6385999178289833,1.114296432923324,1.7710765236327515
15551,-0.7875696096973754,0.654643185938614,0.44035385890624434,0.8293663864529791,0.9291895761488059
15552,0.07706843003488008,-0.5571872395918231,-0.9250505313289964,-0.2941514393624997,0.5121079691384108
15553,-0.672921471832325,-1.058145946714099,-0.543794824272568,0.15710275654239486,-1.0558099238821486
15554,0.3636887746975062,-1.058145946714099,-1.033347081996117,-0.862804573858747,-1.0558099238821486
15555,-0.9022177475624259,2.5468070428147276,1.812291801289699,2.2516027019158176,1.7285959895853964
15556,-0.8448936786299006,-1.058145946714099,-0.8513567052690991,-0.24120448470420522,-1.0558099238821486
15557,-0.8257856556523923,-1.058145946714099,-0.4796106197540068,-0.7601216003714991,-1.0558099238821486
15558,2.0929648541620174,-1.058145946714099,-1.0830536640844934,-0.47721685960260357,-1.0558099238821486
15559,1.753797446311243,-1.058145946714099,0.1411154425097558,0.31452880707427483,-1.0558099238821486
15560,0.9369294640227585,-0.5571872395918231,-1.282442184078034,-1.1172535236719159,-1.0558099238821486
15561,-0.906994753306803,0.8001660338568091,0.5421556720503278,0.3526935049184267,1.462127185106533
15562,0.7171871997814118,-0.20175138038774237,-0.22093807082804068,-0.21595962957782017,0.3923901004595011
15563,-0.8544476901186548,0.654643185938614,0.8241554166459634,1.1757955892278433,1.4852983854959994
15564,1.2522118431516471,-0.5571872395918231,-1.8362839988492634,-1.7640984679528429,-0.2332323100560915
15565,-0.720691529276096,-0.5571872395918231,-1.1960746439372538,-1.2818823689972492,-0.9785725892505938
15566,0.913044435300873,-0.5571872395918231,-0.9988854354790455,-1.1954453334565955,0.22632983100165863
15567,-0.8735557130961633,-1.058145946714099,-1.1446892769927435,-1.3785107536966998,-1.0558099238821486
15568,-0.949987805006197,-0.20175138038774237,-0.13324605276453788,-0.3507527121214226,-0.7816173859401294
15569,-0.4675102248241096,1.0480979277381186,0.9870164721086935,0.8700553726182927,1.0527693115592933
15570,-0.9261027762843114,2.110890520920167,1.6301795340309375,1.9146521752584527,1.315376249306579
15571,-0.906994753306803,1.4312993642702228,1.046686457133803,1.9146521752584527,1.7324578563169741
15572,-0.9404337935174427,1.0480979277381186,1.0600680855151925,1.4774744457749929,1.2613101150644908
15573,-0.8114546384192609,0.2992073267345332,0.1907379632086796,1.1848607981176718,1.6397730547591085
15574,-0.114011799740204,0.48966298795922886,0.1359223079002618,1.228742543886138,0.05254582808066068
15575,1.9974247392744753,-1.058145946714099,-2.439618480536765,-1.9471638881929467,-1.0558099238821486
15576,-0.7827926039529983,-1.058145946714099,0.007195023285539399,0.020052745320578196,-1.0558099238821486
15577,-0.23821394909400867,0.2992073267345332,-0.6012600790198778,0.26071325195673184,1.1647634467750476
15578,-0.18566688590586056,-1.058145946714099,-1.417794123911341,-0.9194058466176699,-1.0558099238821486
15579,-0.6347054258773082,0.2992073267345332,0.22753748940446636,0.9754580982530536,0.34990956641214604
15580,0.8366123433908393,0.8001660338568091,0.29612387643505894,1.031671386584256,0.0795788952017048
15581,-0.38630112716969883,2.611849228042442,1.5181494060374807,2.081634608837307,1.3269618495013122
15582,-0.8448936786299006,-0.20175138038774237,-0.20871871415763663,-0.05813906446410138,-0.29888404449291295
15583,0.8366123433908393,-1.058145946714099,-1.6188328109090755,-0.10021972705664996,-1.0558099238821486
15584,-0.8496706843742777,0.48966298795922886,0.23759985025969002,1.15268439735128,1.4428178514486443
15585,-0.11878880548458111,-1.058145946714099,-0.5008256948158443,-0.24120448470420522,-1.0558099238821486
15586,1.8684455841762935,-0.20175138038774237,0.16016861498371546,-0.2672508963742018,-0.6387283168717534
15587,-0.720691529276096,0.654643185938614,0.36922389475740525,-1.9471638881929467,0.6472733047436314
15588,2.274491072448347,-1.058145946714099,-0.3269286094275834,-1.7640984679528429,-1.0558099238821486
15589,0.25859464832121,-0.20175138038774237,-0.46498254866144056,-0.32196403698294906,-0.8434072536453732
15590,0.8652743778571019,0.2992073267345332,0.35704607178475123,0.46843340743959727,-0.19075177600873644
15591,1.8206755267325223,-0.20175138038774237,-1.031035111662587,-1.4880589811139169,-0.7043800513085748
15592,-0.7397995522536044,-1.058145946714099,-0.6149334138151737,-0.4437267787202448,-1.0558099238821486
15593,-0.6251514143885539,-1.058145946714099,-1.093333056065451,-1.614523128595098,-1.0558099238821486
15594,-0.8878867303292945,0.2992073267345332,0.4788079680967115,0.5698454386786636,-0.2100611096666251
15595,1.3668599810166977,-1.058145946714099,-0.6747454190201574,-1.7640984679528429,-1.0558099238821486
15596,-0.4818412420572409,0.9303406571479473,0.7901212860144511,0.5407159979871611,0.4850749020173667
15597,-0.7923466154417526,-0.5571872395918231,-0.3473939112896526,-0.14457610000475504,1.029598111169827
15598,-0.7063605120429647,-0.5571872395918231,-0.3672985011836821,-0.21595962957782017,0.3885282337279234
15599,-0.8353396671411465,-0.20175138038774237,0.22720868891367418,0.4897435161402434,0.5623122366489213
15600,1.0850166420984486,0.07394609082159041,0.19731676349481717,0.21790042237482501,-0.41860191317182266
15601,-0.906994753306803,2.3282062876889484,1.9803445365499646,1.6244160972942285,1.7517671899748628
15602,-0.9213257705399343,1.5859404542672264,0.8912199387259799,0.31452880707427483,1.7594909234380183
15603,-0.5869353684335371,-0.5571872395918231,-1.6767837310153344,-1.7640984679528429,1.145454113117159
15604,-0.7111375177873418,-1.058145946714099,-1.0360316367782212,-0.7132292345010023,-1.0558099238821486
15605,-0.7875696096973754,0.9303406571479473,0.46655862461533276,0.5207054191909427,1.4852983854959994
15606,-0.6681444660879479,1.6565606001831652,1.2600027766515027,0.5602500888610992,1.2072439808224027
15607,0.6455321136157552,0.9303406571479473,0.4527693317879961,0.6600894093898906,0.34990956641214604
15608,-0.8257856556523923,0.2992073267345332,0.4845668023811344,0.6428173386552047,0.4387325012384339
15609,-0.0805727595295643,-1.058145946714099,-0.8047901756041975,-0.7601216003714991,-1.0558099238821486
15610,-0.7159145235317189,-1.058145946714099,-1.5053959766115126,-1.4880589811139169,-1.0558099238821486
15611,-0.9165487647955571,2.1575193073054413,0.8581220732312697,0.020052745320578196,1.547088253201243
15612,-0.7875696096973754,-0.5571872395918231,-1.1102453167983939,-1.7640984679528429,-0.9592632555927052
15613,1.9544316875750813,-1.058145946714099,-0.5357971398647918,-0.3507527121214226,-1.0558099238821486
15614,1.1280096937978425,0.07394609082159041,0.8933783155281381,0.44655496268773315,-0.3259171116139571
15615,-0.9117717590511801,2.8683910257136036,2.2759265511668128,1.5755040145163772,1.7517671899748628
15616,1.1327866995422198,-1.058145946714099,-0.7612280528085257,-0.9194058466176699,-1.0558099238821486
15617,0.9321524582783813,-0.20175138038774237,-0.06936442712830646,-0.0181119525235737,-0.6271427166770202
15618,-0.8066776326748838,0.07394609082159041,-0.11581392875628102,-0.05813906446410138,-0.6541757837980643
15619,-0.9117717590511801,-1.058145946714099,-0.7187325503664915,-1.9471638881929467,-1.0558099238821486
15620,-0.6920294948098333,0.07394609082159041,0.5451220862836084,0.8082392174469527,0.307429032364791
15621,-0.9404337935174427,0.07394609082159041,0.25158500832791747,-1.0458699940988507,-0.990158189445327
15622,-0.7541305694867357,1.6565606001831652,1.5531966548776808,1.678022266979655,1.2690338485276462
15623,-0.28598400653777967,0.8001660338568091,0.7088186677708067,0.6251737972068488,1.2149677142855582
15624,-0.40540915014720724,0.07394609082159041,-0.3164008548186313,-0.3805884749031534,-0.515148581461266
15625,-0.4675102248241096,0.9303406571479473,0.9135093160105774,0.7490861757345402,0.639549571280476
15626,-0.6060433914110456,-0.20175138038774237,0.11336412994789843,0.44655496268773315,0.2842578319753246
15627,1.2235498086853847,-0.5571872395918231,-0.3428931004158119,-0.47721685960260357,-0.8047885863295958
15628,-0.9404337935174427,1.6565606001831652,1.2739519312517913,0.951848035544989,1.7324578563169741
15629,1.190110768474745,0.07394609082159041,0.6482753450993722,-0.05813906446410138,-0.7391368518927744
15630,-0.7445765579979815,-0.20175138038774237,0.3496823776238587,0.47915765239960845,1.257448248332913
15631,2.1072958713951486,-1.058145946714099,-0.30601236349578476,-0.05813906446410138,-1.0558099238821486
15632,-0.8878867303292945,0.8001660338568091,0.9243330174790835,0.7567177940893411,-0.05558644040351582
15633,1.471954107392994,1.3460575542855853,1.124574516266154,0.4897435161402434,-0.1984755094718919
15634,-0.8783327188405403,-0.5571872395918231,-0.35863385495373395,-0.16768729188131876,0.3576332998753015
15635,0.9273754525340043,-1.058145946714099,-1.586869223584745,-2.183176263091345,-1.0558099238821486
15636,-0.534388305245389,0.07394609082159041,0.33152708619221594,-0.05813906446410138,0.797886107275163
15637,-0.7111375177873418,0.2992073267345332,-0.09681972830048144,-0.10021972705664996,1.5393645197380876
15638,0.8461663548795936,0.48966298795922886,0.6560571724453945,-0.586765087019821,-0.1598568421561146
15639,-0.3194230467484194,-0.20175138038774237,0.11171392394479779,0.3014022381220454,0.7631293066909633
15640,-0.9404337935174427,2.2876939305965793,2.344197345447923,1.6057396764320917,1.7285959895853964
15641,-0.45795621333535536,1.2544959545938104,1.2756374532796688,1.4452980450086004,1.3694423835486673
15642,2.5228953711559563,-1.058145946714099,-1.549196383478374,-1.4880589811139169,-1.0558099238821486
15643,-0.04713371931892458,-0.20175138038774237,-0.22895830175733653,-0.24120448470420522,-0.7043800513085748
15644,-0.16655886292835215,0.07394609082159041,-0.09146157825810058,1.114296432923324,-0.6889325843822639
15645,-0.8735557130961633,-0.20175138038774237,0.10497260428341981,0.27450169513374717,0.5159698358699886
15646,-0.20955191462774606,0.2992073267345332,-0.10846474434919169,0.3526935049184267,-0.07875764079298221
15647,1.0229155674215462,-1.058145946714099,-1.213525580592289,-1.0458699940988507,-1.0558099238821486
15648,0.014967355357977748,-0.5571872395918231,-0.256054281136784,-0.47721685960260357,-0.8125123197927513
15649,0.6455321136157552,0.07394609082159041,0.43194794071515347,-1.2818823689972492,-0.8588547205716841
15650,1.5292781763255192,-0.5571872395918231,-0.3596348343814698,-0.1914684658752519,-0.6425901836033311
15651,-0.7875696096973754,0.2992073267345332,0.23238286916759276,0.17272976344709118,1.1068354458013816
15652,-0.5248342937566348,0.2992073267345332,0.31197020320977176,0.6428173386552047,0.465765568359478
15653,-0.5200572880122577,-0.5571872395918231,-0.028029419599432278,-1.7640984679528429,-0.9669869890558606
15654,-0.9165487647955571,-0.5571872395918231,0.00810224728172348,-0.8098576192004525,-0.990158189445327
15655,0.20127057938868473,-1.058145946714099,-0.3508554997196721,-0.16768729188131876,-1.0558099238821486
15656,-0.7445765579979815,0.07394609082159041,-0.14261357304822883,0.07416420415895746,-0.13282377503507045
15657,-0.8544476901186548,-1.058145946714099,-2.4419432153937968,-2.515817022689194,-1.0558099238821486
15658,-0.05191072506330168,0.8001660338568091,0.6073302837200035,0.5105140700321456,1.0527693115592933
15659,-0.7541305694867357,-0.20175138038774237,-0.38801107115608074,-0.862804573858747,1.299928782380268
15660,-0.8401166728855235,1.5110377522649707,0.7565425199015189,0.44655496268773315,1.4428178514486443
15661,0.5547690044725903,0.8001660338568091,0.2072548201620765,-0.3507527121214226,-0.04786270694036036
15662,2.1980589805383133,-0.5571872395918231,-0.8412470969950946,-0.9802035124500996,-0.7584461855506631
15663,-0.4531792075909783,-1.058145946714099,-1.358120899809865,-1.1954453334565955,-1.0558099238821486
15664,-0.720691529276096,0.07394609082159041,0.22949565044131331,0.2031181655606824,1.257448248332913
15665,-0.15700485143959794,0.2992073267345332,1.0640373880458711,1.0994248524597794,0.7476818397646525
15666,1.295204894851041,-0.5571872395918231,-0.2634853781888619,0.31452880707427483,-0.9669869890558606
15667,-0.7732385924642441,-1.058145946714099,-0.797977243938803,-0.9194058466176699,-1.0558099238821486
15668,0.07706843003488008,-1.058145946714099,-1.7822159467537384,-2.515817022689194,-1.0558099238821486
15669,-0.768461586719867,0.07394609082159041,-0.20721100317627272,-0.24120448470420522,-0.19461364274031417
15670,0.45445188384067114,-0.5571872395918231,-0.7431004187119135,-0.6267921989603487,-0.05172457367193809
15671,-0.8735557130961633,0.654643185938614,0.7712023019132519,0.17272976344709118,-0.08261950752455995
15672,2.503787348178448,-1.058145946714099,-2.1523778582784674,-1.9471638881929467,-1.0558099238821486
15673,-0.5391653109897661,0.9303406571479473,1.3831579314862716,1.1666290909919852,1.1338685129224257
15674,-0.6108203971554227,1.3460575542855853,1.4648862690025295,1.48688632403703,1.4852983854959994
15675,-0.5726043512004059,0.07394609082159041,-0.375203898046965,-0.21595962957782017,0.19157303041745904
15676,-0.8735557130961633,-0.20175138038774237,0.956644859933517,1.228742543886138,-0.032415240014049426
15677,-0.7254685350204731,-0.20175138038774237,0.2585794816418734,0.32744864979204164,0.5430029029910327
15678,-0.7111375177873418,-0.20175138038774237,0.5005303457905846,0.4897435161402434,0.7592674399593856
15679,-0.8448936786299006,0.07394609082159041,-0.11171463767530027,0.6853342645162757,-0.44563498029286674
15680,-0.9165487647955571,1.0480979277381186,1.0715314551384096,1.0583966506364906,1.7556290567064405
15681,-0.8401166728855235,1.4312993642702228,0.8562948936766906,0.10835219495760728,1.0257362444382492
15682,1.9018846243869332,-0.5571872395918231,-0.7586684913580192,-0.4115503779538524,-0.715965651503308
15683,-0.4006321444028301,-0.5571872395918231,-0.39884863518086333,-0.4115503779538524,0.3190146325595242
15684,1.6534803256793238,-0.20175138038774237,-1.1928077864011646,-1.1954453334565955,-0.3297789783455348
15685,1.190110768474745,-1.058145946714099,-2.002556095091511,-0.7132292345010023,-1.0558099238821486
15686,1.046800596143432,-1.058145946714099,-1.6646249670877677,-2.515817022689194,-1.0558099238821486
15687,-0.9213257705399343,0.9303406571479473,0.8571150449703882,0.8431548296299944,0.1877111636858813
15688,1.0372465846546777,-1.058145946714099,-1.127299547267741,-0.3805884749031534,-1.0558099238821486
15689,-0.39107813291407595,-0.20175138038774237,-0.40368579393688336,-0.586765087019821,0.8673997084435622
15690,-0.9404337935174427,-0.5571872395918231,-0.9623273458097378,-0.6267921989603487,-0.6850707176506862
15691,0.24426363108807866,0.07394609082159041,-0.33732203256435417,-0.9802035124500996,0.8017479740067407
15692,-0.8257856556523923,-1.058145946714099,-1.125530771386642,-0.9802035124500996,-1.0558099238821486
15693,2.1885049690495593,-1.058145946714099,-2.285543658572669,-2.515817022689194,-1.0558099238821486
15694,-0.9595418164949511,2.062432694683636,1.7261164714108304,0.21790042237482501,1.7710765236327515
15695,0.3111417115093581,0.07394609082159041,0.15504747758029064,0.21790042237482501,0.5468647697226104
15696,-0.8019006269305068,1.3460575542855853,1.044619992972478,1.0994248524597794,1.4582653183749552
15697,2.3318151413808725,-1.058145946714099,-0.9416688825665284,-0.862804573858747,-1.0558099238821486
15698,2.0213097679963608,-1.058145946714099,-2.1384812452433595,-2.183176263091345,-1.0558099238821486
15699,-0.8783327188405403,-1.058145946714099,-0.778357326719041,-0.6688728615528973,-1.0558099238821486
15700,-0.13789682846208953,-0.5571872395918231,-0.19432960880241038,0.5698454386786636,-1.0519480571505708
15701,-0.949987805006197,0.07394609082159041,0.3724960455258859,1.2372441024225518,-0.6387283168717534
15702,1.3143129178285495,-0.5571872395918231,-1.3465417367049517,-0.2672508963742018,-0.2602653771771356
15703,0.30158770002060387,-1.058145946714099,-1.0524539715434742,-1.614523128595098,-1.0558099238821486
15704,-0.2907610122821568,0.48966298795922886,1.0168420825663174,0.9088213112787457,0.6549970382067869
15705,0.0006363381248464415,-1.058145946714099,-1.3328374609983078,-1.4880589811139169,-1.0558099238821486
15706,-0.6585904545991936,0.07394609082159041,0.10864698172652061,0.14117229372259663,-0.8511309871085286
15707,-0.7923466154417526,0.07394609082159041,0.0037512895051357025,0.8896672959534744,-0.8588547205716841
15708,-0.768461586719867,0.9303406571479473,1.0457217294554666,0.9458378031172426,0.4310087677752784
15709,0.3923508091637688,-0.5571872395918231,-0.7372600744918485,-0.3805884749031534,0.1259212959806376
15710,1.0324695789103004,-1.058145946714099,-0.010631377522614253,0.7791957222855813,-1.0558099238821486
15711,1.6964733773787177,-0.5571872395918231,-0.5585172042285069,-0.4115503779538524,-0.5614909822401988
15712,-0.9165487647955571,1.2544959545938104,0.9643017775035598,0.5793298571111467,1.7594909234380183
15713,-0.2764299950490255,0.07394609082159041,-0.05977844307937598,0.10835219495760728,1.1840727804329363
15714,-0.906994753306803,0.2992073267345332,-0.10924596015633874,0.05652066271060163,1.0450455780961379
15715,1.6916963716343407,0.2992073267345332,-0.23547870183561997,-0.1914684658752519,-0.8086504530611736
15716,-0.26687598356027126,1.15560189306089,0.72295283659812,1.215822701168371,1.2111058475539804
15717,0.15827752768929082,0.2992073267345332,-0.29364300586586384,-0.7132292345010023,0.32673836602267964
15718,1.620041285468684,-1.058145946714099,-0.8161838211645565,-0.6688728615528973,-1.0558099238821486
15719,-0.8066776326748838,2.3674323185913275,1.7416788512755765,1.9275141439641945,1.6706679886117304
15720,-0.8448936786299006,-0.5571872395918231,-0.151606759505232,1.0424661878166923,0.9755319769277386
15721,-0.906994753306803,-1.058145946714099,-0.4757958247060159,0.5207054191909427,-1.0558099238821486
15722,-0.7923466154417526,1.15560189306089,1.2604179307699157,0.6251737972068488,1.2806194487223794
15723,0.7792882744583141,0.07394609082159041,0.014459826169544266,0.7642790739473241,-0.2448179102508247
15724,0.0006363381248464415,-0.20175138038774237,-0.7755743659737472,-0.7132292345010023,-0.28729844429817974
15725,-0.8878867303292945,-1.058145946714099,-0.5671361669192461,-0.21595962957782017,-1.0558099238821486
15726,0.9034904238121187,-1.058145946714099,-0.7504176362962537,-0.47721685960260357,-1.0558099238821486
15727,-0.8831097245849174,1.5110377522649707,1.6808370353795627,1.8844733957651463,1.5239170528117767
15728,0.8509433606239707,-0.5571872395918231,-0.3718090438213551,-1.1172535236719159,-0.8047885863295958
15729,0.053183401312994566,-0.20175138038774237,-1.1198772627837965,-1.1172535236719159,-0.3181933781508016
15730,-0.6490364431104395,0.2992073267345332,0.4601650232310297,0.7178293264081053,0.3576332998753015
15731,1.6821423601455865,-1.058145946714099,-1.428008863463651,-1.2818823689972492,-1.0558099238821486
15732,0.053183401312994566,1.0480979277381186,0.3795243246446426,0.18806465959309385,0.7245106393751861
15733,0.38757380341939174,-1.058145946714099,-1.242549940428309,-1.1172535236719159,-1.0558099238821486
15734,-0.4149631616359615,0.07394609082159041,0.6554517310045574,-0.12209817180851448,0.6163783708910096
15735,1.051577601887809,-1.058145946714099,-0.7376333229401193,-0.6267921989603487,-1.0558099238821486
15736,1.1184556823090883,-0.5571872395918231,0.47690804003255644,0.6600894093898906,-1.0558099238821486
15737,-0.8926637360736717,0.8001660338568091,0.19055587767225435,0.28806221969362183,-0.17530430908242553
15738,-0.8735557130961633,2.703410827734218,1.9194381643353788,0.4126028186801636,1.689977322269619
15739,-0.6442594373660624,-1.058145946714099,-0.5106687603670534,-1.2818823689972492,-1.0558099238821486
15740,-0.7254685350204731,-1.058145946714099,-1.2761168331192558,-1.1954453334565955,-1.0558099238821486
15741,1.2283268144297617,-0.5571872395918231,-1.0623037837257288,-1.0458699940988507,-0.43791124682971133
15742,1.9974247392744753,-1.058145946714099,-1.2669601155701746,-0.0181119525235737,-1.0558099238821486
15743,-0.8831097245849174,0.07394609082159041,-0.11664030415770194,0.27450169513374717,-0.40701631297708946
15744,-0.5917123741779142,-1.058145946714099,-2.338028136209133,-1.9471638881929467,-1.0558099238821486
15745,-0.8687787073517862,0.07394609082159041,0.13142323516758073,0.24668909751329784,-0.21778484312978058
15746,-0.3194230467484194,-1.058145946714099,-1.1039068494521265,-0.32196403698294906,-1.0558099238821486
15747,-0.9022177475624259,0.9303406571479473,0.7271647886021921,0.8223842757380923,1.562535720127554
15748,-0.768461586719867,-0.20175138038774237,-0.2903146041837703,-0.16768729188131876,0.523693569333144
15749,0.1630545334336679,-0.20175138038774237,2.805793848538761,-1.614523128595098,-0.6812088509191084
15750,-0.949987805006197,1.7233615276208618,1.4115197373240922,1.8101152053728418,1.7865239905590624
15751,1.237880825918516,1.15560189306089,0.2987674355360127,0.6162076636214244,-0.0015203061614275704
15752,-0.7732385924642441,0.9303406571479473,1.052697999393627,1.7444487237240907,0.5584503699173436
15753,0.49266792979568796,-1.058145946714099,-1.75581801898235,-2.515817022689194,-1.0558099238821486
15754,-0.7159145235317189,0.9303406571479473,0.8677667143672382,0.8082392174469527,1.2767575819908017
15755,-0.9117717590511801,1.6565606001831652,1.3581624179103575,1.544111232749301,1.7440434565117073
15756,-0.6681444660879479,0.07394609082159041,-0.394098253357881,1.0842787042858788,-0.3297789783455348
15757,-0.6490364431104395,0.48966298795922886,0.8442869600795845,1.0944071422788821,0.8056098407383184
15758,-0.8448936786299006,-1.058145946714099,-1.0740027224756639,-1.1954453334565955,-1.0558099238821486
15759,0.08184543577925718,0.654643185938614,-0.06729644496528703,-1.1172535236719159,0.9484989098066945
15760,2.0499718024626232,-0.5571872395918231,1.9662002709653412,-2.515817022689194,-1.0558099238821486
15761,1.151894722519728,-1.058145946714099,-1.3330879657897114,-1.614523128595098,-1.0558099238821486
15762,-0.6490364431104395,-0.5571872395918231,-0.3217874839417477,-0.10021972705664996,-1.0094675231032157
15763,-0.8114546384192609,-0.5571872395918231,0.12635208329395495,0.26071325195673184,-0.8781640542295728
15764,-0.5391653109897661,0.8001660338568091,1.151866899333567,1.211470473151452,0.4503181014331671
15765,2.221944009260199,-1.058145946714099,-0.6489824746354541,-0.4115503779538524,-1.0558099238821486
15766,-0.6538134488548165,-0.20175138038774237,-0.06718365842019365,-0.5486003891756687,1.33082371623289
15768,-0.41018615589158436,2.478149591821275,2.0350364488186083,1.9053400087938746,1.3424093164276232
15769,-0.9261027762843114,2.842379197713229,3.3024142449170735,-0.3805884749031534,1.7285959895853964
15770,1.9639856990638354,-1.058145946714099,-0.751446648471961,-0.6688728615528973,-1.0558099238821486
15771,1.9257696531088186,-0.20175138038774237,0.0709474065745511,-0.3805884749031534,-0.7121037847717303
15772,1.0372465846546777,-1.058145946714099,-0.8485086404364199,-0.7601216003714991,-1.0558099238821486
15773,-0.9356567877730656,-0.5571872395918231,-0.1179793679123637,0.07416420415895746,0.5043842356752554
15774,-0.6347054258773082,0.48966298795922886,0.24896410284015053,0.5979759564957379,1.2149677142855582
15775,0.21082459087743893,-0.5571872395918231,-1.2966895928114455,-1.1954453334565955,0.43487063450685615
15776,-0.3242000524927965,-1.058145946714099,-0.9567722562822365,-0.6688728615528973,-1.0558099238821486
15777,0.19171656789993052,0.654643185938614,0.47506449421427505,-0.2941514393624997,0.20702049734376995
15778,1.0993476593315799,-1.058145946714099,-0.7823183122349396,-0.7132292345010023,-1.0558099238821486
15779,1.2522118431516471,-0.5571872395918231,-1.4350152996490055,-1.2818823689972492,-0.7893411194032849
15780,-0.0853497652739414,-0.20175138038774237,-0.4698913800735342,-0.3805884749031534,-0.38384511258762305
15781,-0.8401166728855235,-0.20175138038774237,-0.6996053653510521,-0.586765087019821,0.025512760959616555
15782,-0.9165487647955571,0.07394609082159041,1.068913237715923,0.15710275654239486,0.5700359701120767
15783,-0.9117717590511801,-1.058145946714099,-0.942981167736101,-0.862804573858747,-1.0558099238821486
15784,1.2713198661291556,-0.5571872395918231,-0.05235493370436311,-0.1914684658752519,-0.26412724390871334
15785,-0.8066776326748838,1.5859404542672264,1.3553643939647102,0.7178293264081053,1.616601854369642
15786,-0.7397995522536044,0.2992073267345332,1.6105106808799872,1.7421666831507694,0.8365047745909403
15787,-0.8353396671411465,-0.20175138038774237,0.016440452555215805,1.0636387966331442,-0.9206445882769279
15788,1.4671771016486168,-1.058145946714099,-1.0181907724538026,-0.862804573858747,-1.0558099238821486
15789,0.7506262399920515,0.48966298795922886,0.552384107176268,0.7791957222855813,-0.032415240014049426
15790,-0.9117717590511801,-1.058145946714099,-1.0282376381198481,-0.16768729188131876,-1.0558099238821486
15791,-0.7541305694867357,0.2992073267345332,0.9920114494911467,0.8567153541898691,1.2535863816013353
15792,0.9464834755115127,-0.5571872395918231,0.016888434099237758,0.24668909751329784,-0.2100611096666251
15793,-0.8926637360736717,0.8001660338568091,0.6976358459693551,-0.9802035124500996,1.7401815897801296
15794,2.556334411366596,-0.5571872395918231,-0.11567474511683903,-0.8098576192004525,-1.0519480571505708
15795,-0.24776796058276288,0.8001660338568091,0.5589218131291988,0.7865535568710715,1.0334599779014046
15796,-0.954764810750574,1.6565606001831652,1.2517663841776538,0.9637379981128575,1.3269618495013122
15797,-0.41974016738033854,0.48966298795922886,0.8144047631133641,-0.9802035124500996,1.1377303796540035
15798,1.3907450097385832,-0.20175138038774237,0.3754950709811373,0.44655496268773315,-0.3259171116139571
15799,-0.6012663856666685,0.07394609082159041,0.31982823411482947,0.9927301689877395,0.2688103650490137
15800,-0.4484022018466012,0.654643185938614,0.2138206559676413,1.258120370257919,0.9176039759540727
15801,-0.7397995522536044,-0.20175138038774237,0.11094840917773376,0.3014022381220454,-0.8125123197927513
15802,-0.2812070007934026,-1.058145946714099,-0.5069897842396256,-2.515817022689194,-1.0558099238821486
15803,-0.7159145235317189,0.07394609082159041,0.5403893961505195,0.10835219495760728,1.3578567833539341
15804,-0.9595418164949511,1.3460575542855853,1.1026806039510775,1.133714926635295,-0.2911603110297575
15805,-0.8496706843742777,2.3282062876889484,1.7383412497255817,1.692716266781489,1.6706679886117304
15806,-0.7397995522536044,-0.20175138038774237,-0.10867604873256946,-0.4437267787202448,-0.16758057561927006
15807,-0.720691529276096,0.2992073267345332,0.49719588834918105,0.5698454386786636,1.3230999827697345
15808,0.5022219412844422,1.9044924940644754,2.1182775784435215,1.7189901967493497,0.6125165041594318
15809,-0.7875696096973754,0.654643185938614,0.24114001736814356,0.15710275654239486,0.8712615751751399
15810,-0.5869353684335371,0.8001660338568091,0.8585456651846921,0.607142454731596,1.242000781406602
15811,-0.8544476901186548,0.654643185938614,0.9671515341001258,1.2864824609043526,0.3576332998753015
15812,-0.4484022018466012,1.2544959545938104,1.255918527894751,0.5887058798168258,1.3269618495013122
15813,0.029298372591109054,-0.5571872395918231,0.2576286656450933,-0.037881416532715165,-0.9322301884716611
15814,-0.8831097245849174,0.48966298795922886,0.7650142614126324,0.5505411819726732,1.2111058475539804
15815,-0.6585904545991936,0.2992073267345332,0.6016272828323097,-0.1914684658752519,-0.29888404449291295
15816,1.6295952969574383,-0.5571872395918231,-1.327596843153326,-1.0458699940988507,-1.0558099238821486
15817,1.046800596143432,-0.20175138038774237,0.8002814819101627,0.9336836095984207,-0.5808003158980874
15818,1.849337561198785,-1.058145946714099,-0.7100139257331084,-1.0458699940988507,-1.0558099238821486
15819,-0.7254685350204731,1.0480979277381186,1.0545122837597194,1.189356113787718,1.1917965138960918
15820,0.5643230159613445,-1.058145946714099,-1.0679733553091046,-0.7132292345010023,-1.0558099238821486
15821,-0.7493535637423586,-0.5571872395918231,-0.33775099460785096,0.24668909751329784,-0.990158189445327
15822,-0.9452107992618198,0.48966298795922886,0.5060877523228839,0.07416420415895746,1.763352790169596
15823,0.8175043204133309,-0.20175138038774237,1.0447966069159242,1.0583966506364906,0.3306002327542574
15824,1.2044417857078762,-0.5571872395918231,-0.017020610418641,-0.4437267787202448,-0.7507224520875077
15825,-0.13789682846208953,-1.058145946714099,-0.38740246297310627,-0.586765087019821,-1.0558099238821486
15826,-0.6920294948098333,0.07394609082159041,0.7550417044594986,0.7017426726202728,0.9214658426856505
15827,-0.6108203971554227,2.245808014503504,0.9909707550396619,0.8766449105123539,1.3655805168170896
15828,0.8318353376464622,-1.058145946714099,0.14073830767802623,0.457567115373851,-1.0558099238821486
15829,-0.486618247801618,-0.5571872395918231,-0.25985089501331476,0.038489320235348796,-0.8974733878874614
15830,-0.7827926039529983,-1.058145946714099,-0.33141823408966525,-0.05813906446410138,-1.0558099238821486
15831,-0.6824754833210792,-0.20175138038774237,-0.09949111147668713,0.32744864979204164,-0.028553373282471695
15832,0.25381764257683287,-1.058145946714099,-0.06222980082720138,0.2031181655606824,-1.0558099238821486
15833,2.561111417110973,-1.058145946714099,-1.7450975811024083,-1.614523128595098,-1.0558099238821486
15834,-0.6251514143885539,0.654643185938614,1.0225639761330272,1.6829495674195714,0.31129089909636876
15835,-0.7493535637423586,0.07394609082159041,0.03235737504076178,0.09143627489364367,0.04868396134908295
15836,-0.720691529276096,-1.058145946714099,-1.3621265945901375,-1.1172535236719159,-1.0558099238821486
15837,-0.6538134488548165,-0.5571872395918231,-0.11566546716169454,0.17272976344709118,0.5700359701120767
15838,-0.906994753306803,2.478149591821275,3.164544637118896,0.3014022381220454,1.6977010557327745
15839,-0.8019006269305068,-0.20175138038774237,0.10039272190499475,0.23242103254119895,-0.6116952497507092
15840,-0.6824754833210792,-0.5571872395918231,-0.6788634800813486,-0.3805884749031534,-0.615557116482287
15841,-0.6155974028997997,0.9303406571479473,0.7939968158537711,0.28806221969362183,1.4814365187644216
15842,0.9178214410452501,-0.5571872395918231,-0.3662737161544094,-0.4437267787202448,-0.5383197818507324
15843,0.48789092405131085,-1.058145946714099,-1.4652444696826366,-1.2818823689972492,-1.0558099238821486
15844,-0.7397995522536044,-1.058145946714099,-1.3975691281336575,-1.0458699940988507,-1.0558099238821486
15845,-0.8783327188405403,1.15560189306089,1.1394526923622217,0.9088213112787457,1.5123314526170435
15846,0.8796053950902333,-1.058145946714099,-1.540929145238206,-0.3507527121214226,-1.0558099238821486
15847,-0.7780155982086212,0.2992073267345332,-0.07458674557155479,-0.05813906446410138,1.272895715259224
15848,2.0069787507632295,-1.058145946714099,-1.358899488548048,-0.16768729188131876,-1.0558099238821486
15850,-0.8687787073517862,0.48966298795922886,0.07109784071145196,1.5084363488256922,1.6745298553433081
15851,1.5531632050474047,-1.058145946714099,-1.5229765295368582,-1.2818823689972492,-1.0558099238821486
15852,-0.0710187480408101,-0.20175138038774237,-0.9116792784454432,-0.24120448470420522,0.2572247648542805
15853,-0.7159145235317189,-1.058145946714099,-1.5160348716026526,-0.2941514393624997,-1.0558099238821486
15854,-0.9404337935174427,1.9044924940644754,1.3063933419185054,1.124063132285242,1.7440434565117073
15855,-0.3098690352596652,0.48966298795922886,0.10329622950523931,0.43539298020353107,0.2572247648542805
15856,-0.9404337935174427,2.990819440597063,2.5734161424390294,1.799529341632207,1.7710765236327515
15857,-0.8735557130961633,-0.5571872395918231,-0.338357022390614,-0.5486003891756687,0.5352791695278772
15858,-0.8878867303292945,1.3460575542855853,0.9807384754981205,1.520501170041236,1.7015629224643523
15859,1.104124665075957,-1.058145946714099,-0.5279692197688256,-0.5121324717856456,-1.0558099238821486
15860,-0.768461586719867,1.6565606001831652,0.6860356925452036,1.4452980450086004,1.6204637211012198
15861,-0.9022177475624259,1.2544959545938104,1.1300857807368425,1.9329652806783522,1.5239170528117767
15862,-0.9213257705399343,1.3460575542855853,0.7307580361945413,1.8669969064568752,1.7015629224643523
15863,-0.8401166728855235,0.2992073267345332,-0.6797953175318531,0.457567115373851,1.6359111880275308
15864,-0.8544476901186548,0.654643185938614,0.6286474786404599,-0.6688728615528973,0.3306002327542574
15865,-0.768461586719867,0.2992073267345332,0.6484427512466855,0.8431548296299944,1.504607719153888
15866,-0.47706423631286377,-1.058145946714099,-1.0511304162034045,0.020052745320578196,-1.0558099238821486
15867,-0.9356567877730656,2.3674323185913275,1.6454497877242453,2.0891543045374834,1.7247341228538187
15868,1.8254525324768995,-1.058145946714099,-1.6295578900830447,-1.7640984679528429,-1.0558099238821486
15869,0.3636887746975062,-0.20175138038774237,-0.752208166622283,-0.2941514393624997,0.2919815654384801
15870,-0.8066776326748838,0.07394609082159041,-0.0446369278953675,0.8961017842882889,0.5430029029910327
15871,1.1280096937978425,-1.058145946714099,-2.3731455112728406,-1.614523128595098,-1.0558099238821486
15872,-0.8926637360736717,0.07394609082159041,-0.16139512769476042,1.1044120596547777,1.014150644243516
15873,1.4241840499492229,0.07394609082159041,-0.7685030816486195,-1.9471638881929467,-1.0519480571505708
15874,-0.6585904545991936,1.9044924940644754,1.814909279544418,1.48688632403703,1.4080610508644447
15875,2.126403894372657,-1.058145946714099,-1.5309077217422076,-0.6688728615528973,-1.0558099238821486
15876,0.9942535329552837,-0.5571872395918231,0.3338004727524349,-1.0458699940988507,-0.9051971213506169
15877,-0.954764810750574,-0.5571872395918231,-0.4474352027315625,0.8634124775613803,-0.9940200561769047
15878,1.7203584061006032,-0.5571872395918231,-0.7308789294758273,0.09143627489364367,-0.3915688460507785
15879,0.9703685042333982,0.07394609082159041,0.15934507861465239,1.1384985731749109,0.17226369675957037
15880,0.8031733031801996,-1.058145946714099,-0.7346745967760856,0.6600894093898906,-1.0558099238821486
15881,0.5308839757507048,0.2992073267345332,-0.43136676396268225,-0.3805884749031534,-0.8549928538401064
15882,-0.013694679108284865,0.8001660338568091,0.15096785249057787,0.12492635577600246,0.9948413105856273
15883,-0.949987805006197,-0.5571872395918231,-0.6004424094326675,0.0011923041824166546,-0.9360920552032388
15884,1.104124665075957,-0.5571872395918231,-0.947960332269755,-0.862804573858747,0.11819756251748213
15885,-0.5200572880122577,1.5110377522649707,0.5486273252376573,0.5505411819726732,1.242000781406602
15886,-0.672921471832325,0.07394609082159041,0.1033989766548849,0.26071325195673184,1.0218743777066714
15887,0.9799225157221524,-0.20175138038774237,0.08556398900570583,-0.3507527121214226,-0.48039178087706635
15888,-0.5773813569447829,-0.20175138038774237,-0.5434087697892697,-0.1914684658752519,0.6665826384015201
15889,-0.21432892037212317,0.8001660338568091,0.32299817823149957,1.4679533363137638,1.1570397133118921
15890,0.9225984467896272,0.2992073267345332,-0.383748099946417,-1.1172535236719159,-0.2448179102508247
15891,0.120061481734274,-1.058145946714099,-0.4167315555408906,0.28806221969362183,-1.0558099238821486
15892,2.23627502649333,-1.058145946714099,-1.4116222052051155,-0.07890961835600385,-1.0558099238821486
15893,1.338197946550435,-1.058145946714099,-0.7885836016262074,-2.515817022689194,-1.0558099238821486
15894,0.24904063683245575,-0.5571872395918231,-0.9089175458202776,-0.14457610000475504,-0.6078333830191315
15895,-0.24776796058276288,-1.058145946714099,-1.1715855423149861,-1.0458699940988507,-1.0558099238821486
15897,-0.03280270208579327,-0.5571872395918231,-1.0624070965594516,-0.7132292345010023,-1.0558099238821486
15898,-0.954764810750574,2.110890520920167,1.226896843594388,1.544111232749301,1.7517671899748628
15899,0.7983962974358225,-1.058145946714099,-1.9991437806166923,-1.7640984679528429,-1.0558099238821486
15900,-0.8496706843742777,0.07394609082159041,-0.020565857673167067,0.7017426726202728,1.0257362444382492
15901,-0.8831097245849174,0.654643185938614,-0.20365979173390297,1.0040461146997783,0.9793938436593164
15902,0.8557203663683477,-1.058145946714099,-1.3233326913632986,-0.6688728615528973,-1.0558099238821486
15903,-0.9165487647955571,1.2544959545938104,1.6467863643371046,0.26071325195673184,1.5895687872485982
15904,-0.9213257705399343,-1.058145946714099,-1.232105631964072,-0.2672508963742018,-1.0558099238821486
15905,1.6343723027018153,-1.058145946714099,-1.4913463958814839,-0.5121324717856456,-1.0558099238821486
15906,-0.8687787073517862,1.0480979277381186,0.7358807854812239,0.9927301689877395,0.6086546374278541
15907,-0.9452107992618198,-0.20175138038774237,-0.02370373813403971,1.1573590143130723,-0.25640351044555787
15908,1.381190998249829,-0.5571872395918231,-0.13293240185042293,-0.10021972705664996,-0.9708488557874383
15909,-0.13311982271771242,-1.058145946714099,-1.1221558024128726,-1.3785107536966998,-1.0558099238821486
15910,-0.9595418164949511,1.5110377522649707,0.7722985528536958,1.820566213675165,1.5972925207117536
15911,2.0165327622519835,0.8001660338568091,0.4490746980821057,1.0944071422788821,-0.6425901836033311
15912,-0.1092347939958269,0.9303406571479473,0.11819829391811162,0.5505411819726732,1.072078645217182
15913,1.5913792510024214,-1.058145946714099,-3.4857902065505932,-2.515817022689194,-1.0558099238821486
15914,0.8461663548795936,-0.5571872395918231,-1.071417520475102,-0.9194058466176699,-1.0558099238821486
15915,0.9560374870002669,-1.058145946714099,-0.6610870254317086,0.7413828979433381,-1.0558099238821486
15916,-0.8831097245849174,1.3460575542855853,0.8928920960059655,1.3697273015336935,1.6977010557327745
15917,0.22037860236619314,0.2992073267345332,-0.3911569528550028,0.8961017842882889,0.8365047745909403
15918,-0.05191072506330168,-0.20175138038774237,-0.3228622327053549,0.12492635577600246,0.6472733047436314
15919,-0.8687787073517862,-0.5571872395918231,-0.3972708350571746,0.7257558910386418,0.2919815654384801
15920,-0.22388293186087738,0.9303406571479473,-0.34005154778455476,0.6428173386552047,1.1493159798487367
15921,-0.13789682846208953,0.07394609082159041,-0.11729092766066895,0.40096584261492885,0.7515437064962301
15922,0.822281326157708,-1.058145946714099,-0.6511806556035886,-1.0458699940988507,-1.0558099238821486
15923,0.8175043204133309,-1.058145946714099,-1.4179068305317886,-0.5486003891756687,-1.0558099238821486
15924,2.5324493826447103,-1.058145946714099,-1.5694884649127951,-0.862804573858747,-1.0558099238821486
15925,-0.03280270208579327,-1.058145946714099,-1.0673835827371285,-0.9802035124500996,-1.0558099238821486
15926,1.6295952969574383,-1.058145946714099,-1.377575565127699,-1.3785107536966998,-1.0558099238821486
15927,2.131180900117034,-1.058145946714099,-1.5440770035150118,-0.9194058466176699,-1.0558099238821486
15928,2.174173951816428,-1.058145946714099,-0.8168207440416521,-1.0458699940988507,-1.0558099238821486
15929,2.1168498828839026,-1.058145946714099,-0.30924425180683424,-2.515817022689194,-1.0558099238821486
15930,-0.6394824316216853,-1.058145946714099,-0.5476667677958699,-0.5486003891756687,-1.0558099238821486
15931,1.0850166420984486,-1.058145946714099,-0.96190772973312,-0.862804573858747,-1.0558099238821486
15932,-0.9404337935174427,0.8001660338568091,0.7260266569038858,0.6428173386552047,0.04482209461750521
15933,-0.859224695863032,-0.20175138038774237,0.1398532180501246,0.32744864979204164,-0.8047885863295958
15934,1.0324695789103004,-0.5571872395918231,0.6319154587306715,-0.2941514393624997,-1.0094675231032157
15935,0.18216255641117632,-0.5571872395918231,-0.564349611147342,-0.9802035124500996,-1.048086190418993
15936,0.8509433606239707,-0.5571872395918231,-0.8436340680587138,-0.7601216003714991,-0.715965651503308
15937,-0.6538134488548165,-1.058145946714099,-1.3216537875641208,-1.3785107536966998,-1.0558099238821486
15938,-0.42451717312471565,0.9303406571479473,-0.1559200563676214,-0.3507527121214226,0.6588589049383646
15939,-0.534388305245389,1.5859404542672264,1.6564538169632825,0.17272976344709118,0.04482209461750521
15940,0.5261069700063277,-1.058145946714099,-2.318141766944185,-2.515817022689194,-1.0558099238821486
15941,2.083410842673263,-1.058145946714099,-0.5851334576715457,-1.4880589811139169,-1.0558099238821486
15942,-0.3242000524927965,-1.058145946714099,-0.7165110088072327,-0.862804573858747,-1.0558099238821486
15943,2.1407349116057883,-0.5571872395918231,-0.8734938850692102,-0.9802035124500996,-0.947677655397972
15944,0.3589117689531291,0.07394609082159041,0.6231610827076491,-0.4115503779538524,0.682030105327831
15945,0.7840652802026912,0.07394609082159041,-0.2484646788499554,-0.4437267787202448,0.38466636699634565
15946,1.4385150671823541,-0.20175138038774237,0.6683675022775297,-0.4115503779538524,-0.5499053820454656
15947,-0.5678273454560288,-1.058145946714099,0.45246111112947474,-0.2941514393624997,-1.0558099238821486
15948,-0.9213257705399343,-0.20175138038774237,0.36304117293832716,0.32744864979204164,0.5507266364541882
15949,-0.8831097245849174,-0.5571872395918231,-0.6605539237258435,-0.9802035124500996,-0.8434072536453732
15950,-0.8114546384192609,1.0480979277381186,1.4826036372231637,1.3624991221135656,1.4582653183749552
15951,-0.9213257705399343,-0.20175138038774237,0.0756817622113341,0.038489320235348796,0.38466636699634565
15952,-0.8019006269305068,0.07394609082159041,-0.1111335546878734,0.3526935049184267,-0.3143315114192239
15953,-0.8878867303292945,1.7233615276208618,0.9576061660569793,0.7178293264081053,1.7285959895853964
15954,1.854114566943162,-1.058145946714099,-1.1266216315398716,-0.586765087019821,-1.0558099238821486
15955,-0.8448936786299006,1.9594133665673954,1.5743333127133137,1.3515360227957012,1.3771661170118228
15956,1.6725883486568323,-0.5571872395918231,-0.2811669196124108,-0.6688728615528973,-0.3799832458560453
15957,-0.8114546384192609,-0.20175138038774237,0.007101107415577877,0.8567153541898691,0.44645623470158935
15958,-0.6060433914110456,0.07394609082159041,-0.4901168396284115,0.14117229372259663,0.782438640348852
15959,2.298376101170233,-0.20175138038774237,-0.37407492885505433,0.26071325195673184,-1.0558099238821486
15960,0.8270583319020851,0.07394609082159041,-0.5746316872088783,-0.4437267787202448,-0.8202360532559068
15961,0.8509433606239707,-1.058145946714099,-0.5071972271595447,0.0011923041824166546,-1.0558099238821486
15962,1.1853337627303677,-1.058145946714099,-0.8268152958589193,0.020052745320578196,-1.0558099238821486
15963,-0.8687787073517862,-0.5571872395918231,-0.4767744109249501,-0.3805884749031534,-0.9554013888611275
15964,2.2076129920270677,-1.058145946714099,-0.8790290475371346,-0.586765087019821,-1.0558099238821486
15965,-0.8783327188405403,1.3460575542855853,0.8017250528950858,1.274447139088575,1.720872256122241
15966,1.190110768474745,-1.058145946714099,-0.5478355852224274,-0.3507527121214226,-1.0558099238821486
15967,-0.8496706843742777,1.2544959545938104,0.850551922208845,1.6400928747608428,1.70542478919593
15968,0.8939364123233645,-1.058145946714099,-0.5859339587630962,0.4126028186801636,-1.0558099238821486
15969,-0.949987805006197,0.2992073267345332,0.15249881545321853,-0.24120448470420522,0.9523607765382722
15970,0.48789092405131085,-0.5571872395918231,0.07862947343458981,-0.6267921989603487,0.08344076193328254
15971,-0.8783327188405403,1.7233615276208618,1.3472067085439805,-0.9802035124500996,1.7015629224643523
15972,1.2187728029410074,0.2992073267345332,0.4778097023486139,0.7336066022127771,-0.499701114534955
15973,0.7888422859470683,-0.20175138038774237,-0.21113973927935428,-1.2818823689972492,-0.8125123197927513
15974,-0.7732385924642441,0.654643185938614,0.9579857182138213,0.9812559531764108,-0.09420510771929315
15975,-0.5582733339672745,-1.058145946714099,-0.6482447648496293,-0.4437267787202448,-1.0558099238821486
15976,-0.17133586867272924,0.48966298795922886,0.4465968034480971,1.4961914490148744,0.43487063450685615
15977,-0.8783327188405403,-0.5571872395918231,0.10467182772559337,0.10835219495760728,-0.9708488557874383
15978,-0.5917123741779142,-0.20175138038774237,0.9230381333632903,0.7567177940893411,1.1338685129224257
15979,1.9162156416200644,-1.058145946714099,-0.7342591552974603,-0.5121324717856456,-1.0558099238821486
15980,-0.5391653109897661,0.654643185938614,1.421592119193319,0.7098254282188435,0.7515437064962301
15981,-0.8448936786299006,1.9044924940644754,1.6801482019744152,1.0370865419358446,1.2458626481381798
15982,1.9305466588531957,-1.058145946714099,-0.7446288978668767,0.05652066271060163,-1.0558099238821486
15983,-0.8544476901186548,0.8001660338568091,0.8848473450829557,0.9578145568046977,1.689977322269619
15984,-0.949987805006197,2.3282062876889484,1.6012317036966612,1.9437600819107885,1.7865239905590624
15985,-0.37197010993656754,0.654643185938614,0.7868230031070378,0.14117229372259663,0.6356877045488982
15986,-0.816231644163638,-0.5571872395918231,-0.6811750236339615,-0.4115503779538524,0.29970529890163555
15987,-0.9022177475624259,0.8001660338568091,0.3757863055430278,0.9927301689877395,0.36149516660687925
15988,-0.8687787073517862,-0.20175138038774237,-0.15192863254869224,0.8082392174469527,1.404199184132867
15989,0.8318353376464622,-0.5571872395918231,-0.6535028137370393,0.5307717179635321,0.3421858329489906
15990,-0.7493535637423586,0.654643185938614,0.5654080601493033,0.8293663864529791,1.2806194487223794
15991,1.5913792510024214,-1.058145946714099,-1.2964514045402904,-1.4880589811139169,-1.0558099238821486
15992,-0.9452107992618198,-0.20175138038774237,-0.012454555598189202,0.18806465959309385,0.682030105327831
15993,-0.9213257705399343,0.654643185938614,0.8032151016505118,1.6878474509651678,-0.9167827215453501
15994,-0.7015835062985876,-0.20175138038774237,0.18296466763517427,0.6428173386552047,1.187934647164514
15995,1.0181385616771692,-1.058145946714099,-0.19654708551116917,0.7642790739473241,-1.0558099238821486
15996,-0.5391653109897661,0.654643185938614,0.30187495403298287,0.9754580982530536,0.1375068961753708
15998,-0.7875696096973754,1.5859404542672264,1.590935737771328,2.269820912959956,1.6552205216854194
15999,2.5515574056222188,-1.058145946714099,-2.709450562889847,-2.515817022689194,-1.0558099238821486
16000,-0.949987805006197,-0.20175138038774237,1.8825643477332452,-1.1954453334565955,-1.0558099238821486
16001,0.8604973721127248,-1.058145946714099,-0.3222320135035105,-0.2941514393624997,-1.0558099238821486
16002,2.026086773740738,-1.058145946714099,-1.2126344590815692,0.0011923041824166546,-1.0558099238821486
16003,-0.8210086499080151,1.0480979277381186,1.310978097069694,1.0096460890517032,1.6745298553433081
16004,1.3047589063397953,0.2992073267345332,0.6171857353993991,0.32744864979204164,-0.24867977698240243
16005,-0.9022177475624259,1.0480979277381186,0.6873148640045397,1.6375007934350612,0.6356877045488982
16006,0.048406395568617464,-0.5571872395918231,-0.7264324826994415,0.46843340743959727,-0.3761213791244676
16007,-0.7350225465092273,0.654643185938614,0.8714276021027388,1.692716266781489,0.8596759749804067
16008,-0.8496706843742777,1.5110377522649707,1.2747701780804013,0.32744864979204164,1.288343182185535
16009,-0.8544476901186548,0.07394609082159041,0.045849489113210476,0.3891614223084505,-0.5267341816559992
16010,0.21082459087743893,1.15560189306089,0.4467883678467084,0.8634124775613803,-0.4147400464402449
16011,-0.9213257705399343,2.2876939305965793,1.3093281031587658,1.1848607981176718,1.763352790169596
16012,-0.7923466154417526,0.2992073267345332,0.8536084126017833,1.294409025534889,0.8519522415172512
16013,-0.9452107992618198,3.574427058129272,2.972166265208613,0.2031181655606824,1.7556290567064405
16014,-0.7827926039529983,0.2992073267345332,0.13516239071079109,1.3404244345531768,1.4157847843276001
16015,-0.9452107992618198,-0.20175138038774237,-0.18623277775308913,1.0096460890517032,-0.8781640542295728
16016,-0.9452107992618198,1.15560189306089,0.5956953487098843,1.1848607981176718,0.4850749020173667
16017,-0.7350225465092273,0.2992073267345332,0.3802761453683891,0.6935794902722501,1.4775746520328439
16018,-0.7732385924642441,0.07394609082159041,-0.1928309751696605,0.10835219495760728,1.6204637211012198
16019,-0.7397995522536044,2.202452120611942,2.124506724411682,1.4679533363137638,1.5663975868591318
16020,-0.8831097245849174,-0.20175138038774237,-0.0500808382362296,0.0011923041824166546,-0.8665784540348396
16021,0.9273754525340043,-0.5571872395918231,-0.45229969898926725,0.8293663864529791,-0.48039178087706635
16022,0.28247967704309546,-1.058145946714099,-0.29884989048888094,0.3891614223084505,-1.0558099238821486
16023,-0.7397995522536044,-0.20175138038774237,-0.17078711296992102,0.6162076636214244,-0.20619924293504738
16024,-0.9022177475624259,-0.20175138038774237,-0.45681012831125667,0.5001945244425666,0.4850749020173667
16025,-0.8210086499080151,-1.058145946714099,-0.5260008609182715,-0.32196403698294906,-1.0558099238821486
16026,-0.7541305694867357,-1.058145946714099,-0.9734152040675309,-0.2672508963742018,-1.0558099238821486
16027,-0.5248342937566348,1.5110377522649707,0.5834578152246672,-0.586765087019821,1.2960669156486904
16028,1.8827766014094247,-1.058145946714099,-1.7293096711962952,-1.614523128595098,-1.0558099238821486
16029,-0.7780155982086212,3.870308439958154,3.5077050551496307,0.24668909751329784,1.6204637211012198
16030,0.5165529585175734,-1.058145946714099,-0.7298570775616247,-0.32196403698294906,-1.0558099238821486
16031,-0.5200572880122577,-0.5571872395918231,-0.3674562896313779,0.6251737972068488,-0.45722058048759995
16032,1.2187728029410074,0.48966298795922886,0.5537470447944284,0.9151078788768329,-0.7970648528664404
16033,-0.9356567877730656,2.202452120611942,1.7703271310023643,2.1716897012106156,0.797886107275163
16034,-0.02324869059703907,0.48966298795922886,-0.0007130805671784574,0.020052745320578196,-0.2332323100560915
16035,1.7155814003562262,-1.058145946714099,-1.031595909731887,-0.5486003891756687,-1.0558099238821486
16036,-0.5439423167341432,0.07394609082159041,0.7434409426568402,0.8499631098416093,1.0025650440487828
16037,0.3254727287424894,0.2992073267345332,0.3631606641284616,0.31452880707427483,0.40783756738581206
16038,-0.9261027762843114,-0.20175138038774237,-0.47521541622621494,-0.4437267787202448,-0.3066077779560684
16039,1.0611316133765631,-0.5571872395918231,-0.4990876782070894,-0.3507527121214226,-0.26412724390871334
16040,-0.6490364431104395,0.654643185938614,0.7028280999525904,0.6600894093898906,1.0450455780961379
16041,-0.816231644163638,-0.20175138038774237,0.8977304999848457,-1.4880589811139169,-0.6271427166770202
16042,-0.8544476901186548,0.8001660338568091,0.6496970613426994,0.5979759564957379,0.6086546374278541
16043,-0.7827926039529983,0.8001660338568091,0.5125397939543628,0.23242103254119895,0.6588589049383646
16044,1.1184556823090883,-1.058145946714099,-0.7092956242522187,-0.6267921989603487,-1.0558099238821486
16045,-0.39107813291407595,0.8001660338568091,0.9564705123261794,0.7865535568710715,0.40783756738581206
16046,1.7251354118449804,-1.058145946714099,-0.9743596284546785,-0.5121324717856456,-1.0558099238821486
16047,2.298376101170233,-1.058145946714099,-1.5400608791941761,-2.515817022689194,-1.0558099238821486
16048,0.822281326157708,0.07394609082159041,-0.07790740630068572,-0.2672508963742018,-0.3761213791244676
16049,-0.768461586719867,0.48966298795922886,0.5108124162734385,1.797395678382385,0.782438640348852
16050,-0.13311982271771242,-0.20175138038774237,-0.7994590971147608,-0.6267921989603487,-0.17530430908242553
16051,2.2935990954258556,-1.058145946714099,-1.1353702695952528,-0.9802035124500996,-1.0558099238821486
16052,-0.7015835062985876,-1.058145946714099,-0.6658232097306636,-0.16768729188131876,-1.0558099238821486
16053,-0.8066776326748838,0.48966298795922886,0.9972918064608327,1.1289032233573464,1.1763490469697808
16054,-0.26687598356027126,0.07394609082159041,0.6054912265489364,0.7717713000569296,0.7669911734225411
16055,0.09139944726801139,-1.058145946714099,-1.3756594849751216,-1.2818823689972492,-1.0558099238821486
16056,-0.7445765579979815,-1.058145946714099,-0.24348583448841804,0.36503047510217346,-1.0558099238821486
16057,-0.8831097245849174,1.0480979277381186,1.0397002341960822,1.1573590143130723,1.5895687872485982
16058,0.9799225157221524,-1.058145946714099,-1.9220834810768705,-2.183176263091345,-1.0558099238821486
16059,-0.6490364431104395,1.2544959545938104,0.8715481309515766,1.3910374102343395,0.8905709088330286
16060,0.9512604812558898,-0.20175138038774237,-0.3753235394056799,-0.5121324717856456,-0.6927944511138416
16061,1.0993476593315799,-1.058145946714099,-1.667406587289884,-1.9471638881929467,-1.0558099238821486
16062,-0.9165487647955571,0.8001660338568091,0.8251615810634241,0.939783214329445,0.9793938436593164
16063,0.28247967704309546,-1.058145946714099,-0.7210467953967404,-0.47721685960260357,-1.0558099238821486
16064,2.503787348178448,-1.058145946714099,-1.52571964187411,-0.7132292345010023,-1.0558099238821486
16065,0.7840652802026912,0.8001660338568091,0.5633755918653734,1.3215639934150147,-0.6773469841875307
16066,-0.8831097245849174,0.2992073267345332,0.3687308417674795,0.4897435161402434,-0.6387283168717534
16067,1.7251354118449804,-0.20175138038774237,0.9207659298019548,0.28806221969362183,-0.6194189832138647
16068,1.8732225899206705,-1.058145946714099,-1.4848864721094814,-0.16768729188131876,-1.0558099238821486
16069,1.0324695789103004,-1.058145946714099,-0.49703903931652776,-0.4115503779538524,-1.0558099238821486
16070,-0.8544476901186548,-0.5571872395918231,-0.049115666863837726,-0.21595962957782017,-1.0171912565663712
16071,-0.7493535637423586,0.07394609082159041,0.11960608823784859,0.31452880707427483,1.3037906491118458
16072,0.4162358378856543,0.07394609082159041,1.098154353820577,1.8610876872197588,-0.04786270694036036
16073,0.45922888958504826,-1.058145946714099,-1.4447761827887642,-2.515817022689194,-1.0558099238821486
16074,0.9034904238121187,-1.058145946714099,-0.9251074781594616,-0.47721685960260357,-1.0558099238821486
16075,1.4385150671823541,-0.5571872395918231,-0.1538433268226188,-0.0181119525235737,-0.816374186524329
16076,-0.9452107992618198,1.0480979277381186,0.6462860377482369,0.4240770344914922,-0.26412724390871334
16077,2.026086773740738,-1.058145946714099,0.6671828853563794,-1.2818823689972492,-1.0558099238821486
16078,0.3923508091637688,-0.5571872395918231,-0.663976564116547,-0.05813906446410138,0.43487063450685615
16079,-0.8831097245849174,-0.20175138038774237,0.2837518764784579,-0.6688728615528973,-0.9631251223242829
16080,-0.5726043512004059,0.07394609082159041,-0.29893360236273614,-0.2941514393624997,0.3692189000700347
16081,-0.6920294948098333,0.8001660338568091,1.1150247271458051,1.3980195209492263,1.33082371623289
16082,2.2410520322377074,-1.058145946714099,-1.5426688168514,-0.7601216003714991,-1.0558099238821486
16083,-0.4818412420572409,0.07394609082159041,0.6830104073171068,0.3014022381220454,0.05640769481223841
16084,0.46878290107380244,-1.058145946714099,-0.5317239539425459,-0.07890961835600385,-1.0558099238821486
16085,-0.8496706843742777,1.2544959545938104,0.6798152209749486,1.4774744457749929,1.5123314526170435
16086,-0.6776984775767021,1.0480979277381186,0.7794644315952762,0.36503047510217346,1.562535720127554
16087,0.8987134180677416,0.2992073267345332,0.4657174255173854,-1.4880589811139169,0.1027500955911712
16088,1.7872364865218826,-0.5571872395918231,0.3279479780402434,-1.9471638881929467,-0.9940200561769047
16089,0.8843824008346104,-0.5571872395918231,-0.8944733061208675,0.0011923041824166546,-0.5808003158980874
16090,2.0213097679963608,-1.058145946714099,-1.1660380454978019,-0.6688728615528973,-1.0558099238821486
16091,-0.22388293186087738,-0.5571872395918231,-0.765894800620912,-0.7601216003714991,-0.8858877876927282
16092,-0.4149631616359615,0.48966298795922886,0.3997807634973106,0.28806221969362183,0.739958106301497
16093,-0.4531792075909783,-1.058145946714099,-2.834340908135463,-2.515817022689194,-1.0558099238821486
16094,-0.906994753306803,1.15560189306089,1.0092470986296609,0.7098254282188435,1.2265533144802914
16095,1.2187728029410074,-1.058145946714099,-0.513995947452617,-0.2672508963742018,-1.0558099238821486
16096,0.30158770002060387,0.07394609082159041,0.3984302783582501,0.26071325195673184,0.41556130084896753
16097,0.18693956215555343,-1.058145946714099,-1.1484042713464433,-1.1172535236719159,-1.0558099238821486
16098,-0.5439423167341432,1.4312993642702228,1.0683017311095513,0.5505411819726732,1.404199184132867
16099,-0.720691529276096,0.654643185938614,0.3930533694711952,0.038489320235348796,1.2458626481381798
16100,1.2474348374072701,-1.058145946714099,-0.3231589969479288,-0.10021972705664996,-1.0558099238821486
16101,-0.6251514143885539,0.07394609082159041,0.9118932357209227,1.0478107868958557,0.840366641322518
16102,-0.7589075752311129,-0.20175138038774237,0.5069028034177362,-0.0181119525235737,-0.7236893849664635
16103,-0.9261027762843114,1.9594133665673954,1.3816895895393722,0.7865535568710715,1.6204637211012198
16104,-0.6681444660879479,0.9303406571479473,0.8023807412337148,1.211470473151452,1.5393645197380876
16105,0.22515560811057025,0.2992073267345332,0.6936013477859806,0.6340429977198944,0.3190146325595242
16106,-0.6490364431104395,-1.058145946714099,-1.531831030565091,-1.4880589811139169,-1.0558099238821486
16107,-0.8783327188405403,0.654643185938614,0.9062848651935584,-0.7601216003714991,-0.4147400464402449
16108,-0.5582733339672745,0.07394609082159041,0.6466701398728384,0.8766449105123539,1.056631178290871
16109,0.08184543577925718,-0.20175138038774237,0.021230232759588193,-0.2672508963742018,0.797886107275163
16110,-0.7445765579979815,0.07394609082159041,0.4827913317678376,1.707151707671158,0.7863005070804298
16111,1.0850166420984486,-1.058145946714099,-0.3655782170939968,0.43539298020353107,-1.0558099238821486
16112,-0.2764299950490255,0.07394609082159041,-1.1080773830044528,-0.8098576192004525,-0.3027459112244907
16113,-0.0853497652739414,-1.058145946714099,-1.2466280843222055,-0.2672508963742018,-1.0558099238821486
16114,-0.14745083995084374,-1.058145946714099,-1.3706274479261498,-1.2818823689972492,-1.0558099238821486
16115,-0.9165487647955571,1.2544959545938104,0.7425825360066035,1.380451546493704,1.1261447794592703
16116,0.048406395568617464,-1.058145946714099,-0.2868132886994006,-0.16768729188131876,-1.0558099238821486
16117,-0.056687730807678784,-0.20175138038774237,-0.2394546449505642,0.34016817678249833,0.4966605022120999
16118,2.1550659288389196,-1.058145946714099,1.1312492968297836,-0.0181119525235737,-1.0558099238821486
16119,-0.9213257705399343,0.8001660338568091,0.4577501264617475,-0.10021972705664996,1.70542478919593
16120,-0.6776984775767021,0.48966298795922886,0.8509191906130041,0.5602500888610992,0.3460476996805683
16121,-0.6872524890654563,0.2992073267345332,0.33424832267219645,1.4679533363137638,0.9060183757593395
16122,-0.6108203971554227,0.48966298795922886,-0.013243079891249983,-0.32196403698294906,0.3035671656332133
16123,-0.7159145235317189,-1.058145946714099,-0.7827156088741167,-0.7601216003714991,-1.0558099238821486
16124,0.5547690044725903,0.07394609082159041,0.47909700361107943,0.32744864979204164,0.5468647697226104
16125,0.7936192916914454,1.4312993642702228,1.1172794701849438,1.124063132285242,0.32673836602267964
16126,-0.8210086499080151,1.5110377522649707,2.00301675717303,0.9984076522496489,1.6783917220748859
16127,-0.7732385924642441,-0.5571872395918231,-0.09346510183292832,0.46843340743959727,1.5972925207117536
16128,-0.8783327188405403,1.15560189306089,1.0295577490038443,1.0583966506364906,0.8519522415172512
16129,0.9846995214665295,-0.20175138038774237,0.30687822795622505,0.6251737972068488,-0.6696232507243752
16130,1.0563546076321861,0.07394609082159041,0.05716148318719108,0.18806465959309385,-0.3027459112244907
16131,-0.7159145235317189,1.2544959545938104,1.7245915629741835,0.921346639414674,1.593430653980176
16132,1.6391493084461926,-0.5571872395918231,-0.2287412428024049,-0.862804573858747,-0.7352749851611967
16133,-0.9452107992618198,3.0807148010694942,2.328606045712815,1.6057396764320917,1.3192381160381568
16134,-0.859224695863032,0.2992073267345332,0.6168326992086033,0.5698454386786636,0.9484989098066945
16135,0.2920336885318497,-0.5571872395918231,-0.07732650651995358,-0.14457610000475504,0.18384929695430358
16136,-0.6776984775767021,0.07394609082159041,0.02682666842361521,0.038489320235348796,1.2767575819908017
16137,2.2888220896814784,-1.058145946714099,-0.5543311876553629,-0.32196403698294906,-1.0558099238821486
16138,0.8461663548795936,-0.20175138038774237,-0.0014809549399969672,-0.14457610000475504,-0.23709417678766923
16139,-0.8735557130961633,0.2992073267345332,0.1422521566193373,0.09143627489364367,1.7170103893906632
16140,-0.6490364431104395,-0.20175138038774237,0.3259530077250825,0.14117229372259663,0.39625196719107886
16141,-0.5391653109897661,-0.5571872395918231,0.0337541994448854,0.09143627489364367,0.21474423080692542
16142,0.22993261385494734,-1.058145946714099,-0.3841651908167393,-0.10021972705664996,-1.0558099238821486
16143,-0.9452107992618198,1.2544959545938104,1.160152746098387,0.7567177940893411,1.747905323243285
16144,0.21560159662181605,-1.058145946714099,-1.1876687247598203,-2.515817022689194,-1.0558099238821486
16145,-0.9213257705399343,1.7867352234743035,1.449899904306931,1.3329322084435713,1.1686253135066254
16146,-0.20955191462774606,0.07394609082159041,0.02650673214777717,-0.16768729188131876,0.06799329500697161
16147,-0.3242000524927965,0.2992073267345332,0.6974373626904061,0.8010741670374462,1.0257362444382492
16148,0.45445188384067114,-0.5571872395918231,-0.6185741470001673,-1.1954453334565955,-0.515148581461266
16149,-0.9404337935174427,-0.20175138038774237,-0.5551493953271784,-0.2672508963742018,0.5854834370383877
16150,-0.7589075752311129,1.0480979277381186,1.0667652848841576,0.9927301689877395,1.5702594535907095
16152,0.3206957229981123,-1.058145946714099,0.5017541272378233,-0.2941514393624997,-1.0558099238821486
16153,-0.7254685350204731,1.15560189306089,1.2464243090563256,1.0893585536871893,0.9253277094172282
16155,0.8604973721127248,0.2992073267345332,-0.09744367510872974,0.05652066271060163,-0.44563498029286674
16156,-0.9213257705399343,1.8470162614078611,1.3812780112782734,1.2622326247684965,1.7594909234380183
16157,-0.8878867303292945,-0.20175138038774237,-0.23693693277017788,-0.9802035124500996,-0.8356835201822177
16158,1.5340551820698962,0.9303406571479473,-0.26876515810020346,-0.2941514393624997,-0.23709417678766923
16159,0.3827967976750146,0.07394609082159041,0.2171749266825686,-0.24120448470420522,0.7013394389857197
16160,-0.6490364431104395,-0.5571872395918231,0.08436245603405504,-0.586765087019821,-0.9785725892505938
16161,-0.954764810750574,2.7608870603908318,1.893336604624253,1.9437600819107885,1.5239170528117767
16162,0.24426363108807866,-1.058145946714099,-2.287420979654752,-2.183176263091345,-1.0558099238821486
16163,0.14872351620053662,0.48966298795922886,0.7001602371060887,0.27450169513374717,0.8944327755646063
16164,-0.8783327188405403,-0.20175138038774237,-0.07466563165211261,-0.3507527121214226,-0.9592632555927052
16165,1.4528460844154856,-1.058145946714099,-1.7495450970160211,-2.515817022689194,-1.0558099238821486
16166,1.0850166420984486,-0.5571872395918231,-0.5323020717117243,-0.6688728615528973,-0.040138973477204895
16167,1.0181385616771692,0.2992073267345332,0.301729262328141,0.15710275654239486,0.19543489714903678
16168,-0.9117717590511801,3.2804253085186272,1.753244584241839,0.921346639414674,1.747905323243285
16169,-0.9213257705399343,0.07394609082159041,0.4993559348990569,0.4240770344914922,-0.7970648528664404
16170,-0.720691529276096,1.8470162614078611,1.4566092258055665,1.4615439829551946,1.2960669156486904
16171,-0.6776984775767021,-1.058145946714099,-1.8119470261480866,-1.9471638881929467,-1.0558099238821486
16172,-0.5057262707791264,0.8001660338568091,0.5233236436484274,0.5307717179635321,0.5584503699173436
16173,-0.8878867303292945,0.48966298795922886,0.31829397170535656,0.4126028186801636,-0.7352749851611967
16174,-0.35763909270343625,0.654643185938614,0.6501564294834592,-0.32196403698294906,0.7863005070804298
16175,-0.5105032765235035,0.654643185938614,0.5046670515961872,0.27450169513374717,0.7554055732278079
16176,1.051577601887809,0.07394609082159041,0.584981327298981,0.18806465959309385,-0.28729844429817974
16177,-0.720691529276096,0.8001660338568091,0.6503362422749411,0.5105140700321456,1.2497245148697576
16178,-0.300315023770911,-0.5571872395918231,-0.2870250068629441,-0.4437267787202448,-0.040138973477204895
16179,-0.672921471832325,-1.058145946714099,-1.0378934799528905,-1.0458699940988507,-1.0558099238821486
16180,-0.4818412420572409,1.3460575542855853,2.0780917198340876,1.1384985731749109,0.6202402376225873
16181,-0.6108203971554227,-1.058145946714099,-0.7879711030326593,-1.0458699940988507,-1.0558099238821486
16182,-0.6155974028997997,0.9303406571479473,1.7256222789598477,-0.586765087019821,1.1377303796540035
16183,-0.6394824316216853,0.07394609082159041,0.12028219369778642,-0.21595962957782017,0.2572247648542805
16184,-0.6538134488548165,0.48966298795922886,0.17252848531148898,-0.3805884749031534,-0.4881155143402218
16185,-0.8831097245849174,-0.20175138038774237,-0.2501952975510757,-0.05813906446410138,1.0604930450224488
16186,-0.8544476901186548,2.1575193073054413,1.6286860006574522,1.1432544882744613,1.6783917220748859
16187,-0.8114546384192609,1.5110377522649707,1.461054671298955,1.0842787042858788,-0.07875764079298221
16188,-0.7493535637423586,0.2992073267345332,0.1268429027326874,0.43539298020353107,0.34990956641214604
16189,-0.8878867303292945,-0.5571872395918231,-1.0390595753449148,-1.1954453334565955,-0.7854792526717072
16190,-0.768461586719867,0.8001660338568091,0.7890173502816551,0.607142454731596,1.5895687872485982
16191,-0.949987805006197,2.062432694683636,2.052224460731466,0.8010741670374462,1.747905323243285
16192,2.5515574056222188,-1.058145946714099,-0.6875394694136314,-1.0458699940988507,-1.0558099238821486
16193,0.16783153917804502,-0.5571872395918231,-0.26634903790064834,-0.07890961835600385,-0.38384511258762305
16194,0.8318353376464622,-1.058145946714099,-0.78080125013915,-1.2818823689972492,-1.0558099238821486
16195,2.4942333366896934,-1.058145946714099,-0.7474284126785419,-0.7601216003714991,-1.0558099238821486
16196,1.3716369867610747,-1.058145946714099,-1.6389121836181757,-1.7640984679528429,-1.0558099238821486
16197,1.2808738776179098,0.9303406571479473,0.572223011580119,0.17272976344709118,-0.07489577406140448
16198,-0.6012663856666685,-0.5571872395918231,0.0875901145859698,-0.24120448470420522,0.3421858329489906
16199,0.913044435300873,0.654643185938614,0.023735643453098535,-2.183176263091345,-0.13282377503507045
16200,-0.9404337935174427,1.2544959545938104,1.3102410854033424,1.7489938492394586,1.7749383903643292
16201,-0.9452107992618198,0.2992073267345332,0.6055732138144317,0.5793298571111467,0.5352791695278772
16202,0.7601802514808057,0.9303406571479473,0.7277937460012824,0.7413828979433381,0.4001138339226566
16203,-0.6824754833210792,0.48966298795922886,0.024568851609419837,0.23242103254119895,0.6665826384015201
16204,-0.8496706843742777,-0.20175138038774237,0.005110349508716267,0.5793298571111467,1.6783917220748859
16205,-0.816231644163638,0.654643185938614,0.49822321192216074,1.0152080971839796,0.9214658426856505
16206,-0.7015835062985876,1.3460575542855853,0.7527024303261186,1.211470473151452,1.3771661170118228
16207,-0.8401166728855235,-1.058145946714099,-0.6042661503150296,-0.6267921989603487,-1.0558099238821486
16208,-0.7493535637423586,1.0480979277381186,0.9576292384594254,1.1803407147432114,1.2960669156486904
16209,-0.5391653109897661,0.9303406571479473,1.0923806365028987,0.15710275654239486,0.7129250391804529
16210,-0.954764810750574,2.5129551665095216,2.6056714082503607,1.0040461146997783,1.7865239905590624
16211,-0.5391653109897661,-0.20175138038774237,0.12878301221768762,-0.14457610000475504,0.2958434321700578
16212,-0.8687787073517862,0.07394609082159041,0.25196422300744126,0.4240770344914922,1.4582653183749552
16213,-0.5869353684335371,-1.058145946714099,-1.2572862240275957,-1.4880589811139169,-1.0558099238821486
16214,-0.14745083995084374,0.07394609082159041,0.5798880388870365,0.5602500888610992,-0.032415240014049426
16215,-0.5773813569447829,-1.058145946714099,-0.9546036616478281,-0.862804573858747,-1.0558099238821486
16216,0.3159187172537352,-1.058145946714099,0.002137523080208187,-0.10021972705664996,-1.0558099238821486
16217,0.1630545334336679,-0.5571872395918231,-0.7910151589945061,-0.9194058466176699,-0.874302187497995
16218,-0.8210086499080151,1.3460575542855853,1.0606993329260757,0.5407159979871611,0.998703177317205
16219,1.4289610556936,-1.058145946714099,-2.2261817691963928,-2.515817022689194,-1.0558099238821486
16221,-0.7875696096973754,0.9303406571479473,0.5733704667026825,1.1666290909919852,0.682030105327831
16222,0.5595460102169674,-0.5571872395918231,0.23978613869621582,0.9336836095984207,0.5005223689436776
16223,0.8270583319020851,-0.5571872395918231,0.12643833249914213,0.7098254282188435,-0.974710722519016
16224,-0.6872524890654563,0.2992073267345332,0.41265773300618663,0.7567177940893411,0.21860609753850316
16225,-0.7493535637423586,1.5110377522649707,0.8241175635484245,1.2201519621759485,1.3617186500855119
16226,0.010190349613600646,0.2992073267345332,-0.22014414407381078,-0.47721685960260357,-0.2448179102508247
16227,0.1152844759898969,-0.20175138038774237,0.08561313197945342,-0.32196403698294906,0.14136876290694853
16228,0.8796053950902333,-0.20175138038774237,-0.021265604568711984,0.05652066271060163,-0.9978819229084824
16229,-0.5439423167341432,0.48966298795922886,0.826272028236071,0.9984076522496489,0.7863005070804298
16230,-0.056687730807678784,-0.5571872395918231,-0.3752171905520379,-0.21595962957782017,-0.9360920552032388
16231,0.8509433606239707,0.07394609082159041,0.11804393996473235,0.40096584261492885,-0.21392297639820285
16232,-0.7541305694867357,0.654643185938614,0.7862088780265354,0.28806221969362183,0.9021565090277618
16233,-0.6203744086441768,0.9303406571479473,0.4975093968709207,0.12492635577600246,1.5161933193486212
16234,1.3143129178285495,-0.20175138038774237,-0.7256544627507456,-0.9194058466176699,-0.7275512516980412
16235,-0.768461586719867,0.9303406571479473,0.5853397471973826,0.5207054191909427,0.6047927706962763
16236,-0.5869353684335371,-1.058145946714099,-0.5383254420965301,-0.586765087019821,-1.0558099238821486
16237,1.1280096937978425,-1.058145946714099,-1.3658923974608743,-1.3785107536966998,-1.0558099238821486
16238,1.0563546076321861,-1.058145946714099,-1.911286203298658,-1.4880589811139169,-1.0558099238821486
16239,-0.6920294948098333,0.48966298795922886,0.3549221903431322,-0.4437267787202448,0.5159698358699886
16240,-0.8448936786299006,-0.5571872395918231,1.0137709819449185,0.8896672959534744,-0.8511309871085286
16241,-0.9165487647955571,1.5859404542672264,1.0650846018958635,2.0155903270174194,0.49279863548052216
16242,-0.9213257705399343,1.4312993642702228,1.5108035503774724,1.7189901967493497,1.3617186500855119
16243,-0.8019006269305068,-0.5571872395918231,-0.5778806061807319,0.12492635577600246,-0.974710722519016
16244,0.048406395568617464,-0.5571872395918231,0.3695413563852278,0.5979759564957379,-0.4340493800981336
16245,-0.8496706843742777,-0.20175138038774237,0.31592011675165205,0.5207054191909427,-0.15599497542453686
16246,1.2331038201741389,-0.5571872395918231,-0.07565682456844972,0.5105140700321456,-0.2448179102508247
16247,-0.14745083995084374,-1.058145946714099,-1.4921579664871414,-0.7601216003714991,-1.0558099238821486
16248,-0.6681444660879479,-1.058145946714099,-1.2851567119385627,-1.3785107536966998,-1.0558099238821486
16249,-0.7111375177873418,0.2992073267345332,0.4902359712209033,0.37718466862099537,-0.33364084507711256
16250,0.2872566827874726,-0.20175138038774237,-0.3450061339166413,-0.2941514393624997,-0.573076582434932
16251,1.4862851246261253,-1.058145946714099,-1.4110079059114506,-0.586765087019821,-1.0558099238821486
16252,0.8652743778571019,-1.058145946714099,-0.8130076096562572,-0.5486003891756687,-1.0558099238821486
16253,-0.6442594373660624,0.654643185938614,1.4977767916593332,1.3366868742976272,1.5123314526170435
16254,0.8461663548795936,-0.20175138038774237,0.042377056782834745,0.3526935049184267,-0.07489577406140448
16255,-0.8831097245849174,1.5110377522649707,1.1561682910125064,1.3839953665057922,1.5239170528117767
16256,0.3111417115093581,-0.20175138038774237,0.418360551918948,-0.3507527121214226,0.2224679642700809
16257,-0.11878880548458111,-1.058145946714099,-2.1271016682761017,-2.183176263091345,-1.0558099238821486
16258,-0.7445765579979815,1.5110377522649707,1.8557988430855215,1.4583204304497215,1.2381389146750243
16259,0.9990305386996609,-0.20175138038774237,-0.7090844950719764,0.46843340743959727,-0.3027459112244907
16260,-0.720691529276096,-1.058145946714099,0.09136774521442978,-0.6688728615528973,-1.0558099238821486
16261,-0.8783327188405403,0.48966298795922886,0.0953335272451487,0.8362895757000253,0.5854834370383877
16262,0.8461663548795936,-1.058145946714099,-0.13623732662299876,0.07416420415895746,-1.0558099238821486
16263,1.0611316133765631,-1.058145946714099,-0.6940018761755332,-0.6267921989603487,-1.0558099238821486
16264,1.1327866995422198,-0.5571872395918231,-0.07374583003780105,0.31452880707427483,-1.0249149900295267
16265,-0.9165487647955571,1.2544959545938104,1.4635284259886803,1.233004335585143,0.48121303528578896
16266,-0.6108203971554227,1.4312993642702228,0.4731546742756747,0.44655496268773315,1.2613101150644908
16267,1.8636685784319162,-1.058145946714099,-1.1421847280420196,-1.3785107536966998,-1.0558099238821486
16268,-0.6203744086441768,-0.5571872395918231,-0.22500721349163727,0.05652066271060163,-1.0558099238821486
16269,1.1280096937978425,-1.058145946714099,-0.17303377402602307,0.18806465959309385,-1.0558099238821486
16270,0.726741211270166,-1.058145946714099,0.1615222394988539,0.2031181655606824,-1.0558099238821486
16271,-0.949987805006197,1.0480979277381186,0.9486319351116983,1.1620071460508272,1.4157847843276001
16272,-0.40540915014720724,-1.058145946714099,-0.5733187124652794,-0.4115503779538524,-1.0558099238821486
16273,2.135957905861411,-0.5571872395918231,-0.7584424180218399,-0.8098576192004525,-1.0249149900295267
16274,0.822281326157708,-1.058145946714099,-0.686618050106516,0.34016817678249833,-1.0558099238821486
16275,-0.02324869059703907,-0.20175138038774237,0.6187705879826493,0.7413828979433381,0.6627207716699424
16276,-0.11878880548458111,-0.20175138038774237,0.7636297729878623,-0.586765087019821,0.6086546374278541
16277,2.5420033941334648,-1.058145946714099,-1.1344183142582887,-0.47721685960260357,-1.0558099238821486
16278,-0.4818412420572409,-0.20175138038774237,0.14658122502250756,0.14117229372259663,0.4850749020173667
16279,-0.859224695863032,0.9303406571479473,1.3217539579252289,1.4253684886861164,1.1647634467750476
16280,2.503787348178448,-1.058145946714099,-0.9674724397222112,-0.7601216003714991,-1.0558099238821486
16281,-0.6155974028997997,-0.20175138038774237,0.9541748631757412,-0.3507527121214226,1.299928782380268
16282,0.6598631308488866,-0.20175138038774237,0.2596559289495618,-0.24120448470420522,0.40783756738581206
16283,-0.9356567877730656,0.8001660338568091,1.1269605999938772,1.8016574700813903,1.431232251253911
16284,-0.8114546384192609,-0.20175138038774237,0.07945126396113422,0.7642790739473241,0.3421858329489906
16285,2.126403894372657,-1.058145946714099,-1.180737803203754,-0.24120448470420522,-1.0558099238821486
16286,1.3190899235729268,-0.5571872395918231,-0.7348495910614206,-0.7132292345010023,-0.49197738107179956
16287,-0.15222784569522083,0.2992073267345332,0.07126256594452693,-0.6688728615528973,0.9523607765382722
16288,1.2856508833622868,-1.058145946714099,-1.4024621610651982,-1.3785107536966998,-1.0558099238821486
16289,1.2474348374072701,-1.058145946714099,-1.3676775456410457,-0.5486003891756687,-1.0558099238821486
16290,1.2569888488960244,0.07394609082159041,0.5507975102022242,0.5698454386786636,-0.6657613839927975
16291,2.298376101170233,-1.058145946714099,-1.4726845183340302,-2.515817022689194,-1.0558099238821486
16292,-0.3815241214253217,0.2992073267345332,0.2293403434403037,0.15710275654239486,0.8094717074698962
16293,-0.859224695863032,1.5110377522649707,1.1150652028125798,1.124063132285242,1.6745298553433081
16294,1.3143129178285495,-1.058145946714099,-1.4237351413926247,-1.2818823689972492,-1.0558099238821486
16295,-0.9165487647955571,0.07394609082159041,0.27113154573648074,0.4126028186801636,-0.8434072536453732
16296,2.0308637794851148,0.07394609082159041,0.2630074584278794,0.23242103254119895,-0.6889325843822639
16297,0.3206957229981123,-1.058145946714099,-0.796593742842695,-0.586765087019821,-1.0558099238821486
16298,-0.8544476901186548,0.654643185938614,0.12554216510834432,-0.21595962957782017,0.566174103380499
16299,1.3190899235729268,-1.058145946714099,-1.1157865125044588,-0.9802035124500996,-1.0558099238821486
16300,1.0945706535872028,-0.20175138038774237,0.2918792157985782,1.2244584972993122,-0.10965257464560407
16301,2.556334411366596,-1.058145946714099,-1.5387937507277423,-1.4880589811139169,-1.0558099238821486
16302,-0.35763909270343625,-1.058145946714099,-0.9822063454096228,-1.0458699940988507,-1.0558099238821486
16303,-0.8401166728855235,0.654643185938614,1.5601173236082653,1.0636387966331442,1.2844813154539572
16304,2.355700170102758,-1.058145946714099,-0.6278703095612634,-0.4115503779538524,-1.0558099238821486
16305,-0.300315023770911,-1.058145946714099,-0.6674952180375869,-0.5121324717856456,-1.0558099238821486
16306,0.05796040705737167,0.654643185938614,0.15100632646917017,0.21790042237482501,-0.20233737620346964
16307,1.0897936478428258,-0.20175138038774237,0.19467191282004234,0.40096584261492885,-0.4842536476086441
16308,-0.7827926039529983,0.654643185938614,1.2445253288545723,-2.515817022689194,1.5972925207117536
16309,-0.4531792075909783,-0.5571872395918231,-0.1841691218958456,-0.05813906446410138,-0.5383197818507324
16310,1.0181385616771692,-0.5571872395918231,-0.4933034543694946,-0.3805884749031534,-0.17530430908242553
16311,-0.8783327188405403,-0.5571872395918231,-0.28273222955844524,-0.14457610000475504,-0.9322301884716611
16312,1.104124665075957,-1.058145946714099,-1.2044538053018339,-1.1172535236719159,-1.0558099238821486
16313,-0.9452107992618198,-0.5571872395918231,-0.865951683940933,-0.7601216003714991,-0.8781640542295728
16314,0.8987134180677416,-0.20175138038774237,0.3545353577780404,0.26071325195673184,-0.7352749851611967
16315,0.6168700791494927,-0.5571872395918231,-0.589216386312261,-0.5486003891756687,-0.2602653771771356
16316,-0.6538134488548165,1.3460575542855853,1.32763574723871,1.2372441024225518,0.6009309039646986
16317,-0.39107813291407595,0.2992073267345332,0.6325245045579563,0.7257558910386418,0.739958106301497
16318,-0.7923466154417526,-1.058145946714099,-0.7366018712099025,-0.6267921989603487,-1.0558099238821486
16319,0.07706843003488008,-1.058145946714099,-0.5862009898590032,-1.9471638881929467,-1.0558099238821486
16320,-0.13789682846208953,0.48966298795922886,1.3129244052534705,1.2372441024225518,0.9098802424909173
16321,-0.6155974028997997,0.654643185938614,-0.2965575702401261,-0.8098576192004525,1.5161933193486212
16322,-0.954764810750574,-0.5571872395918231,-0.7396786344886073,-0.32196403698294906,-0.9206445882769279
16323,-0.02324869059703907,-0.5571872395918231,-0.6827201753544991,-1.7640984679528429,0.41556130084896753
16324,-0.348085081214682,-0.20175138038774237,-0.5787788314063366,0.7017426726202728,-0.8665784540348396
16325,-0.7397995522536044,1.2544959545938104,0.9898403030138795,0.7336066022127771,1.6050162541749091
16326,-0.9356567877730656,2.062432694683636,1.1860106845197627,1.4253684886861164,1.5509501199328208
16327,-0.8926637360736717,1.5859404542672264,1.7391025080446059,1.567060786745896,1.689977322269619
16328,1.7299124175893574,-1.058145946714099,-0.775620660839668,-0.7601216003714991,-1.0558099238821486
16329,1.0802396363540716,0.07394609082159041,0.4339308054145313,0.5505411819726732,0.14523062963852626
16330,-0.8783327188405403,0.654643185938614,-0.272145237342702,0.7413828979433381,1.4350941179854888
16331,1.104124665075957,0.48966298795922886,0.5796933301463898,-0.1914684658752519,-0.2448179102508247
16332,-0.8257856556523923,1.15560189306089,0.5662237765696729,1.074023657541187,1.1106973125329593
16333,-0.9261027762843114,1.9594133665673954,2.434537890955497,-1.1954453334565955,0.11047382905432666
16334,1.3907450097385832,-1.058145946714099,-0.8938186101393072,0.2031181655606824,-1.0558099238821486
16335,1.6725883486568323,0.654643185938614,0.7969141091650063,1.2372441024225518,-0.3452264452718457
16336,1.046800596143432,0.07394609082159041,0.9736508711648811,0.34016817678249833,-0.24095604351924696
16337,-0.7875696096973754,-1.058145946714099,-1.294073834705669,-1.1172535236719159,-1.0558099238821486
16338,-0.20955191462774606,-1.058145946714099,-1.041330531661707,-1.0458699940988507,-1.0558099238821486
16339,0.3971278149081459,-1.058145946714099,-1.6331939370579438,-0.7132292345010023,-1.0558099238821486
16340,-0.4484022018466012,-0.20175138038774237,0.3568725342074799,1.5323911326091049,0.6588589049383646
16341,-0.8448936786299006,0.654643185938614,1.038939786577682,0.7257558910386418,1.203382114090825
16342,-0.6012663856666685,0.07394609082159041,-0.7493008060988523,-1.1172535236719159,-0.6541757837980643
16343,-0.8831097245849174,-0.20175138038774237,-0.2852391134544527,0.2031181655606824,0.4541799681647448
16344,-0.20477490888336897,0.07394609082159041,-0.05739528812110587,0.020052745320578196,0.913742109222495
16345,-0.7493535637423586,-0.5571872395918231,0.18486996768257385,0.6600894093898906,0.639549571280476
16346,0.8796053950902333,-1.058145946714099,-1.0095610439736753,-0.8098576192004525,-1.0558099238821486
16347,-0.906994753306803,1.15560189306089,0.9581555084269986,1.3022597367090243,1.3617186500855119
16348,-0.8066776326748838,0.8001660338568091,0.46758083228507447,1.1803407147432114,0.48121303528578896
16349,0.42578984937440856,-1.058145946714099,-2.0346772410769884,-1.1954453334565955,-1.0558099238821486
16350,-0.859224695863032,0.9303406571479473,0.6524456941375691,0.43539298020353107,0.5159698358699886
16351,0.6264240906382469,1.3460575542855853,0.9340894177462564,0.8766449105123539,0.5005223689436776
16352,-0.8783327188405403,-0.5571872395918231,-0.44142217719780213,-0.32196403698294906,-0.9785725892505938
16353,-0.9452107992618198,2.611849228042442,1.712755486702614,0.47915765239960845,1.7594909234380183
16354,-0.6585904545991936,0.2992073267345332,0.1476256264637459,0.8223842757380923,0.9832557103908941
16355,0.8318353376464622,-1.058145946714099,-0.5652311454101955,0.09143627489364367,-1.0558099238821486
16356,-0.018471684852661967,0.48966298795922886,-0.5660618093162291,-0.3507527121214226,0.31129089909636876
16357,-0.8019006269305068,0.07394609082159041,-0.03552114098890078,0.020052745320578196,0.28811969870690235
16358,-0.954764810750574,0.2992073267345332,0.8391866098038833,0.8362895757000253,0.4619037016279003
16359,-0.9261027762843114,1.5859404542672264,0.7821494496083204,0.5001945244425666,1.4698509185696884
16360,-0.9404337935174427,0.48966298795922886,0.9597152890432495,1.7580092482839644,-0.731413118429619
16361,-0.9165487647955571,0.07394609082159041,-0.0168021377792684,0.5887058798168258,-0.816374186524329
16362,-0.8066776326748838,0.48966298795922886,0.007812997936384155,0.37718466862099537,0.5082461024068331
16363,-0.7063605120429647,-1.058145946714099,-1.5253925337209684,-1.614523128595098,-1.0558099238821486
16364,-0.906994753306803,-0.5571872395918231,-0.1849652800245316,0.10835219495760728,-0.5692147157033542
16365,-0.8783327188405403,1.5110377522649707,0.8979446879979938,0.6770053294538549,1.689977322269619
16366,-0.8735557130961633,0.07394609082159041,0.381465317330059,0.457567115373851,1.6668061218801526
16367,-0.7827926039529983,-0.20175138038774237,0.28294049607979593,1.2498335012412511,0.2803959652437469
16368,-0.949987805006197,-0.20175138038774237,-0.27669996558241855,0.457567115373851,0.6163783708910096
16369,-0.8735557130961633,0.654643185938614,0.7710474987382687,0.8153422320095451,1.2342770479434466
16370,-0.5678273454560288,0.07394609082159041,0.2565214884768746,0.9927301689877395,-0.5035629812665328
16371,1.1805567569859907,-1.058145946714099,-1.265452830236004,-1.0458699940988507,-1.0558099238821486
16372,-0.8019006269305068,0.2992073267345332,0.250066154252093,1.5144909376134899,1.1609015800434699
16373,0.8652743778571019,-0.5571872395918231,-0.7787292001466868,-0.4115503779538524,-0.9438157886663943
16374,-0.6442594373660624,0.2992073267345332,0.45883510902774366,1.5294347580327998,0.9600845100014277
16375,1.2856508833622868,-0.5571872395918231,-1.5613305496345382,-1.0458699940988507,-1.0558099238821486
16376,-0.9213257705399343,-0.5571872395918231,0.04796046068568402,0.7336066022127771,-1.021053123297949
16377,0.3159187172537352,-0.5571872395918231,0.2601522098750245,-1.4880589811139169,0.2958434321700578
16378,0.22037860236619314,-0.20175138038774237,-0.6640558925831697,-0.5121324717856456,-0.8125123197927513
16379,-0.9404337935174427,0.07394609082159041,0.6208772116011974,0.5887058798168258,-0.7700317857453963
16380,-0.6681444660879479,-1.058145946714099,0.4670554245311451,-0.32196403698294906,-1.0558099238821486
16381,0.9273754525340043,-0.5571872395918231,-0.9384710823139477,0.28806221969362183,-0.9669869890558606
16382,0.9894765272109066,-0.5571872395918231,-0.6838608284152253,0.0011923041824166546,-0.5074248479981105
16383,-0.6060433914110456,0.654643185938614,0.8334896954000053,1.4118079641262418,1.257448248332913
16384,-0.534388305245389,0.07394609082159041,0.2874502316574113,0.5207054191909427,0.8789853086382954
16385,-0.672921471832325,0.2992073267345332,-0.024823633359876425,0.6514988276797011,1.1493159798487367
16386,-0.8257856556523923,-0.20175138038774237,0.11379634704800874,0.8961017842882889,0.3306002327542574
16387,0.5786540331944758,0.2992073267345332,-0.02391613945608086,0.3891614223084505,0.1645399632964149
16388,2.159842934583297,-1.058145946714099,-1.1445348997159566,-0.9194058466176699,-1.0558099238821486
16389,-0.7063605120429647,0.07394609082159041,0.29961864048844017,-0.1914684658752519,-0.16758057561927006
16390,1.6009332624911756,-0.20175138038774237,-0.4817797791412183,-0.7601216003714991,-0.5035629812665328
16391,0.9512604812558898,0.07394609082159041,0.10298104701855132,1.48376101337308,-0.4340493800981336
16392,0.3254727287424894,-0.20175138038774237,-0.13475919313261678,0.8831819415705221,0.07185516173854935
16393,-0.949987805006197,2.0119964593872464,1.2691577518783639,1.6322919311293915,1.7865239905590624
16394,-0.6920294948098333,0.2992073267345332,0.3848170807673471,0.3014022381220454,-0.15599497542453686
16395,-0.672921471832325,1.4312993642702228,0.9737985579772945,1.8650318922069538,1.5432263864696654
16396,1.3143129178285495,-1.058145946714099,-1.359886908078858,-1.2818823689972492,-1.0558099238821486
16397,2.040417790973869,-1.058145946714099,-1.4405186212926062,-1.1954453334565955,-1.0558099238821486
16398,-0.22388293186087738,-0.5571872395918231,0.4514299379584688,0.46843340743959727,-0.673485117455953
16399,-0.8687787073517862,-0.20175138038774237,-0.26658914277013185,0.6770053294538549,0.37308076680161245
16400,-0.5105032765235035,0.9303406571479473,0.8730306427536582,1.3215639934150147,1.404199184132867
16401,-0.954764810750574,2.0119964593872464,1.4545205713012763,0.7791957222855813,1.0836642454119152
16402,0.30158770002060387,-0.5571872395918231,-0.8170168334310713,0.21790042237482501,-0.6503139170664866
16403,0.5308839757507048,-1.058145946714099,-1.178307398385176,-1.1172535236719159,-1.0558099238821486
16404,-0.6251514143885539,-1.058145946714099,-0.5204690727666451,-0.47721685960260357,-1.0558099238821486
16405,0.4831139183069338,-0.5571872395918231,-1.220994689133209,-1.9471638881929467,-1.0249149900295267
16406,-0.8735557130961633,-0.20175138038774237,-0.39362083931284075,0.9458378031172426,1.3964754506697115
16407,-0.9022177475624259,1.4312993642702228,0.7990414601375413,0.8499631098416093,0.566174103380499
16408,1.8636685784319162,-1.058145946714099,-0.9861929128303889,0.05652066271060163,-1.0558099238821486
16409,-0.7875696096973754,1.2544959545938104,1.315963024062932,1.6878474509651678,1.6088781209064866
16410,2.5467803998778415,-1.058145946714099,-1.3998740674498733,-1.614523128595098,-1.0558099238821486
16411,-0.8687787073517862,0.07394609082159041,-0.13505457778088237,0.9696189771111754,0.523693569333144
16412,-0.7063605120429647,0.2992073267345332,-0.31022757999704903,0.5602500888610992,1.3385474496960454
16413,-0.6920294948098333,-0.5571872395918231,-0.4023043808706593,0.21790042237482501,0.1761255634911481
16414,-0.859224695863032,0.2992073267345332,-0.3631165542650909,0.26071325195673184,1.5432263864696654
16415,-0.7493535637423586,-0.20175138038774237,-0.19424684442128579,0.8499631098416093,1.3848898504749783
16416,-0.8353396671411465,0.9303406571479473,0.8485737317602422,1.0096460890517032,1.3694423835486673
16417,1.3907450097385832,-1.058145946714099,-2.3201059301947273,-2.515817022689194,-1.0558099238821486
16418,-0.7493535637423586,0.2992073267345332,0.08667941229031909,0.8567153541898691,0.4039757006542343
16419,-0.42451717312471565,0.8001660338568091,0.341011795259916,0.31452880707427483,1.0913879788750707
16420,0.9321524582783813,-1.058145946714099,-1.7946453564544778,-2.183176263091345,-1.0558099238821486
16421,0.8366123433908393,-0.20175138038774237,-0.39647638141417185,-0.14457610000475504,-0.6966563178454194
16422,-0.8783327188405403,3.892979097926521,3.0437025851083157,0.7865535568710715,1.5663975868591318
16423,-0.8448936786299006,-1.058145946714099,-0.6982316012682922,-0.6688728615528973,-1.0558099238821486
16424,-0.04713371931892458,-0.5571872395918231,-0.5204528173579854,-1.1172535236719159,-0.3181933781508016
16425,0.4831139183069338,-1.058145946714099,-0.7946898062316053,-0.5486003891756687,-1.0558099238821486
16426,-0.949987805006197,1.0480979277381186,0.5153205772060758,1.3100360324395852,0.002341560570150162
16427,0.2968106942762268,-0.5571872395918231,-0.9584402629151387,-1.2818823689972492,-0.974710722519016
16428,1.0133615559327922,-0.20175138038774237,-0.25719342753009355,0.8567153541898691,-0.731413118429619
16429,-0.4531792075909783,-1.058145946714099,-0.8391712723536685,-2.183176263091345,-1.0558099238821486
16430,-0.6872524890654563,0.654643185938614,0.1466457380264369,-0.6267921989603487,1.3539949166223564
16431,0.05796040705737167,-0.20175138038774237,-0.2745693069985501,0.15710275654239486,-0.731413118429619
16432,-0.6538134488548165,-1.058145946714099,-0.8320025952085307,-1.2818823689972492,-1.0558099238821486
16433,-0.8257856556523923,-0.5571872395918231,-0.6224954181312096,-0.1914684658752519,0.4116994341173898
16434,-0.8210086499080151,1.2544959545938104,0.775685309311509,0.8896672959534744,1.5007458524223103
16435,1.4862851246261253,-0.20175138038774237,0.06845711171616702,0.8431548296299944,-1.048086190418993
16436,2.231498020748953,-0.20175138038774237,-0.7566363757981568,-0.10021972705664996,-0.8047885863295958
16437,0.8604973721127248,-0.5571872395918231,-0.7981443976800364,-0.7132292345010023,-0.8704403207664173
16438,-0.9356567877730656,0.2992073267345332,-0.09613310615103189,0.457567115373851,-0.7584461855506631
16439,2.4894563309453166,-1.058145946714099,-0.7759216498626621,-1.1954453334565955,-1.0558099238821486
16440,-0.9261027762843114,0.48966298795922886,1.040096997066566,1.274447139088575,0.8210573076646294
16441,-0.6394824316216853,0.2992073267345332,0.07991134135127709,0.37718466862099537,1.1068354458013816
16442,-0.954764810750574,0.2992073267345332,-0.016179449116055455,1.3661211723993998,1.7440434565117073
16443,1.524501170581142,-1.058145946714099,-1.242815205164259,-2.515817022689194,-1.0558099238821486
16444,-0.7397995522536044,1.6565606001831652,0.9955107668387763,1.3329322084435713,1.1802109137013586
16445,-0.8019006269305068,0.07394609082159041,-0.3225161618898979,0.9927301689877395,0.4039757006542343
16446,-0.9595418164949511,-0.5571872395918231,3.7661854176897216,-1.9471638881929467,-0.26412724390871334
16447,-0.3146460410040423,-0.20175138038774237,-0.16352347089784616,0.27450169513374717,0.9716701101961609
16448,-0.013694679108284865,-0.5571872395918231,-0.6676945248696744,0.05652066271060163,-0.0015203061614275704
16449,-0.018471684852661967,-0.5571872395918231,-0.18302745403313758,-0.037881416532715165,-0.7352749851611967
16450,-0.24776796058276288,-0.20175138038774237,0.3614332889491561,-0.12209817180851448,0.9021565090277618
16451,-0.5439423167341432,-0.20175138038774237,0.07566752718827652,0.3014022381220454,1.446679718180222
16452,2.0499718024626232,-0.5571872395918231,-0.7278393684263667,-0.862804573858747,-0.8125123197927513
16453,1.5722712280249131,-0.5571872395918231,-0.9273604791148219,-0.8098576192004525,-0.9862963227137492
16454,-0.7493535637423586,0.07394609082159041,-2.4201548075312727,-1.7640984679528429,1.1338685129224257
16455,-0.6585904545991936,1.15560189306089,1.065574227148396,0.7865535568710715,1.0913879788750707
16456,-0.486618247801618,1.3460575542855853,1.3591035115484689,1.3661211723993998,0.95622264326985
16457,0.08184543577925718,-1.058145946714099,-1.0631996532511419,-1.1954453334565955,-1.0558099238821486
16458,-0.949987805006197,2.3282062876889484,1.3208173866833217,0.6251737972068488,1.1068354458013816
16459,2.5228953711559563,-1.058145946714099,-1.8257957353577272,-1.614523128595098,-1.0558099238821486
16460,-0.8257856556523923,-0.20175138038774237,-0.08459491065109549,0.9024861982765124,-0.8511309871085286
16461,-0.114011799740204,-0.20175138038774237,0.3803928175118742,1.3552066913673189,0.7554055732278079
16462,-0.6108203971554227,-0.20175138038774237,-1.3693090374241275,-2.515817022689194,-0.2448179102508247
16463,-0.859224695863032,0.07394609082159041,0.32036597780014414,0.457567115373851,-0.34908831200342344
16464,-0.8687787073517862,-0.20175138038774237,0.2547186956572471,1.0424661878166923,-0.5808003158980874
16465,1.046800596143432,-0.5571872395918231,-0.14479342528835729,0.05652066271060163,-0.9631251223242829
16466,-0.8019006269305068,1.5110377522649707,1.0230813837232113,1.294409025534889,1.2960669156486904
16467,1.4671771016486168,0.654643185938614,0.8265990451936669,-0.862804573858747,-0.1714424423508478
16468,-0.6060433914110456,-0.20175138038774237,-0.10597967449675032,-0.07890961835600385,0.5159698358699886
16469,-0.8496706843742777,0.2992073267345332,-0.09113866017225618,1.1191943164689204,0.840366641322518
16470,-0.7159145235317189,1.15560189306089,0.7028131730115947,1.5585297595388092,1.5586738533959763
16471,0.3493577574643749,0.07394609082159041,0.19168406828172407,0.10835219495760728,0.4039757006542343
16472,1.1136786765647113,-0.5571872395918231,-0.10407810105000302,-0.05813906446410138,-0.42632564663497813
16473,-0.17611287441710635,0.07394609082159041,-0.4766673134174826,-0.3805884749031534,-0.2448179102508247
16474,-0.9261027762843114,0.654643185938614,0.49446379870983803,1.4049427101962726,-0.5228723149244214
16475,-0.5391653109897661,0.07394609082159041,-0.3722060533918286,-0.47721685960260357,-0.341364578540268
16476,1.0993476593315799,-1.058145946714099,-0.6894885591269163,-0.4437267787202448,-1.0558099238821486
16477,-0.6585904545991936,1.15560189306089,1.0832017191109915,1.1666290909919852,0.5700359701120767
16478,-0.8401166728855235,-0.20175138038774237,-0.7303786935418225,-0.8098576192004525,-0.9013352546190392
16479,-0.9117717590511801,-0.5571872395918231,-0.7991481338060753,-0.14457610000475504,-1.0558099238821486
16480,-0.6012663856666685,-1.058145946714099,-0.12286377537137502,0.15710275654239486,-1.0558099238821486
16481,2.298376101170233,-1.058145946714099,-0.5038693869753258,-0.7601216003714991,-1.0558099238821486
16482,-0.8878867303292945,-1.058145946714099,-1.0221210949305104,-0.6688728615528973,-1.0558099238821486
16483,-0.042356713574547476,-1.058145946714099,-1.3518708070597665,-0.6267921989603487,-1.0558099238821486
16484,-0.13311982271771242,-0.5571872395918231,-0.5863790654857072,-0.4115503779538524,-0.990158189445327
16485,-0.5917123741779142,0.2992073267345332,0.663027658124195,0.8896672959534744,1.4775746520328439
16486,1.6057102682355529,-1.058145946714099,-1.3780020523183543,-1.3785107536966998,-1.0558099238821486
16487,1.7967904980106368,-0.5571872395918231,-1.0596228271255945,-0.32196403698294906,-0.7391368518927744
16488,-0.8019006269305068,-0.20175138038774237,-0.43509767864853616,-0.32196403698294906,-0.6116952497507092
16489,0.8557203663683477,-0.5571872395918231,-0.7923169258922921,-1.7640984679528429,-0.8395453869137954
16490,1.1232326880534655,-1.058145946714099,-1.0734429748206586,-0.9194058466176699,-1.0558099238821486
16491,-0.7397995522536044,-0.5571872395918231,0.3744560037327054,0.5793298571111467,0.36149516660687925
16492,1.620041285468684,-1.058145946714099,-0.6205507927421615,-0.47721685960260357,-1.0558099238821486
16493,-0.58215836268916,0.654643185938614,0.6123628178975842,0.4897435161402434,1.0450455780961379
16494,0.45445188384067114,-1.058145946714099,-0.07112426541202746,0.09143627489364367,-1.0558099238821486
16495,-0.9452107992618198,-0.20175138038774237,-0.2462488536382338,0.5001945244425666,-0.0015203061614275704
16496,-0.9213257705399343,0.48966298795922886,0.6766460725000163,0.8499631098416093,0.8789853086382954
16497,-0.7254685350204731,2.0119964593872464,1.4381217577723377,1.4118079641262418,1.5972925207117536
16498,-0.19044389165023765,-0.5571872395918231,-1.5824669443434674,-0.8098576192004525,-1.0519480571505708
16499,0.7601802514808057,0.8001660338568091,0.7494829446575828,0.7336066022127771,-0.3375027118086903
16500,-0.9404337935174427,0.9303406571479473,-0.05612121692943853,-0.4437267787202448,1.0257362444382492
16501,0.870051383601479,-1.058145946714099,0.19244127139787637,1.1848607981176718,-1.0558099238821486
16502,2.0022017450188523,-0.5571872395918231,-0.9080827390011088,-0.0181119525235737,-1.0558099238821486
16503,-0.4531792075909783,1.15560189306089,0.9932103893170813,1.0893585536871893,0.6047927706962763
16504,-0.8401166728855235,-1.058145946714099,-0.4842800785679012,0.47915765239960845,-1.0558099238821486
16505,-0.8114546384192609,-1.058145946714099,-0.11511827877871621,-1.7640984679528429,-1.0558099238821486
16506,-0.8687787073517862,-0.5571872395918231,-1.662249223146608,-1.9471638881929467,-0.974710722519016
16507,1.7729054692887514,-1.058145946714099,-1.3347937078033985,-0.10021972705664996,-1.0558099238821486
16508,2.0499718024626232,-1.058145946714099,-0.9587683604824512,0.0011923041824166546,-1.0558099238821486
16509,0.45445188384067114,-1.058145946714099,-0.6625699326488342,-0.9194058466176699,-1.0558099238821486
16510,0.8175043204133309,0.48966298795922886,0.48113325283453484,0.6514988276797011,0.1761255634911481
16511,-0.859224695863032,0.48966298795922886,0.4741962755374907,1.3980195209492263,1.3655805168170896
16513,-0.9404337935174427,0.07394609082159041,-0.0303751218115718,-0.1914684658752519,-0.9051971213506169
16515,-0.7111375177873418,1.0480979277381186,0.9006098798345052,1.1982735174240835,0.8287810411277848
16516,-0.816231644163638,-1.058145946714099,-1.5773177988371618,-1.4880589811139169,-1.0558099238821486
16517,0.3636887746975062,-1.058145946714099,-1.2407839956962836,-0.7132292345010023,-1.0558099238821486
16518,-0.6681444660879479,0.07394609082159041,0.036336857434434676,0.3014022381220454,0.855814108248829
16519,-0.8401166728855235,0.07394609082159041,-0.526984369403406,-0.21595962957782017,1.3501330498907786
16520,-0.0710187480408101,0.48966298795922886,0.6178543496866818,1.4518350760667693,0.7245106393751861
16521,1.0229155674215462,-0.20175138038774237,0.16080779146664723,1.3138967127742598,-0.15599497542453686
16522,1.1184556823090883,-0.5571872395918231,-0.5363951484544949,-0.7601216003714991,-0.9978819229084824
16523,-0.954764810750574,2.245808014503504,1.8542142621938074,1.1803407147432114,1.5818450537854427
16524,1.1710027454972365,-0.5571872395918231,-0.786442126504223,0.14117229372259663,-0.10965257464560407
16525,-0.949987805006197,2.8938664889589134,2.3641045287591136,0.8153422320095451,1.7826621238274847
16526,-0.14267383420646662,-0.5571872395918231,-0.17339549766241108,-0.2672508963742018,0.539141036259455
16527,-0.5726043512004059,-0.5571872395918231,0.2172626789346472,0.36503047510217346,0.2688103650490137
16528,-0.9452107992618198,-1.058145946714099,-0.9485189670070947,-0.7132292345010023,-1.0558099238821486
16529,-0.05191072506330168,0.07394609082159041,0.5614426999049054,0.5887058798168258,0.2572247648542805
16530,2.231498020748953,-1.058145946714099,-2.1063281612689146,-1.9471638881929467,-1.0558099238821486
16531,-0.8544476901186548,1.15560189306089,0.6665333417980135,0.7717713000569296,0.5623122366489213
16532,-0.8783327188405403,0.2992073267345332,1.6318422678142785,-2.183176263091345,1.272895715259224
16533,-0.8687787073517862,-0.20175138038774237,0.12361995454039322,0.7938459876173184,-0.8665784540348396
16534,2.1072958713951486,-1.058145946714099,-0.26012284737564795,-0.12209817180851448,-1.0558099238821486
16535,-0.9356567877730656,-0.20175138038774237,0.045797562932325446,0.37718466862099537,1.5509501199328208
16536,-0.4340711846134699,-1.058145946714099,-0.3671670371533795,0.12492635577600246,-1.0558099238821486
16537,2.1025188656507714,-1.058145946714099,-2.616232825410536,-1.9471638881929467,-1.0558099238821486
16538,1.624818291213061,-0.20175138038774237,-0.6030075426578815,-0.14457610000475504,-0.8472691203769509
16539,-0.949987805006197,1.0480979277381186,0.925287851999179,0.5505411819726732,0.9909794438540496
16540,1.0181385616771692,-1.058145946714099,-1.0722549503162364,-0.4115503779538524,-1.0558099238821486
16541,2.5515574056222188,-1.058145946714099,-0.5520689038047881,-0.07890961835600385,-1.0558099238821486
16542,-0.7063605120429647,-0.5571872395918231,-0.9115115995839079,-0.9194058466176699,0.28811969870690235
16543,1.8636685784319162,-1.058145946714099,-0.8200630505273019,-0.6688728615528973,-1.0558099238821486
16544,1.519724164836765,0.07394609082159041,-0.637287757476564,-1.2818823689972492,-0.5035629812665328
16545,-0.17611287441710635,-0.5571872395918231,-0.20146218496042012,-1.4880589811139169,-0.24095604351924696
16546,0.42578984937440856,0.2992073267345332,1.2704235419775212,0.46843340743959727,-0.46880618068233315
16547,1.6487033199349468,-1.058145946714099,-1.5595453714889456,-0.4115503779538524,-1.0558099238821486
16548,1.9018846243869332,-1.058145946714099,-2.438458914746539,-1.4880589811139169,-1.0558099238821486
16549,-0.9117717590511801,2.478149591821275,1.904819475466496,2.436630785908086,1.3037906491118458
16550,-0.44362519610222406,1.7233615276208618,1.636520233191724,1.5234898547932807,1.373304250280245
16551,-0.5057262707791264,0.654643185938614,0.647057262883933,0.37718466862099537,1.3810279837434005
16552,0.19649357364430764,-0.5571872395918231,-0.6315201713570282,-0.7132292345010023,-0.5499053820454656
16553,-0.18088988016148344,2.442335020593583,2.0927829936122078,1.2456584639501014,0.8867090421014509
16554,-0.7589075752311129,0.8001660338568091,0.819664835075034,0.7642790739473241,1.577983187053865
16555,-0.7923466154417526,0.48966298795922886,0.5351435787747001,0.27450169513374717,0.7592674399593856
16556,-0.6442594373660624,1.6565606001831652,1.567751845241367,1.5411968671369618,1.5161933193486212
16557,-0.8448936786299006,-0.5571872395918231,-0.8460289586370492,-1.0458699940988507,-0.6194189832138647
16558,-0.9595418164949511,2.611849228042442,1.9337270559901893,1.797395678382385,1.7865239905590624
16559,0.9369294640227585,-1.058145946714099,-1.1884885199066393,-0.7132292345010023,-1.0558099238821486
16560,-0.8353396671411465,0.8001660338568091,0.8703206319507405,0.9754580982530536,1.6668061218801526
16561,-0.9356567877730656,-0.5571872395918231,-0.417520440372621,-0.2941514393624997,-0.8472691203769509
16562,1.3143129178285495,-1.058145946714099,-1.0116446176253109,-0.16768729188131876,-1.0558099238821486
16563,-0.7063605120429647,0.48966298795922886,1.1372122922723593,0.21790042237482501,1.5895687872485982
16564,1.7585744520556201,-1.058145946714099,-1.682290198075964,-1.614523128595098,-1.0558099238821486
16565,0.7792882744583141,0.07394609082159041,-0.1193488959176911,-1.3785107536966998,-0.3181933781508016
16566,-0.8878867303292945,0.2992073267345332,-0.2846057135266485,-0.862804573858747,0.013927160764883359
16567,-0.03280270208579327,-0.5571872395918231,-0.037824717143089624,-0.16768729188131876,-0.5074248479981105
16568,1.0802396363540716,-0.5571872395918231,0.08116268302796956,-1.614523128595098,-0.22937044332451376
16569,-0.9452107992618198,0.2992073267345332,0.3368255166307414,-0.3507527121214226,1.7247341228538187
16570,-0.8878867303292945,1.8470162614078611,1.5136887401404964,0.8082392174469527,1.2767575819908017
16571,-0.8353396671411465,1.0480979277381186,1.1099099446218392,1.0370865419358446,1.2806194487223794
16572,-0.35286208695905913,-0.20175138038774237,0.0731363529441696,-0.037881416532715165,-0.4842536476086441
16573,-0.5582733339672745,-0.5571872395918231,-0.2293817545476374,-0.037881416532715165,-0.2602653771771356
16574,-0.6203744086441768,-0.20175138038774237,0.2564494631465614,0.5793298571111467,1.2111058475539804
16576,1.046800596143432,-0.5571872395918231,-0.3767607846088939,-0.21595962957782017,-0.6657613839927975
16577,2.221944009260199,-1.058145946714099,-0.6310084572681979,-0.47721685960260357,-1.0558099238821486
16578,2.0308637794851148,-1.058145946714099,-1.2681956943945774,-1.1954453334565955,-1.0558099238821486
16579,1.0706856248653174,-1.058145946714099,-0.8131051311275693,-0.862804573858747,-1.0558099238821486
16581,-0.09012677101831851,-1.058145946714099,-1.548790899215758,-1.1954453334565955,-1.0558099238821486
16582,-0.41974016738033854,-1.058145946714099,-0.7691910407334995,-1.4880589811139169,-1.0558099238821486
16583,0.822281326157708,-0.5571872395918231,-0.8060687537540057,-0.6688728615528973,0.1027500955911712
16584,-0.5773813569447829,0.2992073267345332,0.8953953775249569,0.3014022381220454,1.187934647164514
16585,1.8732225899206705,-0.5571872395918231,-0.7077136585915104,-0.7601216003714991,-0.6618995172612198
16586,0.22515560811057025,-0.20175138038774237,0.34055826086179963,-0.3507527121214226,0.4387325012384339
16587,0.14872351620053662,-1.058145946714099,-1.007515384758015,-0.9194058466176699,-1.0558099238821486
16588,0.8843824008346104,0.07394609082159041,0.28868588276720675,0.34016817678249833,-0.3297789783455348
16589,-0.6203744086441768,0.07394609082159041,-0.2873073943800822,-0.05813906446410138,0.40783756738581206
16590,0.9512604812558898,-0.5571872395918231,-0.29495013027294253,-0.3805884749031534,-1.0017437896400603
16591,-0.6347054258773082,-1.058145946714099,-1.0456920527814921,-1.1172535236719159,-1.0558099238821486
16592,-0.9404337935174427,2.245808014503504,1.5490765173198993,1.3478488567818285,1.7131485226590855
16593,-0.720691529276096,0.8001660338568091,0.11580545688340838,0.24668909751329784,1.5857069205170204
16594,-0.6012663856666685,-1.058145946714099,-1.1639339897741843,0.18806465959309385,-1.0558099238821486
16595,-0.6681444660879479,0.2992073267345332,0.4730725945588187,1.692716266781489,1.3771661170118228
16596,-0.8878867303292945,0.07394609082159041,-0.4950275828336621,-0.47721685960260357,1.7015629224643523
16597,-0.9404337935174427,-1.058145946714099,-1.6643077490869755,-1.3785107536966998,-1.0558099238821486
16598,0.40190482065252303,-1.058145946714099,-1.3231349704693174,-1.1172535236719159,-1.0558099238821486
16599,0.8796053950902333,-1.058145946714099,-1.1975682565963208,-0.9802035124500996,-1.0558099238821486
16600,-0.9404337935174427,1.3460575542855853,0.6195416087237474,0.7490861757345402,1.7131485226590855
16601,-0.768461586719867,-0.20175138038774237,-0.21498350318781403,0.28806221969362183,1.1956583806276695
16602,-0.7875696096973754,-0.5571872395918231,-0.12847053892592378,-0.10021972705664996,0.3035671656332133
16603,-0.6060433914110456,-0.5571872395918231,-0.45907595615272073,-0.16768729188131876,-0.990158189445327
16604,1.7251354118449804,-0.5571872395918231,-0.5379089939518306,-1.1172535236719159,-1.0326387234926822
16605,2.4990103424340706,-1.058145946714099,-1.9476886836372038,-2.515817022689194,-1.0558099238821486
16606,0.9703685042333982,-0.5571872395918231,-0.6746246545189942,-0.7601216003714991,-0.9399539219348165
16607,-0.8783327188405403,2.110890520920167,1.3228410860859936,1.3138967127742598,1.1531778465803144
16608,1.2044417857078762,-0.5571872395918231,0.24800052792321994,0.6514988276797011,-0.2448179102508247
16609,-0.8878867303292945,0.654643185938614,1.2953353290430392,1.0583966506364906,-0.14054750849822592
16610,0.08662244152363428,-1.058145946714099,-1.7884038986959785,-1.4880589811139169,-1.0558099238821486
16611,-0.0710187480408101,0.48966298795922886,0.48422337319570125,0.5793298571111467,0.6936157055225642
16612,-0.8066776326748838,0.9303406571479473,0.9155198946479979,0.7413828979433381,1.662944255148575
16613,-0.6251514143885539,-1.058145946714099,-0.28001263568833756,-0.2672508963742018,-1.0558099238821486
16614,-0.09012677101831851,-0.20175138038774237,0.18548153737507753,-0.10021972705664996,0.4734893018226335
16615,2.0308637794851148,-1.058145946714099,-0.821813060706232,-0.6267921989603487,-1.0558099238821486
16616,-0.8878867303292945,-0.5571872395918231,-0.43276179864184317,-0.24120448470420522,-0.5074248479981105
16617,0.1630545334336679,-1.058145946714099,-1.290285937267069,-1.614523128595098,-1.0558099238821486
16618,-0.8114546384192609,0.2992073267345332,0.7686070033794773,0.5105140700321456,0.06799329500697161
16619,0.2968106942762268,0.07394609082159041,0.5436236539452812,0.7257558910386418,0.45804183489632255
16620,-0.9452107992618198,0.48966298795922886,0.4735567300300575,0.5001945244425666,1.7826621238274847
16621,-0.7159145235317189,0.07394609082159041,-0.08259809803989263,-0.5121324717856456,-0.18302804254558097
16622,1.6343723027018153,-1.058145946714099,-1.0067178710881295,-0.9802035124500996,-1.0558099238821486
16623,0.21082459087743893,0.07394609082159041,0.07715357104254471,0.038489320235348796,0.2842578319753246
16624,-0.5773813569447829,-0.5571872395918231,-0.08518169169395481,0.038489320235348796,-0.6039715162875537
16625,0.3493577574643749,0.2992073267345332,0.4291967672830561,0.5407159979871611,-0.0169677730877385
16626,-0.9595418164949511,1.6565606001831652,1.1373006028681563,0.5793298571111467,-0.028553373282471695
16627,-0.58215836268916,-1.058145946714099,-0.7484308765296062,-0.586765087019821,-1.0558099238821486
16628,-0.8210086499080151,0.654643185938614,0.6727132156312725,0.5602500888610992,1.3076525158434236
16629,-0.6108203971554227,-0.5571872395918231,-0.5787083419603016,0.26071325195673184,-0.9669869890558606
16630,0.9846995214665295,-1.058145946714099,-1.542333938836029,-1.7640984679528429,-1.0558099238821486
16631,1.338197946550435,0.654643185938614,0.5263683028034217,0.07416420415895746,-0.399292579513934
16632,1.3573059695279435,-0.5571872395918231,-0.5826486719160338,-0.5121324717856456,-0.6850707176506862
16633,-0.8783327188405403,0.48966298795922886,0.8300963927588247,0.8153422320095451,-0.21778484312978058
16634,0.10095345875676559,0.48966298795922886,0.427353893851709,0.43539298020353107,0.739958106301497
16635,0.9799225157221524,-1.058145946714099,-0.47335514765818953,-0.4115503779538524,-1.0558099238821486
16636,1.1327866995422198,0.07394609082159041,1.0297456787345198,0.31452880707427483,-0.25254164371398014
16637,-0.8066776326748838,0.07394609082159041,0.16983478588136586,0.36503047510217346,-0.31046964468764615
16638,-0.8544476901186548,1.5110377522649707,0.6917666179762704,0.9151078788768329,0.7052013057172974
16639,-0.8114546384192609,0.07394609082159041,0.46905159355117787,0.47915765239960845,0.4039757006542343
16640,0.9369294640227585,-1.058145946714099,-1.1706646624923156,-0.9194058466176699,-1.0558099238821486
16641,-0.45795621333535536,-0.5571872395918231,-0.3588287421121472,-0.12209817180851448,1.2458626481381798
16642,-0.9404337935174427,-0.20175138038774237,0.12004127824010512,0.14117229372259663,0.5314173027962995
16643,0.21082459087743893,-0.5571872395918231,0.008555432049621566,0.10835219495760728,-0.37225951239288985
16644,-0.114011799740204,-0.5571872395918231,-0.06482784968447029,0.31452880707427483,-0.9206445882769279
16645,2.5515574056222188,-1.058145946714099,-1.2510424122762311,-0.862804573858747,-1.0558099238821486
16646,1.1853337627303677,-1.058145946714099,-0.21306968090225561,-0.2941514393624997,-1.0558099238821486
16647,-0.15222784569522083,0.07394609082159041,-0.3753900153968114,-0.32196403698294906,0.3923901004595011
16648,-0.7589075752311129,-0.20175138038774237,-0.21946892094464313,-0.10021972705664996,1.0604930450224488
16649,1.524501170581142,-1.058145946714099,-0.7855262927389226,-0.586765087019821,-1.0558099238821486
16650,-0.6203744086441768,0.654643185938614,0.5353055003757536,0.4240770344914922,0.6743063718646756
16651,1.8397835497100308,-1.058145946714099,-1.3682560400832176,-1.4880589811139169,-1.0558099238821486
16652,-0.6824754833210792,1.5859404542672264,2.133662997134747,0.8766449105123539,1.1609015800434699
16653,-0.8831097245849174,-0.5571872395918231,0.2053007257848093,0.37718466862099537,-0.8434072536453732
16654,-0.28598400653777967,0.8001660338568091,0.3509813194270857,0.34016817678249833,0.7631293066909633
16655,-0.8783327188405403,1.3460575542855853,1.4081869816126913,1.849140004351645,1.4930221189591548
16656,-0.8544476901186548,2.3282062876889484,2.1035465361637393,-0.5121324717856456,1.6977010557327745
16657,-0.9165487647955571,0.07394609082159041,-0.0305070366134483,1.074023657541187,-0.10965257464560407
16658,0.7983962974358225,0.48966298795922886,-0.20040761876600857,0.12492635577600246,-0.08648137425613768
16659,-0.056687730807678784,-1.058145946714099,-2.2557922108568684,-2.183176263091345,-1.0558099238821486
16660,-0.8831097245849174,0.654643185938614,0.5214069925417453,-0.586765087019821,1.562535720127554
16661,1.620041285468684,0.07394609082159041,0.016054038294970124,0.14117229372259663,-0.3529501787350012
16662,0.9225984467896272,-1.058145946714099,-1.294073834705669,-0.32196403698294906,-1.0558099238821486
16663,2.5228953711559563,-1.058145946714099,-1.2307128104046932,-2.515817022689194,-1.0558099238821486
16664,1.7585744520556201,-1.058145946714099,-1.5264398020210115,-1.2818823689972492,-1.0558099238821486
16665,0.7697342629695599,-1.058145946714099,-1.3724772775470977,-1.1954453334565955,-1.0558099238821486
16666,-0.8687787073517862,-0.5571872395918231,-1.0316619146285297,0.0011923041824166546,1.2690338485276462
16667,-0.6347054258773082,-0.5571872395918231,-0.34253729399748856,0.17272976344709118,-0.22164670986135832
16668,-0.8878867303292945,1.3460575542855853,-0.04047835184281067,-0.32196403698294906,1.3230999827697345
16669,-0.8496706843742777,-0.20175138038774237,0.2820854249943044,0.9812559531764108,-0.8434072536453732
16670,-0.8831097245849174,1.8470162614078611,1.5693327444211826,1.4743130042630095,1.6977010557327745
16671,-0.8257856556523923,-0.20175138038774237,0.4456851119100311,-1.9471638881929467,-0.5305960483875769
16672,-0.949987805006197,1.8470162614078611,1.5786902203506237,-0.5121324717856456,-0.03627710674562716
16673,2.284045083937101,-1.058145946714099,-1.2045376707078985,-0.6267921989603487,-1.0558099238821486
16674,-0.7015835062985876,-0.5571872395918231,-0.7910388065415339,0.607142454731596,-0.8858877876927282
16675,1.147117716775351,-0.5571872395918231,-0.2914381481558096,-0.5486003891756687,-0.9129208548137724
16676,-0.8019006269305068,0.48966298795922886,0.6862190065771344,0.7490861757345402,0.4310087677752784
16677,1.003807544444038,-0.5571872395918231,-0.025421076174648744,0.05652066271060163,-0.125100041571915
16678,-0.949987805006197,1.2544959545938104,0.8847591807115491,0.6340429977198944,0.025512760959616555
16679,0.7888422859470683,-0.20175138038774237,-0.22970765658603604,-0.8098576192004525,-0.3568120454665789
16680,-0.7541305694867357,-0.20175138038774237,-0.07556905346557131,-0.4437267787202448,0.840366641322518
16681,-0.6155974028997997,0.654643185938614,0.537459740085516,-0.5121324717856456,1.1415922463855812
16682,-0.9404337935174427,0.2992073267345332,0.08616049888755659,-0.8098576192004525,-0.34908831200342344
16683,1.5866022452580444,-1.058145946714099,-0.7541379533110533,-0.6688728615528973,-1.0558099238821486
16684,-0.9404337935174427,3.058846686938299,3.6684725560887546,1.1982735174240835,1.7556290567064405
16685,-0.6681444660879479,-0.5571872395918231,-0.7452278805467493,0.28806221969362183,-1.0558099238821486
16686,-0.7350225465092273,1.5859404542672264,1.210036008218897,2.092142989289527,1.593430653980176
16687,0.9034904238121187,-1.058145946714099,-1.2634935025414984,-1.2818823689972492,-1.0558099238821486
16688,-0.954764810750574,0.07394609082159041,0.23341326934615975,0.17272976344709118,-0.8279597867190622
16689,-0.6012663856666685,-0.5571872395918231,-0.554501571121086,-0.9802035124500996,-1.0287768567611044
16690,-0.6155974028997997,0.07394609082159041,-0.6840035368687795,-0.9802035124500996,0.40783756738581206
16691,1.0372465846546777,-0.5571872395918231,-1.172948998535504,-1.0458699940988507,-0.5035629812665328
16692,0.26337165406558705,0.07394609082159041,0.5347744123696874,-1.9471638881929467,-0.341364578540268
16693,-0.6347054258773082,0.2992073267345332,0.18529200618081915,1.0262202498700983,1.2149677142855582
16694,2.4942333366896934,-1.058145946714099,-1.6016193064748032,-1.9471638881929467,-1.0558099238821486
16695,1.7203584061006032,-0.5571872395918231,-1.1223054664294123,-0.2672508963742018,-1.0558099238821486
16696,-0.3146460410040423,0.07394609082159041,-0.23561015070374838,-1.3785107536966998,-0.6194189832138647
16697,0.19171656789993052,-1.058145946714099,-1.5035533580389528,-0.586765087019821,-1.0558099238821486
16698,0.120061481734274,-0.5571872395918231,0.5654983396252742,-1.7640984679528429,-0.9515395221295497
16699,0.8557203663683477,0.654643185938614,0.06234216990533896,0.15710275654239486,0.3151527658279465
16700,-0.9213257705399343,2.110890520920167,1.6379265584516696,1.4899997739109212,1.7594909234380183
16701,-0.9213257705399343,2.1575193073054413,1.7216361329349201,1.0531207928583965,1.763352790169596
16702,1.0229155674215462,0.07394609082159041,0.14204443401631628,0.5602500888610992,0.16840183002799264
16704,1.992647733530098,-0.5571872395918231,-0.22878464937201962,0.14117229372259663,-0.8472691203769509
16705,-0.9595418164949511,2.7324831383346417,2.7890818360174854,1.8329341824441348,1.763352790169596
16706,-0.7827926039529983,-0.20175138038774237,-0.3895551790894765,0.7642790739473241,-0.7584461855506631
16707,0.9512604812558898,0.07394609082159041,-0.38676735292489334,0.34016817678249833,-0.12896190830349274
16708,-0.7445765579979815,-1.058145946714099,-0.2370027871219419,-0.3507527121214226,-1.0558099238821486
16709,-0.5582733339672745,1.4312993642702228,1.6561048221859267,1.3441450443638419,1.4389559847170665
16710,-0.8687787073517862,1.9594133665673954,1.3494675052135903,2.0801223631425247,1.7092866559275077
16711,-0.9452107992618198,0.9303406571479473,0.826428008649304,-0.3805884749031534,1.778800257095907
16712,-0.9165487647955571,1.3460575542855853,1.107209337614221,1.6003245210805033,0.45804183489632255
16713,-0.8735557130961633,2.4054512011867506,1.9764596571788555,2.0801223631425247,1.6706679886117304
16714,0.08184543577925718,0.07394609082159041,0.3573978394037103,0.6600894093898906,0.6897538387909865
16715,-0.5869353684335371,-0.5571872395918231,-0.27198392177512776,-0.3507527121214226,0.8133335742014739
16716,0.3111417115093581,-0.20175138038774237,0.6182907986862443,-1.3785107536966998,0.34990956641214604
16717,-0.8496706843742777,1.4312993642702228,1.434707353974288,1.5234898547932807,1.6822535888064636
16718,0.8031733031801996,0.2992073267345332,0.8602375515970639,0.8700553726182927,0.34990956641214604
16719,-0.8926637360736717,1.4312993642702228,0.9728154617792257,1.2824902726998832,1.6938391890011968
16720,-0.8353396671411465,-0.20175138038774237,-0.1328183807545897,0.9151078788768329,1.632049321295953
16721,0.2920336885318497,-1.058145946714099,-0.8194232615620232,-0.10021972705664996,-1.0558099238821486
16722,-0.8783327188405403,1.9594133665673954,1.5835199728471439,1.0040461146997783,1.720872256122241
16723,-0.5248342937566348,0.07394609082159041,0.21633781914975683,0.7642790739473241,1.431232251253911
16724,0.9703685042333982,-1.058145946714099,-1.3118561542914546,-0.7132292345010023,-1.0558099238821486
16725,0.4831139183069338,1.4312993642702228,0.44397364868679495,1.4219993132850381,0.5816215703068099
16726,-0.8353396671411465,0.654643185938614,0.5889037044981745,1.031671386584256,0.4310087677752784
16727,0.7792882744583141,0.07394609082159041,0.2973709580959275,1.074023657541187,0.19543489714903678
16728,-0.7397995522536044,0.07394609082159041,0.10024827138794454,1.3366868742976272,-0.21392297639820285
16729,-0.7780155982086212,1.9044924940644754,1.4911095745438823,1.3945358933915557,-0.2718509773718688
16730,-0.7111375177873418,-0.20175138038774237,-0.1478233375239548,0.46843340743959727,-0.024691506550893964
16731,2.135957905861411,-1.058145946714099,-1.2080267059831618,-0.037881416532715165,-1.0558099238821486
16732,-0.8114546384192609,0.07394609082159041,1.133125123058987,1.2622326247684965,1.647496788222264
16733,1.567494222280536,-1.058145946714099,-0.9049469387843571,-0.9802035124500996,-1.0558099238821486
16734,-0.7111375177873418,-0.20175138038774237,-0.24791844208944816,0.038489320235348796,-0.816374186524329
16735,-0.5869353684335371,1.4312993642702228,1.3846790128837754,1.1712251425483466,1.4659890518381107
16736,1.4528460844154856,0.2992073267345332,0.8482516411041267,0.8223842757380923,-0.16371870888769233
16737,-0.7063605120429647,-0.5571872395918231,-0.06360102685405704,-2.515817022689194,0.9678082434645832
16738,0.45922888958504826,-1.058145946714099,-3.7959818239059624,-2.515817022689194,-1.0558099238821486
16739,-0.11878880548458111,-0.5571872395918231,-0.10697817614219984,-0.1914684658752519,0.3344620994858351
16740,0.9273754525340043,-1.058145946714099,-1.0019195323636976,-0.2672508963742018,-1.0558099238821486
16741,2.026086773740738,-1.058145946714099,-1.196489226424778,-1.0458699940988507,-1.0558099238821486
16742,-0.7397995522536044,1.4312993642702228,0.8089591954484882,0.15710275654239486,1.5586738533959763
16743,-0.8210086499080151,1.4312993642702228,1.1036681270438464,0.8362895757000253,1.1338685129224257
16744,-0.906994753306803,0.654643185938614,0.2509599848286482,1.258120370257919,-0.43018751336655586
16745,-0.5487193224785203,1.6565606001831652,1.4886382592682483,1.0207326504320022,-0.1868899092771587
16746,-0.9404337935174427,2.7324831383346417,2.1537932888068267,1.8122160850282965,1.7672146569011737
16747,-0.7827926039529983,-0.5571872395918231,-0.0628590340173658,-0.16768729188131876,-0.9399539219348165
16748,-0.8783327188405403,1.4312993642702228,0.9977859812320229,0.21790042237482501,1.6938391890011968
16749,1.8636685784319162,-0.5571872395918231,1.0943097663252324,0.18806465959309385,-0.5421816485823101
16750,-0.7493535637423586,0.2992073267345332,-0.27381812945544115,0.457567115373851,-0.3297789783455348
16751,-0.816231644163638,-1.058145946714099,0.4759275818429406,-0.4437267787202448,-1.0558099238821486
16752,0.8175043204133309,-1.058145946714099,-1.0661708603003555,-1.1954453334565955,-1.0558099238821486
16753,-0.6824754833210792,-1.058145946714099,-1.0114520355931704,-0.16768729188131876,-1.0558099238821486
16754,0.8175043204133309,2.2876939305965793,3.084264388553191,-0.07890961835600385,-0.0169677730877385
16755,-0.4149631616359615,0.654643185938614,0.8254714694461078,1.3404244345531768,1.3230999827697345
16756,0.06273741280174877,0.654643185938614,0.2622933304157641,0.34016817678249833,0.5893453037699654
16757,0.5595460102169674,-0.5571872395918231,-0.8756443618049364,-0.9194058466176699,-0.7043800513085748
16758,-0.6490364431104395,-1.058145946714099,-0.6514924441940141,-0.5121324717856456,-1.0558099238821486
16759,-0.9261027762843114,-0.20175138038774237,-0.10390464906787909,-0.037881416532715165,-0.9669869890558606
16760,1.0945706535872028,-1.058145946714099,-0.9984755468909496,-0.7132292345010023,-1.0558099238821486
16761,-0.5009492650347493,-1.058145946714099,-0.7623407784912606,-0.9194058466176699,-1.0558099238821486
16762,-0.8687787073517862,-0.20175138038774237,0.20206993781842422,0.15710275654239486,-0.573076582434932
16763,-0.013694679108284865,-0.5571872395918231,0.04033189532827663,0.038489320235348796,1.029598111169827
16764,-0.9452107992618198,1.3460575542855853,0.8066566986621939,1.3022597367090243,-0.515148581461266
16765,0.44489787235191697,-0.5571872395918231,-0.5016962749379349,0.17272976344709118,-0.715965651503308
16766,0.3445807517199978,-0.5571872395918231,0.16427226190417643,-0.7132292345010023,-1.0558099238821486
16767,-0.816231644163638,1.5110377522649707,1.5717204638898408,1.3022597367090243,1.1068354458013816
16768,-0.7350225465092273,0.9303406571479473,0.4483657755348099,0.7642790739473241,1.5895687872485982
16769,0.28247967704309546,0.07394609082159041,0.14607136949312058,0.47915765239960845,0.739958106301497
16770,-0.6872524890654563,0.9303406571479473,0.4817134054922524,1.274447139088575,0.5545885031857659
16771,-0.8019006269305068,1.0480979277381186,1.0572233615000257,1.6057396764320917,1.6359111880275308
16772,1.0611316133765631,-0.20175138038774237,1.0097331587776106,0.2031181655606824,0.09502636212801574
16773,-0.6872524890654563,-0.20175138038774237,-0.5568227879773738,0.18806465959309385,1.5548119866643986
16774,-0.6394824316216853,0.8001660338568091,0.3904257589090745,0.607142454731596,1.2381389146750243
16775,-0.9117717590511801,1.5859404542672264,0.8143433734792415,0.9275383145186272,0.6125165041594318
16776,-0.672921471832325,-0.5571872395918231,-0.31105412566864715,0.7413828979433381,0.3151527658279465
16777,-0.5773813569447829,0.2992073267345332,0.2511107096518275,0.8831819415705221,1.0759405119487597
16778,-0.6060433914110456,-0.5571872395918231,-0.944032716310329,-0.7601216003714991,-0.283436577566602
16779,-0.949987805006197,3.0139138736317976,2.5852403659769574,1.5782992235479503,1.778800257095907
16780,-0.4818412420572409,-0.20175138038774237,-0.30633852678596224,0.44655496268773315,0.12978316271221532
16781,0.8175043204133309,-0.5571872395918231,-0.2748931322255209,-0.12209817180851448,0.091164495396438
16782,-0.9117717590511801,2.611849228042442,1.7009183575814193,2.130036437980234,1.7247341228538187
16783,1.1232326880534655,-1.058145946714099,-0.608716193723152,-0.4115503779538524,-1.0558099238821486
16784,-0.8687787073517862,0.2992073267345332,-0.01589658629219162,0.9637379981128575,1.2690338485276462
16785,0.9942535329552837,-1.058145946714099,-0.3862677654916777,-0.14457610000475504,-1.0558099238821486
16786,0.9178214410452501,-1.058145946714099,-2.057005032949439,-2.515817022689194,-1.0558099238821486
16787,0.9369294640227585,0.07394609082159041,0.0787783152303684,0.7178293264081053,0.10661196232274893
16788,-0.37197010993656754,0.2992073267345332,0.5401164142606086,1.7189901967493497,1.056631178290871
16789,-0.9213257705399343,-1.058145946714099,-1.7415591938739399,-1.614523128595098,-1.0558099238821486
16790,-0.9452107992618198,0.48966298795922886,0.38029481417866307,0.5979759564957379,-0.9245064550085056
16791,-0.8210086499080151,1.5110377522649707,1.0586890650568865,1.8184866357374985,1.6745298553433081
16792,0.38757380341939174,0.2992073267345332,-0.27436121032549826,0.6162076636214244,0.5738978368436545
16793,-0.6872524890654563,-1.058145946714099,-0.9501974699277799,-0.7601216003714991,-1.0558099238821486
16794,-0.954764810750574,1.5110377522649707,0.5849848420835481,1.4320656120576276,1.3501330498907786
16795,0.7840652802026912,-0.20175138038774237,0.5883896468703673,1.6137959741395977,0.17226369675957037
16796,-0.534388305245389,-1.058145946714099,-0.7877827464397229,-0.6688728615528973,-1.0558099238821486
16797,0.9178214410452501,0.2992073267345332,0.491017065898484,1.567060786745896,0.2726722317805914
16798,1.6869193658899635,-0.20175138038774237,-0.05847444829312855,0.9812559531764108,-0.3799832458560453
16799,1.104124665075957,-0.5571872395918231,-0.5048231788017133,0.5307717179635321,-0.974710722519016
16800,-0.906994753306803,-1.058145946714099,0.17492688133052794,1.0207326504320022,-1.0558099238821486
16801,-0.18088988016148344,0.07394609082159041,0.40263256711967443,0.43539298020353107,-0.6310045834085979
16802,2.284045083937101,-0.5571872395918231,-0.3231961010584113,0.10835219495760728,-0.8588547205716841
16803,-0.6490364431104395,-1.058145946714099,-0.727557771827617,-0.4437267787202448,-1.0558099238821486
16804,-0.8496706843742777,-0.20175138038774237,-0.3819479583227777,0.27450169513374717,-0.1019288411824486
16805,-0.13311982271771242,0.2992073267345332,0.12927879018050822,1.3177393102307873,1.0991117123382261
16806,-0.4675102248241096,0.07394609082159041,-0.12957632781843456,0.3891614223084505,-0.5305960483875769
16807,-0.2812070007934026,0.48966298795922886,0.6095792248037321,0.7567177940893411,0.8017479740067407
16808,-0.486618247801618,-0.5571872395918231,-0.8294541652305543,-0.5486003891756687,-0.3799832458560453
16809,-0.8496706843742777,0.9303406571479473,0.4605200888293232,0.8010741670374462,1.1917965138960918
16810,-0.042356713574547476,-0.5571872395918231,-0.05772057924373296,-0.16768729188131876,-0.17530430908242553
16811,-0.9404337935174427,-0.5571872395918231,-0.3685486050823992,-0.3805884749031534,-1.005605656371638
16812,0.7601802514808057,0.07394609082159041,0.6953560193559055,0.6853342645162757,-0.9708488557874383
16813,-0.9213257705399343,1.0480979277381186,0.42838945166210474,1.4420098920812565,-0.29888404449291295
16814,-0.8926637360736717,2.5468070428147276,1.8547301319746687,1.43870850711454,1.2342770479434466
16815,1.2044417857078762,-0.5571872395918231,-0.5833222684598215,0.36503047510217346,-0.7352749851611967
16816,-0.4675102248241096,0.07394609082159041,-0.5640042050975006,-0.32196403698294906,-0.07103390732982674
16817,-0.949987805006197,1.3460575542855853,0.7445294242734822,0.7567177940893411,0.6009309039646986
16818,-0.9117717590511801,1.15560189306089,0.938311337526117,1.1432544882744613,-0.3027459112244907
16819,1.2617658546404014,-0.5571872395918231,-1.1580121433697823,-0.7132292345010023,-1.0558099238821486
16820,-0.5057262707791264,-1.058145946714099,-0.4368183696878673,-0.3805884749031534,-1.0558099238821486
16821,0.8604973721127248,-1.058145946714099,-1.499755911932832,-1.3785107536966998,-1.0558099238821486
16822,2.317484124147741,-1.058145946714099,-1.1627457275175002,-1.0458699940988507,-1.0558099238821486
16823,0.1248384874786511,0.654643185938614,0.6489801201159454,1.0262202498700983,0.913742109222495
16824,-0.8878867303292945,-0.20175138038774237,-0.2052126103402368,-0.16768729188131876,0.4039757006542343
16825,-0.7780155982086212,0.2992073267345332,0.5009055961235248,0.10835219495760728,0.8596759749804067
16826,-0.7159145235317189,-1.058145946714099,-0.7074819282259938,-0.5121324717856456,-1.0558099238821486
16827,0.9178214410452501,0.2992073267345332,-0.6083856184098909,-1.1172535236719159,-0.29888404449291295
16828,-0.5152802822678806,-0.5571872395918231,-1.4099480733007812,-1.2818823689972492,-0.9824344559821715
16829,-0.21432892037212317,-0.5571872395918231,-0.4144261972801085,-0.4115503779538524,-0.1598568421561146
16830,-0.7780155982086212,0.07394609082159041,0.20222525091252008,0.3526935049184267,1.6011543874433314
16831,1.7346894233337347,-1.058145946714099,-1.6504863955058156,-1.4880589811139169,-1.0558099238821486
16832,-0.0805727595295643,0.2992073267345332,-0.5630551898125287,-0.6267921989603487,0.002341560570150162
16833,-0.954764810750574,0.48966298795922886,0.7004777868711766,0.5887058798168258,1.346271183159201
16834,0.1248384874786511,-0.5571872395918231,-0.010559187749712918,0.020052745320578196,0.6704445051330978
16835,-0.348085081214682,0.48966298795922886,0.3375339965927176,0.26071325195673184,0.6472733047436314
16836,-0.7732385924642441,0.07394609082159041,-0.11070956714775022,0.0011923041824166546,1.0102887775119382
16837,-0.8114546384192609,1.15560189306089,0.8987734978522922,0.8700553726182927,-0.22937044332451376
16838,-0.018471684852661967,0.07394609082159041,0.1730386561914856,0.18806465959309385,0.7438199730330748
16839,-0.9213257705399343,2.7886526377188545,2.2887883577836634,0.9275383145186272,1.4852983854959994
16840,1.9209926473644416,-0.5571872395918231,-1.3493038429420443,-1.1954453334565955,-0.7816173859401294
16841,-0.7875696096973754,1.2544959545938104,1.0674663676663174,1.211470473151452,1.4930221189591548
16842,-0.4818412420572409,-0.20175138038774237,0.23531564071996092,0.05652066271060163,-0.27571284410344654
16843,-0.7589075752311129,2.5129551665095216,2.2123343293850066,1.642676792037434,1.5972925207117536
16844,1.7251354118449804,-0.5571872395918231,-0.28498099453549036,-0.3805884749031534,-0.9785725892505938
16845,1.992647733530098,-1.058145946714099,-0.9211886488406541,-0.586765087019821,-1.0558099238821486
16846,-0.720691529276096,-0.20175138038774237,-0.05740384653599276,0.09143627489364367,1.218829581017136
16847,-0.7541305694867357,-0.5571872395918231,-0.28433610076509974,-0.10021972705664996,1.1647634467750476
16848,-0.7111375177873418,0.07394609082159041,0.3148784565440435,0.46843340743959727,0.4116994341173898
16849,-0.0710187480408101,-1.058145946714099,-1.4321930620294077,-1.2818823689972492,-1.0558099238821486
16850,0.6312010963826239,-1.058145946714099,-0.7273195835564625,-0.6267921989603487,-1.0558099238821486
16851,-0.9404337935174427,-0.20175138038774237,-0.705903928145852,-0.7132292345010023,-0.874302187497995
16852,-0.9117717590511801,-0.5571872395918231,-1.3238272306736714,-1.1954453334565955,-0.4147400464402449
16854,1.0324695789103004,-0.5571872395918231,0.31351795149600287,0.43539298020353107,-0.19461364274031417
16855,-0.8496706843742777,-0.5571872395918231,-0.736053826578621,-0.6267921989603487,-0.9785725892505938
16856,-0.8926637360736717,-0.20175138038774237,-0.6729561485172336,-0.7601216003714991,0.5970690372331209
16857,1.151894722519728,-1.058145946714099,-0.6844726348221177,-1.0458699940988507,-1.0558099238821486
16858,0.7983962974358225,1.0480979277381186,1.1173198196206797,0.46843340743959727,0.3190146325595242
16859,-0.2716529893046484,0.654643185938614,0.5414168266035894,0.5887058798168258,0.8789853086382954
16860,1.1996647799634992,-0.20175138038774237,0.4100110783228727,-0.14457610000475504,-0.2448179102508247
16861,-0.6776984775767021,0.2992073267345332,0.02666671801135284,-0.05813906446410138,0.6781682385962533
16862,1.6534803256793238,0.07394609082159041,-0.23077329649848285,-0.16768729188131876,-0.4610824472191777
16863,-0.8114546384192609,-0.20175138038774237,-0.06440427375650377,0.020052745320578196,0.4039757006542343
16864,1.1136786765647113,-0.5571872395918231,-0.5776166348670618,-0.7132292345010023,-0.4224637799034004
16865,0.9560374870002669,-1.058145946714099,-1.3964194126543015,-0.8098576192004525,-1.0558099238821486
16866,-0.2907610122821568,-0.20175138038774237,-1.0653404552053942,-1.1172535236719159,-0.974710722519016
16867,2.3318151413808725,-1.058145946714099,-1.778305600409397,-1.4880589811139169,-1.0558099238821486
16868,0.9225984467896272,-0.20175138038774237,-0.6224205278941565,0.09143627489364367,-0.28729844429817974
16869,-0.8544476901186548,0.07394609082159041,-0.07937935013747485,0.8010741670374462,-0.4649443139507554
16870,1.2808738776179098,-1.058145946714099,-0.5090029005580158,-0.32196403698294906,-1.0558099238821486
16871,-0.8544476901186548,0.48966298795922886,0.8121657834745513,0.921346639414674,-0.09806697445087087
16872,-0.5917123741779142,0.48966298795922886,0.2055802062113332,-0.9802035124500996,0.43487063450685615
16873,-0.9404337935174427,1.2544959545938104,2.001674425680056,1.4550841617278796,1.5084695858854658
16874,0.8509433606239707,-1.058145946714099,-1.0579437146919113,-0.24120448470420522,-1.0558099238821486
16875,-0.6394824316216853,1.15560189306089,1.1074922943920307,1.0893585536871893,1.4003373174012892
16876,0.965591498489021,-1.058145946714099,-1.3692563510587028,-0.21595962957782017,-1.0558099238821486
16877,-0.9022177475624259,0.48966298795922886,-0.053809695420268325,0.7865535568710715,-0.29888404449291295
16878,-0.5582733339672745,-1.058145946714099,-3.0004427086151377,-1.9471638881929467,-1.0558099238821486
16880,-0.816231644163638,0.8001660338568091,0.4954830790753054,0.9151078788768329,0.7322343728383416
16881,-0.6442594373660624,-1.058145946714099,-0.5386587736883163,-2.515817022689194,-1.0558099238821486
16882,-0.6442594373660624,-0.20175138038774237,-0.18564986125646318,-0.05813906446410138,-0.08648137425613768
16883,-0.066241742296433,1.7867352234743035,0.6499348128220872,1.0791672045283927,1.0604930450224488
16884,-0.7827926039529983,0.07394609082159041,0.1156909935176122,0.34016817678249833,1.0025650440487828
16885,-0.8878867303292945,0.07394609082159041,-0.2069372119307937,0.8567153541898691,0.37308076680161245
16886,1.2187728029410074,-1.058145946714099,-1.3799243691646887,-1.2818823689972492,-1.0558099238821486
16887,-0.7923466154417526,-0.20175138038774237,-0.23531442440543932,0.6514988276797011,1.6590823884169972
16888,0.9512604812558898,-0.20175138038774237,-0.5350005649641772,0.038489320235348796,0.10661196232274893
16889,-0.03280270208579327,0.48966298795922886,0.7348705629712418,1.0994248524597794,0.3769426335331902
16890,1.3143129178285495,-0.20175138038774237,-0.8370005825148028,-0.7132292345010023,-0.6464520503349088
16891,-0.954764810750574,1.15560189306089,0.46073304438383716,1.6878474509651678,1.778800257095907
16892,-0.954764810750574,0.654643185938614,-0.13661927228926135,0.8431548296299944,1.763352790169596
16893,0.7888422859470683,-0.5571872395918231,-0.9325778559974157,0.5207054191909427,-1.0171912565663712
16894,1.4385150671823541,-0.20175138038774237,0.2593138479350386,1.207095033142026,-0.9283683217400833
16895,-0.6538134488548165,0.2992073267345332,0.13687761967962161,0.9458378031172426,1.2651719817960685
16896,1.6916963716343407,-1.058145946714099,-1.5616743598573684,-0.6688728615528973,-1.0558099238821486
16897,0.46878290107380244,-0.5571872395918231,-0.8260701942383584,-0.10021972705664996,-1.0017437896400603
16898,-0.8353396671411465,0.2992073267345332,-0.021672746215443236,1.3552066913673189,1.0682167784856043
16899,-0.9261027762843114,0.8001660338568091,0.447175598346652,0.7098254282188435,0.4503181014331671
16900,-0.8831097245849174,-0.20175138038774237,-0.02012682815368578,0.5001945244425666,-0.874302187497995
16901,2.5228953711559563,-1.058145946714099,-1.0774758464938494,-0.47721685960260357,-1.0558099238821486
16902,-0.40540915014720724,-1.058145946714099,0.45188654059128713,0.020052745320578196,-1.0558099238821486
16903,-0.8210086499080151,-0.20175138038774237,0.09574206233336637,1.0207326504320022,0.43487063450685615
16904,-0.9404337935174427,1.9044924940644754,1.1789617653181184,1.988962657158903,0.5159698358699886
16905,-0.9356567877730656,1.6565606001831652,1.183793912956827,1.1384985731749109,1.7401815897801296
16906,-0.5726043512004059,0.654643185938614,0.31452067744034967,1.1803407147432114,0.8519522415172512
16907,-0.8210086499080151,0.9303406571479473,0.3445464833365701,0.7717713000569296,0.8635378417119844
16908,2.4894563309453166,-1.058145946714099,-0.9248512527946985,-0.586765087019821,-1.0558099238821486
16909,-0.6155974028997997,-1.058145946714099,-0.6326396254539915,-0.6688728615528973,-1.0558099238821486
16910,-0.9404337935174427,0.8001660338568091,0.36297902970132634,1.6452525965305758,-0.7198275182348858
16911,2.073856831184509,-0.5571872395918231,-0.917319148515642,-0.2672508963742018,-0.9554013888611275
16912,-0.8257856556523923,1.5110377522649707,1.1450121324226008,0.9151078788768329,1.6552205216854194
16913,0.42578984937440856,-0.20175138038774237,-0.552272728890036,-0.6688728615528973,0.33832396621741284
16914,-0.7875696096973754,-1.058145946714099,-1.1534265947732356,-0.4115503779538524,-1.0558099238821486
16915,-0.9165487647955571,1.15560189306089,0.379155132241368,0.2031181655606824,1.1068354458013816
16916,-0.8496706843742777,0.07394609082159041,-0.008109021312711047,1.1803407147432114,0.45804183489632255
16917,0.3589117689531291,-0.5571872395918231,0.5107072395864583,0.05652066271060163,0.3190146325595242
16918,-0.7254685350204731,1.5859404542672264,0.9068206627221935,1.5411968671369618,1.5972925207117536
16919,-0.21432892037212317,2.062432694683636,1.2142508013246707,1.380451546493704,0.18384929695430358
16920,1.003807544444038,-1.058145946714099,-0.6790862013644732,-0.47721685960260357,-1.0558099238821486
16921,-0.6681444660879479,-0.20175138038774237,-0.5776870177790631,0.5001945244425666,1.0257362444382492
16922,1.7729054692887514,-1.058145946714099,-0.28881532974855906,0.8634124775613803,-1.0558099238821486
16923,-0.9022177475624259,2.4054512011867506,1.9257087182429897,1.8940240630818357,1.5123314526170435
16924,-0.859224695863032,-0.20175138038774237,-0.0681993723164611,0.40096584261492885,-0.8125123197927513
16925,1.620041285468684,-1.058145946714099,-1.4260113105603418,-0.6688728615528973,-1.0558099238821486
16926,0.8127273146689539,0.2992073267345332,0.1792314134311742,0.32744864979204164,-0.45722058048759995
16927,-0.41018615589158436,-0.20175138038774237,-0.3738626143364184,-1.614523128595098,-0.10579070791402634
16928,-0.5773813569447829,2.2876939305965793,1.0476461940947457,0.9458378031172426,1.2381389146750243
16929,-0.9452107992618198,0.654643185938614,0.25290025312018344,0.15710275654239486,-0.46880618068233315
16930,-0.8353396671411465,-0.20175138038774237,-0.6331144945875913,0.09143627489364367,-0.8936115211558837
16931,-0.9356567877730656,2.0119964593872464,1.2320450445468343,1.9579356926023905,0.45804183489632255
16932,-0.7063605120429647,-0.20175138038774237,-0.5718335558341078,0.8223842757380923,0.9446370430751168
16933,-0.954764810750574,0.9303406571479473,0.8822745549737259,1.3177393102307873,1.7594909234380183
16934,-0.7015835062985876,0.48966298795922886,0.5956053048657413,0.9024861982765124,1.1338685129224257
16935,0.8604973721127248,-0.20175138038774237,-0.39021989094915793,0.21790042237482501,-0.9013352546190392
16936,-0.8401166728855235,-0.5571872395918231,-0.36694360323646097,0.8634124775613803,0.3344620994858351
16937,1.4241840499492229,-1.058145946714099,-1.1062086387434342,0.12492635577600246,-1.0558099238821486
16938,-0.9213257705399343,0.9303406571479473,1.469765224453327,2.0891543045374834,1.462127185106533
16939,1.3716369867610747,-0.20175138038774237,-0.53558131401502,-0.07890961835600385,-0.4340493800981336
16940,-0.7111375177873418,0.8001660338568091,1.4086811961787946,1.7467244340796466,1.5663975868591318
16941,1.9592086933194583,-1.058145946714099,-2.3752654233668467,-2.183176263091345,-1.0558099238821486
16942,-0.9022177475624259,0.9303406571479473,0.5311064120846338,1.0791672045283927,-0.22550857659293605
16943,0.048406395568617464,0.2992073267345332,0.2551795294908129,-0.4437267787202448,0.539141036259455
16944,1.9496546818307041,-1.058145946714099,-1.5797114618784458,-1.3785107536966998,-1.0558099238821486
16945,-0.859224695863032,2.442335020593583,1.6144509182788032,1.3839953665057922,1.6822535888064636
16946,0.870051383601479,0.2992073267345332,0.2108580735220162,0.40096584261492885,-0.03627710674562716
16947,0.1630545334336679,0.2992073267345332,0.03320334290307899,0.14117229372259663,0.5314173027962995
16948,-0.300315023770911,0.654643185938614,-0.035189101216639145,-0.586765087019821,0.9446370430751168
16949,-0.9452107992618198,0.48966298795922886,0.24780429403068768,0.24668909751329784,0.15295436310168173
16950,-0.6920294948098333,1.0480979277381186,0.9785738539245632,0.7865535568710715,1.3694423835486673
16951,-0.3194230467484194,-0.20175138038774237,0.24301087047249145,0.44655496268773315,-0.399292579513934
16952,-0.43884819035784695,0.2992073267345332,-0.098412312725794,0.47915765239960845,1.3346855829644677
16953,-0.816231644163638,-1.058145946714099,-2.6960829669886746,-2.515817022689194,-1.0558099238821486
16954,-0.9595418164949511,1.8470162614078611,1.3687727920763915,0.5505411819726732,1.6088781209064866
16955,-0.0805727595295643,0.48966298795922886,0.14817301102702427,-0.1914684658752519,0.8480903747856735
16956,-0.8783327188405403,-1.058145946714099,-0.780474915206457,-0.7601216003714991,-1.0558099238821486
16957,0.18216255641117632,-0.5571872395918231,-0.5647297488002229,-0.8098576192004525,-0.8936115211558837
16958,1.1184556823090883,-1.058145946714099,-0.1142936430148688,0.40096584261492885,-1.0558099238821486
16959,-0.5439423167341432,-1.058145946714099,-1.4749376684589046,-1.3785107536966998,-1.0558099238821486
16960,-0.7780155982086212,0.8001660338568091,0.5629227513625513,1.6854021643347719,1.2960669156486904
16961,-0.40540915014720724,-0.20175138038774237,-0.09956369363352953,0.17272976344709118,0.5507266364541882
16962,0.9942535329552837,-1.058145946714099,-0.9292767785977275,-0.8098576192004525,-1.0558099238821486
16963,-0.066241742296433,-1.058145946714099,-1.5176507879909225,-1.3785107536966998,-1.0558099238821486
16964,2.5420033941334648,-0.5571872395918231,-1.0649601719024084,-1.4880589811139169,-1.0558099238821486
16965,0.120061481734274,-1.058145946714099,-1.088353542666341,-0.3805884749031534,-1.0558099238821486
16966,-0.9213257705399343,0.654643185938614,0.6200640935839659,-1.2818823689972492,-0.1598568421561146
16967,-0.056687730807678784,-1.058145946714099,-0.7569069942276648,-0.5486003891756687,-1.0558099238821486
16968,-0.9404337935174427,-0.5571872395918231,-0.5263777141343645,-0.24120448470420522,-0.658037650529642
16969,-0.7732385924642441,-0.20175138038774237,-0.24386249131074533,0.0011923041824166546,-0.46880618068233315
16970,2.0308637794851148,-1.058145946714099,-1.8296736085067826,-2.183176263091345,-1.0558099238821486
16971,-0.7780155982086212,-1.058145946714099,-0.6755308811425061,-0.037881416532715165,-1.0558099238821486
16972,0.8652743778571019,-0.5571872395918231,-0.14213219287087778,0.2031181655606824,-0.7700317857453963
16973,0.8843824008346104,-1.058145946714099,-1.4183578330764106,-1.4880589811139169,-1.0558099238821486
16974,1.5340551820698962,-0.5571872395918231,-0.6590160600746657,-1.614523128595098,-0.8936115211558837
16975,1.0611316133765631,-0.20175138038774237,0.010902745843924417,0.038489320235348796,-0.7391368518927744
16976,0.3159187172537352,-1.058145946714099,-0.92790339074244,-2.183176263091345,-1.0558099238821486
16977,0.9273754525340043,0.07394609082159041,-0.4391529115008216,-0.4115503779538524,-0.14440937522980365
16978,-0.5917123741779142,-0.20175138038774237,-0.12324808375571762,0.3526935049184267,1.218829581017136
16979,-0.9452107992618198,0.9303406571479473,0.8242260704507359,0.5407159979871611,0.6704445051330978
16980,0.25859464832121,-0.20175138038774237,0.3205840049412669,0.6251737972068488,-0.3877069793192008
16982,-0.672921471832325,-1.058145946714099,-0.623357214783255,-0.5121324717856456,-1.0558099238821486
16983,-0.9022177475624259,1.15560189306089,0.9680576119946749,1.0370865419358446,0.6202402376225873
16984,-0.5391653109897661,0.9303406571479473,1.7525378511234948,2.254055298831019,1.0836642454119152
16985,-0.8783327188405403,2.0119964593872464,1.7914029696555398,0.9151078788768329,1.6938391890011968
16986,-0.8210086499080151,1.15560189306089,1.211170628397977,0.3526935049184267,1.431232251253911
16987,-0.9452107992618198,1.15560189306089,0.7333697435740331,1.0583966506364906,1.778800257095907
16988,-0.9356567877730656,-0.5571872395918231,-0.6259676089836852,-0.586765087019821,0.3885282337279234
16989,-0.9261027762843114,0.48966298795922886,0.15645527959094352,-1.3785107536966998,-0.5035629812665328
16990,0.08184543577925718,-0.5571872395918231,-0.7026536189245958,-2.515817022689194,-0.2679891106402911
16991,1.051577601887809,-1.058145946714099,0.09536815783133627,0.457567115373851,-1.0558099238821486
16992,-0.9117717590511801,1.3460575542855853,1.293103779000093,1.3138967127742598,1.4775746520328439
16993,1.2522118431516471,-0.5571872395918231,0.548305671609821,-0.6267921989603487,-0.6194189832138647
16996,-0.816231644163638,0.9303406571479473,0.6094874989832021,-0.21595962957782017,0.4387325012384339
16997,0.4162358378856543,-0.20175138038774237,-0.18884634114994725,-1.3785107536966998,-0.9129208548137724
16998,-0.24776796058276288,0.2992073267345332,-0.5904869770133816,-2.183176263091345,0.08344076193328254
16999,-0.8496706843742777,-0.5571872395918231,-0.45557586275610296,-0.5486003891756687,-0.8588547205716841
17000,0.9321524582783813,-0.5571872395918231,-0.5828258732300912,-0.3805884749031534,-1.0094675231032157
17001,-0.9595418164949511,1.7867352234743035,1.4322250331258475,0.7642790739473241,1.3539949166223564
17002,-0.5534963282228974,0.654643185938614,0.7475802543917486,0.34016817678249833,1.0913879788750707
17003,0.960814492744644,0.07394609082159041,-0.06966033738676469,0.6162076636214244,-0.3761213791244676
17004,-0.7397995522536044,0.07394609082159041,0.6746590417183608,0.10835219495760728,0.4039757006542343
17005,1.2856508833622868,-0.5571872395918231,-0.275633850144995,-0.862804573858747,-0.600109649555976
17006,-0.9404337935174427,0.8001660338568091,0.42096800114574984,0.7257558910386418,1.4157847843276001
17007,-0.720691529276096,0.654643185938614,0.14803781344427006,0.32744864979204164,0.4387325012384339
17008,1.0897936478428258,-1.058145946714099,-1.7366344117644965,-2.515817022689194,-1.0558099238821486
17009,1.6725883486568323,-1.058145946714099,-0.9554643783027768,-1.1172535236719159,-1.0558099238821486
17010,-0.8735557130961633,-1.058145946714099,-1.1094729328092348,-1.0458699940988507,-1.0558099238821486
17011,-0.816231644163638,-0.20175138038774237,-0.22064829366018718,-0.3507527121214226,1.3424093164276232
17012,2.503787348178448,-1.058145946714099,-0.6687118466085001,-0.16768729188131876,-1.0558099238821486
17014,-0.9213257705399343,-0.20175138038774237,-0.32218260780891433,0.32744864979204164,-0.83182165345064
17015,-0.8257856556523923,-0.20175138038774237,0.5055190227706746,1.189356113787718,-0.4494968470244445
17016,1.7920134922662598,-1.058145946714099,-0.3615627016493682,-0.0181119525235737,-1.0558099238821486
17017,-0.949987805006197,2.2876939305965793,1.8931604440198577,0.8499631098416093,1.778800257095907
17018,-0.768461586719867,0.48966298795922886,0.6631885241583835,-0.3805884749031534,1.6243255878327976
17019,-0.906994753306803,1.15560189306089,0.9908004987570058,1.7095331115410488,1.747905323243285
17020,1.6295952969574383,-0.5571872395918231,0.018261540641720746,0.34016817678249833,-0.6541757837980643
17021,1.151894722519728,0.48966298795922886,0.1869654959220386,-0.14457610000475504,-0.4881155143402218
17022,-0.8114546384192609,-0.5571872395918231,-0.9040613940645675,-0.7601216003714991,0.49279863548052216
17023,1.0324695789103004,-0.20175138038774237,-0.09448246711192052,0.10835219495760728,0.025512760959616555
17024,-0.7445765579979815,-0.20175138038774237,-1.6196521830667172,-2.183176263091345,-0.6232808499454424
17025,-0.672921471832325,0.2992073267345332,0.28250774293703695,-0.24120448470420522,1.187934647164514
17026,-0.0757957537851872,-0.20175138038774237,-1.18509243889898,-1.7640984679528429,-0.1598568421561146
17027,-0.5869353684335371,0.9303406571479473,0.26133639053040525,0.8896672959534744,1.4582653183749552
17028,1.8158985209881453,-0.20175138038774237,0.4024515474390494,0.5698454386786636,-0.515148581461266
17029,-0.4340711846134699,0.654643185938614,0.6141237125086122,-0.6267921989603487,1.0798023786803375
17030,-0.6585904545991936,-1.058145946714099,-1.314195486455825,-1.0458699940988507,-1.0558099238821486
17031,-0.906994753306803,0.48966298795922886,0.8022220776539236,-0.16768729188131876,1.145454113117159
17032,1.6534803256793238,0.8001660338568091,0.8549952179648399,1.193826931703096,-0.3529501787350012
17033,-0.5487193224785203,0.07394609082159041,0.2734298327551341,-0.1914684658752519,0.14523062963852626
17034,-0.8831097245849174,0.2992073267345332,0.24225972059822568,0.12492635577600246,0.8635378417119844
17035,0.21082459087743893,0.07394609082159041,-0.2858613246827209,-0.2941514393624997,0.840366641322518
17036,0.870051383601479,-1.058145946714099,-1.180737803203754,-0.9802035124500996,-1.0558099238821486
17037,-0.5439423167341432,-1.058145946714099,0.23709919605499558,0.46843340743959727,-1.0558099238821486
17038,-0.816231644163638,-0.5571872395918231,-0.14776513641532668,0.3014022381220454,0.4310087677752784
17039,1.9257696531088186,-1.058145946714099,0.5497981164362928,0.038489320235348796,-1.0558099238821486
17040,-0.3050920295152881,-0.5571872395918231,-0.48835774068351295,-0.8098576192004525,0.539141036259455
17041,-0.8353396671411465,0.48966298795922886,0.4297068741664166,0.6428173386552047,1.1609015800434699
17042,-0.949987805006197,0.2992073267345332,0.092154298418856,0.457567115373851,-0.10965257464560407
17043,-0.8066776326748838,0.8001660338568091,0.7537547900428716,1.1573590143130723,1.6397730547591085
17044,-0.8401166728855235,1.2544959545938104,1.8569932965294231,0.6340429977198944,1.6745298553433081
17045,-0.41974016738033854,0.2992073267345332,-0.07012185132810145,0.038489320235348796,0.1645399632964149
17046,-0.20955191462774606,0.2992073267345332,0.5315153098905777,0.47915765239960845,0.7322343728383416
17047,-0.5534963282228974,0.48966298795922886,0.6636709072703139,0.8082392174469527,1.4389559847170665
17048,-0.4006321444028301,0.654643185938614,0.591625249154154,0.5979759564957379,1.1570397133118921
17049,-0.949987805006197,1.7867352234743035,1.7235114633866753,1.6400928747608428,1.4273703845223333
17050,-0.5009492650347493,1.15560189306089,1.1748177520851926,1.2372441024225518,1.2072439808224027
17051,-0.03280270208579327,0.07394609082159041,-0.18425073873752937,0.7567177940893411,0.6202402376225873
17052,-0.8257856556523923,-1.058145946714099,-0.5957181047359124,0.43539298020353107,-1.0558099238821486
17053,-0.33853106972592784,-1.058145946714099,-0.43555998243453226,-0.9194058466176699,-1.0558099238821486
17054,-0.8257856556523923,0.2992073267345332,0.28605825585444977,0.34016817678249833,-0.21778484312978058
17055,1.1662257397528595,-1.058145946714099,-0.9833475293728214,-0.4437267787202448,-1.0558099238821486
17056,2.56588842285535,-1.058145946714099,-1.4093908910661028,-1.2818823689972492,-1.0558099238821486
17057,1.8875536071538017,-1.058145946714099,-0.8138613695929536,0.10835219495760728,-1.0558099238821486
17058,-0.5726043512004059,-0.20175138038774237,0.18554266585561813,0.15710275654239486,-0.44563498029286674
17059,-0.8210086499080151,0.9303406571479473,1.2075922989852823,1.7213375318475266,1.4659890518381107
17060,0.3111417115093581,-1.058145946714099,-0.9790696892569035,-1.614523128595098,-1.0558099238821486
17061,-0.6108203971554227,1.15560189306089,1.2601738325194507,0.24668909751329784,-0.441773113561289
17062,0.5356609814950819,0.48966298795922886,-0.017984297084429075,0.5407159979871611,-0.5692147157033542
17063,-0.859224695863032,1.3460575542855853,0.9980240169916754,1.031671386584256,1.7131485226590855
17064,-0.6824754833210792,-0.20175138038774237,-0.04632900276605704,0.18806465959309385,-0.0169677730877385
17065,2.083410842673263,-0.5571872395918231,-1.1119032136463107,-1.4880589811139169,-1.0558099238821486
17066,2.508564353922825,-1.058145946714099,-0.997404629703971,-0.7132292345010023,-1.0558099238821486
17067,2.4990103424340706,-0.20175138038774237,-0.5020289554414238,-1.2818823689972492,-1.0287768567611044
17068,-0.9022177475624259,2.8683910257136036,1.6506383812994678,1.448573071542019,1.2960669156486904
17069,-0.8257856556523923,1.4312993642702228,1.298451355196344,1.274447139088575,1.6783917220748859
17070,-0.4149631616359615,-0.5571872395918231,-0.5296794833181584,0.7178293264081053,0.08730262866486027
17071,-0.8257856556523923,1.3460575542855853,1.0281628831558418,0.9812559531764108,1.4775746520328439
17072,2.026086773740738,-1.058145946714099,-0.8680534639130443,-0.586765087019821,-1.0558099238821486
17073,-0.8783327188405403,0.07394609082159041,0.3322806894157237,0.9870131210634252,-0.7005181845769971
17074,1.7251354118449804,-1.058145946714099,-1.0817435961154438,-1.7640984679528429,-1.0558099238821486
17075,-0.8783327188405403,1.0480979277381186,0.6468992127334492,1.0478107868958557,1.6783917220748859
17076,-0.7875696096973754,0.48966298795922886,0.22297863603982915,-0.24120448470420522,1.6436349214906862
17077,1.801567503755014,-1.058145946714099,-0.78688872322094,-2.515817022689194,-1.0558099238821486
17078,-0.7875696096973754,-0.5571872395918231,-0.6344267567070052,-0.32196403698294906,-1.0558099238821486
17079,-0.5869353684335371,-1.058145946714099,-1.4661476975992624,-2.183176263091345,-1.0558099238821486
17080,-0.8544476901186548,0.654643185938614,0.03495255728584445,-0.3805884749031534,0.8905709088330286
17081,-0.8401166728855235,0.48966298795922886,0.028796481448226354,1.114296432923324,1.3771661170118228
17082,-0.8019006269305068,0.48966298795922886,1.1876566063563887,0.8293663864529791,1.6127399876380644
17083,-0.43884819035784695,0.9303406571479473,1.07530119112061,-0.2672508963742018,1.1029735790698039
17084,-0.7923466154417526,-0.20175138038774237,1.227584048742091,1.4899997739109212,0.33832396621741284
17085,-0.37197010993656754,2.245808014503504,1.5527424739446414,1.8551355954006,1.299928782380268
17086,-0.9261027762843114,0.48966298795922886,0.5840633828698066,0.47915765239960845,-0.8395453869137954
17087,2.561111417110973,-1.058145946714099,-1.0191632392110732,-0.9802035124500996,-1.0558099238821486
17088,-0.8257856556523923,0.07394609082159041,0.5629698600133564,0.6685909679263046,-0.1868899092771587
17089,0.8843824008346104,-1.058145946714099,-1.4102268257851054,-1.7640984679528429,-1.0558099238821486
17090,-0.9404337935174427,1.3460575542855853,0.8778091437793797,0.2031181655606824,0.8905709088330286
17091,-0.949987805006197,1.7867352234743035,1.5196289061705444,1.4219993132850381,1.7285959895853964
17092,-0.720691529276096,1.15560189306089,1.2976896499161255,1.520501170041236,1.3578567833539341
17093,1.8684455841762935,-1.058145946714099,-0.9740548403957713,-0.9194058466176699,-1.0558099238821486
17094,0.5786540331944758,-0.5571872395918231,-0.5901288378102091,-0.6688728615528973,-0.6657613839927975
17095,-0.8544476901186548,0.654643185938614,0.7477766400606616,0.7791957222855813,1.6552205216854194
17096,-0.8878867303292945,1.15560189306089,1.0097097416972962,1.0944071422788821,1.029598111169827
17097,-0.949987805006197,0.9303406571479473,0.1628607150369837,1.189356113787718,0.5970690372331209
17098,0.8604973721127248,-0.20175138038774237,-0.3128075882135063,-1.1172535236719159,-0.441773113561289
17099,1.5866022452580444,-1.058145946714099,-0.3237405139155001,-0.037881416532715165,-1.0558099238821486
17100,-0.8735557130961633,-0.5571872395918231,0.04557497983817173,0.3526935049184267,-1.0558099238821486
17101,-0.9117717590511801,0.654643185938614,0.7292515107608022,0.2031181655606824,1.029598111169827
17102,0.2872566827874726,-1.058145946714099,-2.555156745884726,-2.515817022689194,-1.0558099238821486
17103,2.4894563309453166,-1.058145946714099,-0.551610507688386,-0.21595962957782017,-1.0558099238821486
17104,1.0611316133765631,-1.058145946714099,-0.47178831683601913,-0.6267921989603487,-1.0558099238821486
17105,-0.19999790313899185,-0.5571872395918231,-0.22702876780633247,0.5207054191909427,-0.4881155143402218
17106,0.8987134180677416,-1.058145946714099,-0.46040596698141395,0.15710275654239486,-1.0558099238821486
17107,-0.8019006269305068,1.0480979277381186,2.0692811785201646,1.7844758356646182,1.431232251253911
17108,2.2076129920270677,-1.058145946714099,-1.1886936142535753,-1.1954453334565955,-1.0558099238821486
17109,-0.8210086499080151,0.8001660338568091,0.25084831651688916,0.8766449105123539,0.7515437064962301
17110,-0.17133586867272924,-0.20175138038774237,-0.43351076384108456,-0.07890961835600385,0.6627207716699424
17111,-0.7350225465092273,-0.5571872395918231,-0.4940866386456899,0.038489320235348796,0.4039757006542343
17112,1.4385150671823541,-1.058145946714099,-1.1013942355444883,0.038489320235348796,-1.0558099238821486
17113,1.7824594807775056,0.48966298795922886,0.6688088858227046,0.8634124775613803,-0.5808003158980874
17114,-0.9356567877730656,0.8001660338568091,-0.09363606300292215,0.5698454386786636,0.21474423080692542
17115,-0.9213257705399343,0.654643185938614,0.7989996538745677,0.7178293264081053,1.747905323243285
17116,2.135957905861411,-1.058145946714099,-0.6127134226783082,0.09143627489364367,-1.0558099238821486
17117,0.4162358378856543,-1.058145946714099,-1.4819859433648792,-1.1954453334565955,-1.0558099238821486
17118,0.5547690044725903,-1.058145946714099,-1.2662745956707426,-1.1172535236719159,-1.0558099238821486
17119,-0.9452107992618198,-0.5571872395918231,-0.2937498635437275,-0.14457610000475504,-0.8395453869137954
17120,0.1535005219449137,-1.058145946714099,-0.7834640551071349,-0.6688728615528973,-1.0558099238821486
17121,0.960814492744644,-1.058145946714099,-0.7666259987073034,-0.9802035124500996,-1.0558099238821486
17122,-0.39107813291407595,0.07394609082159041,-0.338331761071982,-0.47721685960260357,0.4116994341173898
17123,-0.19044389165023765,-0.20175138038774237,0.04959315040828935,-0.10021972705664996,0.5314173027962995
17124,-0.0757957537851872,-1.058145946714099,-0.8150827810136706,-0.24120448470420522,-1.0558099238821486
17125,-0.720691529276096,-1.058145946714099,-0.9906380155039096,-0.16768729188131876,-1.0558099238821486
17126,-0.23343694334963158,0.9303406571479473,0.5721228354900219,1.583861231680227,0.15295436310168173
17127,1.0850166420984486,0.2992073267345332,0.17018453674050715,-0.3507527121214226,0.12978316271221532
17128,0.635978102127001,-1.058145946714099,-1.265954909047296,-0.862804573858747,-1.0558099238821486
17129,1.524501170581142,-1.058145946714099,-2.400102697295289,-2.183176263091345,-1.0558099238821486
17131,-0.9356567877730656,0.2992073267345332,0.7165108424383346,0.5001945244425666,-0.7854792526717072
17132,1.1996647799634992,-0.5571872395918231,0.21019084724036857,0.31452880707427483,-0.9167827215453501
17133,-0.8878867303292945,1.2544959545938104,2.001918312702221,-0.5121324717856456,1.3115143825750013
17134,-0.4531792075909783,-0.20175138038774237,-0.2722374338557991,-0.24120448470420522,0.24177729792796956
17135,-0.8831097245849174,1.0480979277381186,0.4583242393239133,0.6853342645162757,1.1184210459961148
17136,2.2028359862826905,-1.058145946714099,-0.9869680568549498,-0.862804573858747,-1.0558099238821486
17137,1.0276925731659234,0.48966298795922886,0.13485426534509887,0.8831819415705221,-0.04786270694036036
17138,0.354134763208752,0.654643185938614,1.1379821933005654,1.3945358933915557,0.48121303528578896
17139,-0.8878867303292945,2.110890520920167,2.2121620796329897,1.923859825863566,1.577983187053865
17140,0.22037860236619314,-1.058145946714099,-0.5026947767845236,-0.7601216003714991,-1.0558099238821486
17141,1.0372465846546777,0.07394609082159041,-0.1630477614817088,0.9637379981128575,-0.028553373282471695
17142,0.18216255641117632,0.07394609082159041,0.2415982877336491,0.5001945244425666,0.6627207716699424
17143,1.0324695789103004,-0.5571872395918231,-0.025134569281854174,0.5407159979871611,-0.6773469841875307
17144,-0.954764810750574,-0.5571872395918231,0.05503334508567693,0.0011923041824166546,-0.7352749851611967
17145,1.4862851246261253,0.07394609082159041,0.8872884645896991,1.124063132285242,-0.49197738107179956
17146,-0.45795621333535536,1.3460575542855853,1.341044014506221,1.1044120596547777,1.145454113117159
17147,-0.8544476901186548,0.9303406571479473,0.905336113817274,0.6935794902722501,1.5509501199328208
17148,-0.7159145235317189,-1.058145946714099,-1.430413246768983,-1.1954453334565955,-1.0558099238821486
17149,1.194887774219122,-1.058145946714099,-1.3328374609983078,-1.4880589811139169,-1.0558099238821486
17150,0.8366123433908393,0.48966298795922886,0.28691925988078587,0.34016817678249833,0.3228764992911019
17151,2.5515574056222188,-1.058145946714099,-0.9862858861747653,-1.7640984679528429,-1.0558099238821486
17152,-0.03280270208579327,0.07394609082159041,0.5721478808159377,-1.1954453334565955,-0.16371870888769233
17153,-0.8448936786299006,-1.058145946714099,-1.044750418871531,-0.862804573858747,-1.0558099238821486
17154,-0.6012663856666685,-1.058145946714099,-0.7339968943465853,-0.47721685960260357,-1.0558099238821486
17155,-0.8783327188405403,0.654643185938614,-0.015791551182794943,0.020052745320578196,1.720872256122241
17156,1.3859680039942062,-1.058145946714099,-0.31183291653884393,-0.05813906446410138,-1.0558099238821486
17157,-0.9261027762843114,1.7867352234743035,1.2490078401923432,0.5001945244425666,1.7556290567064405
17158,-0.8066776326748838,0.2992073267345332,0.5589691836090116,0.457567115373851,1.299928782380268
17159,-0.859224695863032,0.2992073267345332,0.601280298113049,0.8153422320095451,1.3539949166223564
17160,-0.8114546384192609,1.6565606001831652,1.7426119499601618,1.3253709285855884,1.662944255148575
17161,1.1614487340084823,-1.058145946714099,-0.04585718018258741,0.17272976344709118,-1.0558099238821486
17162,-0.8257856556523923,1.0480979277381186,0.45550376930838493,0.5307717179635321,0.013927160764883359
17163,-0.859224695863032,0.07394609082159041,-0.19112940962947397,-0.3507527121214226,1.4698509185696884
17164,-0.8066776326748838,0.654643185938614,0.717734252880816,0.6340429977198944,-0.125100041571915
17165,0.3971278149081459,0.48966298795922886,0.4879278102904136,0.4897435161402434,0.6588589049383646
17166,-0.7780155982086212,-0.5571872395918231,-1.0701980075153448,-1.0458699940988507,-0.41860191317182266
17167,0.8509433606239707,-0.20175138038774237,-0.036568065720592104,0.34016817678249833,-0.8009267195980181
17168,1.4194070442048459,-1.058145946714099,-0.5937182512194394,-0.5486003891756687,-1.0558099238821486
17169,-0.6872524890654563,-0.20175138038774237,0.17124524351599657,0.34016817678249833,0.95622264326985
17170,0.8270583319020851,-0.5571872395918231,-1.173551343052546,-1.2818823689972492,-0.9978819229084824
17171,0.42101284363003144,-0.5571872395918231,-0.622364365314927,-0.4115503779538524,0.3808045002647679
17172,-0.5869353684335371,-0.20175138038774237,0.034229258475552415,-0.05813906446410138,1.446679718180222
17173,-0.9356567877730656,0.8001660338568091,1.022987511369227,-0.12209817180851448,-0.5692147157033542
17174,0.07706843003488008,-1.058145946714099,-1.954530721112758,-1.7640984679528429,-1.0558099238821486
17175,-0.7493535637423586,0.07394609082159041,0.3310825406521242,0.0011923041824166546,-0.08261950752455995
17176,0.0006363381248464415,-0.20175138038774237,-0.007869255967596626,-0.10021972705664996,0.782438640348852
17177,1.4528460844154856,-1.058145946714099,-1.4619422701031313,-0.2941514393624997,-1.0558099238821486
17178,2.5324493826447103,-1.058145946714099,-0.537060184017647,-0.24120448470420522,-1.0558099238821486
17179,-0.1092347939958269,0.48966298795922886,0.3621658945664587,0.46843340743959727,0.4271469010437007
17180,-0.6920294948098333,1.15560189306089,0.6469443734506671,1.2201519621759485,1.3810279837434005
17181,-0.6872524890654563,-0.20175138038774237,-0.7778927541854271,-0.32196403698294906,1.0218743777066714
17182,1.0563546076321861,-0.5571872395918231,-0.7517825133322363,-1.7640984679528429,0.08730262866486027
17183,-0.9261027762843114,0.48966298795922886,0.9378242904845058,0.0011923041824166546,-0.6773469841875307
17184,1.7585744520556201,-0.5571872395918231,-1.098347159200429,-0.862804573858747,-0.4340493800981336
17185,1.8636685784319162,-0.20175138038774237,-0.9938880977595433,-0.07890961835600385,-1.0287768567611044
17186,-0.7397995522536044,-0.5571872395918231,-1.3283431774081855,-2.515817022689194,-1.0017437896400603
17187,0.120061481734274,-0.5571872395918231,-0.48145629943471513,-0.5486003891756687,0.1027500955911712
17188,-0.906994753306803,1.3460575542855853,1.166124631216397,0.951848035544989,1.7247341228538187
17189,-0.4531792075909783,0.2992073267345332,0.03200963652511816,0.7098254282188435,1.3810279837434005
17190,-0.6824754833210792,0.654643185938614,0.4601608449490495,1.0842787042858788,1.2072439808224027
17191,-0.8257856556523923,1.5110377522649707,1.1202977619561905,1.5084363488256922,1.6861154555380413
17192,1.6009332624911756,-1.058145946714099,-1.791990871275266,-0.586765087019821,-1.0558099238821486
17193,-0.7923466154417526,0.9303406571479473,0.6702001373903971,-0.32196403698294906,1.6552205216854194
17194,0.3445807517199978,-0.20175138038774237,-0.08346714193926262,0.24668909751329784,-0.06331017386667129
17195,2.169396946072051,-1.058145946714099,-0.34789289393757716,-0.24120448470420522,-1.0558099238821486
17196,1.0802396363540716,-1.058145946714099,-0.7374796090279645,0.5602500888610992,-1.0558099238821486
17197,-0.8210086499080151,-1.058145946714099,0.07556787416578667,-0.2941514393624997,-1.0558099238821486
17198,-0.8496706843742777,-0.20175138038774237,-0.1989587997194608,0.607142454731596,0.28811969870690235
17199,1.8206755267325223,-1.058145946714099,-1.374384918047401,-1.2818823689972492,-1.0558099238821486
17200,0.8891594065789875,0.07394609082159041,-0.6765391357890402,-0.4115503779538524,-0.032415240014049426
17201,-0.7063605120429647,0.07394609082159041,0.1626966958418957,1.0531207928583965,1.315376249306579
17202,1.046800596143432,-1.058145946714099,-1.2498804773869716,-1.2818823689972492,-1.0558099238821486
17203,-0.7923466154417526,1.0480979277381186,1.304555146158969,1.2456584639501014,0.307429032364791
17204,-0.12356581122895821,0.9303406571479473,1.2968091541551527,0.7791957222855813,0.3808045002647679
17205,-0.7063605120429647,-0.20175138038774237,0.06577782393624591,-0.3507527121214226,0.9176039759540727
17206,-0.7063605120429647,-1.058145946714099,-1.0775461831125837,-1.3785107536966998,-1.0558099238821486
17207,2.1550659288389196,-1.058145946714099,-0.8190544103305805,0.21790042237482501,-1.0558099238821486
17208,0.9273754525340043,-1.058145946714099,-1.5137786488037568,-0.5486003891756687,-1.0558099238821486
17209,2.1407349116057883,-0.20175138038774237,-0.3071848223094683,-0.12209817180851448,-0.7198275182348858
17210,0.913044435300873,-1.058145946714099,-0.9273319161268995,0.09143627489364367,-1.0558099238821486
17211,-0.8353396671411465,1.3460575542855853,1.0242795779456277,1.3329322084435713,1.647496788222264
17212,0.24904063683245575,-0.20175138038774237,-0.09969980485209247,-0.2941514393624997,-0.15599497542453686
17213,-0.768461586719867,1.3460575542855853,1.2083084961404889,0.9151078788768329,1.5857069205170204
17214,-0.672921471832325,0.48966298795922886,0.10766715940606686,0.5105140700321456,0.09888822885959346
17215,1.2569888488960244,-1.058145946714099,-1.144149100909773,-1.0458699940988507,-1.0558099238821486
17216,1.6869193658899635,-1.058145946714099,-1.911956322067987,-0.9194058466176699,-1.0558099238821486
17217,0.15827752768929082,-0.5571872395918231,-1.0572252890522411,-0.3507527121214226,0.4310087677752784
17218,-0.9404337935174427,1.7233615276208618,1.0465084505806097,1.4420098920812565,1.5663975868591318
17219,-0.8114546384192609,-0.5571872395918231,-0.9064715116598295,0.020052745320578196,0.4310087677752784
17220,-0.8448936786299006,1.9044924940644754,1.1444942173399004,1.849140004351645,1.5084695858854658
17221,-0.9261027762843114,0.2992073267345332,0.049187169947690644,0.8153422320095451,1.2613101150644908
17222,-0.6490364431104395,0.48966298795922886,0.39594095693849624,0.6514988276797011,1.388751717206556
17223,0.5213299642619506,-0.20175138038774237,-0.35424337918768917,0.31452880707427483,-0.8047885863295958
17224,1.433738061437977,-1.058145946714099,-1.5832460372946395,-1.2818823689972492,-1.0558099238821486
17225,1.8158985209881453,-1.058145946714099,-1.3953261454264752,-1.614523128595098,-1.0558099238821486
17226,0.5117759527731964,-0.20175138038774237,-0.013363848433409407,0.15710275654239486,0.3228764992911019
17227,-0.8735557130961633,1.2544959545938104,0.5211689727546169,0.26071325195673184,1.5509501199328208
17228,-0.8878867303292945,1.3460575542855853,0.8141361449097874,1.2622326247684965,1.346271183159201
17229,-0.5009492650347493,-0.5571872395918231,-0.7574936824427383,-0.05813906446410138,-0.8781640542295728
17230,0.30158770002060387,1.7233615276208618,1.6821281742720953,0.9812559531764108,0.7476818397646525
17231,-0.9022177475624259,2.110890520920167,1.4768941792252497,2.0301971174514417,1.7247341228538187
17232,-0.949987805006197,-0.5571872395918231,-0.5627793467561503,-0.2672508963742018,-1.0094675231032157
17233,-0.7923466154417526,-0.20175138038774237,-0.35061136273062427,0.23242103254119895,1.6050162541749091
17234,-0.09012677101831851,-1.058145946714099,-1.2996018360884787,-0.862804573858747,-1.0558099238821486
17235,-0.8401166728855235,0.8001660338568091,0.3883518392383781,0.17272976344709118,0.9832557103908941
17236,-0.9022177475624259,1.2544959545938104,0.5402398298188121,0.8700553726182927,1.3771661170118228
17237,-0.906994753306803,0.07394609082159041,0.06200133021897146,0.47915765239960845,0.37308076680161245
17238,-0.949987805006197,2.4054512011867506,1.5036548996409869,1.9923387650392004,1.7865239905590624
17239,0.5308839757507048,0.07394609082159041,0.19136277421271106,-0.6688728615528973,-0.22937044332451376
17240,1.8875536071538017,-1.058145946714099,-1.3983366237393886,-1.3785107536966998,-1.0558099238821486
17241,0.8796053950902333,1.2544959545938104,0.7924770493720358,0.8223842757380923,0.013927160764883359
17242,-0.44362519610222406,0.2992073267345332,0.8316414619496917,0.038489320235348796,1.1686253135066254
17243,-0.954764810750574,3.3345441581476316,2.235279390922401,1.7444487237240907,1.7903858572906401
17244,-0.7063605120429647,0.2992073267345332,0.5005698550133695,0.7717713000569296,1.5702594535907095
17245,0.014967355357977748,-0.5571872395918231,-0.6470427493148393,-0.4437267787202448,0.8171954409330516
17246,1.6487033199349468,-0.5571872395918231,-2.2593995624385785,-1.4880589811139169,-0.3143315114192239
17247,-0.8878867303292945,-1.058145946714099,-0.8505344880594228,0.18806465959309385,-1.0558099238821486
17248,-0.38630112716969883,-0.5571872395918231,-0.4325890708235542,0.5698454386786636,0.33832396621741284
17249,1.0850166420984486,-1.058145946714099,-1.8640796909708113,-0.3507527121214226,-1.0558099238821486
17250,-0.9452107992618198,-0.5571872395918231,-0.6272857787239772,0.21790042237482501,-0.05944830713509355
17251,0.7697342629695599,-0.20175138038774237,-0.09556442721734273,0.3526935049184267,0.3421858329489906
17252,-0.40540915014720724,-0.5571872395918231,-0.6924530402375052,0.5793298571111467,-0.7854792526717072
17253,-0.8735557130961633,-1.058145946714099,-1.1752405866532605,-0.6688728615528973,-1.0558099238821486
17254,-0.9404337935174427,-0.20175138038774237,-0.4787355723940322,0.9088213112787457,0.4773511685542112
17255,-0.768461586719867,0.07394609082159041,-0.1113271970461081,1.0994248524597794,0.5121079691384108
17256,-0.4484022018466012,0.2992073267345332,-0.4349099522785702,-0.586765087019821,0.8480903747856735
17257,1.1232326880534655,-0.5571872395918231,-1.1302823962559916,-0.862804573858747,-1.0558099238821486
17258,0.9321524582783813,-0.5571872395918231,-0.5635899358915132,0.07416420415895746,-0.0169677730877385
17259,-0.25254496632713996,0.48966298795922886,0.3354164002714162,1.1757955892278433,0.9021565090277618
17260,1.003807544444038,-1.058145946714099,-1.4533081985387428,-1.4880589811139169,-1.0558099238821486
17261,1.471954107392994,-1.058145946714099,-1.0189686410208616,0.020052745320578196,-1.0558099238821486
17262,-0.7111375177873418,1.15560189306089,0.723968268143324,-0.9802035124500996,1.5393645197380876
17263,0.034075378335486156,-1.058145946714099,-1.9137463528655148,-0.47721685960260357,-1.0558099238821486
17264,1.0659086191209401,-1.058145946714099,-0.8815177021765304,0.4126028186801636,-1.0558099238821486
17265,-0.300315023770911,-0.5571872395918231,-0.3646868590105357,0.7490861757345402,-0.8936115211558837
17266,-0.949987805006197,0.2992073267345332,-0.4308927785087707,0.6600894093898906,1.4080610508644447
17267,-0.35286208695905913,-0.5571872395918231,-0.7610238609527952,-0.10021972705664996,-1.0558099238821486
17268,-0.4484022018466012,1.15560189306089,0.4632128947471207,-0.3805884749031534,1.3539949166223564
17269,0.8796053950902333,-1.058145946714099,-0.4452641528034099,0.7791957222855813,-1.0558099238821486
17270,1.2808738776179098,-0.5571872395918231,-0.30026233268145974,0.05652066271060163,-0.040138973477204895
17271,2.556334411366596,-1.058145946714099,-1.0773351938142957,0.07416420415895746,-1.0558099238821486
17272,-0.7589075752311129,0.07394609082159041,0.6179383026839994,0.4126028186801636,-0.20619924293504738
17273,1.0659086191209401,-1.058145946714099,-1.342824501084159,-0.9802035124500996,-1.0558099238821486
17274,-0.7923466154417526,-0.5571872395918231,-0.33490443142353266,0.47915765239960845,0.3344620994858351
17275,0.870051383601479,-1.058145946714099,-1.4950370268601463,-0.47721685960260357,-1.0558099238821486
17276,0.960814492744644,-1.058145946714099,-0.42978802132812716,0.14117229372259663,-1.0558099238821486
17277,0.1248384874786511,-0.5571872395918231,0.11189671445076627,0.37718466862099537,-0.6889325843822639
17278,0.19171656789993052,-0.5571872395918231,-0.8736264451763139,-0.7132292345010023,0.19543489714903678
17279,-0.6872524890654563,-1.058145946714099,-1.1376983231373448,-1.2818823689972492,-1.0558099238821486
17280,1.1327866995422198,-1.058145946714099,-1.465786270795824,-1.4880589811139169,-1.0558099238821486
17281,0.8270583319020851,0.48966298795922886,-0.09658475774203149,-2.183176263091345,0.09888822885959346
17282,-0.33853106972592784,0.2992073267345332,0.6697314757237607,1.124063132285242,0.5584503699173436
17283,0.8461663548795936,-1.058145946714099,-1.135294066950771,-0.8098576192004525,-1.0558099238821486
17284,-0.672921471832325,0.8001660338568091,0.8059091323315096,1.5556662555596725,0.4310087677752784
17285,2.040417790973869,-0.5571872395918231,-0.5799252507326782,-0.0181119525235737,-0.9206445882769279
17286,-0.859224695863032,-0.20175138038774237,-0.6138225647975595,0.607142454731596,0.40783756738581206
17287,-0.8353396671411465,1.9044924940644754,1.0344412906779037,1.5382721116074227,1.6861154555380413
17288,-0.9165487647955571,1.15560189306089,0.7180500125645412,1.3910374102343395,0.4310087677752784
17289,-0.8114546384192609,0.9303406571479473,0.5811435333300852,1.274447139088575,1.299928782380268
17290,-0.9452107992618198,0.8001660338568091,0.3528696114400306,1.1982735174240835,1.7363197230485519
17291,0.5117759527731964,-1.058145946714099,-0.3636526909464108,-2.515817022689194,-1.0558099238821486
17292,1.295204894851041,-0.5571872395918231,-0.872275472947302,-0.862804573858747,-0.6425901836033311
17293,-0.9213257705399343,1.6565606001831652,1.0199213369780058,1.0207326504320022,1.7556290567064405
17294,2.23627502649333,-0.5571872395918231,-0.4813331071913548,-0.7132292345010023,-1.0558099238821486
17295,-0.8257856556523923,-0.20175138038774237,-0.36864080369838487,0.18806465959309385,-0.9167827215453501
17296,2.527672376900333,-1.058145946714099,-0.7150408653206375,-0.21595962957782017,-1.0558099238821486
17297,-0.8783327188405403,-1.058145946714099,-1.411733952174792,0.12492635577600246,-1.0558099238821486
17298,-0.47706423631286377,0.2992073267345332,0.032485844717716775,0.3014022381220454,1.029598111169827
17299,-0.906994753306803,0.48966298795922886,0.06134820897536729,0.6685909679263046,0.7592674399593856
17300,0.9034904238121187,-0.5571872395918231,-0.6056184047455908,-0.10021972705664996,-0.7043800513085748
17301,-0.859224695863032,-0.5571872395918231,-0.8147161405290838,0.7567177940893411,1.272895715259224
17302,-0.8926637360736717,0.2992073267345332,0.15796830974319281,0.3891614223084505,0.06799329500697161
17303,0.7649572572251828,-1.058145946714099,-0.9321464235841265,0.18806465959309385,-1.0558099238821486
17304,1.5913792510024214,-1.058145946714099,-1.5115294563120902,-1.614523128595098,-1.0558099238821486
17305,2.135957905861411,-1.058145946714099,0.6135023132008024,-1.1954453334565955,-1.0558099238821486
17306,-0.9117717590511801,1.9044924940644754,1.7117888596716053,-0.7132292345010023,0.4619037016279003
17307,0.9273754525340043,1.15560189306089,1.0663540507313258,-0.5121324717856456,0.0795788952017048
17308,0.9178214410452501,-0.5571872395918231,1.1532566284232042,-1.614523128595098,-0.8279597867190622
17309,-0.5057262707791264,-0.20175138038774237,-0.753823450203607,-0.1914684658752519,1.1763490469697808
17310,0.8891594065789875,-0.5571872395918231,0.08412331618882134,-2.515817022689194,-0.4881155143402218
17311,-0.5869353684335371,0.48966298795922886,0.9836071581535071,0.8766449105123539,1.2458626481381798
17312,-0.300315023770911,-0.20175138038774237,-0.25066495475445466,-1.0458699940988507,-0.974710722519016
17313,-0.8114546384192609,-1.058145946714099,0.6760483686554096,-0.4437267787202448,-1.0558099238821486
17314,-0.8448936786299006,1.6565606001831652,1.2134816215597202,1.2663243691962696,1.6938391890011968
17315,-0.954764810750574,2.7608870603908318,1.6981762747497076,1.8016574700813903,0.6318258378173205
17316,1.046800596143432,-1.058145946714099,-1.4328832026755767,-0.14457610000475504,-1.0558099238821486
17317,-0.7397995522536044,-0.20175138038774237,0.7556135474124894,-1.2818823689972492,-0.889749654424306
17318,2.503787348178448,-1.058145946714099,-1.2648599142617192,-0.7132292345010023,-1.0558099238821486
17319,2.23627502649333,-1.058145946714099,-2.4632097811976132,-1.9471638881929467,-1.0558099238821486
17320,-0.4818412420572409,0.48966298795922886,0.7111243150079153,0.5793298571111467,1.2111058475539804
17321,-0.9213257705399343,0.48966298795922886,0.43405644911378205,1.4186162443378565,1.1415922463855812
17322,0.8366123433908393,0.2992073267345332,0.008149141661045514,0.8153422320095451,0.3344620994858351
17323,-0.8878867303292945,1.2544959545938104,0.3828199832172188,1.124063132285242,1.5818450537854427
17324,-0.8783327188405403,1.2544959545938104,0.6254344271981325,0.7865535568710715,1.662944255148575
17325,0.3780197919306375,-0.20175138038774237,-0.29059828181732283,-0.05813906446410138,0.33832396621741284
17326,0.9894765272109066,-0.5571872395918231,-0.7721106858671419,0.5407159979871611,-0.5885240493612428
17327,0.9942535329552837,-0.5571872395918231,-1.2879285558472284,-1.9471638881929467,-0.4649443139507554
17328,2.2553830494708387,-1.058145946714099,-1.5565343223593768,-1.4880589811139169,-1.0558099238821486
17329,-0.8926637360736717,0.2992073267345332,0.06518588815659657,0.5207054191909427,1.7324578563169741
17330,-0.8544476901186548,0.07394609082159041,-0.5524596191251843,-1.3785107536966998,1.3578567833539341
17331,-0.37197010993656754,-1.058145946714099,-1.1876687247598203,-2.515817022689194,-1.0558099238821486
17332,1.562717216536159,0.2992073267345332,-0.060955776033660376,0.5407159979871611,-0.5614909822401988
17333,-0.5534963282228974,-1.058145946714099,-0.441699050116731,-0.32196403698294906,-1.0558099238821486
17334,0.4831139183069338,-0.20175138038774237,-0.2609733594914685,-0.586765087019821,-0.6541757837980643
17335,0.870051383601479,-0.5571872395918231,-0.4376440213968832,-0.16768729188131876,0.10661196232274893
17336,1.295204894851041,-1.058145946714099,-1.738740919725982,-2.515817022689194,-1.0558099238821486
17337,-0.23821394909400867,0.07394609082159041,0.5593553192417717,1.8748102327255782,-0.441773113561289
17338,-0.8783327188405403,1.6565606001831652,1.8525770239113801,2.1511273953353474,1.346271183159201
17339,-0.5105032765235035,-0.20175138038774237,-0.7954983657558202,-1.1172535236719159,0.5468647697226104
17340,-0.8210086499080151,1.7233615276208618,2.2140479473488983,1.6554756952610448,1.3926135839381337
17341,-0.21432892037212317,0.2992073267345332,0.23987685427751698,1.2663243691962696,0.4271469010437007
17342,0.8509433606239707,0.07394609082159041,0.2140968576376308,-0.24120448470420522,0.06413142827539388
17343,0.7362952227589202,0.48966298795922886,0.23288680413711516,0.3014022381220454,0.41556130084896753
17344,-0.7397995522536044,-0.5571872395918231,-0.4975742759596438,0.34016817678249833,1.577983187053865
17345,-0.8878867303292945,1.0480979277381186,0.39918540639009187,1.15268439735128,1.7363197230485519
17346,-0.9452107992618198,2.1575193073054413,1.2272087656695787,2.042966138759257,1.2497245148697576
17347,-0.5487193224785203,-1.058145946714099,-0.9954558616119864,-2.515817022689194,-1.0558099238821486
17348,-0.8926637360736717,0.9303406571479473,0.7103684013647015,1.6655729680414202,1.3578567833539341
17349,-0.1044577882514498,0.2992073267345332,-0.11994596587467683,0.457567115373851,0.6897538387909865
17350,-0.9213257705399343,0.654643185938614,0.5268179909923797,0.8766449105123539,1.5239170528117767
17351,-0.7875696096973754,1.2544959545938104,0.561961788923504,0.05652066271060163,1.6204637211012198
17352,2.3652541815915122,-1.058145946714099,-2.3093685786725753,-1.614523128595098,-1.0558099238821486
17353,-0.3433080754703049,0.07394609082159041,0.9147568459413272,-1.3785107536966998,0.855814108248829
17354,-0.720691529276096,0.07394609082159041,0.8902995194066531,0.5698454386786636,0.4039757006542343
17355,0.8843824008346104,-1.058145946714099,-0.8681587137290272,-0.32196403698294906,-1.0558099238821486
17356,0.5261069700063277,0.2992073267345332,0.02657530185986596,0.44655496268773315,0.4001138339226566
17357,-0.8448936786299006,-0.5571872395918231,-0.6227388650764656,-0.0181119525235737,-1.0558099238821486
17358,0.48789092405131085,0.2992073267345332,-0.041658092418676886,0.8896672959534744,0.2958434321700578
17359,-0.906994753306803,-0.5571872395918231,-0.8393988153387815,-0.12209817180851448,1.404199184132867
17360,-0.8783327188405403,0.48966298795922886,0.19803804613139797,1.2201519621759485,0.5545885031857659
17361,-0.7254685350204731,0.2992073267345332,-0.03268711859214755,0.15710275654239486,1.3655805168170896
17362,0.18216255641117632,0.654643185938614,0.08337725361849346,0.6935794902722501,0.7322343728383416
17363,0.9273754525340043,-0.20175138038774237,0.006482522737124857,-0.16768729188131876,-1.0287768567611044
17364,-0.9595418164949511,2.245808014503504,1.857633791149544,2.036606470810011,1.7710765236327515
17365,-0.9022177475624259,1.5110377522649707,1.5830730181869792,1.82264053350877,1.5084695858854658
17366,1.104124665075957,-0.5571872395918231,0.11990070708170243,0.8499631098416093,-0.9631251223242829
17367,0.17738555066679923,-1.058145946714099,-1.2197087691686812,-0.1914684658752519,-1.0558099238821486
17368,-0.8496706843742777,1.4312993642702228,0.79816301973993,1.2456584639501014,1.6513586549538417
17369,1.2139957971966304,-1.058145946714099,0.05108961380353085,-2.515817022689194,-1.0558099238821486
17370,-0.6155974028997997,0.07394609082159041,-0.5153989207790011,-0.24120448470420522,-0.6812088509191084
17371,-0.8783327188405403,0.48966298795922886,-0.23838711818851185,0.9458378031172426,1.7015629224643523
17372,-0.768461586719867,2.245808014503504,1.126461105870623,1.8571244280282562,1.632049321295953
17373,-0.768461586719867,0.654643185938614,0.17792915679349064,0.3526935049184267,1.2960669156486904
17374,0.08184543577925718,-0.20175138038774237,-0.16351355708666251,-0.16768729188131876,-0.37225951239288985
17375,-0.008917673363907763,0.07394609082159041,-0.23271287951071656,0.4897435161402434,-0.1598568421561146
17376,-0.6251514143885539,0.07394609082159041,-0.5034564682542723,-0.0181119525235737,0.6897538387909865
17377,-0.8496706843742777,3.48398306701111,2.1375136760789064,2.0237372962241267,1.7015629224643523
17378,0.8270583319020851,-1.058145946714099,-3.130031510794589,-2.515817022689194,-1.0558099238821486
17379,-0.906994753306803,-1.058145946714099,-0.6128242602292648,0.4240770344914922,-1.0558099238821486
17380,1.1136786765647113,-0.20175138038774237,-0.24988236243055795,-1.614523128595098,-0.6696232507243752
17381,-0.9213257705399343,2.611849228042442,2.660184245210721,0.14117229372259663,1.029598111169827
17382,-0.6490364431104395,0.8001660338568091,-0.007901220079156512,-0.7601216003714991,0.8905709088330286
17383,-0.9404337935174427,-0.5571872395918231,-0.7913936127432867,0.15710275654239486,0.6781682385962533
17384,-0.8687787073517862,-0.20175138038774237,-0.4225699509868841,-0.8098576192004525,0.6743063718646756
17385,-0.8926637360736717,-1.058145946714099,-0.914900674177876,0.0011923041824166546,-1.0558099238821486
17386,-0.9261027762843114,0.654643185938614,0.8122761018108744,-0.21595962957782017,0.4039757006542343
17387,-0.8687787073517862,-0.5571872395918231,-0.14424301846186857,0.4240770344914922,-1.0017437896400603
17388,-0.5917123741779142,1.15560189306089,0.7761385554655331,-0.0181119525235737,1.462127185106533
17389,-0.9595418164949511,3.184600854015305,2.9866534493770516,0.32744864979204164,1.7826621238274847
17390,1.046800596143432,-1.058145946714099,-1.3024298182841665,-0.9802035124500996,-1.0558099238821486
17391,-0.18088988016148344,-0.5571872395918231,-0.42079789346316454,-2.183176263091345,-1.0519480571505708
17392,0.5022219412844422,-0.20175138038774237,-0.3191137414840929,0.36503047510217346,-0.499701114534955
17393,0.9990305386996609,-0.5571872395918231,-0.6288329881994871,0.05652066271060163,-0.7545843188190854
17394,0.08662244152363428,-1.058145946714099,-1.0788486483324609,-1.7640984679528429,-1.0558099238821486
17395,1.4671771016486168,-1.058145946714099,-1.6074582022086337,-1.9471638881929467,-1.0558099238821486
17396,-0.7732385924642441,1.4312993642702228,1.602656066497948,-0.2941514393624997,0.4966605022120999
17397,-0.8544476901186548,-0.20175138038774237,0.1966970872323532,0.9275383145186272,0.465765568359478
17398,-0.4149631616359615,-0.20175138038774237,-0.2405789044277413,-0.2672508963742018,-0.5112867147296882
17400,-0.35763909270343625,0.8001660338568091,1.1708777461869975,1.7119076227707086,1.2458626481381798
17401,1.624818291213061,-1.058145946714099,-1.490348790748436,-1.0458699940988507,-1.0558099238821486
17402,-0.9404337935174427,2.0119964593872464,1.1727920589403262,0.7413828979433381,1.720872256122241
17403,-0.7875696096973754,-0.5571872395918231,-0.6255914307698999,0.05652066271060163,0.5430029029910327
17404,-0.9404337935174427,2.0119964593872464,2.856588544797415,0.8896672959534744,1.6359111880275308
17405,-0.954764810750574,-0.20175138038774237,0.08854861285604357,0.4897435161402434,-0.48039178087706635
17406,0.6312010963826239,1.3460575542855853,1.0993377038383627,1.0583966506364906,0.48893676874894443
17407,1.003807544444038,-1.058145946714099,-0.36091081905364375,-0.47721685960260357,-1.0558099238821486
17408,-0.18088988016148344,-0.20175138038774237,-0.7635462731265634,-1.3785107536966998,0.29970529890163555
17409,-0.0805727595295643,1.0480979277381186,1.5477442006278894,0.14117229372259663,1.0450455780961379
17410,-0.8831097245849174,0.2992073267345332,0.20652488110650583,0.24668909751329784,-0.28729844429817974
17411,-0.9022177475624259,0.2992073267345332,0.32187560509812224,0.40096584261492885,1.7401815897801296
17412,-0.949987805006197,1.5859404542672264,1.1050494195978868,1.0893585536871893,1.7826621238274847
17413,0.9703685042333982,-0.5571872395918231,-0.35153695016895947,-1.1172535236719159,-0.41860191317182266
17414,-0.7541305694867357,0.48966298795922886,0.6510454237430202,-1.4880589811139169,1.6204637211012198
17415,-0.58215836268916,-1.058145946714099,-0.4221584459103,-0.862804573858747,-1.0558099238821486
17416,-0.8210086499080151,1.9594133665673954,2.1232264679336805,1.6605398660150967,1.632049321295953
17417,1.658257331423701,-1.058145946714099,-1.2342873103134733,-0.7601216003714991,-1.0558099238821486
17418,-0.7589075752311129,-0.20175138038774237,-0.2224102169923703,-0.037881416532715165,0.27653409851216915
17419,-0.906994753306803,1.7233615276208618,1.3740188816877488,1.2784785627150907,1.5393645197380876
17420,-0.720691529276096,0.48966298795922886,0.03197182876435064,0.020052745320578196,0.29970529890163555
17421,0.8843824008346104,-0.20175138038774237,0.1078645917183371,0.07416420415895746,0.2919815654384801
17422,-0.8831097245849174,1.15560189306089,0.9892904721597275,1.0262202498700983,0.9446370430751168
17423,-0.7397995522536044,-0.20175138038774237,0.14729699636796595,-0.05813906446410138,0.2842578319753246
17425,-0.8687787073517862,-0.5571872395918231,-0.13240995299974798,0.0011923041824166546,-0.8974733878874614
17426,-0.9213257705399343,1.3460575542855853,1.5736001303854508,1.4420098920812565,1.462127185106533
17427,-0.6203744086441768,-1.058145946714099,-1.5836713517815704,-2.183176263091345,-1.0558099238821486
17428,-0.9595418164949511,2.8158079328937515,2.5550890175552343,1.876751992347149,1.7942477240222179
17429,-0.348085081214682,0.2992073267345332,0.2866589410603391,0.5207054191909427,0.10661196232274893
17430,-0.8066776326748838,0.07394609082159041,-0.27539071828232076,-0.2672508963742018,0.6704445051330978
17431,0.5356609814950819,-1.058145946714099,-0.5881622421563493,-0.0181119525235737,-1.0558099238821486
17432,-0.8735557130961633,0.9303406571479473,0.4611712845621152,1.3177393102307873,1.7170103893906632
17433,-0.5391653109897661,-0.5571872395918231,-0.3390141271689792,0.5307717179635321,0.091164495396438
17434,-0.949987805006197,0.654643185938614,0.6898512289886146,0.7017426726202728,-0.7352749851611967
17435,1.003807544444038,-1.058145946714099,-0.7296181294849593,-0.8098576192004525,-1.0558099238821486
17436,-0.954764810750574,0.2992073267345332,-0.3858899290331671,-1.2818823689972492,1.7672146569011737
17437,1.567494222280536,-1.058145946714099,-0.650830054342335,0.17272976344709118,-1.0558099238821486
17438,0.24904063683245575,0.2992073267345332,0.32055358650261145,0.12492635577600246,0.4425943679700116
17439,2.169396946072051,-1.058145946714099,-0.74190647119628,-1.2818823689972492,-1.0558099238821486
17440,-0.21432892037212317,0.07394609082159041,-0.7466941563347512,-1.7640984679528429,0.4619037016279003
17441,2.5372263883890875,-1.058145946714099,-0.8172620201009506,-0.5486003891756687,-1.0558099238821486
17442,-0.7875696096973754,1.5110377522649707,1.170412431489366,1.215822701168371,1.3617186500855119
17443,0.08662244152363428,-1.058145946714099,-0.3856471385630588,-2.515817022689194,-1.0558099238821486
17444,-0.2573219720715171,-0.20175138038774237,0.8442084256528309,0.9275383145186272,-0.9592632555927052
17446,-0.11878880548458111,-0.5571872395918231,-1.4536042123010156,-1.4880589811139169,-0.5383197818507324
17447,-0.768461586719867,-0.5571872395918231,-0.37588212809600546,-0.1914684658752519,-0.9360920552032388
17448,1.4146300384604686,2.842379197713229,1.9970318041737867,2.1214458562700447,-0.4842536476086441
17449,-0.949987805006197,1.3460575542855853,1.2081232130542194,1.5755040145163772,1.7556290567064405
17450,-0.9213257705399343,2.9672850872465237,4.035862978715204,0.9984076522496489,0.6047927706962763
17451,-0.954764810750574,0.654643185938614,0.4579974281292911,0.5505411819726732,-0.6541757837980643
17453,-0.8783327188405403,-0.5571872395918231,-0.45275835575129914,-0.6267921989603487,-0.874302187497995
17454,-0.042356713574547476,1.0480979277381186,0.3813767798764075,0.6853342645162757,0.8789853086382954
17455,0.010190349613600646,-1.058145946714099,-1.392328170552054,-1.2818823689972492,-1.0558099238821486
17456,0.7840652802026912,-0.5571872395918231,0.04840409019334011,0.27450169513374717,-0.7043800513085748
17457,-0.35763909270343625,1.4312993642702228,1.357161008967935,-0.2672508963742018,1.2844813154539572
17458,-0.8878867303292945,-0.5571872395918231,-0.3919591746169149,0.5307717179635321,0.3576332998753015
17459,-0.7541305694867357,-0.5571872395918231,-0.23626775434703118,0.5979759564957379,-0.990158189445327
17460,-0.5105032765235035,1.5859404542672264,0.6210678104358701,0.6428173386552047,1.2304151812118689
17461,-0.8544476901186548,-0.20175138038774237,-0.15492992584062007,0.7336066022127771,-1.0287768567611044
17462,-0.672921471832325,-0.5571872395918231,-0.2163795377111054,-0.4115503779538524,-0.19075177600873644
17463,-0.8831097245849174,0.654643185938614,0.7373251715276548,1.3945358933915557,1.1570397133118921
17464,-0.20477490888336897,-0.20175138038774237,-0.004027905191838062,-0.14457610000475504,0.7245106393751861
17465,1.0706856248653174,0.654643185938614,0.7394650640429249,0.7257558910386418,0.14523062963852626
17466,-0.9117717590511801,-0.5571872395918231,-0.1285177602282471,-0.0181119525235737,-0.7932029861348626
17467,0.9273754525340043,-1.058145946714099,-1.5710196823495968,-1.7640984679528429,-1.0558099238821486
17468,-0.9117717590511801,-0.20175138038774237,-1.1115344629107378,-1.2818823689972492,0.3537714331437238
17469,-0.8831097245849174,1.6565606001831652,1.2347690490053098,1.1093691324834083,1.6745298553433081
17470,-0.7493535637423586,1.15560189306089,0.7628280237970071,0.7865535568710715,0.7360962395699193
17471,1.3047589063397953,-1.058145946714099,-0.750999071617326,-0.6267921989603487,-1.0558099238821486
17472,-0.04713371931892458,0.07394609082159041,0.00796154586174506,1.193826931703096,0.6318258378173205
17473,0.9894765272109066,-0.5571872395918231,-0.29364300586586384,-0.1914684658752519,-0.8704403207664173
17474,1.9018846243869332,-1.058145946714099,0.09936718546934975,-1.4880589811139169,-1.0558099238821486
17475,-0.58215836268916,-1.058145946714099,-1.1131214293507625,-0.862804573858747,-1.0558099238821486
17476,0.9273754525340043,-0.5571872395918231,-0.44812602612421004,-0.2941514393624997,0.26494849831743594
17477,1.9639856990638354,-0.5571872395918231,0.16345339675772366,0.038489320235348796,-0.9206445882769279
17478,0.9894765272109066,-0.5571872395918231,0.24021126948722338,-0.037881416532715165,-0.1868899092771587
17479,2.0595258139513777,-1.058145946714099,-0.6136745806754306,-0.6688728615528973,-1.0558099238821486
17480,-0.5917123741779142,-0.5571872395918231,-0.024104085046139482,0.14117229372259663,0.36149516660687925
17481,-0.9452107992618198,0.07394609082159041,0.23039232608614257,0.40096584261492885,-0.7082419180401526
17482,1.3668599810166977,-0.5571872395918231,-0.1169376592800064,0.14117229372259663,-0.7043800513085748
17483,-0.6490364431104395,0.07394609082159041,-0.31200338910523356,-0.47721685960260357,0.2919815654384801
17484,1.7920134922662598,-0.5571872395918231,-1.0590398353208008,-0.862804573858747,-0.8704403207664173
17486,0.2872566827874726,-1.058145946714099,-0.5997345109056164,-0.4437267787202448,-1.0558099238821486
17487,2.518118365411579,-1.058145946714099,-1.2503271541024543,-1.2818823689972492,-1.0558099238821486
17488,2.1025188656507714,-1.058145946714099,-0.7185186432530024,-0.6688728615528973,-1.0558099238821486
17489,-0.6824754833210792,-0.5571872395918231,-0.6374024337098951,-0.32196403698294906,-0.4610824472191777
17490,-0.9595418164949511,0.9303406571479473,0.7961222756964953,0.6428173386552047,1.1415922463855812
17491,-0.954764810750574,1.6565606001831652,1.3160817501229638,0.7413828979433381,1.218829581017136
17492,0.22515560811057025,-0.20175138038774237,0.14953002126643383,-0.21595962957782017,-0.013105906356160766
17493,0.8796053950902333,-1.058145946714099,-1.5828917998879195,-1.2818823689972492,-1.0558099238821486
17494,1.433738061437977,-1.058145946714099,-2.0189561939205336,-1.9471638881929467,-1.0558099238821486
17495,-0.9261027762843114,-0.20175138038774237,-0.08861412072265909,-0.07890961835600385,0.42328503431212294
17496,0.7506262399920515,0.07394609082159041,0.31552711767678837,0.2031181655606824,0.24177729792796956
17497,0.9034904238121187,-0.5571872395918231,-0.8323781243330257,-1.3785107536966998,-0.20619924293504738
17498,-0.6012663856666685,-1.058145946714099,-0.8710326941428908,-0.7132292345010023,-1.0558099238821486
17499,0.42101284363003144,-0.5571872395918231,0.2780690987924183,0.36503047510217346,-0.005382172893005303
17500,-0.8783327188405403,-0.20175138038774237,0.1594718376893808,-1.9471638881929467,-1.0094675231032157
17501,0.09139944726801139,-0.5571872395918231,-0.82900537478104,-0.6688728615528973,-1.0558099238821486
17502,-0.9165487647955571,0.07394609082159041,-0.20221489666349998,-0.4115503779538524,-0.9785725892505938
17503,-0.949987805006197,-0.5571872395918231,-0.35305645633714317,-0.12209817180851448,-0.9167827215453501
17504,0.02452136684673195,1.7233615276208618,1.689902938303427,1.428723884190206,0.7322343728383416
17505,-0.19044389165023765,0.2992073267345332,0.7083536906626922,0.5505411819726732,0.6588589049383646
17506,-0.6012663856666685,-1.058145946714099,-0.7958791779773591,-0.862804573858747,-1.0558099238821486
17507,0.2872566827874726,-0.5571872395918231,-0.29533082951989076,0.5105140700321456,-0.8704403207664173
17508,0.3780197919306375,0.8001660338568091,1.1639687777813608,1.2622326247684965,0.6897538387909865
17509,-0.6872524890654563,0.8001660338568091,1.3689816135971988,0.46843340743959727,-1.0326387234926822
17510,-0.8448936786299006,-0.5571872395918231,-0.41268799657029864,-0.32196403698294906,0.4734893018226335
17511,-0.949987805006197,3.164510717157243,3.7817004369207816,2.239228514726729,1.7826621238274847
17512,-0.8257856556523923,1.7233615276208618,1.2919590140379593,0.7178293264081053,1.6513586549538417
17513,-0.6155974028997997,-0.20175138038774237,0.172534709079907,-0.6688728615528973,0.5159698358699886
17514,-0.348085081214682,-0.5571872395918231,-0.402345784819841,0.43539298020353107,1.0334599779014046
17515,-0.8114546384192609,0.9303406571479473,0.40636951480297673,0.6251737972068488,0.9484989098066945
17516,-0.8878867303292945,0.48966298795922886,0.02735958062883656,1.031671386584256,0.3460476996805683
17517,0.5117759527731964,-1.058145946714099,-1.2804828446040892,-1.0458699940988507,-1.0558099238821486
17518,1.0706856248653174,-0.5571872395918231,-0.7338221066348076,0.4240770344914922,-0.29888404449291295
17519,-0.8783327188405403,1.5110377522649707,1.194054893385318,0.9870131210634252,1.7285959895853964
17520,-0.7063605120429647,-1.058145946714099,-0.3688911164637728,-0.2672508963742018,-1.0558099238821486
17521,-0.8210086499080151,0.2992073267345332,0.2431858382467539,0.3526935049184267,0.5082461024068331
17522,-0.954764810750574,0.2992073267345332,0.11551589678329709,0.27450169513374717,-0.21778484312978058
17523,-0.906994753306803,0.07394609082159041,-0.24128521722525045,-0.4115503779538524,-1.0249149900295267
17524,0.7649572572251828,-0.20175138038774237,-0.3790690186995385,-0.10021972705664996,-0.7584461855506631
17525,0.7554032457364286,-0.20175138038774237,0.17446149508854536,-0.6267921989603487,-0.7893411194032849
17526,-0.9404337935174427,1.2544959545938104,1.0553279591280658,0.37718466862099537,1.7170103893906632
17527,-0.7063605120429647,0.07394609082159041,0.02114580151786117,0.05652066271060163,-0.41860191317182266
17528,-0.954764810750574,0.8001660338568091,0.9960320166909199,1.193826931703096,-0.7854792526717072
17529,1.9544316875750813,-0.5571872395918231,0.22152626221144076,0.5001945244425666,-0.7198275182348858
17530,-0.954764810750574,1.2544959545938104,0.8068479925932343,1.7444487237240907,1.7710765236327515
17531,-0.05191072506330168,-0.20175138038774237,0.23681457866063335,0.2031181655606824,0.5970690372331209
17532,0.8796053950902333,-1.058145946714099,-1.892771086804563,-1.7640984679528429,-1.0558099238821486
17533,1.1136786765647113,-1.058145946714099,-2.338028136209133,-2.515817022689194,-1.0558099238821486
17534,-0.7063605120429647,0.2992073267345332,0.4356229914775726,0.47915765239960845,1.257448248332913
17535,0.3780197919306375,-1.058145946714099,-1.2333265593650513,-0.9194058466176699,-1.0558099238821486
17536,-0.114011799740204,-0.20175138038774237,-0.6603368469682499,-0.7601216003714991,0.8944327755646063
17537,-0.8210086499080151,-0.5571872395918231,-0.01967182014939845,0.457567115373851,0.002341560570150162
17538,-0.8401166728855235,-1.058145946714099,-1.6007475315509816,-1.1954453334565955,-1.0558099238821486
17539,1.987870727785721,0.07394609082159041,0.18367591438168857,0.9275383145186272,-0.6348664501401756
17540,-0.8448936786299006,0.48966298795922886,0.4009881478084669,-0.0181119525235737,1.1647634467750476
17541,1.471954107392994,-1.058145946714099,-1.4597889818166636,-0.24120448470420522,-1.0558099238821486
17542,0.3254727287424894,-0.20175138038774237,-0.7092745085550685,0.24668909751329784,0.3808045002647679
17543,1.663034337168078,-1.058145946714099,-1.458655108536961,-0.9194058466176699,-1.0558099238821486
17544,0.9034904238121187,-0.20175138038774237,0.025317154341327527,0.5207054191909427,-1.0558099238821486
17545,-0.7541305694867357,0.48966298795922886,0.3139785598413145,1.2824902726998832,1.0064269107803605
17547,0.8318353376464622,-0.5571872395918231,-0.16278031264298648,-0.5121324717856456,0.06413142827539388
17548,0.1535005219449137,0.07394609082159041,-0.15941103417423114,-0.5121324717856456,-0.42632564663497813
17549,-0.8496706843742777,-0.5571872395918231,-1.3045460578173074,-1.614523128595098,-0.947677655397972
17550,-0.018471684852661967,0.9303406571479473,0.7291335010290106,1.448573071542019,0.7708530401541188
17551,0.7554032457364286,-1.058145946714099,-0.8246813923685028,-0.05813906446410138,-1.0558099238821486
17552,-0.672921471832325,1.2544959545938104,0.805575193468372,0.5001945244425666,1.1338685129224257
17553,-0.3433080754703049,0.07394609082159041,1.0212611503798021,-2.183176263091345,0.8017479740067407
17554,-0.954764810750574,0.2992073267345332,0.5488601573869604,0.26071325195673184,-0.4881155143402218
17555,-0.8687787073517862,0.2992073267345332,0.09849881484419962,1.3441450443638419,1.1338685129224257
17556,0.019744361102354852,-0.5571872395918231,-0.7995308769065743,-0.9194058466176699,-0.38384511258762305
17557,-0.8926637360736717,0.07394609082159041,-0.33209409278443935,-0.32196403698294906,1.7170103893906632
17558,0.9178214410452501,-1.058145946714099,-0.9063605249905068,-0.32196403698294906,-1.0558099238821486
17559,1.4862851246261253,-1.058145946714099,-1.219409050515367,-0.9802035124500996,-1.0558099238821486
17560,-0.5105032765235035,0.8001660338568091,0.5276175912605033,-0.10021972705664996,1.130006646190848
17561,-0.8687787073517862,0.07394609082159041,-0.1877997799508932,1.0994248524597794,1.7015629224643523
17562,-0.8926637360736717,0.654643185938614,0.14950431966240096,0.10835219495760728,-0.441773113561289
17563,1.801567503755014,-0.5571872395918231,-0.6079267370393452,-0.3507527121214226,-0.9283683217400833
17564,-0.8448936786299006,-0.20175138038774237,-0.5028692601018451,-0.07890961835600385,-0.8395453869137954
17565,1.8397835497100308,-1.058145946714099,-1.391621373964914,-0.2672508963742018,-1.0558099238821486
17566,-0.9213257705399343,-0.5571872395918231,-0.034359669398228036,0.8010741670374462,-0.990158189445327
17567,-0.9261027762843114,0.9303406571479473,1.2036516494517393,0.9024861982765124,0.6202402376225873
17568,2.0643028196957545,-1.058145946714099,-0.6416006335766015,0.3014022381220454,-1.0558099238821486
17569,0.6264240906382469,-1.058145946714099,-0.7023607620020232,-0.2941514393624997,-1.0558099238821486
17570,0.8604973721127248,-1.058145946714099,-1.5893662890076614,-2.515817022689194,-1.0558099238821486
17571,-0.720691529276096,0.2992073267345332,0.4190420492694627,1.5698848620204007,0.8442285080540958
17572,-0.6203744086441768,1.0480979277381186,-0.24187065612044892,-0.862804573858747,1.4659890518381107
17573,-0.8210086499080151,-0.20175138038774237,-0.6298726119524946,-0.4437267787202448,-0.8086504530611736
17574,0.19649357364430764,-1.058145946714099,-1.1460801602454818,-1.2818823689972492,-1.0558099238821486
17575,2.226721015004576,-1.058145946714099,-1.2021513167492843,-1.614523128595098,-1.0558099238821486
17576,-0.9213257705399343,2.703410827734218,1.6281493607156696,1.8669969064568752,1.7556290567064405
17577,2.12162688862828,-0.5571872395918231,-0.6927831798192531,-0.586765087019821,-0.9669869890558606
17578,0.08184543577925718,0.654643185938614,0.09959444334687761,0.24668909751329784,0.14523062963852626
17579,-0.9404337935174427,0.07394609082159041,-0.13802466128483812,0.607142454731596,1.1609015800434699
17580,0.24426363108807866,0.2992073267345332,-0.37656099600844717,0.5001945244425666,-0.399292579513934
17581,-0.9595418164949511,2.7608870603908318,2.14996035637684,1.805897236918799,1.7865239905590624
17582,0.16783153917804502,0.2992073267345332,0.3327095425096777,0.6340429977198944,0.4387325012384339
17583,1.7155814003562262,-1.058145946714099,-1.3695725269503922,-1.3785107536966998,-1.0558099238821486
17584,-0.9261027762843114,0.48966298795922886,1.2707430411658769,0.5698454386786636,1.5548119866643986
17585,-0.43884819035784695,0.654643185938614,0.5891937930975696,1.583861231680227,0.3692189000700347
17586,1.9974247392744753,-1.058145946714099,-1.2203514427969961,-1.2818823689972492,-1.0558099238821486
17587,2.040417790973869,-1.058145946714099,-1.1815091404968328,0.0011923041824166546,-1.0558099238821486
17588,-0.4818412420572409,0.654643185938614,0.8440881532503282,-0.14457610000475504,1.0180125109750937
17589,-0.672921471832325,1.7233615276208618,1.962122520837603,2.166256614750188,1.1917965138960918
17590,-0.949987805006197,-0.20175138038774237,0.3431376326993083,1.0944071422788821,-0.9090589880821947
17591,-0.6108203971554227,0.8001660338568091,0.6792879948666986,0.6428173386552047,1.33082371623289
17592,2.56588842285535,-1.058145946714099,-1.3072484580023893,-0.9194058466176699,-1.0558099238821486
17593,-0.9452107992618198,1.15560189306089,1.5748989882046271,1.627049785132738,1.7710765236327515
17594,-0.5534963282228974,0.07394609082159041,0.7266075016107478,0.4126028186801636,0.9484989098066945
17595,-0.9022177475624259,-0.5571872395918231,-0.6184438041216282,0.3891614223084505,-0.9592632555927052
17596,-0.8496706843742777,1.3460575542855853,1.1500022571431732,1.5234898547932807,1.6513586549538417
17597,0.05796040705737167,0.2992073267345332,0.9667249943038506,0.7717713000569296,0.37308076680161245
17598,0.8604973721127248,-1.058145946714099,-0.5763333507452109,-1.1172535236719159,-1.0558099238821486
17599,1.3190899235729268,-1.058145946714099,-2.054141978760025,-1.9471638881929467,-1.0558099238821486
17600,-0.8783327188405403,-1.058145946714099,-1.2453400940142285,-0.9194058466176699,-1.0558099238821486
17601,0.18216255641117632,-0.5571872395918231,-0.5709090612813142,0.40096584261492885,-0.5112867147296882
17602,-0.949987805006197,1.4312993642702228,1.505891928758255,1.92933521698081,1.3269618495013122
17603,-0.5869353684335371,0.07394609082159041,0.4855356037199818,0.7336066022127771,1.4582653183749552
17604,0.07706843003488008,0.48966298795922886,0.02345259253808911,0.9870131210634252,0.7360962395699193
17605,1.8588915726875392,-1.058145946714099,-1.2494340769094263,-0.9194058466176699,-1.0558099238821486
17606,2.561111417110973,-1.058145946714099,-1.6863660392225026,-1.4880589811139169,-1.0558099238821486
17607,0.8366123433908393,-1.058145946714099,-0.7242949424278203,-0.5121324717856456,-1.0558099238821486
17608,-0.8019006269305068,0.07394609082159041,-0.45077786433523065,0.939783214329445,1.1609015800434699
17609,-0.768461586719867,1.15560189306089,0.5246049586080762,1.642676792037434,1.1415922463855812
17610,1.620041285468684,0.2992073267345332,0.3644022013268413,0.8082392174469527,-0.31046964468764615
17611,-0.9261027762843114,2.245808014503504,1.5964440928995587,2.3165130608777513,1.7672146569011737
17612,-0.7063605120429647,1.7233615276208618,1.2822642092979337,1.3177393102307873,1.5277789195433544
17613,-0.8544476901186548,1.4312993642702228,1.1584825247107498,1.3100360324395852,0.03709836115434975
17614,-0.6872524890654563,-1.058145946714099,-0.6191330260761565,0.6770053294538549,-1.0558099238821486
17615,-0.33853106972592784,0.48966298795922886,-0.1687970440278425,0.09143627489364367,0.3151527658279465
17616,-0.13311982271771242,0.07394609082159041,-0.15632237843289756,-2.515817022689194,0.01778902749646109
17617,1.706027388867472,-1.058145946714099,-0.6212420304092174,-0.6688728615528973,-1.0558099238821486
17618,-0.9356567877730656,1.15560189306089,1.0666697118786463,1.274447139088575,1.5663975868591318
17619,0.5308839757507048,-1.058145946714099,-1.0427702738007767,0.4240770344914922,-1.0558099238821486
17620,-0.6776984775767021,-1.058145946714099,-1.73593360632189,-1.7640984679528429,-1.0558099238821486
17621,-0.859224695863032,0.48966298795922886,0.8997149999575822,0.3014022381220454,0.5275554360647218
17622,1.892330612898179,-0.5571872395918231,0.1545180455222479,-0.6267921989603487,-1.0519480571505708
17623,-0.8066776326748838,0.654643185938614,0.6874002648800489,0.9151078788768329,1.6204637211012198
17624,-0.8926637360736717,0.07394609082159041,0.390954806022607,0.6251737972068488,1.6668061218801526
17625,-0.8735557130961633,0.8001660338568091,1.3564479692933007,1.8902171279112618,1.6706679886117304
17626,1.9162156416200644,-1.058145946714099,-0.9208488843960733,-0.6688728615528973,-1.0558099238821486
17627,1.3238669293173038,-1.058145946714099,-0.8099181331142871,-1.1172535236719159,-1.0558099238821486
17628,-0.5726043512004059,-1.058145946714099,-1.787556956946682,-1.614523128595098,-1.0558099238821486
17629,-0.9356567877730656,1.0480979277381186,0.7142664415514245,0.9088213112787457,0.5507266364541882
17630,-0.15222784569522083,-0.5571872395918231,-0.42819841896444644,-0.4437267787202448,-0.8125123197927513
17631,-0.954764810750574,0.654643185938614,0.06515700081983049,0.36503047510217346,1.7594909234380183
17633,-0.8114546384192609,0.654643185938614,0.5866313926471866,0.5602500888610992,0.32673836602267964
17634,-0.7875696096973754,0.9303406571479473,0.6852071436831714,1.3022597367090243,0.10661196232274893
17635,1.0659086191209401,-0.20175138038774237,0.23610824287116697,0.28806221969362183,-0.4147400464402449
17636,-0.8687787073517862,-1.058145946714099,-0.8366226414887405,-0.586765087019821,-1.0558099238821486
17637,-0.8114546384192609,-0.5571872395918231,-0.36856177559227,-0.14457610000475504,-0.731413118429619
17638,2.131180900117034,-0.5571872395918231,-0.05741240505235444,-2.183176263091345,-0.7700317857453963
17639,0.3589117689531291,0.48966298795922886,-0.2840080123972418,0.27450169513374717,-0.25640351044555787
17640,-0.5487193224785203,0.48966298795922886,0.8983091172448022,0.10835219495760728,1.029598111169827
17642,-0.39107813291407595,0.2992073267345332,0.49995721891269446,0.5979759564957379,1.3192381160381568
17643,0.822281326157708,-0.5571872395918231,-0.5259353413076985,-0.2672508963742018,-0.5460435153138878
17644,-0.954764810750574,1.8470162614078611,1.36242242841282,1.0842787042858788,1.4930221189591548
17646,0.08662244152363428,1.2544959545938104,1.047879450806419,0.8766449105123539,0.8905709088330286
17647,-0.6490364431104395,-0.20175138038774237,-0.7289451556155256,-0.9802035124500996,1.2767575819908017
17648,-0.672921471832325,0.2992073267345332,0.6403338401249911,0.8082392174469527,0.1992967638806145
17649,-0.300315023770911,-0.20175138038774237,0.3956577432147679,0.5979759564957379,0.2340535644648141
17650,-0.859224695863032,-1.058145946714099,-1.2260317809512236,-1.2818823689972492,-1.0558099238821486
17651,-0.906994753306803,1.5859404542672264,1.322417313491608,1.258120370257919,0.9330514428803837
17652,-0.8401166728855235,1.2544959545938104,1.2080594646767309,0.8362895757000253,-0.06717204059824902
17653,-0.7875696096973754,0.07394609082159041,0.20226108765050757,0.038489320235348796,-0.731413118429619
17654,0.3636887746975062,-1.058145946714099,-1.4737188761909812,-0.5121324717856456,-1.0558099238821486
17655,-0.9117717590511801,0.9303406571479473,0.8530728237447344,0.46843340743959727,0.5121079691384108
17656,-0.6108203971554227,0.2992073267345332,0.43815170180311847,0.37718466862099537,-0.8434072536453732
17657,1.0945706535872028,-1.058145946714099,-1.4240192703272858,-1.3785107536966998,-1.0558099238821486
17658,-0.8401166728855235,-0.5571872395918231,-0.3075236185369769,-0.7132292345010023,-0.3375027118086903
17659,-0.8783327188405403,1.4312993642702228,0.9877289986161599,1.031671386584256,0.3692189000700347
17660,-0.28598400653777967,-0.5571872395918231,-0.7063874815340051,0.46843340743959727,1.2458626481381798
17662,2.1980589805383133,-0.5571872395918231,-0.5711880292265004,-0.862804573858747,-0.8202360532559068
17663,-0.8401166728855235,1.6565606001831652,1.2523522474541926,1.0478107868958557,1.3385474496960454
17664,-0.8735557130961633,0.07394609082159041,0.17714419995532374,0.3891614223084505,1.2690338485276462
17665,1.3955220154829604,-1.058145946714099,-0.34773932407333197,-0.6267921989603487,-1.0558099238821486
17666,-0.9452107992618198,0.2992073267345332,0.5832605439858386,-0.2672508963742018,0.9678082434645832
17667,-0.6442594373660624,0.9303406571479473,1.0574243188185863,0.9754580982530536,1.2149677142855582
17668,-0.954764810750574,-0.5571872395918231,-0.6948499802268068,-0.862804573858747,-0.9129208548137724
17669,-0.7589075752311129,1.0480979277381186,1.3759130779635422,0.5698454386786636,1.1647634467750476
17670,0.1248384874786511,-1.058145946714099,-1.0724295372197805,-1.0458699940988507,-1.0558099238821486
17671,-0.8878867303292945,0.2992073267345332,0.5695169562808913,0.2031181655606824,0.3344620994858351
17672,-0.720691529276096,0.654643185938614,1.3318594385964952,1.1757955892278433,1.3848898504749783
17673,-0.954764810750574,1.3460575542855853,1.0970814532894106,1.2456584639501014,1.373304250280245
17674,-0.6060433914110456,-0.5571872395918231,-0.36333880651653994,-0.6267921989603487,0.0795788952017048
17675,-0.954764810750574,3.352069504384517,2.684438155540373,1.7119076227707086,1.7556290567064405
17676,-0.9404337935174427,1.0480979277381186,0.712241970048769,0.5698454386786636,1.3192381160381568
17677,-0.954764810750574,3.0365845316001647,2.6331057610406945,1.7142752811445796,1.7324578563169741
17678,0.2968106942762268,-0.5571872395918231,-0.3022900630699031,-0.3507527121214226,0.2572247648542805
17679,-0.7111375177873418,0.654643185938614,0.9858394652146396,0.4126028186801636,1.5857069205170204
17680,-0.8496706843742777,-0.20175138038774237,-0.43705003624526845,-0.586765087019821,0.8287810411277848
17681,1.892330612898179,0.2992073267345332,-0.15947018194607246,-0.9802035124500996,-0.6850707176506862
17682,-0.9117717590511801,1.15560189306089,1.0780561638607007,0.5698454386786636,1.3810279837434005
17683,0.8796053950902333,-0.20175138038774237,-0.07771372109300996,-0.0181119525235737,-0.4031544462455117
17684,-0.7541305694867357,-1.058145946714099,-0.96337745444815,-0.8098576192004525,-1.0558099238821486
17685,-0.8831097245849174,1.2544959545938104,1.290258300778897,0.8766449105123539,1.4544034516433775
17686,-0.9261027762843114,0.9303406571479473,1.5929105082360127,1.549909087672658,0.9755319769277386
17687,1.046800596143432,-1.058145946714099,-0.5375260737433123,-0.3805884749031534,-1.0558099238821486
17688,0.9178214410452501,-1.058145946714099,-0.7911334044774775,-0.6267921989603487,-1.0558099238821486
17689,0.8939364123233645,-0.5571872395918231,-0.7612961295984516,-0.7132292345010023,-0.7236893849664635
17690,-0.816231644163638,1.8470162614078611,1.4665017450036457,1.4049427101962726,1.431232251253911
17691,0.7506262399920515,0.07394609082159041,-0.2582552407731621,-0.10021972705664996,-0.3297789783455348
17692,-0.35286208695905913,1.2544959545938104,0.852932196105042,0.6162076636214244,0.539141036259455
17693,-0.3050920295152881,-1.058145946714099,-1.0909285702964104,-0.7601216003714991,-1.0558099238821486
17694,-0.28598400653777967,-0.20175138038774237,0.4472606761133663,0.2031181655606824,0.5700359701120767
17695,-0.3337540639815507,0.2992073267345332,0.46825048287723525,0.07416420415895746,1.0643549117540265
17696,-0.7780155982086212,2.202452120611942,1.5371165074043587,1.228742543886138,1.6127399876380644
17697,0.16783153917804502,-1.058145946714099,-0.7132976229397261,-0.6267921989603487,-1.0558099238821486
17698,0.28247967704309546,-1.058145946714099,-1.275792758660149,-1.2818823689972492,-1.0558099238821486
17699,1.3143129178285495,-0.5571872395918231,-0.5221779310736859,-0.7132292345010023,-0.7275512516980412
17700,-0.8831097245849174,1.4312993642702228,1.4364695175550843,1.4774744457749929,1.7324578563169741
17701,0.24426363108807866,-1.058145946714099,-0.5624691492656932,-0.4437267787202448,-1.0558099238821486
17702,-0.816231644163638,0.48966298795922886,0.8926167321787231,0.8499631098416093,0.37308076680161245
17703,-0.7923466154417526,0.07394609082159041,0.131587928895493,0.32744864979204164,0.42328503431212294
17704,-0.15700485143959794,-0.5571872395918231,-0.021689036658891856,-0.3507527121214226,-0.7816173859401294
17705,-0.9452107992618198,1.15560189306089,0.5958684783845652,0.457567115373851,1.1570397133118921
17706,-0.9404337935174427,2.3674323185913275,2.2377249776454593,1.849140004351645,1.5895687872485982
17707,-0.0757957537851872,0.8001660338568091,-0.2909175524709676,-1.1954453334565955,1.056631178290871
17708,-0.066241742296433,0.07394609082159041,-0.022512182499324324,0.24668909751329784,-0.14440937522980365
17709,-0.15222784569522083,0.2992073267345332,-0.22138906666351216,-0.10021972705664996,0.6202402376225873
17710,1.0611316133765631,-1.058145946714099,-0.8168942713203793,-0.586765087019821,-1.0558099238821486
17711,-0.9117717590511801,-0.5571872395918231,-0.621410269437874,-0.5121324717856456,0.02165089422803882
17712,-0.7493535637423586,-1.058145946714099,-0.40109092039942185,-0.2941514393624997,-1.0558099238821486
17713,0.8652743778571019,0.07394609082159041,0.1965827198789988,0.21790042237482501,-0.4147400464402449
17714,0.5691000217057216,0.2992073267345332,0.314142260892136,0.40096584261492885,-0.31046964468764615
17715,-0.004140667619530661,-0.5571872395918231,-0.448508467970395,-2.515817022689194,0.45804183489632255
17716,-0.8544476901186548,2.062432694683636,2.064963044397785,1.6854021643347719,1.70542478919593
17717,1.051577601887809,-1.058145946714099,-0.6368674337548309,-0.3805884749031534,-1.0558099238821486
17718,0.14872351620053662,-0.5571872395918231,-0.5267875604730258,-0.5121324717856456,0.5352791695278772
17719,-0.7827926039529983,1.5110377522649707,1.2824220461854123,0.7865535568710715,-0.21392297639820285
17720,-0.8353396671411465,1.0480979277381186,0.7738532399180655,0.5307717179635321,1.0759405119487597
17721,2.1885049690495593,-1.058145946714099,-0.7840493191776504,-1.0458699940988507,-1.0558099238821486
17722,-0.5009492650347493,0.2992073267345332,0.9741696928083561,1.0994248524597794,0.02165089422803882
17723,-0.35286208695905913,0.654643185938614,0.9444957553473776,-1.4880589811139169,-0.09806697445087087
17724,-0.6203744086441768,-0.20175138038774237,0.08965943714522821,-0.07890961835600385,-0.7970648528664404
17725,-0.8831097245849174,1.15560189306089,0.9573418295560429,0.8153422320095451,-0.08648137425613768
17726,0.9273754525340043,0.654643185938614,0.12975441687971023,0.17272976344709118,0.05254582808066068
17727,-0.8878867303292945,-1.058145946714099,0.10843616006858829,0.36503047510217346,-1.0558099238821486
17728,-0.9452107992618198,0.2992073267345332,1.1082128217714091,1.2498335012412511,0.682030105327831
17729,1.8875536071538017,-1.058145946714099,-0.5276572050801503,-0.47721685960260357,-1.0558099238821486
17730,-0.9452107992618198,1.8470162614078611,1.5459165964482784,1.1666290909919852,1.2072439808224027
17731,-0.58215836268916,0.48966298795922886,0.4527777743376074,0.5407159979871611,1.218829581017136
17732,0.8175043204133309,0.8001660338568091,0.6238874672150958,0.6162076636214244,-0.6116952497507092
17733,-0.7780155982086212,-0.5571872395918231,-0.19899003851098573,-0.1914684658752519,-0.19461364274031417
17734,-0.7063605120429647,0.48966298795922886,0.33039770468787005,0.47915765239960845,1.218829581017136
17735,-0.949987805006197,2.1575193073054413,2.101707265692328,1.8143115984463487,0.855814108248829
17736,-0.9165487647955571,-0.20175138038774237,-0.635874913196593,-0.4437267787202448,-0.6541757837980643
17737,-0.9165487647955571,-0.5571872395918231,-1.2167598181537027,-1.2818823689972492,-0.8665784540348396
17738,-0.8687787073517862,1.3460575542855853,1.0987531712894703,1.147982991607394,1.3037906491118458
17739,-0.906994753306803,1.7233615276208618,1.5418936954955085,0.23242103254119895,1.7285959895853964
17740,0.8987134180677416,0.48966298795922886,-0.5472111578587533,-1.614523128595098,0.13364502944379306
17741,0.9799225157221524,-0.5571872395918231,-1.5815472809525948,-1.4880589811139169,-0.4610824472191777
17742,-0.41974016738033854,1.15560189306089,0.6008987659870365,0.17272976344709118,1.3578567833539341
17743,1.1805567569859907,-1.058145946714099,-0.9947029099972748,-1.9471638881929467,-1.0558099238821486
17744,-0.9452107992618198,0.654643185938614,0.769029306774121,0.8567153541898691,0.4001138339226566
17745,1.3190899235729268,-0.5571872395918231,-0.30159351341344326,-0.3507527121214226,-0.7545843188190854
17746,0.18693956215555343,0.07394609082159041,-0.00638448578803192,-0.21595962957782017,0.37308076680161245
17747,-0.42451717312471565,-1.058145946714099,-1.8296736085067826,-2.515817022689194,-1.0558099238821486
17748,1.5579402107917817,-1.058145946714099,-0.6736391666209706,-0.7132292345010023,-1.0558099238821486
17749,-0.1092347939958269,-0.20175138038774237,0.08488266317025034,0.17272976344709118,0.365357033338457
17750,-0.9356567877730656,0.9303406571479473,0.4533938139032738,0.7098254282188435,-0.441773113561289
17751,1.051577601887809,-1.058145946714099,-1.2624476691271833,-0.24120448470420522,-1.0558099238821486
17752,0.7554032457364286,-1.058145946714099,-1.7429724680389402,-2.515817022689194,-1.0558099238821486
17753,1.2569888488960244,0.07394609082159041,-0.6271161648453415,0.32744864979204164,-0.13668564176664819
17754,-0.9595418164949511,1.3460575542855853,1.1435075324538118,1.2026961322161416,1.7556290567064405
17756,0.8318353376464622,-0.20175138038774237,-0.16188953151490063,0.2031181655606824,-0.9824344559821715
17757,-0.954764810750574,3.0807148010694942,1.657541152019817,1.7512570039357047,1.6243255878327976
17758,-0.8687787073517862,1.2544959545938104,1.2221988574318565,1.8390489416127673,1.0643549117540265
17759,-0.8783327188405403,0.2992073267345332,0.23399651053553155,0.8082392174469527,1.130006646190848
17760,-0.859224695863032,0.48966298795922886,-0.14464854069117775,0.26071325195673184,1.3694423835486673
17761,-0.8066776326748838,-1.058145946714099,-0.17786161139783524,-0.6267921989603487,-1.0558099238821486
17762,1.2187728029410074,-1.058145946714099,-1.4030140185455837,-0.7601216003714991,-1.0558099238821486
17763,0.2968106942762268,0.07394609082159041,-1.6958287450604508,-1.0458699940988507,0.4734893018226335
17764,-0.720691529276096,0.2992073267345332,0.36517946203207957,0.8896672959534744,1.593430653980176
17765,-0.20477490888336897,0.07394609082159041,-0.39959070685998055,0.4240770344914922,0.06413142827539388
17766,0.8604973721127248,-0.5571872395918231,-0.8020716888616485,-0.5486003891756687,-1.0558099238821486
17767,-0.8878867303292945,-0.5571872395918231,-0.570961359559326,-0.14457610000475504,0.46962743509105576
17768,-0.9213257705399343,0.654643185938614,0.9259609642773335,0.939783214329445,1.7594909234380183
17769,-0.9022177475624259,1.6565606001831652,1.4757265885501953,1.6755474745837462,1.5586738533959763
17770,-0.013694679108284865,0.2992073267345332,0.1628039433793022,-0.1914684658752519,-0.731413118429619
17771,-0.6920294948098333,0.07394609082159041,-0.6171044988142889,0.32744864979204164,1.0025650440487828
17772,-0.9117717590511801,-0.20175138038774237,-0.6684324390157449,0.6514988276797011,0.4194231675805452
17773,1.4958391361148795,-0.5571872395918231,-0.3322067974495825,0.10835219495760728,-0.3761213791244676
17774,-0.5009492650347493,0.9303406571479473,0.9218070504425718,1.5585297595388092,1.1570397133118921
17775,0.25381764257683287,-1.058145946714099,-1.9972549974652463,-1.9471638881929467,-1.0558099238821486
17776,0.8843824008346104,-0.5571872395918231,-0.7313359695927918,0.457567115373851,0.2456391646595473
17777,-0.8448936786299006,-0.20175138038774237,-0.24702751436688347,0.9812559531764108,-0.7623080522822409
17778,2.1980589805383133,-1.058145946714099,-1.1009218220990054,-1.1172535236719159,-1.0558099238821486
17779,-0.859224695863032,-0.20175138038774237,-0.24396222749480515,0.44655496268773315,-0.5846621826296651
17780,2.226721015004576,-0.20175138038774237,-0.697317208903135,0.47915765239960845,-0.990158189445327
17781,-0.19999790313899185,-0.5571872395918231,-1.136972386252842,-0.9802035124500996,-0.6927944511138416
17782,0.8652743778571019,-0.5571872395918231,-0.2128361168978927,-0.2941514393624997,-1.0558099238821486
17783,-0.6155974028997997,-0.20175138038774237,-0.6367910375490985,0.6251737972068488,0.6434114380120537
17784,1.667811342912455,-1.058145946714099,-1.5028556623613274,-0.6267921989603487,-1.0558099238821486
17785,-0.7063605120429647,-0.20175138038774237,-0.5880194258034699,0.10835219495760728,0.9214658426856505
17786,-0.5534963282228974,-0.5571872395918231,-0.8853611616521511,0.24668909751329784,-0.1598568421561146
17787,-0.23343694334963158,0.07394609082159041,0.49720382695397913,0.6514988276797011,-0.2100611096666251
17788,-0.6108203971554227,-0.5571872395918231,0.14661993351675748,-1.9471638881929467,-0.8395453869137954
17789,0.3827967976750146,-0.5571872395918231,-0.5992267038602969,-0.3507527121214226,0.4116994341173898
17790,-0.8353396671411465,1.8470162614078611,0.8036669690302214,1.215822701168371,0.9446370430751168
17791,-0.8210086499080151,-1.058145946714099,-1.547036428100646,-1.1172535236719159,-1.0558099238821486
17792,1.2713198661291556,-0.5571872395918231,-0.6534246365459211,0.05652066271060163,-1.0133293898347935
17793,-0.8401166728855235,-1.058145946714099,-0.800320926076608,0.12492635577600246,-1.0558099238821486
17794,2.317484124147741,-0.5571872395918231,-1.3120994812950013,-1.3785107536966998,-1.048086190418993
17795,-0.1044577882514498,-0.5571872395918231,-0.7051057228826654,0.020052745320578196,-0.7275512516980412
17796,-0.768461586719867,0.654643185938614,0.21927804196785936,1.0262202498700983,0.41556130084896753
17797,-0.8544476901186548,0.8001660338568091,0.5560007084160681,1.3515360227957012,1.6552205216854194
17798,1.8158985209881453,-1.058145946714099,-1.176006068902575,0.020052745320578196,-1.0558099238821486
17799,-0.8544476901186548,1.8470162614078611,1.3880975700737321,1.9787501635766682,1.662944255148575
17800,-0.7827926039529983,0.9303406571479473,0.1900032704012063,0.15710275654239486,0.091164495396438
17801,1.194887774219122,-0.20175138038774237,-0.12217066309431518,0.36503047510217346,-0.12896190830349274
17802,-0.5678273454560288,1.0480979277381186,1.2196049361515344,1.549909087672658,1.431232251253911
17803,0.913044435300873,-1.058145946714099,-1.14991896628326,-0.3507527121214226,-1.0558099238821486
17804,0.8366123433908393,-0.20175138038774237,-0.6238822908579831,0.5407159979871611,0.3421858329489906
17805,-0.6108203971554227,-0.5571872395918231,0.011610898761417354,-1.1172535236719159,1.0180125109750937
17806,-0.906994753306803,-1.058145946714099,-0.3699064315197369,0.020052745320578196,-1.0558099238821486
17807,0.9273754525340043,-0.20175138038774237,-0.5289389680367308,0.5979759564957379,0.1375068961753708
17808,1.658257331423701,0.07394609082159041,-0.8967968084652903,-0.2941514393624997,-0.9283683217400833
17809,-0.8831097245849174,1.8470162614078611,1.7338440726027684,0.27450169513374717,1.7285959895853964
17810,2.231498020748953,-0.5571872395918231,-0.6440850215587651,0.15710275654239486,-0.9978819229084824
17811,-0.9404337935174427,2.8683910257136036,1.6921528710414504,2.0755688284711327,0.6472733047436314
17812,-0.9022177475624259,0.654643185938614,-0.00018316968116497952,1.0944071422788821,0.9446370430751168
17813,-0.8926637360736717,0.2992073267345332,0.4481533877695885,1.5893857849282496,-0.8356835201822177
17814,0.8318353376464622,-0.5571872395918231,0.40945099776287724,0.7938459876173184,-0.874302187497995
17815,0.9178214410452501,-1.058145946714099,-0.31172334828782766,-0.9194058466176699,-1.0558099238821486
17816,-0.7875696096973754,0.48966298795922886,-1.6177169820438315,-0.0181119525235737,1.6011543874433314
17817,-0.9404337935174427,0.48966298795922886,-0.10540318810839445,0.8153422320095451,0.5584503699173436
17818,2.561111417110973,-1.058145946714099,-1.4309869013721592,0.0011923041824166546,-1.0558099238821486
17819,-0.6203744086441768,1.2544959545938104,1.3615180188408016,0.36503047510217346,1.4737127853012661
17820,0.8270583319020851,-1.058145946714099,-1.1658392874633423,-0.05813906446410138,-1.0558099238821486
17821,0.9799225157221524,-1.058145946714099,-0.7225507417824822,-1.4880589811139169,-1.0558099238821486
17822,1.046800596143432,0.2992073267345332,0.622724233732767,1.0424661878166923,-0.515148581461266
17823,1.051577601887809,-0.5571872395918231,-0.5104603175223429,0.5979759564957379,-1.0558099238821486
17824,-0.7159145235317189,-1.058145946714099,-0.8049830234678041,-0.9194058466176699,-1.0558099238821486
17825,1.897107618642556,0.07394609082159041,-0.1888874137010515,-0.4437267787202448,-0.5653528489717765
17826,0.8270583319020851,-1.058145946714099,-1.3834619681549318,-0.1914684658752519,-1.0558099238821486
17827,-0.9356567877730656,0.48966298795922886,0.6905651612901846,1.4152191667836551,1.3230999827697345
17828,-0.8544476901186548,0.07394609082159041,0.49821528452059927,0.2031181655606824,-0.43018751336655586
17829,0.4640058953294254,0.2992073267345332,1.1914153000056373,0.8567153541898691,0.3228764992911019
17830,-0.954764810750574,-0.20175138038774237,-0.5964220733939233,-0.6688728615528973,0.05254582808066068
17831,-0.8019006269305068,-1.058145946714099,-2.3260306929994536,-2.183176263091345,-1.0558099238821486
17832,-0.7254685350204731,-1.058145946714099,-1.2738513614175129,0.3014022381220454,-1.0558099238821486
17833,2.4942333366896934,-1.058145946714099,-0.7143388102652761,-0.32196403698294906,-1.0558099238821486
17834,1.0181385616771692,-0.5571872395918231,-0.2016189351834454,0.2031181655606824,-0.9360920552032388
17835,-0.949987805006197,-0.20175138038774237,-0.7063454205516088,0.05652066271060163,-0.974710722519016
17836,-0.7350225465092273,-1.058145946714099,-1.5198542557347066,-0.47721685960260357,-1.0558099238821486
17837,-0.7589075752311129,0.8001660338568091,0.378243025419397,0.7791957222855813,-0.5885240493612428
17838,-0.8353396671411465,1.3460575542855853,1.3097956840263283,0.9812559531764108,1.2767575819908017
17839,-0.7589075752311129,-1.058145946714099,-0.7588720179165714,0.14117229372259663,-1.0558099238821486
17840,1.1566717282641052,-1.058145946714099,-1.1848067516849885,0.038489320235348796,-1.0558099238821486
17841,-0.954764810750574,4.703608573249776,3.1170659268350116,3.1978991004060235,1.7865239905590624
17842,1.9162156416200644,-1.058145946714099,-0.5408459099634682,-0.6688728615528973,-1.0558099238821486
17843,0.48789092405131085,-0.5571872395918231,-0.753800990938552,0.26071325195673184,-0.6387283168717534
17844,-0.4531792075909783,-1.058145946714099,-2.060840189481233,-1.614523128595098,-1.0558099238821486
17845,1.6916963716343407,0.07394609082159041,-0.3067131924010303,0.0011923041824166546,-0.974710722519016
17846,-0.5534963282228974,-1.058145946714099,0.5780627971773542,-2.515817022689194,-1.0558099238821486
17847,1.5006161418592565,-0.5571872395918231,-1.4033453356639396,-1.1954453334565955,-0.5537672487770433
17848,-0.5726043512004059,2.3282062876889484,0.9820982128460584,0.7413828979433381,1.462127185106533
17849,0.08184543577925718,0.8001660338568091,0.11081961453929993,-0.4437267787202448,0.5545885031857659
17850,0.8175043204133309,4.324638360695156,2.906597456077229,0.7017426726202728,0.3421858329489906
17851,1.0563546076321861,0.48966298795922886,0.38342898676622533,1.2026961322161416,0.15681622983325944
17852,-0.906994753306803,0.2992073267345332,-0.235708753066222,0.5407159979871611,1.7247341228538187
17853,0.9846995214665295,-0.20175138038774237,0.4035641002519293,0.5602500888610992,0.21474423080692542
17854,-0.0757957537851872,0.48966298795922886,0.11402585716068761,0.8010741670374462,1.0527693115592933
17855,0.8175043204133309,-1.058145946714099,-1.0610995586450023,-0.7132292345010023,-1.0558099238821486
17856,-0.954764810750574,0.07394609082159041,0.3181464701146491,-0.9802035124500996,0.025512760959616555
17857,-0.9404337935174427,2.062432694683636,2.4538028574396176,-0.5486003891756687,1.404199184132867
17858,-0.9356567877730656,2.3282062876889484,1.889804621580121,1.147982991607394,1.7556290567064405
17859,0.49266792979568796,-1.058145946714099,-1.3387726827035185,-0.47721685960260357,-1.0558099238821486
17860,0.7983962974358225,0.07394609082159041,-0.17321461318582312,0.8961017842882889,0.3344620994858351
17861,-0.9452107992618198,1.7233615276208618,1.2400417561849777,1.673065194151025,1.747905323243285
17862,0.583431038938853,0.07394609082159041,0.22999010939386752,0.6162076636214244,-0.12896190830349274
17863,-0.6776984775767021,1.2544959545938104,1.2776503206610381,1.0531207928583965,1.2342770479434466
17864,-0.9022177475624259,0.2992073267345332,-0.028744668099354803,0.6428173386552047,0.5468647697226104
17865,-0.816231644163638,2.842379197713229,2.4259586230641816,1.8143115984463487,1.6783917220748859
17866,-0.2812070007934026,-0.20175138038774237,0.15753633893636051,-0.586765087019821,1.1956583806276695
17867,-0.816231644163638,1.5110377522649707,0.3971000608903107,0.8431548296299944,1.6745298553433081
17868,0.8843824008346104,-1.058145946714099,-1.0011598116787155,-0.6688728615528973,-1.0558099238821486
17869,-0.4484022018466012,0.654643185938614,-0.0824563126241577,0.43539298020353107,0.6434114380120537
17870,-0.949987805006197,1.3460575542855853,0.7968538345153418,1.3253709285855884,0.40783756738581206
17871,0.014967355357977748,0.2992073267345332,0.11432950838125715,0.34016817678249833,0.8326429078593626
17872,0.8604973721127248,-1.058145946714099,-0.9740853134110448,-0.8098576192004525,-1.0558099238821486
17873,-0.5773813569447829,1.7233615276208618,1.390220216283098,0.3526935049184267,1.4273703845223333
17874,-0.0757957537851872,0.48966298795922886,-0.20813845257132346,-0.10021972705664996,-0.7854792526717072
17875,2.3270381356364953,-1.058145946714099,-1.2216385091989492,-0.4115503779538524,-1.0558099238821486
17876,0.9464834755115127,-0.20175138038774237,0.9541748631757412,-1.9471638881929467,0.010065294033305626
17877,-0.14745083995084374,-1.058145946714099,-0.9688022772278604,-0.9802035124500996,-1.0558099238821486
17878,-0.7541305694867357,-0.20175138038774237,0.2979779993301356,0.5407159979871611,0.3035671656332133
17879,-0.13311982271771242,-1.058145946714099,-1.1741943983727468,-1.4880589811139169,-1.0558099238821486
17880,0.7792882744583141,-0.20175138038774237,-0.07252998792130026,0.020052745320578196,0.3576332998753015
17881,0.49266792979568796,-1.058145946714099,-1.3834082386116275,-1.2818823689972492,-1.0558099238821486
17882,0.8509433606239707,-0.5571872395918231,-0.8216650082907434,0.09143627489364367,-1.0558099238821486
17883,-0.9452107992618198,0.654643185938614,0.05784758443327904,1.0583966506364906,1.4505415849117997
17884,-0.9452107992618198,1.8470162614078611,0.7823420009598752,1.6111193223129396,1.7710765236327515
17885,-0.9022177475624259,-1.058145946714099,-1.2693875133151615,0.14117229372259663,-1.0558099238821486
17886,-0.8114546384192609,0.48966298795922886,0.3927552586214517,0.9637379981128575,1.0991117123382261
17887,-0.3433080754703049,-1.058145946714099,-1.5124925379081757,-1.1172535236719159,-1.0558099238821486
17888,-0.859224695863032,2.110890520920167,0.49318367945304237,1.0040461146997783,1.6359111880275308
17889,0.053183401312994566,0.654643185938614,-0.14461956726113834,0.6770053294538549,0.5121079691384108
17890,0.5786540331944758,-0.5571872395918231,-0.31792176180768744,0.5979759564957379,-0.9051971213506169
17891,-0.18566688590586056,-1.058145946714099,-1.0788838827331309,-0.16768729188131876,-1.0558099238821486
17892,-0.6920294948098333,-0.20175138038774237,-0.9494313528505623,-0.3507527121214226,-0.673485117455953
17893,0.1152844759898969,-1.058145946714099,-1.539593783560193,-0.8098576192004525,-1.0558099238821486
17894,-0.6203744086441768,1.7233615276208618,0.6684927448928033,1.3253709285855884,0.48121303528578896
17895,-0.7493535637423586,-1.058145946714099,-1.6226395832922837,-0.8098576192004525,-1.0558099238821486
17896,-0.8496706843742777,-1.058145946714099,-0.9143113453527723,-2.183176263091345,-1.0558099238821486
17897,-0.13789682846208953,0.9303406571479473,0.6013833802960525,1.3100360324395852,0.5043842356752554
17898,-0.5534963282228974,0.07394609082159041,-0.803104950930423,0.10835219495760728,0.8056098407383184
17899,-0.19999790313899185,-1.058145946714099,-1.2776465755357473,-0.2941514393624997,-1.0558099238821486
17900,-0.05191072506330168,-0.5571872395918231,-1.507051987951001,-1.7640984679528429,-1.0558099238821486
17901,-0.8210086499080151,-0.20175138038774237,-0.9038401775292212,-0.5121324717856456,0.8442285080540958
17902,1.6487033199349468,-1.058145946714099,-1.035998433183414,-0.4437267787202448,-1.0558099238821486
17903,0.9225984467896272,-1.058145946714099,-0.6289463289642733,0.038489320235348796,-1.0558099238821486
17904,-0.859224695863032,-1.058145946714099,-1.1640132768512836,-0.1914684658752519,-1.0558099238821486
17905,-0.6203744086441768,1.3460575542855853,0.6280219061213098,0.9088213112787457,1.2960669156486904
17906,0.22037860236619314,-1.058145946714099,-1.8148713902391616,-0.9802035124500996,-1.0558099238821486
17907,2.097741859906394,-1.058145946714099,-0.821171719438643,-0.9194058466176699,-1.0558099238821486
17908,0.822281326157708,0.2992073267345332,0.16229911008278528,1.1712251425483466,0.3035671656332133
17909,2.561111417110973,-1.058145946714099,-1.5208935137912176,-1.2818823689972492,-1.0558099238821486
17910,2.508564353922825,-1.058145946714099,-0.8993750677563036,-0.4115503779538524,-1.0558099238821486
17911,-0.9165487647955571,-1.058145946714099,-0.6575797395077828,-0.05813906446410138,-1.0558099238821486
17912,0.5213299642619506,0.48966298795922886,-0.6414084020044442,0.10835219495760728,-0.8047885863295958
17913,-0.6824754833210792,1.4312993642702228,0.9552846722065719,1.3588610094679472,1.562535720127554
17914,-0.9452107992618198,-1.058145946714099,-0.7339531934506021,0.43539298020353107,-1.0558099238821486
17915,1.6725883486568323,-1.058145946714099,-1.0055073353496702,-0.3507527121214226,-1.0558099238821486
17916,2.040417790973869,-0.5571872395918231,-2.175023485480589,-0.8098576192004525,-0.6503139170664866
17917,-0.7445765579979815,-0.20175138038774237,-0.7216694787677383,0.4897435161402434,0.16840183002799264
17918,1.4289610556936,-0.20175138038774237,-0.600605869268123,-0.16768729188131876,-1.0365005902242599
17919,-0.5391653109897661,-0.5571872395918231,0.5061896840535043,-0.10021972705664996,0.2958434321700578
17920,-0.9404337935174427,3.0365845316001647,2.3468796336767084,2.3085314115408413,1.7594909234380183
17921,-0.6538134488548165,1.0480979277381186,0.696067543917139,1.380451546493704,0.6743063718646756
17922,1.6343723027018153,-1.058145946714099,-1.2076054456565364,-1.2818823689972492,-1.0558099238821486
17923,0.38757380341939174,-0.20175138038774237,-0.43770199734560594,-2.183176263091345,-0.04400084020878262
17924,-0.906994753306803,0.8001660338568091,0.9182429329491718,-0.3507527121214226,0.5005223689436776
17925,0.8175043204133309,-1.058145946714099,-0.9494902560738344,-2.515817022689194,-1.0558099238821486
17926,-0.3242000524927965,0.2992073267345332,0.09139560244326497,-0.3507527121214226,0.6665826384015201
17927,2.4846793252009394,-1.058145946714099,-0.8156697934199867,-1.1172535236719159,-1.0558099238821486
17928,-0.7445765579979815,-0.20175138038774237,-0.7084514777998138,-0.3507527121214226,0.9755319769277386
17929,-0.906994753306803,1.2544959545938104,0.8782588030353687,-1.4880589811139169,1.720872256122241
17930,-0.7923466154417526,1.3460575542855853,1.1143936879002798,-0.05813906446410138,1.299928782380268
17931,-0.3194230467484194,1.4312993642702228,0.949570029470306,1.5234898547932807,0.9793938436593164
17932,-0.8210086499080151,-0.20175138038774237,0.2727692827082829,0.5602500888610992,-0.3529501787350012
17933,2.0595258139513777,-1.058145946714099,-1.4913463958814839,-0.9802035124500996,-1.0558099238821486
17934,-0.7159145235317189,-0.20175138038774237,0.10084652114501096,-0.12209817180851448,0.3151527658279465
17935,-0.300315023770911,0.654643185938614,-0.20531765109322483,0.28806221969362183,1.2497245148697576
17936,-0.9356567877730656,-1.058145946714099,-0.6307622057302606,0.3891614223084505,-1.0558099238821486
17937,-0.9213257705399343,0.654643185938614,1.1187692213879339,-0.6267921989603487,0.31129089909636876
17938,1.046800596143432,-1.058145946714099,-1.3269009600469166,-0.2941514393624997,-1.0558099238821486
17939,-0.19999790313899185,-1.058145946714099,-1.5955388772062093,-0.9802035124500996,-1.0558099238821486
17940,-0.7254685350204731,1.5859404542672264,2.5279779987546904,-1.0458699940988507,1.5972925207117536
17941,-0.33853106972592784,0.07394609082159041,0.32586242487754363,-1.614523128595098,1.1531778465803144
17942,-0.9261027762843114,-1.058145946714099,-1.7712831377331115,-2.183176263091345,-1.0558099238821486
17944,1.0611316133765631,-1.058145946714099,-1.7947403402758118,-0.4437267787202448,-1.0558099238821486
17945,2.3652541815915122,-0.20175138038774237,-0.6692310335369035,0.36503047510217346,-1.0558099238821486
17946,0.1535005219449137,-0.5571872395918231,-1.301086343595808,-0.6688728615528973,-0.9554013888611275
17947,-0.7827926039529983,-1.058145946714099,-1.1816310059771613,-1.1954453334565955,-1.0558099238821486
17948,-0.2573219720715171,-1.058145946714099,-0.6728156073348329,-2.515817022689194,-1.0558099238821486
17949,-0.954764810750574,3.9901439552669107,3.504944360363311,0.26071325195673184,1.7865239905590624
17950,-0.6155974028997997,0.654643185938614,0.1771813037479326,0.9336836095984207,1.3848898504749783
17951,-0.7732385924642441,0.07394609082159041,0.27763341437523686,-0.4437267787202448,0.3537714331437238
17952,0.8461663548795936,0.07394609082159041,-0.1051196891274887,0.5698454386786636,-0.42632564663497813
17953,1.620041285468684,-1.058145946714099,-1.2565196872821576,-0.586765087019821,-1.0558099238821486
17954,-0.9356567877730656,1.7867352234743035,1.030189681877971,1.9804610986224889,1.7440434565117073
17955,-0.013694679108284865,0.48966298795922886,0.029183727032975934,-0.7601216003714991,0.7476818397646525
17956,0.22993261385494734,-1.058145946714099,-3.028753378309309,-2.515817022689194,-1.0558099238821486
17957,-0.6442594373660624,-1.058145946714099,-1.5103754519908592,-0.24120448470420522,-1.0558099238821486
17958,-0.40540915014720724,-0.5571872395918231,0.04716123984464901,-0.14457610000475504,1.3076525158434236
17959,1.8684455841762935,-1.058145946714099,-1.344706186957575,-2.183176263091345,-1.0558099238821486
17960,-0.14267383420646662,-0.20175138038774237,-1.374172708858989,-0.10021972705664996,0.7592674399593856
17961,-0.859224695863032,3.7875156222399355,0.8259901716989724,1.9923387650392004,1.7131485226590855
17962,-0.2812070007934026,0.07394609082159041,-0.2257524756596319,1.0096460890517032,1.0798023786803375
17963,1.290427889106664,0.07394609082159041,-0.2519412811243549,0.6853342645162757,-0.21392297639820285
17964,-0.8114546384192609,-0.5571872395918231,-0.4884199365389842,0.5602500888610992,0.2610866315858582
17965,-0.7827926039529983,2.2876939305965793,1.4709290992828794,2.148346399258342,1.6011543874433314
17966,-0.7827926039529983,1.0480979277381186,0.5530861026535847,0.5407159979871611,1.4659890518381107
17967,0.8127273146689539,-0.5571872395918231,-1.0130584580062838,0.27450169513374717,-0.8820259209611505
17968,0.822281326157708,0.07394609082159041,-0.3135760695257717,0.7490861757345402,-0.5190104481928437
17969,-0.16655886292835215,1.8470162614078611,0.6838905172061237,0.8010741670374462,1.1338685129224257
17970,0.048406395568617464,-1.058145946714099,-0.3481361130614109,-0.3507527121214226,-1.0558099238821486
17971,1.658257331423701,-1.058145946714099,-1.2441429930471237,-0.5486003891756687,-1.0558099238821486
17972,0.19171656789993052,-1.058145946714099,-1.373589455068777,-0.2672508963742018,-1.0558099238821486
17973,-0.7159145235317189,-1.058145946714099,-0.7173646389317714,-0.8098576192004525,-1.0558099238821486
17974,-0.8448936786299006,0.48966298795922886,0.4653732044222562,1.5382721116074227,0.42328503431212294
17975,-0.8878867303292945,2.062432694683636,1.4382349342838525,1.4253684886861164,0.7785767736172743
17976,0.8175043204133309,-1.058145946714099,-0.7506859328640075,0.23242103254119895,-1.0558099238821486
17977,-0.8210086499080151,-0.5571872395918231,0.3641683825582238,0.6514988276797011,0.3769426335331902
17978,0.7840652802026912,0.07394609082159041,0.1732749546331983,0.31452880707427483,0.3576332998753015
17979,-0.7923466154417526,0.07394609082159041,-0.15827830422559253,0.8223842757380923,-0.19075177600873644
17980,-0.17133586867272924,0.07394609082159041,0.075361406272437,-0.0181119525235737,-0.17530430908242553
17981,0.9990305386996609,-1.058145946714099,-0.9642487032554149,-0.7132292345010023,-1.0558099238821486
17982,2.2888220896814784,-1.058145946714099,-1.3579134179029504,-0.9194058466176699,-1.0558099238821486
17983,0.9273754525340043,-1.058145946714099,-1.2021095212280548,-0.47721685960260357,-1.0558099238821486
17984,-0.26687598356027126,0.2992073267345332,0.16840904808784213,1.3022597367090243,1.2342770479434466
17985,-0.8544476901186548,-1.058145946714099,-0.26529809026330564,-0.586765087019821,-1.0558099238821486
17986,-0.6920294948098333,-1.058145946714099,-2.6960829669886746,-2.515817022689194,-1.0558099238821486
17987,-0.0757957537851872,0.2992073267345332,0.040884809602102126,0.9696189771111754,0.3537714331437238
17988,-0.906994753306803,1.4312993642702228,-0.44859675256383796,0.8153422320095451,1.7285959895853964
17989,0.8509433606239707,-1.058145946714099,-1.0667596424425485,-0.3805884749031534,-1.0558099238821486
17990,0.16783153917804502,0.48966298795922886,0.37183996767193167,-0.037881416532715165,0.8596759749804067
17991,0.1152844759898969,-0.20175138038774237,-0.8004167483984246,-0.10021972705664996,0.3576332998753015
17992,0.8987134180677416,-1.058145946714099,-0.9240262558803951,0.12492635577600246,-1.0558099238821486
17993,1.987870727785721,-1.058145946714099,-1.0048392250023546,0.28806221969362183,-1.0558099238821486
17994,-0.3815241214253217,1.15560189306089,0.6575939858930399,1.3697273015336935,0.8712615751751399
17995,0.3827967976750146,-0.20175138038774237,-0.4399085410048956,-0.32196403698294906,-0.6464520503349088
17996,0.8509433606239707,-0.20175138038774237,-0.45928500898183244,0.32744864979204164,-0.4108781797086672
17997,-0.6060433914110456,0.8001660338568091,0.5525495602669855,0.9336836095984207,-0.7082419180401526
17998,0.8557203663683477,-0.20175138038774237,-0.2563473549618634,0.24668909751329784,0.32673836602267964
17999,-0.7827926039529983,-0.20175138038774237,-0.3934844932764359,0.8831819415705221,0.2610866315858582
18000,1.7346894233337347,-1.058145946714099,-1.434034905431568,-1.4880589811139169,-1.0558099238821486
18001,-0.9022177475624259,0.48966298795922886,0.009359525073868894,0.8499631098416093,1.7440434565117073
18002,0.8318353376464622,0.07394609082159041,-0.9486366294303038,0.17272976344709118,0.3190146325595242
18003,0.8366123433908393,-1.058145946714099,-0.6830255307248405,-0.47721685960260357,-1.0558099238821486
18004,0.7697342629695599,-1.058145946714099,-1.2621750920394768,-0.21595962957782017,-1.0558099238821486
18005,-0.9452107992618198,-0.5571872395918231,-1.003314433766832,0.17272976344709118,-0.8858877876927282
18006,-0.8496706843742777,0.07394609082159041,0.04391829068208826,0.24668909751329784,1.6436349214906862
18007,0.913044435300873,-1.058145946714099,-1.0399270387392998,0.07416420415895746,-1.0558099238821486
18008,-0.6251514143885539,2.0119964593872464,2.219221880807161,0.4897435161402434,1.3848898504749783
18009,0.1630545334336679,0.8001660338568091,0.616459301679278,1.0040461146997783,0.5545885031857659
18010,0.26337165406558705,-1.058145946714099,-1.1893092471686633,-0.862804573858747,-1.0558099238821486
18011,0.822281326157708,-0.5571872395918231,-0.5749120978465113,0.32744864979204164,-0.3066077779560684
18012,2.4942333366896934,-1.058145946714099,-1.4875503957110465,-0.9194058466176699,-1.0558099238821486
18013,-0.21910592611650026,-0.5571872395918231,-1.1397655071793549,-0.24120448470420522,-1.0558099238821486
18014,-0.8257856556523923,-1.058145946714099,-1.2429036484099965,-0.2941514393624997,-1.0558099238821486
18015,-0.9404337935174427,-1.058145946714099,-1.45877437977801,0.07416420415895746,-1.0558099238821486
18016,-0.8066776326748838,0.654643185938614,0.5496394137698816,0.8153422320095451,1.4505415849117997
18017,-0.5726043512004059,0.07394609082159041,-0.2033663906414393,-2.515817022689194,0.2958434321700578
18018,-0.44362519610222406,0.07394609082159041,-0.8059721782380322,0.020052745320578196,0.149092496370104
18019,-0.7159145235317189,-1.058145946714099,-2.2679484815179918,-1.614523128595098,-1.0558099238821486
18020,1.6343723027018153,-1.058145946714099,-1.1276387440338143,-0.9802035124500996,-1.0558099238821486
18021,1.471954107392994,-0.5571872395918231,-1.0359652311158762,-0.21595962957782017,-1.0442243236874154
18022,-0.7923466154417526,0.2992073267345332,0.36216110870764046,1.6137959741395977,0.9176039759540727
18024,-0.23343694334963158,-0.5571872395918231,-0.6127134226783082,-0.5486003891756687,-1.0558099238821486
18025,0.8509433606239707,0.48966298795922886,0.18421501377471,0.5505411819726732,-0.12896190830349274
18026,1.4289610556936,-0.5571872395918231,0.5924571087471802,-0.9802035124500996,-1.0365005902242599
18027,-0.4913952535459951,-1.058145946714099,-1.4874883322099388,-0.5486003891756687,-1.0558099238821486
18028,1.8254525324768995,-1.058145946714099,-1.1217443863007452,-1.7640984679528429,-1.0558099238821486
18029,2.1072958713951486,-1.058145946714099,-0.5357141222855238,-0.6688728615528973,-1.0558099238821486
18030,-0.9404337935174427,-0.5571872395918231,-0.9901704588325783,-1.2818823689972492,-0.9090589880821947
18031,0.8461663548795936,-1.058145946714099,-0.5071812678951442,0.12492635577600246,-1.0558099238821486
18032,0.635978102127001,-1.058145946714099,-1.809034461809704,-1.614523128595098,-1.0558099238821486
18033,-0.6490364431104395,-1.058145946714099,-1.6349427217792587,-0.21595962957782017,-1.0558099238821486
18034,-0.859224695863032,-0.20175138038774237,-0.1371447777918747,1.189356113787718,0.31129089909636876
18035,-0.7923466154417526,0.2992073267345332,0.233052796572349,0.17272976344709118,0.2958434321700578
18036,-0.8066776326748838,1.15560189306089,0.38023413877982487,1.3478488567818285,1.6050162541749091
18037,-0.22388293186087738,1.5110377522649707,-1.2202657199123648,-0.24120448470420522,1.1995202473592472
18038,1.6964733773787177,-1.058145946714099,-1.3409983677299562,-0.4115503779538524,-1.0558099238821486
18039,0.8270583319020851,0.07394609082159041,-0.3670355970617541,0.9578145568046977,-0.028553373282471695
18040,-0.8687787073517862,-0.5571872395918231,-0.6755510324399255,-0.6688728615528973,-0.18302804254558097
18041,-0.906994753306803,2.611849228042442,1.5683091991482485,1.9544146869524919,1.5818450537854427
18042,-0.7063605120429647,-0.5571872395918231,-0.8478175637448724,-0.9194058466176699,0.8287810411277848
18043,-0.8448936786299006,-0.20175138038774237,-0.39235381406279995,0.7490861757345402,0.26494849831743594
18044,-0.9404337935174427,1.7233615276208618,0.9711684975871089,0.9024861982765124,1.0913879788750707
18045,-0.7445765579979815,-1.058145946714099,-1.1749185210375725,0.020052745320578196,-1.0558099238821486
18046,2.1407349116057883,-1.058145946714099,-1.1308501550350478,-0.3805884749031534,-1.0558099238821486
18047,0.8604973721127248,-0.5571872395918231,-0.7411336698064792,0.457567115373851,-1.0558099238821486
18048,0.010190349613600646,-0.20175138038774237,-0.6032627349254032,0.23242103254119895,0.06413142827539388
18049,1.1280096937978425,-0.5571872395918231,-0.4320423719181619,0.5407159979871611,-0.4649443139507554
18050,0.7554032457364286,-0.5571872395918231,-0.5726893318845541,-0.5121324717856456,-0.9245064550085056
18051,2.0690798254401317,0.654643185938614,0.6614770914796163,-0.0181119525235737,-0.6850707176506862
18052,1.7346894233337347,-1.058145946714099,1.7883583632621676,-0.7601216003714991,-1.0558099238821486
18053,-0.6251514143885539,-0.20175138038774237,-0.3376121848726953,-0.2941514393624997,0.7090631724488752
18054,0.913044435300873,-1.058145946714099,-1.1823626312374615,-1.0458699940988507,-1.0558099238821486
18055,-0.9261027762843114,1.4312993642702228,1.7378937870061322,1.6503800698286364,0.5121079691384108
18056,0.4162358378856543,-0.5571872395918231,-0.3586988114936368,-0.32196403698294906,0.21860609753850316
18057,0.9178214410452501,-0.20175138038774237,0.19076223781014723,0.8567153541898691,0.091164495396438
18058,-0.9165487647955571,-0.20175138038774237,-0.11840764842980366,-0.9802035124500996,1.4852983854959994
18059,-0.8496706843742777,-0.20175138038774237,-0.7858079640025852,-0.7132292345010023,-0.8858877876927282
18060,0.9894765272109066,-0.5571872395918231,0.18893937357364607,0.457567115373851,-0.4533587137560222
18061,-0.859224695863032,2.245808014503504,1.3690017806587131,-0.2672508963742018,1.7015629224643523
18062,-0.13311982271771242,0.48966298795922886,0.4198201163384511,0.07416420415895746,0.5816215703068099
18063,0.9034904238121187,-0.5571872395918231,-1.1424155534607705,-2.183176263091345,-0.11737630810875954
18064,-0.3242000524927965,1.15560189306089,1.1484532885357859,0.18806465959309385,1.0411837113645601
18065,-0.9356567877730656,2.2876939305965793,1.342767104271823,1.2372441024225518,1.7440434565117073
18066,-0.6012663856666685,-0.20175138038774237,0.32943683989746675,-0.10021972705664996,0.2572247648542805
18067,-0.768461586719867,-1.058145946714099,-0.6007148630597314,-0.12209817180851448,-1.0558099238821486
18068,0.42101284363003144,-1.058145946714099,-1.5773177988371618,-2.515817022689194,-1.0558099238821486
18069,-0.8353396671411465,1.15560189306089,1.1457252757507115,2.1676182632903656,1.3501330498907786
18070,2.23627502649333,-1.058145946714099,-0.7680906207032886,-1.1954453334565955,-1.0558099238821486
18071,0.26814865980996416,0.48966298795922886,0.1792745760197115,0.17272976344709118,0.7863005070804298
18072,-0.0757957537851872,-1.058145946714099,-0.9396613342081075,-0.6688728615528973,-1.0558099238821486
18073,-0.4149631616359615,1.2544959545938104,1.0406300376878728,-0.47721685960260357,-0.7352749851611967
18074,0.822281326157708,-0.5571872395918231,0.08013065964172429,-0.10021972705664996,-0.5460435153138878
18075,-0.8496706843742777,1.8470162614078611,1.3324412008157571,1.1803407147432114,0.7785767736172743
18076,0.8557203663683477,-1.058145946714099,-1.2919880317068044,-1.2818823689972492,-1.0558099238821486
18077,-0.9213257705399343,1.7233615276208618,1.0804504291077335,0.9812559531764108,1.7401815897801296
18078,0.07706843003488008,0.07394609082159041,-0.1650816304742016,0.3526935049184267,0.5314173027962995
18079,-0.7445765579979815,0.2992073267345332,1.1022584372380624,0.7567177940893411,0.6665826384015201
18080,-0.8735557130961633,-0.5571872395918231,0.21641981661573423,-2.183176263091345,-0.19075177600873644
18081,-0.7875696096973754,-0.20175138038774237,-0.70380527991892,-0.862804573858747,-0.6812088509191084
18082,-0.8401166728855235,-1.058145946714099,-0.21090679881582883,0.31452880707427483,-1.0558099238821486
18083,0.9369294640227585,-1.058145946714099,-0.48792251968414857,-0.12209817180851448,-1.0558099238821486
18084,-0.8831097245849174,-0.20175138038774237,-0.09895604334484198,-1.3785107536966998,0.3808045002647679
18085,0.6168700791494927,0.07394609082159041,0.27831640748428405,0.0011923041824166546,0.09502636212801574
18086,0.3493577574643749,-1.058145946714099,-1.5798525130853793,-1.3785107536966998,-1.0558099238821486
18087,-0.4913952535459951,1.6565606001831652,2.008756447814435,0.038489320235348796,1.4157847843276001
18088,-0.6681444660879479,-1.058145946714099,-1.2262478264316263,-0.14457610000475504,-1.0558099238821486
18089,1.1710027454972365,-1.058145946714099,-0.5446011688922692,-1.1954453334565955,-1.0558099238821486
18090,1.051577601887809,-1.058145946714099,-0.7504399905350929,0.09143627489364367,-1.0558099238821486
18091,1.8732225899206705,-1.058145946714099,-0.6682329283596415,-0.4115503779538524,-1.0558099238821486
18092,-0.949987805006197,1.7233615276208618,2.005433656551174,0.0011923041824166546,1.7749383903643292
18093,-0.5152802822678806,0.8001660338568091,1.1437490627686293,0.020052745320578196,0.9716701101961609
18094,-0.5726043512004059,1.3460575542855853,1.404611837664375,0.21790042237482501,1.3385474496960454
18095,0.5308839757507048,0.2992073267345332,0.6680261058207035,-0.10021972705664996,0.05254582808066068
18096,-0.906994753306803,0.48966298795922886,0.4308696160168528,1.5948733843663454,0.8828471753698731
18097,-0.9261027762843114,1.15560189306089,1.1716016664284163,0.5793298571111467,1.70542478919593
18098,0.9321524582783813,-1.058145946714099,-0.3941937740696662,0.5698454386786636,-1.0558099238821486
18099,-0.35286208695905913,-1.058145946714099,-1.2164613212158026,-0.6267921989603487,-1.0558099238821486
18100,1.667811342912455,-1.058145946714099,-0.5067664508229929,-0.2672508963742018,-1.0558099238821486
18101,-0.906994753306803,0.2992073267345332,-0.2760392519901225,0.607142454731596,1.504607719153888
18102,-0.9595418164949511,4.242786172024185,4.659775538135963,1.7952564514672058,1.7942477240222179
18103,1.663034337168078,-1.058145946714099,-1.5490611967471641,-1.1172535236719159,-1.0558099238821486
18104,-0.7827926039529983,-1.058145946714099,-0.13672434278800835,-0.07890961835600385,-1.0558099238821486
18105,-0.7827926039529983,-1.058145946714099,-1.4989357585308356,-0.6688728615528973,-1.0558099238821486
18106,0.6120930734051155,0.48966298795922886,0.32976728145780226,0.8896672959534744,0.34990956641214604
18107,1.151894722519728,-1.058145946714099,-1.2268963511218791,-0.07890961835600385,-1.0558099238821486
18108,0.25381764257683287,-0.20175138038774237,-0.05194710598819392,0.020052745320578196,0.8094717074698962
18109,-0.954764810750574,2.611849228042442,1.6948703042625612,1.2784785627150907,0.9716701101961609
18110,-0.8687787073517862,-0.5571872395918231,-0.6081102545826484,0.26071325195673184,0.45804183489632255
18111,1.854114566943162,-1.058145946714099,-0.5836238179091102,-0.3507527121214226,-1.0558099238821486
18112,-0.9022177475624259,0.07394609082159041,-0.11905986760705319,0.27450169513374717,1.0257362444382492
18113,0.7983962974358225,-1.058145946714099,-1.7822159467537384,-2.515817022689194,-1.0558099238821486
18114,0.42578984937440856,-1.058145946714099,-1.023816756017366,-0.32196403698294906,-1.0558099238821486
18115,2.370031187335889,-1.058145946714099,-3.209784679752718,-1.9471638881929467,-1.0558099238821486
18116,-0.6394824316216853,1.3460575542855853,0.6131745122318101,1.627049785132738,0.2726722317805914
18117,-0.8401166728855235,-1.058145946714099,-0.7645485928560253,0.3891614223084505,-1.0558099238821486
18118,-0.9117717590511801,2.2876939305965793,1.385097938072969,1.9183476457283362,0.3769426335331902
18119,0.7936192916914454,-1.058145946714099,-1.1654816608593097,-0.2941514393624997,-1.0558099238821486
18120,0.06273741280174877,-1.058145946714099,-1.5137786488037568,-0.7132292345010023,-1.0558099238821486
18121,-0.24776796058276288,-0.5571872395918231,-0.24066715574052455,-0.32196403698294906,-1.0365005902242599
18122,-0.9213257705399343,0.48966298795922886,0.4874210345969332,1.4118079641262418,-0.5074248479981105
18123,-0.8448936786299006,-0.20175138038774237,-0.2260983658365702,0.18806465959309385,0.8326429078593626
18124,1.295204894851041,-1.058145946714099,-1.5706713930549328,-0.586765087019821,-1.0558099238821486
18125,-0.8210086499080151,0.07394609082159041,0.15550005728676305,1.1044120596547777,0.05254582808066068
18126,-0.672921471832325,-1.058145946714099,-1.08931810185706,0.17272976344709118,-1.0558099238821486
18127,-0.8687787073517862,0.07394609082159041,-0.3567137838476618,0.23242103254119895,0.4271469010437007
18128,1.6057102682355529,-1.058145946714099,-0.5953573613069365,0.0011923041824166546,-1.0558099238821486
18129,0.20127057938868473,-1.058145946714099,-1.5048236259412304,-0.9194058466176699,-1.0558099238821486
18130,-0.8878867303292945,-0.20175138038774237,0.10785097743034752,0.26071325195673184,-0.8936115211558837
18131,2.0547488082070005,-1.058145946714099,-1.0145395307977425,-1.7640984679528429,-1.0558099238821486
18132,1.4480690786711083,-1.058145946714099,-1.0237188210671873,0.28806221969362183,-1.0558099238821486
18133,0.053183401312994566,-1.058145946714099,0.015079355913989201,-2.515817022689194,-1.0558099238821486
18134,1.897107618642556,-0.5571872395918231,-0.5173061720913514,-0.3507527121214226,-0.6850707176506862
18135,-0.8210086499080151,1.0480979277381186,0.2269547755395283,-0.47721685960260357,1.2806194487223794
18136,-0.6585904545991936,0.2992073267345332,0.41924106669093286,0.4897435161402434,0.4425943679700116
18137,1.6725883486568323,-0.5571872395918231,-1.3185040524820162,-0.3805884749031534,-1.0558099238821486
18138,0.44967487809629403,-1.058145946714099,-1.2865178136082418,-1.2818823689972492,-1.0558099238821486
18139,-0.8783327188405403,0.48966298795922886,1.6051184374454135,-0.14457610000475504,-1.0519480571505708
18140,1.2999819005954183,-1.058145946714099,-0.3827265731249374,0.12492635577600246,-1.0558099238821486
18141,0.9560374870002669,-0.5571872395918231,-0.023907969018664356,-0.07890961835600385,-0.3297789783455348
18142,-0.20955191462774606,-0.5571872395918231,0.08018724709465261,-1.1954453334565955,-0.83182165345064
18143,-0.40540915014720724,-0.5571872395918231,0.06636206480115205,0.27450169513374717,-0.9592632555927052
18144,-0.9261027762843114,1.7867352234743035,1.2117903702733017,0.15710275654239486,1.7092866559275077
18145,-0.9022177475624259,1.15560189306089,1.3104521045389255,1.448573071542019,1.720872256122241
18146,-0.2907610122821568,-0.5571872395918231,-1.2512213376162273,-1.1172535236719159,-0.7468605853559299
18147,-0.7445765579979815,-0.5571872395918231,-1.170904778771911,-1.3785107536966998,-0.8125123197927513
18148,2.126403894372657,-1.058145946714099,-1.5029190613819812,-1.1954453334565955,-1.0558099238821486
18149,-0.720691529276096,0.654643185938614,0.3841767536737213,0.2031181655606824,1.203382114090825
18150,-0.8066776326748838,-0.20175138038774237,-0.3432999511958425,-0.2941514393624997,-0.4031544462455117
18151,-0.3194230467484194,0.48966298795922886,0.5213647689514498,0.6935794902722501,0.9176039759540727
18152,2.126403894372657,-1.058145946714099,-0.5475654962880779,-1.1172535236719159,-1.0558099238821486
18153,2.1885049690495593,-1.058145946714099,-0.9432147128482854,-0.7132292345010023,-1.0558099238821486
18154,-0.9452107992618198,0.2992073267345332,0.015930342030562462,-0.16768729188131876,0.8249191743962071
18155,-0.6012663856666685,-0.20175138038774237,-0.6470621207888209,-0.6267921989603487,-0.22164670986135832
18156,-0.9022177475624259,-0.5571872395918231,-0.21643287500130956,0.7017426726202728,0.3228764992911019
18157,1.7681284635443744,-1.058145946714099,-1.0443472372100426,-0.4115503779538524,-1.0558099238821486
18158,-0.9165487647955571,-0.5571872395918231,-0.5038376156093488,-0.4437267787202448,-0.7507224520875077
18159,0.47833691256255667,-1.058145946714099,-0.3911841322190088,-0.47721685960260357,-1.0558099238821486
18160,-0.6872524890654563,-0.20175138038774237,0.06903918888734926,0.23242103254119895,0.21474423080692542
18161,-0.8878867303292945,0.48966298795922886,0.4914493087606097,0.24668909751329784,0.34990956641214604
18162,2.5372263883890875,-1.058145946714099,-0.6472752413207737,0.05652066271060163,-1.0558099238821486
18163,1.8302295382212765,-1.058145946714099,-0.16180051383252567,-0.1914684658752519,-1.0558099238821486
18164,-0.7827926039529983,-1.058145946714099,-0.594708477107855,-0.4437267787202448,-1.0558099238821486
18165,-0.114011799740204,-1.058145946714099,-0.7952604600982215,-1.1172535236719159,-1.0558099238821486
18166,2.0165327622519835,-1.058145946714099,-1.1864407751313588,-1.1172535236719159,-1.0558099238821486
18167,-0.8496706843742777,-0.20175138038774237,0.30107328551289697,-0.4437267787202448,-0.7391368518927744
18168,-0.11878880548458111,1.5859404542672264,0.9565902495498345,1.3022597367090243,1.1068354458013816
18169,-0.672921471832325,-1.058145946714099,-1.0831599900929618,-1.1954453334565955,-1.0558099238821486
18170,-0.8019006269305068,0.9303406571479473,0.8288188401701763,0.27450169513374717,1.520055186080199
18171,-0.6824754833210792,0.9303406571479473,0.7088956414491101,0.47915765239960845,1.4350941179854888
18172,-0.8926637360736717,2.990819440597063,2.1302351916549727,1.1620071460508272,1.7015629224643523
18173,-0.5487193224785203,0.2992073267345332,0.7817775731656387,-0.16768729188131876,0.9755319769277386
18174,-0.9261027762843114,-0.5571872395918231,-1.2416664280179008,-2.515817022689194,1.2458626481381798
18175,2.2649370609595927,-1.058145946714099,-1.1839911249889588,-1.3785107536966998,-1.0558099238821486
18176,0.7506262399920515,-1.058145946714099,-0.46827155279933297,-0.2672508963742018,-1.0558099238821486
18177,-0.8114546384192609,0.9303406571479473,0.6403175632364324,0.36503047510217346,1.6204637211012198
18178,-0.348085081214682,1.15560189306089,1.371362175543587,1.2824902726998832,0.9948413105856273
18179,-0.9165487647955571,0.8001660338568091,0.7408145064033381,0.7098254282188435,1.4698509185696884
18180,-0.9404337935174427,0.48966298795922886,0.5075330530444979,0.7642790739473241,-0.5228723149244214
18181,-0.8448936786299006,0.2992073267345332,0.19068941155659427,0.9696189771111754,1.689977322269619
18182,1.2522118431516471,-1.058145946714099,-0.8227267222318351,-1.1172535236719159,-1.0558099238821486
18183,0.1248384874786511,-0.5571872395918231,-0.2644766755053631,-0.12209817180851448,-0.874302187497995
18184,-0.8878867303292945,-1.058145946714099,-2.085424996238972,-2.515817022689194,-1.0558099238821486
18185,0.22993261385494734,-1.058145946714099,-0.7910151589945061,-0.7132292345010023,-1.0558099238821486
18186,2.4894563309453166,-1.058145946714099,-0.7334726581321594,-1.0458699940988507,-1.0558099238821486
18187,2.0547488082070005,-1.058145946714099,-0.16571777007759278,0.10835219495760728,-1.0558099238821486
18188,-0.8878867303292945,0.48966298795922886,0.9232955363789815,0.6600894093898906,1.2922050489171126
18189,-0.5917123741779142,-0.20175138038774237,0.31083547286643826,0.5105140700321456,1.0604930450224488
18190,-0.042356713574547476,0.2992073267345332,-0.14539259033219182,-0.16768729188131876,0.9716701101961609
18191,0.2872566827874726,-0.5571872395918231,-0.39220409783903004,-0.8098576192004525,-0.22164670986135832
18192,-0.6203744086441768,-1.058145946714099,0.03528382717603084,0.05652066271060163,-1.0558099238821486
18193,-0.17133586867272924,-0.20175138038774237,0.20213565128282288,0.36503047510217346,0.013927160764883359
18194,-0.5678273454560288,0.48966298795922886,1.0950314293969106,-0.47721685960260357,1.2535863816013353
18195,0.8891594065789875,-1.058145946714099,-1.5811232157984108,-1.614523128595098,-1.0558099238821486
18196,-0.5057262707791264,0.07394609082159041,0.3377964035514309,1.306157098229331,1.0180125109750937
18197,1.7872364865218826,-1.058145946714099,-0.9918863159433078,-1.1954453334565955,-1.0558099238821486
18198,-0.9404337935174427,1.6565606001831652,1.2863594535409817,0.5307717179635321,0.22632983100165863
18199,2.3031531069146096,-1.058145946714099,-0.7010861274309081,-0.586765087019821,-1.0558099238821486
18200,-0.4531792075909783,-1.058145946714099,-1.2974046295704462,-0.2941514393624997,-1.0558099238821486
18201,2.4894563309453166,-1.058145946714099,-0.5132230588833615,-0.3507527121214226,-1.0558099238821486
18202,-0.008917673363907763,-0.20175138038774237,0.30736374501631375,0.21790042237482501,-0.6232808499454424
18203,-0.20955191462774606,0.07394609082159041,-0.44422494874707513,-0.037881416532715165,1.1609015800434699
18204,-0.6203744086441768,-0.20175138038774237,0.5572728418912039,1.0791672045283927,-0.5885240493612428
18205,-0.7875696096973754,-0.5571872395918231,-0.40877835621373837,-0.2672508963742018,-0.9090589880821947
18206,1.6821423601455865,-1.058145946714099,-0.7668089140200808,-0.6267921989603487,-1.0558099238821486
18207,1.4241840499492229,-1.058145946714099,-0.37198105449315144,-0.24120448470420522,-1.0558099238821486
18208,1.7394664290781117,-1.058145946714099,-0.6697705847386934,-0.7132292345010023,-1.0558099238821486
18209,-0.8257856556523923,-1.058145946714099,-1.3531577204853025,-1.2818823689972492,-1.0558099238821486
18210,-0.954764810750574,0.654643185938614,0.8009150282563043,0.8223842757380923,0.41556130084896753
18211,-0.8401166728855235,0.2992073267345332,-0.30191768567008714,-0.10021972705664996,-0.07875764079298221
18212,0.5977620561719842,-0.5571872395918231,-0.4129540623864029,-0.037881416532715165,0.29970529890163555
18213,0.16783153917804502,-1.058145946714099,-0.9844905203599336,-0.8098576192004525,-1.0558099238821486
18214,1.5722712280249131,0.07394609082159041,0.48228498794319463,-0.07890961835600385,-0.9631251223242829
18215,-0.534388305245389,0.2992073267345332,0.6455624670466072,0.18806465959309385,1.0064269107803605
18216,-0.8114546384192609,-1.058145946714099,-0.46015173055525904,-0.3805884749031534,-1.0558099238821486
18217,-0.8210086499080151,0.07394609082159041,0.025485034101496724,-0.1914684658752519,0.8635378417119844
18218,0.048406395568617464,0.07394609082159041,0.14915725840921115,-0.4115503779538524,0.6781682385962533
18219,-0.949987805006197,1.6565606001831652,0.9389853338458061,0.5887058798168258,1.763352790169596
18220,0.120061481734274,0.48966298795922886,0.5374297076515954,-0.7132292345010023,0.8673997084435622
18221,-0.8544476901186548,0.48966298795922886,0.3216529056785895,0.4240770344914922,0.365357033338457
18222,-0.5200572880122577,-1.058145946714099,-0.5205503553014063,-0.6267921989603487,-1.0558099238821486
18223,-0.9404337935174427,2.1575193073054413,1.970570168624331,1.233004335585143,1.7672146569011737
18224,0.2968106942762268,-1.058145946714099,-1.2575118310146438,-1.1172535236719159,-1.0558099238821486
18225,-0.9452107992618198,2.1575193073054413,1.9178582340079982,1.499269850589834,1.7710765236327515
18226,-0.7493535637423586,2.1575193073054413,1.851942353937918,1.5948733843663454,1.2613101150644908
18227,0.07706843003488008,-0.5571872395918231,-0.6146184996573516,-1.4880589811139169,-0.024691506550893964
18228,-0.6920294948098333,-0.5571872395918231,-0.1129891230661798,-0.47721685960260357,-0.9669869890558606
18229,-0.906994753306803,2.245808014503504,1.7384536053703061,0.44655496268773315,1.7440434565117073
18230,-0.9165487647955571,0.9303406571479473,1.1170625533165686,0.0011923041824166546,0.9369133096119614
18231,-0.042356713574547476,2.245808014503504,1.4550493564006333,1.3366868742976272,0.898294642296184
18232,-0.5726043512004059,0.07394609082159041,-0.3104948882764657,-0.24120448470420522,-0.6078333830191315
18233,0.5929850504276071,-1.058145946714099,-0.5254441337016817,-2.515817022689194,-1.0558099238821486
18234,1.6725883486568323,-1.058145946714099,-1.1698648512756544,-0.2672508963742018,-1.0558099238821486
18235,-0.6203744086441768,-0.20175138038774237,0.4887957417166495,0.7017426726202728,-0.49197738107179956
18236,-0.8210086499080151,1.2544959545938104,0.4883418151717323,0.5207054191909427,1.1609015800434699
18237,-0.949987805006197,0.2992073267345332,0.05688393789980549,-0.037881416532715165,-0.5460435153138878
18238,1.5006161418592565,-1.058145946714099,-0.8744754068139413,-0.862804573858747,-1.0558099238821486
18239,0.08184543577925718,0.48966298795922886,0.4541568049919638,0.5698454386786636,-0.2679891106402911
18240,-0.7397995522536044,-1.058145946714099,-0.5545356526409198,-1.4880589811139169,-1.0558099238821486
18241,-0.9165487647955571,1.9044924940644754,0.8556405168107671,0.7098254282188435,1.2922050489171126
18242,-0.6155974028997997,0.8001660338568091,0.9913852112610291,0.8010741670374462,1.3578567833539341
18243,1.0181385616771692,-1.058145946714099,-0.41098190659999373,-0.3805884749031534,-1.0558099238821486
18244,1.0945706535872028,-0.5571872395918231,-0.3406848538572081,-0.6267921989603487,-0.7777555192085517
18245,-0.9261027762843114,1.8470162614078611,1.3970589066697146,1.6902854707597983,1.3926135839381337
18246,-0.8496706843742777,-0.20175138038774237,-0.1327423766955358,-1.9471638881929467,1.2072439808224027
18247,1.0181385616771692,-0.20175138038774237,-0.05970116721565927,-0.32196403698294906,-0.21778484312978058
18248,-0.37674711568094466,-0.5571872395918231,-0.09103105290473627,-0.05813906446410138,-0.8086504530611736
18249,-0.8783327188405403,-1.058145946714099,-1.6234632905284134,-1.2818823689972492,-1.0558099238821486
18250,0.5213299642619506,-1.058145946714099,-0.6917107777889775,-0.5486003891756687,-1.0558099238821486
18251,-0.5439423167341432,0.9303406571479473,2.4250437271950442,0.5887058798168258,1.3771661170118228
18252,-0.720691529276096,0.654643185938614,0.37470532817989044,0.8831819415705221,1.53550265300651
18253,2.1072958713951486,-1.058145946714099,-0.7594829421361659,-1.3785107536966998,-1.0558099238821486
18254,1.8158985209881453,-1.058145946714099,-0.8825370461665495,-0.7601216003714991,-1.0558099238821486
18255,-0.534388305245389,-0.5571872395918231,-0.7936210446737373,-0.7601216003714991,0.36149516660687925
18256,0.8891594065789875,-1.058145946714099,-1.5166808041282485,-1.1172535236719159,-1.0558099238821486
18257,-0.7732385924642441,1.2544959545938104,1.1672581962133688,1.3404244345531768,1.3385474496960454
18258,1.2569888488960244,0.48966298795922886,0.587430493189653,-0.2672508963742018,-0.6387283168717534
18259,-0.8448936786299006,0.654643185938614,1.0558150915838407,0.15710275654239486,1.6745298553433081
18260,-0.13789682846208953,2.0119964593872464,1.723854746101001,1.3138967127742598,1.0759405119487597
18261,-0.7541305694867357,-0.5571872395918231,-0.7452278805467493,-0.6267921989603487,-0.8549928538401064
18262,-0.2907610122821568,-0.20175138038774237,-0.3294942536755433,-0.037881416532715165,0.7283725061067639
18263,-0.8401166728855235,-0.20175138038774237,0.2055980417140753,0.27450169513374717,-0.17916617581400324
18264,1.4194070442048459,-1.058145946714099,-0.29810886595035124,-0.12209817180851448,-1.0558099238821486
18265,-0.6155974028997997,-0.5571872395918231,-0.0932851864398197,0.038489320235348796,-0.7236893849664635
18266,1.1136786765647113,-1.058145946714099,-0.9291049621453313,-0.862804573858747,-1.0558099238821486
18267,2.2506060437264614,-1.058145946714099,-0.8786017556238482,-0.7132292345010023,-1.0558099238821486
18268,-0.3194230467484194,0.48966298795922886,0.3539692415935028,-0.12209817180851448,1.2381389146750243
18269,0.7888422859470683,-1.058145946714099,-1.2152260043449274,-1.3785107536966998,-1.0558099238821486
18270,-0.7780155982086212,-0.20175138038774237,-0.5180348431130949,-0.7132292345010023,0.465765568359478
18271,1.9496546818307041,-0.5571872395918231,-0.2108962123988399,-0.6267921989603487,-0.5846621826296651
18272,-0.949987805006197,0.9303406571479473,1.1328520398885809,1.0040461146997783,1.4273703845223333
18273,-0.949987805006197,0.07394609082159041,-0.6759541765717039,-2.515817022689194,1.2149677142855582
18274,-0.816231644163638,-1.058145946714099,-1.1847251475303393,-1.0458699940988507,-1.0558099238821486
18275,1.801567503755014,-0.5571872395918231,-0.14904664608593068,-0.6267921989603487,-0.4649443139507554
18276,-0.7541305694867357,0.48966298795922886,0.43028194692773747,0.5307717179635321,1.593430653980176
18277,-0.6824754833210792,0.2992073267345332,0.18564046065823486,0.18806465959309385,0.6279639710857428
18278,-0.6108203971554227,-0.5571872395918231,-0.5689592986278424,-0.5121324717856456,0.2224679642700809
18279,1.519724164836765,-1.058145946714099,-0.9880235903393412,-0.9194058466176699,-1.0558099238821486
18280,0.3636887746975062,-0.5571872395918231,-0.45064504079098155,-0.32196403698294906,-0.6039715162875537
18281,-0.0996807825070727,-0.5571872395918231,-1.0885320675229841,-0.7132292345010023,0.4773511685542112
18282,-0.9261027762843114,-0.5571872395918231,-1.1760866932240241,-0.9802035124500996,-0.5962477828243983
18283,-0.9452107992618198,1.9594133665673954,0.7733092094923318,1.7283395065606013,1.4737127853012661
18284,1.0993476593315799,-1.058145946714099,-0.49080295979595256,-0.32196403698294906,-1.0558099238821486
18285,2.1932819747939365,-1.058145946714099,-0.547042486389547,-0.9802035124500996,-1.0558099238821486
18286,1.3143129178285495,-0.5571872395918231,0.2534790926475076,0.37718466862099537,-0.1019288411824486
18287,-0.7589075752311129,0.654643185938614,1.098654840552683,0.8499631098416093,0.9871175771224718
