CustomerID,Recency,Frequency,MonetaryValue,UniqueProducts,CustomerLifetimeDays
12346,0.6497175141242938,0.8502198590705463,2.389434381541698,-0.3011156334059281,0.349609375
12347,-0.2627118644067797,0.5849625007211564,0.9227079920545586,0.6159830023075147,0.353515625
12348,-0.05649717514124294,0.29248125036057815,0.4489805516996969,-0.3460660985923269,0.27734375
12349,-0.2175141242937853,0.16096404744368117,0.866589611845743,0.6707468237990215,0.68359375
12350,0.6073446327683616,-0.5000000000000001,-0.506279668579833,-0.5691109269262127,-0.431640625
12351,0.7909604519774012,-0.5000000000000001,-0.56220421487305,-0.44739337282027586,-0.431640625
12352,-0.16666666666666666,0.7297158093186489,0.6321450680777179,0.2632676491154024,0.263671875
12353,0.307909604519774,-0.20751874963942185,-0.40235808873230366,-0.3946162996049949,-0.033203125
12354,0.3870056497175141,-0.5000000000000001,0.11599079922941971,0.1509688200781701,-0.431640625
12355,0.3361581920903955,-0.20751874963942185,0.046788340554550445,-0.1486799354509508,0.2578125
12356,-0.2062146892655367,0.4036774610288021,1.0600636602699787,0.5006002703406138,0.353515625
12357,-0.1751412429378531,0.0,1.6208873385888336,1.0552233678164773,0.26171875
12358,-0.2655367231638418,0.29248125036057815,0.7972127507360891,0.13005110216134985,0.994140625
12359,-0.10734463276836158,0.7297158093186489,1.2362187535663636,1.1493851280389582,0.890625
12360,-0.12146892655367232,0.5849625007211564,0.845047375037999,0.7598680218283731,0.74609375
12361,0.5423728813559322,0.16096404744368117,-0.2809992394348575,-0.5363162534679564,0.33984375
12362,-0.2598870056497175,0.7924812503605783,0.9677250514490502,0.8974728169604856,1.00390625
12363,0.03954802259887006,-0.20751874963942185,-0.24028002055227693,-0.3946162996049949,-0.171875
12364,-0.24858757062146894,0.16096404744368117,0.22016014672454942,0.2632676491154024,-0.2265625
12365,0.5536723163841808,-0.20751874963942185,-0.16058025128936684,-0.42043099147526186,-0.431640625
12366,1.5197740112994351,-0.5000000000000001,-0.2925576023474765,-1.4814146467095628,-0.431640625
12367,-0.2570621468926554,-0.5000000000000001,-0.8680750302687698,-0.8150472910802568,-0.431640625
12368,1.5056497175141244,-0.5000000000000001,0.029745243148298666,-0.5363162534679564,-0.431640625
12369,0.8983050847457628,0.0,0.3852091005014019,0.4138019232360459,0.013671875
12370,-0.12429378531073447,0.5,0.8529505197062961,0.789282449524909,0.7734375
12371,-0.1440677966101695,0.29248125036057815,0.8213276931542021,0.6530359682955913,0.7421875
12372,-0.06779661016949153,0.0,0.214028480692651,-0.16576708528869222,0.0078125
12373,0.6101694915254238,0.0,0.13923273193579916,-0.1320609861045676,0.275390625
12374,-0.1977401129943503,0.16096404744368117,0.6575374026877913,0.33565786730872005,0.66796875
12375,-0.2401129943502825,-0.20751874963942185,-0.33996866110248464,-0.6796987429630209,-0.259765625
12376,0.8305084745762712,-0.20751874963942185,-0.28947816742460825,-0.8150472910802568,-0.376953125
12377,0.6214689265536724,0.16096404744368117,0.730113987887332,0.6301444324754325,0.103515625
12378,0.096045197740113,-0.20751874963942185,0.9736586608764046,1.0998430155927466,0.4140625
12379,-0.03954802259887006,0.16096404744368117,0.33188669507210405,0.1509688200781701,0.453125
12380,-0.20903954802259886,0.7924812503605783,1.2822938403057278,0.7446080042324369,0.8203125
12381,-0.2570621468926554,0.29248125036057815,0.40104725300698296,0.2632676491154024,-0.20703125
12383,0.2514124293785311,0.29248125036057815,0.4025577481948601,0.37242995637284404,-0.103515625
12384,-0.18926553672316385,-0.20751874963942185,-0.20920145023054404,-0.3231745627721683,-0.25
12385,0.8022598870056498,-0.5000000000000001,0.42721429519822235,0.21897398280902985,-0.431640625
12386,0.6836158192090396,-0.20751874963942185,-0.40873652349737916,-0.8678243642955378,-0.375
12387,0.903954802259887,-0.5000000000000001,-0.952598712868984,-0.925635107117065,-0.431640625
12388,-0.22598870056497175,0.5849625007211564,0.7991302335298288,0.3652517222233779,0.67578125
12389,0.867231638418079,0.0,0.26673128062692364,-0.055179269251883704,0.0625
12390,-0.04519774011299435,-0.5000000000000001,-0.2423619191276862,-0.20145700866623173,-0.431640625
12391,-0.20903954802259886,0.4036774610288021,0.6082934181026578,1.007058892544273,0.8203125
12392,1.4011299435028248,-0.5000000000000001,-0.6938242359383934,-1.0609836552343013,-0.431640625
12393,-0.06497175141242938,0.4036774610288021,0.5406700643267806,0.20030931919148418,0.263671875
12394,-0.0903954802259887,-0.20751874963942185,0.20345719593493697,-0.3231745627721683,-0.130859375
12395,-0.21468926553672316,1.0000000000000002,0.9006027040976944,0.700548438163026,0.70703125
12396,1.6355932203389831,-0.5000000000000001,0.03763662343085441,0.21897398280902985,-0.431640625
12397,-0.1694915254237288,-0.20751874963942185,0.5429808592931754,0.5343063695247384,-0.236328125
12398,-0.14124293785310735,-0.5000000000000001,0.3369289738596276,0.3795242326418465,-0.431640625
12399,0.06779661016949153,0.5,0.4337298222441757,0.23708140825560817,0.59375
12400,0.9011299435028248,-0.5000000000000001,-0.7649385852504872,-0.8150472910802568,-0.431640625
12401,0.5875706214689266,-0.5000000000000001,-1.2346164343478645,-1.2354782825555186,-0.431640625
12402,0.6440677966101694,0.4036774610288021,0.19690891983068542,-0.02696238134501425,0.24609375
12403,-0.12994350282485875,-0.20751874963942185,0.08557537183968633,-1.2354782825555186,0.490234375
12404,1.6581920903954803,-0.5000000000000001,-1.3854536726635673,-1.9018456381848245,-0.431640625
12405,0.1497175141242938,-0.5000000000000001,0.3606802295523051,0.1083861667722219,-0.431640625
12406,-0.2062146892655367,0.29248125036057815,1.0616165288247514,0.5557795395924977,0.88671875
12407,-0.12994350282485875,0.29248125036057815,0.35997416168634244,0.14060012816463935,-0.01171875
12408,-0.17796610169491525,0.5849625007211564,0.8559250816725262,0.5006002703406138,0.478515625
12409,-0.0480225988700565,0.5,1.7524532399326327,0.8207533887258768,0.51953125
12410,0.6016949152542372,0.0,0.08262156833378327,-0.1320609861045676,-0.052734375
12411,0.8870056497175142,-0.5000000000000001,-0.48681448805992594,-0.42043099147526186,-0.431640625
12412,-0.059322033898305086,0.4036774610288021,0.5827263933370765,0.35798751915499055,0.4765625
12413,-0.08192090395480225,0.16096404744368117,0.07509271857214803,-0.055179269251883704,0.224609375
12414,0.3446327683615819,0.4036774610288021,0.04947330457399649,-0.44739337282027586,0.048828125
12415,-0.20056497175141244,1.4289904975637864,2.7203042838870046,1.4460026243535216,0.55078125
12416,1.5847457627118644,-0.5000000000000001,-0.7719223138893718,-0.8150472910802568,-0.431640625
12417,-0.2598870056497175,1.1961587113893803,1.094460817322019,1.0757093050471587,0.994140625
12418,0.0480225988700565,0.16096404744368117,0.44945427326134824,0.4138019232360459,0.580078125
12419,0.8192090395480226,-0.20751874963942185,-0.28962591146321076,-0.3946162996049949,-0.376953125
12420,-0.0903954802259887,-0.5000000000000001,-0.19565596659082898,-0.25926775148775905,-0.431640625
12421,-0.22598870056497175,0.4036774610288021,0.12536139826368162,-0.013331387333714908,0.525390625
12422,0.0,1.0849625007211563,0.9552236331277714,0.6663673556293063,0.791015625
12423,-0.268361581920904,0.7297158093186489,0.5879143091608862,0.6254605967958908,0.4765625
12424,0.18926553672316385,0.16096404744368117,0.7165492132750508,0.3280281603386806,0.322265625
12425,-0.0480225988700565,-0.20751874963942185,0.37023604330215937,0.39346861013024786,0.291015625
12426,0.2796610169491525,-0.20751874963942185,0.23300237957817357,0.2883700053706945,0.482421875
12427,-0.20903954802259886,0.0,-0.026321950347577432,-0.3231745627721683,0.251953125
12428,-0.1977401129943503,0.6609640474436815,1.1782030075787446,1.048238027199067,0.072265625
12429,-0.24293785310734464,0.5849625007211564,1.045910010639101,0.6063549635431924,0.6171875
12430,-0.14689265536723164,-0.5000000000000001,-0.6470863034057669,-0.8150472910802568,-0.431640625
12431,-0.1694915254237288,1.4036774610288023,1.3223038435274617,1.014531928014943,0.853515625
12432,-0.1497175141242938,0.29248125036057815,0.9373939448080505,0.5176874201783555,-0.177734375
12433,-0.268361581920904,0.7297158093186489,1.5755685432504616,1.1083861667722217,0.498046875
12434,-0.031073446327683617,0.0,0.12769293205708815,0.19075709490216042,0.1484375
12435,-0.04519774011299435,0.4036774610288021,1.475950402066344,0.4003223972506149,0.853515625
12436,0.011299435028248588,-0.5000000000000001,-0.28333054250676265,-0.6037805746949155,-0.431640625
12437,-0.2655367231638418,1.6609640474436818,1.4262376740192295,1.0823870279774876,1.005859375
12438,-0.2288135593220339,-0.20751874963942185,0.6426780883315275,0.37242995637284404,-0.185546875
12439,1.6581920903954803,-0.20751874963942185,0.14636303797296546,0.2546639061865699,-0.34765625
12440,1.036723163841808,-0.20751874963942185,-0.005255103948401397,-0.44739337282027586,0.06640625
12441,0.7655367231638418,-0.5000000000000001,-0.8537113893815639,-0.8150472910802568,-0.431640625
12442,-0.2598870056497175,-0.5000000000000001,-0.8582718431424257,-0.7664970900675887,-0.431640625
12443,1.7994350282485876,-0.5000000000000001,-0.30864349608131225,-0.44739337282027586,-0.431640625
12444,-0.20903954802259886,0.29248125036057815,0.9317015986048096,0.6707468237990215,-0.138671875
12445,-0.2062146892655367,-0.20751874963942185,-0.3667604016091987,-0.3698555675245675,0.345703125
12446,-0.10734463276836158,-0.5000000000000001,0.07661127877976268,0.14060012816463935,-0.431640625
12447,0.4180790960451977,-0.5000000000000001,-0.31838004784763185,-0.3231745627721683,-0.431640625
12448,-0.1440677966101695,-0.5000000000000001,-0.3493914319926137,-0.42043099147526186,-0.431640625
12449,-0.2062146892655367,0.4036774610288021,0.9133716836769781,0.6111880863774223,0.380859375
12450,0.17231638418079095,0.29248125036057815,-0.12315587195541683,-0.22012167228377744,0.189453125
12451,-0.2401129943502825,0.5849625007211564,1.4256703649687663,1.2360513139693596,0.58203125
12452,-0.2231638418079096,-0.20751874963942185,-0.3721686820849559,-0.44739337282027586,-0.431640625
12453,0.11016949152542373,-0.5000000000000001,-0.1087717532966235,-0.02696238134501425,-0.431640625
12454,-0.11016949152542373,0.29248125036057815,1.5719339592960808,-0.3698555675245675,0.28125
12455,-0.062146892655367235,0.7297158093186489,1.017341908680575,0.8914374069012179,0.833984375
12456,-0.1440677966101695,0.0,0.6906124855703919,0.5063496376186134,-0.021484375
12457,-0.08192090395480225,0.5849625007211564,0.6587262306198204,0.20030931919148418,0.2890625
12458,-0.06779661016949153,0.16096404744368117,0.38113887807965235,0.2717510560243111,0.380859375
12459,1.4406779661016949,-0.5000000000000001,-0.3436242982243366,-0.3946162996049949,-0.431640625
12460,1.0197740112994351,-0.5000000000000001,-0.5187158369164521,-0.5363162534679564,-0.431640625
12461,-0.002824858757062147,-0.20751874963942185,-0.025627531995803508,-0.1486799354509508,-0.314453125
12462,-0.2175141242937853,-0.20751874963942185,0.16765378634949846,0.07436489288293499,0.125
12463,-0.11864406779661017,0.16096404744368117,0.2328324353547155,0.21897398280902985,-0.064453125
12464,-0.2401129943502825,0.5849625007211564,0.17759557118633046,-1.1419776163564517,0.15234375
12465,-0.22033898305084745,-0.20751874963942185,-0.08303510447551765,0.013044668488178479,-0.134765625
12466,1.6581920903954803,-0.5000000000000001,-1.4422934365502447,-1.9018456381848245,-0.431640625
12467,0.9265536723163842,-0.5000000000000001,-0.995141767604837,-0.925635107117065,-0.431640625
12468,0.2598870056497175,0.29248125036057815,0.7667593466875042,0.6207403106667461,0.53515625
12469,1.2062146892655368,-0.20751874963942185,0.6718110866837502,0.31247464900809724,-0.404296875
12470,1.6779661016949152,-0.5000000000000001,-0.7479325958819296,-0.3946162996049949,-0.431640625
12471,-0.2627118644067797,2.1609640474436813,2.0361248400020244,1.041171302142008,0.994140625
12472,-0.17796610169491525,1.1609640474436813,1.5580250409947307,1.3088280225547366,0.921875
12473,-0.1864406779661017,0.29248125036057815,0.8027902631282288,0.6794120241174847,-0.115234375
12474,-0.22033898305084745,1.5000000000000004,1.4130473339113747,1.2645805364384537,0.8359375
12475,-0.11864406779661017,-0.20751874963942185,0.14949753234989596,0.1083861667722219,0.263671875
12476,-0.22598870056497175,1.2924812503605785,1.4819507504591716,1.2462743712435587,0.517578125
12477,-0.2062146892655367,0.6609640474436815,1.6757988376506112,1.1292319883212176,0.7421875
12478,-0.2598870056497175,-0.5000000000000001,-0.12875026557820718,-0.1320609861045676,-0.431640625
12479,-0.23728813559322035,-0.5000000000000001,-0.2646880779614647,-0.22012167228377744,-0.431640625
12480,-0.18926553672316385,0.5,0.9784029281436518,0.8207533887258768,0.50390625
12481,-0.2062146892655367,1.0000000000000002,1.404936127064782,1.0243548747842963,0.7109375
12482,1.3587570621468927,1.4534452978042598,1.7585982531285262,-0.04090675883341514,-0.28125
12483,-0.22033898305084745,1.1609640474436813,0.9413591386737118,0.24593636415404438,0.857421875
12484,-0.17796610169491525,0.8502198590705463,1.0585899584692098,1.1951845138767896,0.8359375
12485,1.2259887005649717,-0.5000000000000001,-0.10801351667163148,-0.16576708528869222,-0.431640625
12486,0.9491525423728814,-0.5000000000000001,0.09483684256117908,0.05057542395069435,-0.431640625
12487,1.7937853107344632,-0.5000000000000001,-0.590480700902769,-1.6559092740307801,-0.431640625
12488,-0.24293785310734464,0.0,0.2142823130256651,0.013044668488178479,-0.302734375
12489,0.6807909604519774,-0.5000000000000001,-0.5054397227178737,-0.6405526637590393,-0.431640625
12490,-0.2542372881355932,1.229715809318649,1.290332108702408,0.8791833798977066,1.0
12491,-0.16101694915254236,-0.5000000000000001,-0.3366146058862292,-0.3460660985923269,-0.431640625
12492,-0.0903954802259887,0.0,-0.1027061968271942,-0.10012973443828277,0.232421875
12493,0.1977401129943503,-0.20751874963942185,-0.36827554888322245,-0.4756102607271456,-0.369140625
12494,-0.22598870056497175,0.6609640474436815,0.3923208766895088,0.3652517222233779,0.6640625
12495,1.53954802259887,-0.5000000000000001,-0.4709967827705901,-0.5691109269262127,-0.431640625
12496,1.4830508474576272,-0.20751874963942185,-1.5592037078094383,-0.8678243642955378,-0.431640625
12497,-0.03954802259887006,0.0,1.0496762915532232,-0.055179269251883704,0.66796875
12498,-0.20903954802259886,0.0,-0.4063652136537417,-0.44739337282027586,-0.361328125
12499,1.3135593220338984,-0.5000000000000001,-0.419648009126671,-0.3011156334059281,-0.431640625
12500,-0.2033898305084746,1.1609640474436813,1.0241063812220719,0.4003223972506149,0.837890625
12501,0.6807909604519774,-0.5000000000000001,0.4870751445387398,0.7169427795800003,-0.431640625
12502,0.0,0.29248125036057815,0.7744016796494996,0.4889354164834149,-0.013671875
12503,1.38135593220339,-0.5000000000000001,0.13845447374704126,-1.6559092740307801,-0.431640625
12504,-0.2175141242937853,0.16096404744368117,-0.057284752133973646,-0.8150472910802568,0.697265625
12505,0.884180790960452,-0.5000000000000001,0.05102773476282504,-0.04090675883341514,-0.431640625
12506,0.3870056497175141,-0.5000000000000001,-1.3066310952301556,-0.3946162996049949,-0.431640625
12507,0.11016949152542373,0.16096404744368117,0.4006869782437864,0.013044668488178479,0.447265625
12508,-0.19491525423728814,-0.20751874963942185,-0.4140709270043944,0.14060012816463935,-0.42578125
12509,0.5338983050847458,-0.5000000000000001,-0.8447960224429651,-1.0609836552343013,-0.431640625
12510,0.1327683615819209,0.6609640474436815,0.9497281054559764,0.4398942775998032,0.7265625
12511,0.940677966101695,-0.5000000000000001,0.6741405928266793,0.8635092853442145,-0.431640625
12512,-0.08192090395480225,-0.20751874963942185,-0.9976124967121888,-0.22012167228377744,-0.431640625
12513,0.0480225988700565,-0.5000000000000001,-0.18523254351885493,-0.1486799354509508,-0.431640625
12514,0.4858757062146893,-0.20751874963942185,0.32446548011315135,0.31247464900809724,0.298828125
12515,0.7288135593220338,-0.5000000000000001,-0.4333262892294858,-0.6037805746949155,-0.431640625
12516,-0.05084745762711865,0.16096404744368117,0.5932067336210456,0.05057542395069435,0.587890625
12517,-0.18926553672316385,0.29248125036057815,0.5585707128154104,0.9840709482829291,-0.115234375
12518,-0.268361581920904,0.29248125036057815,0.458761049499008,0.37242995637284404,-0.216796875
12519,-0.0903954802259887,-0.20751874963942185,-0.10171925915927227,-0.16576708528869222,0.375
12520,-0.04519774011299435,0.29248125036057815,0.5903158422798029,0.5916201408260943,-0.052734375
12521,0.1327683615819209,-0.5000000000000001,-0.19628437216792372,-0.10012973443828277,-0.431640625
12522,-0.15819209039548024,-0.20751874963942185,-0.7982794742912597,-0.8150472910802568,-0.408203125
12523,-0.21468926553672316,1.2924812503605785,0.8573419993751092,0.8173361757074759,0.9609375
12524,-0.24293785310734464,1.0849625007211563,1.3565566868381118,0.7484591518139425,0.857421875
12525,1.1384180790960452,0.0,0.061237919769961985,0.13005110216134985,-0.140625
12526,-0.268361581920904,0.0,0.22159932757329132,0.20971344100017061,-0.248046875
12527,-0.03954802259887006,0.29248125036057815,-0.08783815471292615,-0.3231745627721683,0.443359375
12528,-0.24293785310734464,0.4036774610288021,0.4258630612033929,0.06258678093439042,0.16015625
12529,1.2231638418079096,-0.5000000000000001,-0.53548923617736,-0.44739337282027586,-0.431640625
12530,-0.1016949152542373,0.6609640474436815,0.7794320022929209,0.4398942775998032,0.70703125
12531,-0.2288135593220339,-0.20751874963942185,0.4257860583862771,0.6159830023075147,0.880859375
12532,-0.18361581920903955,-0.5000000000000001,-0.4823530777562536,-0.6037805746949155,-0.431640625
12533,1.502824858757062,-0.20751874963942185,0.24188986112959518,0.20030931919148418,-0.21484375
12534,0.09887005649717515,-0.5000000000000001,0.12078457136673557,0.20030931919148418,-0.431640625
12535,-0.011299435028248588,-0.20751874963942185,-0.10186013819965402,-0.27983086331062224,-0.24609375
12536,-0.14689265536723164,0.0,1.422805714946542,1.05290384794799,-0.400390625
12537,0.884180790960452,-0.5000000000000001,-0.0896976483388284,-0.02696238134501425,-0.431640625
12538,-0.1864406779661017,-0.20751874963942185,-0.16135095401480692,-0.1833495832196537,0.25
12539,-0.2062146892655367,0.5,1.36077758284017,1.0889920337866121,0.923828125
12540,-0.21468926553672316,1.54373142062517,1.7253156703248067,1.239478180183162,0.9609375
12541,-0.1864406779661017,0.0,0.06528832904162069,0.013044668488178479,0.05859375
12542,1.0988700564971752,-0.20751874963942185,-0.31240878580370796,-0.08477312416654154,-0.126953125
12543,0.9971751412429378,-0.5000000000000001,0.06478438890577354,-0.02696238134501425,-0.431640625
12544,-0.16666666666666666,-0.5000000000000001,-0.4487587864802507,-0.5052041156418035,-0.431640625
12545,-0.05649717514124294,-0.20751874963942185,0.07559230417321972,-0.04090675883341514,-0.072265625
12546,-0.1384180790960452,-0.20751874963942185,0.1549525726849765,0.16116323998750257,-0.37109375
12547,0.288135593220339,0.0,-0.43349225105301875,-0.7215466248811899,0.16015625
12548,0.20056497175141244,-0.5000000000000001,-1.170645280014877,-1.2354782825555186,-0.431640625
12549,1.3559322033898304,0.4036774610288021,0.3170674933915566,-0.10012973443828277,-0.193359375
12550,-0.04519774011299435,-0.5000000000000001,0.0563583968012929,0.14060012816463935,-0.431640625
12551,0.7401129943502824,-0.5000000000000001,-0.8709004524590681,-0.8678243642955378,-0.431640625
12552,-0.16101694915254236,-0.20751874963942185,-0.3633064004293677,-0.4756102607271456,-0.4296875
12553,-0.2457627118644068,0.8502198590705463,0.8877851554478031,0.5288171582474838,0.37890625
12554,0.9971751412429378,-0.5000000000000001,-0.3273568795317471,-0.3231745627721683,-0.431640625
12555,1.6581920903954803,-0.5000000000000001,-1.0095281897214436,-1.9018456381848245,-0.431640625
12556,-0.1271186440677966,-0.20751874963942185,-0.1963906549348948,0.4770418254852238,-0.234375
12557,-0.2231638418079096,0.5849625007211564,1.6152872150713362,-0.6405526637590393,0.947265625
12558,-0.24858757062146894,-0.5000000000000001,-0.6197753710985693,-0.8150472910802568,-0.431640625
12559,0.6073446327683616,-0.20751874963942185,-0.2310204624847528,-0.44739337282027586,-0.4140625
12560,-0.2542372881355932,0.0,0.47833204368089155,0.42043099147526186,-0.162109375
12561,0.5847457627118644,-0.5000000000000001,-0.6846522335394133,-0.6037805746949155,-0.431640625
12562,-0.2457627118644068,0.6609640474436815,0.9275906755126799,0.5504820936366117,0.40234375
12563,0.884180790960452,-0.5000000000000001,-0.6620934242088165,-0.7215466248811899,-0.431640625
12564,0.4689265536723164,-0.5000000000000001,-0.34066525172238277,-0.44739337282027586,-0.431640625
12565,0.5451977401129944,-0.5000000000000001,-0.9453808493634158,-0.925635107117065,-0.431640625
12566,-0.025423728813559324,-0.5000000000000001,-0.47960054819295334,-0.5052041156418035,-0.431640625
12567,-0.2062146892655367,1.0000000000000002,1.3863680497116626,1.2579874964553999,0.826171875
12568,1.5508474576271187,-0.5000000000000001,-1.3322287530467303,-1.2354782825555186,-0.431640625
12569,-0.2627118644067797,1.5221970596792271,0.8287689999535436,0.4269883927082576,0.056640625
12570,1.6581920903954803,-0.5000000000000001,-1.278674183981661,-1.9018456381848245,-0.431640625
12571,-0.15819209039548024,-0.20751874963942185,-0.27238760286731545,-0.22012167228377744,-0.271484375
12572,-0.2457627118644068,-0.20751874963942185,0.08612771419686265,0.09725642870309359,-0.34765625
12573,0.3728813559322034,0.29248125036057815,-0.1010746575610949,0.5176874201783555,0.033203125
12574,0.6214689265536724,-0.5000000000000001,-0.7319380550278438,-0.8150472910802568,-0.431640625
12575,1.0225988700564972,-0.20751874963942185,-0.17617642844313314,-0.16576708528869222,-0.296875
12576,-0.1694915254237288,0.5849625007211564,0.48049782828890253,0.5557795395924977,0.52734375
12577,-0.1694915254237288,0.5849625007211564,0.3308619584294344,1.0505754239506944,0.9375
12578,-0.20903954802259886,0.16096404744368117,0.8916599730328335,0.7169427795800003,0.392578125
12579,-0.0480225988700565,-0.5000000000000001,-0.3601638308569477,-0.25926775148775905,-0.431640625
12580,0.4265536723163842,-0.20751874963942185,0.10278015129804538,0.08591864614335176,0.212890625
12581,-0.15819209039548024,-0.5000000000000001,-0.7847502423051207,-0.6405526637590393,-0.431640625
12582,0.403954802259887,0.16096404744368117,0.4386116115624894,0.4003223972506149,0.23046875
12583,-0.2627118644067797,1.4036774610288023,1.4630235317699611,0.6836986405906643,0.99609375
12584,-0.2598870056497175,0.6609640474436815,0.5269089250139438,-0.013331387333714908,0.109375
12585,0.3926553672316384,-0.20751874963942185,0.45440304517913405,0.3203012570369791,-0.203125
12586,-0.22033898305084745,0.16096404744368117,0.46025308063702913,0.35798751915499055,0.947265625
12587,-0.24858757062146894,-0.5000000000000001,-0.9523785447093752,-1.346066098592327,-0.431640625
12588,-0.15819209039548024,0.16096404744368117,0.05301567786834696,-0.22012167228377744,0.658203125
12589,-0.18926553672316385,0.5849625007211564,0.8977211554744332,0.5916201408260943,0.859375
12590,0.327683615819209,-0.20751874963942185,1.2925269767432546,0.24593636415404438,-0.431640625
12591,0.6271186440677966,0.0,0.23052293370544968,0.20030931919148418,-0.25390625
12592,-0.00847457627118644,0.29248125036057815,0.5797963542406355,-0.04090675883341514,0.40234375
12593,0.03672316384180791,0.0,-0.3877659250547075,-0.6796987429630209,-0.216796875
12594,-0.1638418079096045,1.0000000000000002,0.9406209167297239,0.3280281603386806,0.7578125
12595,1.155367231638418,-0.5000000000000001,-0.5655800855097117,-0.5052041156418035,-0.431640625
12596,-0.12429378531073447,-0.20751874963942185,-0.18007066342279318,-0.3460660985923269,-0.05859375
12597,-0.21468926553672316,0.16096404744368117,0.7867324452793057,0.8441495449631917,0.0546875
12598,-0.24293785310734464,0.7924812503605783,0.8790988936662415,0.6347923763412154,0.81640625
12599,-0.1864406779661017,0.9036774610288021,0.5174025933837338,0.025814691870266956,0.638671875
12600,-0.18926553672316385,1.229715809318649,0.9276442126260599,0.09725642870309359,0.943359375
12601,0.2655367231638418,0.4036774610288021,-0.12853970299617554,-0.3698555675245675,-0.01171875
12602,-0.10451977401129943,-0.5000000000000001,-0.9199299864799285,-0.7664970900675887,-0.431640625
12603,-0.20903954802259886,-0.5000000000000001,-0.08517961321108924,-1.6559092740307801,-0.431640625
12604,-0.04519774011299435,-0.20751874963942185,-0.6516942286347657,-0.6405526637590393,-0.076171875
12605,0.7937853107344632,0.16096404744368117,0.18668285867607337,0.20030931919148418,-0.271484375
12606,1.6581920903954803,-0.5000000000000001,-1.9554964658339857,-1.9018456381848245,-0.431640625
12607,-0.09887005649717515,-0.5000000000000001,0.31835814687707775,0.48301777240965205,-0.431640625
12608,0.8728813559322034,-0.5000000000000001,-0.39070611471480765,-0.6037805746949155,-0.431640625
12609,-0.0480225988700565,0.6609640474436815,0.7315926582930682,0.6301444324754325,0.8203125
12610,-0.2062146892655367,0.29248125036057815,0.4696733485436911,0.3795242326418465,-0.228515625
12611,-0.12146892655367232,-0.5000000000000001,0.16931776818641195,0.21897398280902985,-0.431640625
12612,-0.059322033898305086,-0.5000000000000001,-0.11106805943912804,-0.5052041156418035,-0.431640625
12613,-0.10734463276836158,0.7297158093186489,1.0960203619868767,0.9464848023170704,0.873046875
12614,0.5141242937853108,-0.5000000000000001,-0.5369657934129837,-0.4756102607271456,-0.431640625
12615,-0.2627118644067797,0.5849625007211564,1.0046204321190022,0.8883970310794748,0.796875
12616,0.0,0.0,0.14085632909526688,-0.20145700866623173,0.140625
12617,-0.1864406779661017,-0.5000000000000001,-0.4775980530449315,-0.08477312416654154,-0.431640625
12618,-0.20903954802259886,-0.5000000000000001,-0.8423739952793969,-0.8150472910802568,-0.431640625
12619,-0.2231638418079096,0.7297158093186489,0.7825521444249249,0.11931535806933405,0.630859375
12620,-0.2288135593220339,0.0,0.23070552333097108,0.40709960414154694,-0.060546875
12621,-0.2655367231638418,1.5849625007211563,1.7723356435403939,1.222146895221804,0.87109375
12622,0.3870056497175141,-0.5000000000000001,-0.8341148679676106,-0.8150472910802568,-0.431640625
12623,0.5112994350282486,0.5,0.777813959732559,0.5451379735468534,0.388671875
12624,0.031073446327683617,-0.20751874963942185,-0.1607873197308087,-0.1320609861045676,-0.29296875
12625,0.327683615819209,0.16096404744368117,0.9483767154835288,0.6963796677571371,0.3203125
12626,-0.2033898305084746,0.6609640474436815,1.080433033100319,0.9840709482829291,0.16015625
12627,-0.2401129943502825,0.5,0.8725414932772245,0.7673564343054562,-0.177734375
12628,-0.2570621468926554,0.0,-0.0522552787629994,-0.16576708528869222,-0.314453125
12629,0.8192090395480226,-0.20751874963942185,0.31114372715337524,-0.06979572847822901,-0.357421875
12630,-0.24293785310734464,-0.20751874963942185,0.20278841757018776,0.17118914935083235,-0.365234375
12631,-0.10734463276836158,0.4036774610288021,0.7386210929064112,0.6394049742842918,0.810546875
12632,1.2005649717514124,-0.20751874963942185,-0.03995508633780796,-0.20145700866623173,-0.345703125
12633,-0.10451977401129943,0.5,0.9987684330712305,0.951998964897582,0.48046875
12634,1.2429378531073447,-0.20751874963942185,-0.3035377968906506,-0.4756102607271456,-0.40625
12635,-0.01694915254237288,0.16096404744368117,0.6469707950665389,0.7560888587839819,0.28515625
12636,1.8163841807909604,-0.5000000000000001,-0.9635001266645987,-1.9018456381848245,-0.431640625
12637,-0.07909604519774012,0.8502198590705463,1.199648490108249,1.1292319883212176,0.498046875
12638,-0.1751412429378531,-0.20751874963942185,0.03193528596705017,0.025814691870266956,0.751953125
12639,0.403954802259887,0.0,0.21986455212494244,0.1509688200781701,0.328125
12640,-0.2033898305084746,0.0,0.1609045915341921,0.025814691870266956,-0.318359375
12641,0.05649717514124294,-0.5000000000000001,-0.8173450816345861,-0.8678243642955378,-0.431640625
12642,-0.1977401129943503,0.0,0.08238560295603332,-0.08477312416654154,-0.271484375
12643,0.09322033898305085,0.8502198590705463,1.2009958226422501,-0.6796987429630209,0.51171875
12644,0.096045197740113,0.16096404744368117,0.4217249049682319,0.5120450194302928,0.671875
12645,-0.1751412429378531,0.5849625007211564,0.7473670652733938,0.5397463495445953,0.80859375
12646,-0.2570621468926554,-0.20751874963942185,0.23369739991389032,-0.02696238134501425,-0.34375
12647,-0.2062146892655367,1.6047266828144753,1.5806565726839237,1.0045472794051025,0.8828125
12648,0.16666666666666666,0.16096404744368117,0.13180485015355747,-0.10012973443828277,0.63671875
12649,0.03389830508474576,0.5849625007211564,0.5169231356421525,0.4398942775998032,0.71875
12650,-0.2598870056497175,-0.5000000000000001,-0.5389184474452926,-0.4756102607271456,-0.431640625
12651,0.6751412429378532,0.16096404744368117,-0.44161823684262386,-0.23937896292104863,-0.17578125
12652,0.6666666666666666,-0.20751874963942185,0.08435924122847627,0.07436489288293499,-0.23046875
12653,0.1497175141242938,0.0,0.8334085696355804,0.31247464900809724,0.306640625
12654,-0.2401129943502825,0.29248125036057815,-0.19425137896587324,-0.22012167228377744,0.125
12655,0.9265536723163842,-0.5000000000000001,-0.6369533692128739,-0.6037805746949155,-0.431640625
12656,-0.22033898305084745,0.5849625007211564,1.0630686008165122,0.8104434457790677,0.6328125
12657,-0.23728813559322035,0.16096404744368117,0.33936759840100855,-0.1486799354509508,-0.30078125
12658,-0.2175141242937853,-0.5000000000000001,-0.12481795558261109,-0.1320609861045676,-0.431640625
12659,-0.1864406779661017,-0.5000000000000001,-1.190475081427307,-1.2354782825555186,-0.431640625
12660,-0.23728813559322035,-0.5000000000000001,-0.6709678962796368,-0.7215466248811899,-0.431640625
12661,0.963276836158192,-0.5000000000000001,-0.8901301230538398,-0.8150472910802568,-0.431640625
12662,-0.268361581920904,1.1961587113893803,1.0888862646989717,0.7710662544722947,0.7734375
12663,1.4943502824858756,-0.20751874963942185,-0.6834337858296532,-0.925635107117065,-0.345703125
12664,-0.2457627118644068,0.7924812503605783,1.034264507634521,-0.8678243642955378,0.970703125
12665,0.6468926553672316,0.0,-0.5403369261189228,-0.7215466248811899,0.2421875
12666,0.844632768361582,-0.5000000000000001,0.19331060521031582,-0.22012167228377744,-0.431640625
12667,-0.10451977401129943,-0.5000000000000001,-0.17847528798174006,-0.1833495832196537,-0.431640625
12668,-0.23728813559322035,0.7297158093186489,1.3686998176156748,1.0598359657595535,0.869140625
12669,0.1553672316384181,0.0,0.612025333166798,0.46491034696307426,-0.224609375
12670,-0.2401129943502825,0.5,0.7795776961599996,0.2717510560243111,0.849609375
12671,1.4435028248587571,-0.5000000000000001,0.5879325587712138,0.0,-0.431640625
12672,0.6610169491525424,-0.20751874963942185,-0.3642406588371927,-0.42043099147526186,0.087890625
12673,-0.2542372881355932,0.0,0.18541821674617562,0.24593636415404438,0.341796875
12674,-0.16101694915254236,0.16096404744368117,0.43597399572875256,0.08591864614335176,-0.1015625
12675,1.2937853107344632,-0.20751874963942185,0.05216699093172179,0.5397463495445953,-0.3828125
12676,-0.20056497175141244,0.7924812503605783,0.6308840335553193,0.23708140825560817,0.46484375
12677,1.2994350282485876,-0.20751874963942185,-0.4177914308131842,-0.7215466248811899,-0.21484375
12678,-0.1497175141242938,1.229715809318649,1.9551433338382695,0.8914374069012179,0.85546875
12679,-0.10451977401129943,0.16096404744368117,0.13229214012658966,-0.02696238134501425,0.0078125
12680,-0.268361581920904,0.16096404744368117,0.007943797693590514,-0.1833495832196537,-0.2109375
12681,-0.2288135593220339,1.7617809780285068,1.8812440971158255,1.3966415225430215,0.958984375
12682,-0.2598870056497175,1.8639602272816003,1.7416907533407484,1.1914972459475566,1.00390625
12683,-0.2570621468926554,1.229715809318649,1.3802862454400628,0.9943955159679869,0.978515625
12684,-0.24858757062146894,0.5,0.5143633606333589,0.18105202855421326,-0.029296875
12685,-0.18926553672316385,0.4036774610288021,0.6346099152499878,0.571399811553432,-0.3046875
12686,0.7796610169491526,-0.5000000000000001,-1.2052576311388818,-1.0609836552343013,-0.431640625
12687,1.0875706214689265,-0.20751874963942185,0.4795515376826734,0.6159830023075147,-0.431640625
12688,0.05084745762711865,-0.5000000000000001,0.9175258766572467,0.7999552241171083,-0.431640625
12689,-0.1977401129943503,-0.20751874963942185,0.19296562135241088,0.14060012816463935,-0.232421875
12690,0.3107344632768362,-0.5000000000000001,-0.4260338377119409,-0.6037805746949155,-0.431640625
12691,-0.18926553672316385,0.5,0.15900972449068168,-0.3698555675245675,0.333984375
12692,1.5310734463276836,-0.5000000000000001,-1.0899874678033081,-0.7215466248811899,-0.431640625
12693,0.0903954802259887,0.5,0.358384415517845,0.20030931919148418,0.33984375
12694,-0.07062146892655367,0.0,0.4004822334706273,0.2546639061865699,0.25390625
12695,-0.24858757062146894,0.5,0.25692062827924045,0.013044668488178479,0.853515625
12696,0.9576271186440678,-0.20751874963942185,-0.00978258133432027,-0.02696238134501425,-0.287109375
12697,-0.18926553672316385,0.0,0.05235570507431073,-0.11588526199269454,-0.15625
12698,1.3983050847457628,-0.5000000000000001,-0.49786123706293817,-0.6037805746949155,-0.431640625
12699,0.9096045197740112,-0.5000000000000001,-0.16329509519301125,-0.055179269251883704,-0.431640625
12700,-0.24858757062146894,0.16096404744368117,0.9246991772947749,0.8729622617062226,-0.025390625
12701,-0.04519774011299435,0.4036774610288021,0.5509763693878806,0.5765184386087194,0.650390625
12702,-0.21468926553672316,-0.5000000000000001,-0.7306064824659574,-0.7664970900675887,-0.431640625
12703,-0.06779661016949153,0.16096404744368117,0.07884406407335905,0.13005110216134985,0.765625
12704,-0.24858757062146894,0.5849625007211564,0.5275203258166995,0.20971344100017061,-0.115234375
12705,-0.22598870056497175,0.9534452978042595,1.3861248054604465,1.1784123750595992,0.580078125
12707,0.5536723163841808,-0.5000000000000001,-0.19298249205742543,-0.1833495832196537,-0.431640625
12708,-0.1864406779661017,1.1239637567217928,0.9434918168848911,0.6347923763412154,0.919921875
12709,-0.22598870056497175,1.5646415084724836,1.8893305011818797,0.8603252690750651,0.96484375
12710,0.002824858757062147,0.0,0.14921081719543772,0.3045457294825673,-0.2265625
12711,1.4576271186440677,-0.20751874963942185,0.2305626324338794,0.13005110216134985,-0.3046875
12712,-0.18926553672316385,1.229715809318649,1.0886086480290236,0.6159830023075147,0.939453125
12713,-0.268361581920904,-0.5000000000000001,-0.011882363847549513,-0.10012973443828277,-0.431640625
12714,-0.24293785310734464,0.8502198590705463,1.4823207509932583,1.3655293847168681,0.986328125
12715,0.031073446327683617,-0.5000000000000001,-0.4922551181579613,-0.4756102607271456,-0.431640625
12716,-0.2598870056497175,-0.20751874963942185,0.10307787435214312,0.17118914935083235,-0.177734375
12717,0.15819209039548024,0.0,0.21846127614113062,0.17118914935083235,0.42578125
12718,-0.06779661016949153,-0.5000000000000001,-0.6859846398983903,-0.5052041156418035,-0.431640625
12719,-0.2542372881355932,-0.20751874963942185,-0.1576320739891297,-0.16576708528869222,-0.314453125
12720,-0.2627118644067797,1.4770981551934377,1.1667712225802065,1.0575340513973859,0.552734375
12721,-0.1807909604519774,0.5849625007211564,0.8141798635673237,0.8408619829505237,0.427734375
12722,-0.02824858757062147,0.16096404744368117,0.0741241001516785,0.06258678093439042,-0.3046875
12723,-0.2598870056497175,0.29248125036057815,-0.09543266255083915,0.09725642870309359,-0.310546875
12724,-0.2542372881355932,0.5,0.5221964968484987,0.4398942775998032,0.603515625
12725,0.7796610169491526,0.16096404744368117,0.5104207035994797,0.4269883927082576,-0.015625
12726,-0.18926553672316385,0.7924812503605783,0.8143812623054917,0.20030931919148418,0.732421875
12727,-0.2401129943502825,0.7297158093186489,0.998896744540948,0.6439827598356785,0.826171875
12728,-0.06779661016949153,0.29248125036057815,0.11142664538112539,0.03832139694718311,0.177734375
12729,0.05084745762711865,-0.5000000000000001,-0.3452037444883138,-0.3231745627721683,-0.431640625
12730,1.2033898305084745,-0.5000000000000001,-0.024106839317363238,0.025814691870266956,-0.431640625
12731,-0.2033898305084746,1.0849625007211563,1.803451800392738,0.6663673556293063,0.787109375
12732,0.23728813559322035,-0.5000000000000001,-0.6904278307910919,-0.7664970900675887,-0.431640625
12733,0.3926553672316384,0.16096404744368117,0.5462737638349243,0.571399811553432,0.45703125
12734,0.7259887005649718,0.0,-0.1620148186490844,-0.5691109269262127,-0.353515625
12735,0.6214689265536724,-0.20751874963942185,-0.056930251038500086,-0.10012973443828277,-0.388671875
12736,0.6694915254237288,-0.5000000000000001,-0.6955192866366686,-1.346066098592327,-0.431640625
12737,1.1384180790960452,-0.20751874963942185,0.7724888236597166,-1.6559092740307801,-0.431640625
12738,0.7824858757062146,-0.5000000000000001,-0.9122880384445337,-0.8150472910802568,-0.431640625
12739,-0.0480225988700565,0.16096404744368117,0.6086621343879548,0.3795242326418465,0.185546875
12740,-0.0903954802259887,-0.5000000000000001,-0.3758422263190998,-0.3011156334059281,-0.431640625
12741,1.2259887005649717,-0.20751874963942185,-0.4032590239718717,-0.6037805746949155,-0.423828125
12742,1.497175141242938,-0.5000000000000001,0.17295765511801908,0.23708140825560817,-0.431640625
12743,0.11016949152542373,-0.20751874963942185,-0.2518227953392112,0.5557795395924977,-0.431640625
12744,-0.12429378531073447,0.7924812503605783,1.7939012587064194,1.0170026186263386,0.623046875
12745,1.1045197740112995,0.0,0.034191003345589804,-0.44739337282027586,-0.048828125
12746,1.2570621468926553,-0.5000000000000001,-0.6509234639258265,-0.5691109269262127,-0.431640625
12747,-0.2627118644067797,1.3774437510817346,1.237720616643989,0.3795242326418465,0.994140625
12748,-0.268361581920904,3.19830239059093,2.1923005639823367,2.369413981103538,1.00390625
12749,-0.2598870056497175,0.6609640474436815,1.1022247852847977,1.05290384794799,0.580078125
12750,0.09322033898305085,-0.5000000000000001,-0.6082780605133405,-0.6405526637590393,-0.431640625
12751,0.9858757062146892,-0.5000000000000001,-0.6231036584439362,0.18105202855421326,-0.431640625
12752,-0.03954802259887006,-0.5000000000000001,0.859102375043909,0.09725642870309359,-0.431640625
12753,-0.2062146892655367,0.4036774610288021,1.7052187950272135,0.6439827598356785,0.232421875
12754,0.3954802259887006,0.0,0.6613521205372754,0.05057542395069435,-0.2890625
12755,0.5225988700564972,0.7924812503605783,0.9556768406448816,-0.16576708528869222,0.375
12756,-0.025423728813559324,-0.5000000000000001,-1.0846448628325809,-1.346066098592327,-0.431640625
12757,-0.22598870056497175,0.9036774610288021,1.169996936297867,0.9969494300839813,-0.048828125
12758,0.059322033898305086,0.5,1.2946247478634545,0.8539066514387023,0.783203125
12759,-0.12146892655367232,0.5849625007211564,0.9333227071447718,0.9123037197833501,0.90234375
12760,1.0169491525423728,-0.5000000000000001,-0.48544010330046194,-0.44739337282027586,-0.431640625
12761,1.0225988700564972,-0.20751874963942185,-0.05463173442690915,-0.3011156334059281,-0.41796875
12762,-0.24858757062146894,-0.20751874963942185,0.41616147509858475,0.19075709490216042,-0.396484375
12763,0.12146892655367232,-0.20751874963942185,-0.29913567684881803,-0.6037805746949155,0.01953125
12764,0.6242937853107344,-0.5000000000000001,0.3555233997887353,0.0,-0.431640625
12765,1.0649717514124293,0.4036774610288021,0.2559601944822823,0.05057542395069435,-0.1015625
12766,-0.2598870056497175,0.6609640474436815,1.238945183383884,1.0364139937827765,0.357421875
12767,0.7909604519774012,-0.5000000000000001,0.04802622631363352,-0.02696238134501425,-0.431640625
12768,1.002824858757062,-0.5000000000000001,-0.8687329544478692,-0.8678243642955378,-0.431640625
12769,0.403954802259887,-0.5000000000000001,0.14669776962397604,-0.20145700866623173,-0.431640625
12770,0.3248587570621469,-0.20751874963942185,0.7014366404481177,-0.5052041156418035,0.048828125
12771,1.1016949152542372,-0.5000000000000001,-0.5960842951405194,-0.6405526637590393,-0.431640625
12772,-0.1016949152542373,-0.5000000000000001,0.01493174023275282,0.11931535806933405,-0.431640625
12773,1.3248587570621468,-0.5000000000000001,-1.0302696266495195,-1.1419776163564517,-0.431640625
12774,1.2429378531073447,-0.5000000000000001,-1.1516348817970394,-1.1419776163564517,-0.431640625
12775,-0.22033898305084745,0.5,0.3530822171633648,0.11931535806933405,0.333984375
12776,1.615819209039548,-0.5000000000000001,-1.45374996690963,-1.346066098592327,-0.431640625
12777,1.0225988700564972,-0.5000000000000001,-0.27255111712083546,-0.3231745627721683,-0.431640625
12778,-0.21468926553672316,0.6609640474436815,0.3805972145068356,0.3203012570369791,0.70703125
12779,-0.1638418079096045,0.9534452978042595,1.0685418979720185,0.6879551752969598,0.93359375
12780,1.42090395480226,-0.5000000000000001,-0.501542656327999,-0.4756102607271456,-0.431640625
12781,-0.0903954802259887,-0.20751874963942185,-0.025717498068547222,-0.3460660985923269,0.0
12782,-0.2570621468926554,0.7924812503605783,0.8888791712125818,0.6879551752969598,0.57421875
12783,-0.2627118644067797,0.4036774610288021,0.5007509012314452,0.31247464900809724,-0.2890625
12784,-0.24293785310734464,0.0,0.37683226463862746,0.5916201408260943,0.583984375
12785,0.7598870056497176,0.0,0.12623148780730578,-0.04090675883341514,0.28515625
12786,1.4519774011299436,-0.5000000000000001,-0.09292555353840158,-0.5363162534679564,-0.431640625
12787,-0.24293785310734464,0.16096404744368117,-0.003415403820864504,-0.23937896292104863,0.357421875
12788,1.03954802259887,0.16096404744368117,-0.35479211757489443,-0.4756102607271456,-0.3046875
12789,-0.0847457627118644,0.0,-0.6131612335672594,-1.2354782825555186,0.794921875
12790,0.2740112994350282,-0.20751874963942185,-0.2032642214210844,-0.1320609861045676,-0.005859375
12791,0.7853107344632768,0.4036774610288021,-0.002596378558796425,-0.5691109269262127,0.05859375
12792,0.4548022598870056,-0.20751874963942185,-0.02554400569268577,-0.08477312416654154,0.111328125
12793,0.6751412429378532,0.0,0.010783603542535197,-0.16576708528869222,-0.30078125
12794,-0.11864406779661017,-0.20751874963942185,-0.004507344248526271,-0.02696238134501425,-0.34375
12795,-0.2175141242937853,-0.5000000000000001,-0.3722796296931776,-0.6796987429630209,-0.431640625
12796,1.5056497175141244,-0.5000000000000001,-0.4370730113670439,-1.0609836552343013,-0.431640625
12797,0.7627118644067796,-0.20751874963942185,-0.2402030694512149,-0.3011156334059281,-0.31640625
12798,-0.2401129943502825,0.16096404744368117,1.2140354237405722,-0.3011156334059281,0.37109375
12799,1.2259887005649717,-0.5000000000000001,-0.7297608502395115,-0.6405526637590393,-0.431640625
12800,1.0593220338983051,0.0,-0.2101277722003558,-0.22012167228377744,-0.029296875
12801,1.1440677966101696,-0.5000000000000001,0.1122454356352472,0.06258678093439042,-0.431640625
12802,0.2570621468926554,0.5,0.544417549741224,0.5232778164932019,0.3046875
12803,0.8418079096045198,-0.5000000000000001,0.12255291950531826,0.11931535806933405,-0.431640625
12804,1.0451977401129944,-0.20751874963942185,-0.5207980773956247,0.17118914935083235,-0.36328125
12805,0.807909604519774,0.16096404744368117,0.2673317656582557,-0.013331387333714908,0.140625
12806,0.96045197740113,0.16096404744368117,0.6375512573499613,0.1509688200781701,-0.1328125
12807,0.8135593220338984,-0.5000000000000001,-0.5127422902180285,-0.6037805746949155,-0.431640625
12808,-0.16666666666666666,0.29248125036057815,-0.058889777209924596,0.013044668488178479,0.400390625
12809,0.23163841807909605,0.0,0.3746537015758544,0.3045457294825673,0.486328125
12810,1.2401129943502824,-0.20751874963942185,-0.2568998719384616,-0.20145700866623173,-0.154296875
12811,0.4661016949152542,0.29248125036057815,0.09310227402367127,0.025814691870266956,-0.10546875
12812,-0.1440677966101695,-0.5000000000000001,-0.7054816021379702,-0.6405526637590393,-0.431640625
12813,1.1468926553672316,0.0,0.353611671562625,-0.11588526199269454,-0.056640625
12814,0.01694915254237288,-0.5000000000000001,-1.0232236566122328,-1.6559092740307801,-0.431640625
12815,0.14689265536723164,-0.20751874963942185,0.10808385359408172,-0.10012973443828277,-0.33203125
12816,0.0,-0.20751874963942185,-0.22119494796172126,-0.3011156334059281,-0.2734375
12817,0.5254237288135594,0.0,-0.12101442909081343,-0.6037805746949155,-0.1328125
12818,0.4689265536723164,-0.5000000000000001,0.3056085051234112,-0.6796987429630209,-0.431640625
12819,1.0254237288135593,-0.5000000000000001,-0.25143954024540843,-0.5052041156418035,-0.431640625
12820,-0.2598870056497175,0.7924812503605783,0.6013554752401659,0.6394049742842918,0.99609375
12821,0.3361581920903955,-0.20751874963942185,-0.7262717670856293,-0.7215466248811899,0.34375
12822,-0.07062146892655367,-0.20751874963942185,0.04750005677205411,-0.055179269251883704,-0.3984375
12823,-0.059322033898305086,1.1239637567217928,1.0707873787852877,-1.9018456381848245,0.75
12824,-0.1016949152542373,-0.5000000000000001,-0.4150854614402424,-0.3460660985923269,-0.431640625
12825,1.2033898305084745,-0.20751874963942185,-0.27338991744036006,-0.4756102607271456,-0.197265625
12826,-0.2627118644067797,0.8502198590705463,0.6229051556532761,0.43347565996344034,0.97265625
12827,-0.2542372881355932,0.0,-0.3726866356762749,-0.5052041156418035,-0.35546875
12828,-0.2627118644067797,0.4036774610288021,0.08523638745565483,0.013044668488178479,-0.181640625
12829,0.6807909604519774,0.0,-0.43111839828531157,-0.5691109269262127,-0.013671875
12830,-0.1638418079096045,0.4036774610288021,1.095807327244764,-0.7215466248811899,-0.169921875
12831,0.4717514124293785,0.0,-0.3474346435009943,-0.6037805746949155,-0.0390625
12832,-0.17796610169491525,-0.20751874963942185,-0.4342535726031728,-0.3011156334059281,-0.302734375
12833,0.14124293785310735,-0.5000000000000001,-0.3886806058257817,-0.3698555675245675,-0.431640625
12834,0.5282485875706214,-0.5000000000000001,-0.5424038570038524,-0.5363162534679564,-0.431640625
12835,0.9378531073446328,1.6961587113893808,1.027810633154855,0.6707468237990215,0.171875
12836,-0.1016949152542373,1.0000000000000002,1.0755299131153193,1.0976882932328629,0.89453125
12837,0.22033898305084745,-0.20751874963942185,-0.14324360965533744,0.3652517222233779,0.341796875
12838,-0.1751412429378531,0.7297158093186489,0.6551642555467945,0.9788420046374029,0.66015625
12839,-0.2627118644067797,1.3774437510817346,1.2818990078956933,0.7446080042324369,0.994140625
12840,0.13559322033898305,0.5,0.8179947774129521,0.5288171582474838,0.60546875
12841,-0.2570621468926554,1.6787760023090421,1.106895857894994,1.1533366319586205,0.57421875
12842,-0.07062146892655367,0.16096404744368117,0.42158631808912267,0.0,0.87109375
12843,-0.0847457627118644,1.4770981551934377,1.0774424596710142,0.6347923763412154,0.859375
12844,-0.1864406779661017,0.16096404744368117,-0.154634628975226,0.4003223972506149,0.669921875
12845,0.4858757062146893,0.16096404744368117,-0.4759325493041672,-0.3231745627721683,-0.38671875
12846,1.6581920903954803,-0.5000000000000001,-2.105959690988679,-1.9018456381848245,-0.431640625
12847,-0.2062146892655367,-0.20751874963942185,0.3281923329376532,0.4770418254852238,0.28125
12848,1.6384180790960452,-0.5000000000000001,-0.7578926152132005,-0.6037805746949155,-0.431640625
12849,-0.1807909604519774,0.4036774610288021,0.6669272663175723,0.6014830200294751,0.662109375
12850,0.9887005649717514,-0.5000000000000001,-0.5133044916329298,-1.6559092740307801,-0.431640625
12851,0.002824858757062147,-0.20751874963942185,-0.5989838986793126,0.2717510560243111,0.3125
12852,0.5621468926553672,-0.5000000000000001,-0.5438146521923917,-0.5691109269262127,-0.431640625
12853,0.11016949152542373,0.7924812503605783,0.8000006505849271,0.5397463495445953,0.619140625
12854,-0.0480225988700565,0.5,0.6542807623077374,0.8571244505314667,0.837890625
12855,0.7824858757062146,0.16096404744368117,-0.18475569159935964,0.21897398280902985,-0.373046875
12856,-0.24858757062146894,0.4036774610288021,0.48741572472820793,0.740732248512241,-0.322265625
12857,0.3248587570621469,0.4036774610288021,0.7692541223568734,0.2717510560243111,0.4921875
12858,0.8135593220338984,-0.5000000000000001,-0.9405151357294548,-0.1320609861045676,-0.431640625
12859,1.0254237288135593,-0.5000000000000001,-0.21851036454546444,-0.44739337282027586,-0.431640625
12860,1.689265536723164,-0.5000000000000001,-1.465940127776439,-0.6037805746949155,-0.431640625
12861,1.4802259887005649,-0.5000000000000001,-1.3455048100773273,-1.346066098592327,-0.431640625
12862,0.9322033898305084,-0.20751874963942185,0.06714822786160522,0.5815942314627645,-0.294921875
12863,-0.12146892655367232,0.4036774610288021,0.6213459543948104,-0.3698555675245675,0.6171875
12864,0.12146892655367232,-0.20751874963942185,-0.5646057778782763,-1.2354782825555186,0.291015625
12865,-0.19491525423728814,0.16096404744368117,0.7139059532782268,0.7446080042324369,0.447265625
12866,0.5310734463276836,0.0,0.1842631716223224,0.1509688200781701,-0.00390625
12867,-0.19491525423728814,0.9036774610288021,1.169630882813404,1.2579874964553999,0.9296875
12868,0.2542372881355932,0.5849625007211564,0.45535608074911277,0.38653649231868376,-0.02734375
12869,1.655367231638418,-0.5000000000000001,-0.5011183870293838,-0.1486799354509508,-0.431640625
12870,0.7909604519774012,0.0,0.350182953597012,0.3795242326418465,0.0546875
12871,-0.031073446327683617,0.0,-0.08172683116896264,-0.7215466248811899,0.26171875
12872,0.652542372881356,0.8502198590705463,0.7075459171067366,0.9437088079684638,0.369140625
12873,0.5282485875706214,0.0,0.4510565329890677,-0.1833495832196537,0.34765625
12874,0.8192090395480226,-0.20751874963942185,0.04724237976819604,-0.013331387333714908,-0.1015625
12875,0.13559322033898305,0.29248125036057815,0.23763706881438798,-1.6559092740307801,0.650390625
12876,-0.10734463276836158,0.16096404744368117,0.8232085505647594,0.571399811553432,0.609375
12877,-0.2598870056497175,1.1961587113893803,0.6490951905766909,0.7169427795800003,0.91015625
12878,0.3983050847457627,-0.20751874963942185,-0.007865034733453803,-0.10012973443828277,-0.373046875
12879,-0.1440677966101695,0.0,-0.22024916984584905,-1.0609836552343013,-0.33984375
12880,0.807909604519774,-0.20751874963942185,-0.16161640046019216,-0.20145700866623173,-0.0546875
12881,0.5084745762711864,-0.5000000000000001,-0.5673917203277443,-1.0609836552343013,-0.431640625
12882,-0.24293785310734464,-0.20751874963942185,0.27763753010668407,-0.7664970900675887,-0.384765625
12883,-0.20056497175141244,0.16096404744368117,-0.11149830669404193,-0.08477312416654154,-0.3046875
12884,-0.01977401129943503,-0.5000000000000001,-0.5480867837358715,-1.0609836552343013,-0.431640625
12885,-0.0903954802259887,0.0,0.16119411981318044,0.22809526306144287,-0.314453125
12886,-0.07909604519774012,-0.20751874963942185,0.24595854236204753,0.3045457294825673,-0.134765625
12887,0.8135593220338984,-0.5000000000000001,-0.7224481174826145,-0.7215466248811899,-0.431640625
12888,0.3361581920903955,-0.20751874963942185,-0.47588760798024604,-1.346066098592327,-0.3515625
12889,0.807909604519774,0.16096404744368117,-0.43089811236230635,-0.3460660985923269,-0.1953125
12890,-0.20056497175141244,-0.20751874963942185,-0.10957621440062347,0.6063549635431924,0.27734375
12891,0.2542372881355932,0.7924812503605783,-0.016947068239806597,-1.6559092740307801,0.494140625
12892,0.8502824858757062,-0.5000000000000001,-0.6328530135967844,-0.5363162534679564,-0.431640625
12893,-0.18361581920903955,-0.5000000000000001,-0.8446461948231281,-0.3011156334059281,-0.431640625
12894,1.3559322033898304,-0.5000000000000001,-0.9055264226483802,-0.44739337282027586,-0.431640625
12895,-0.1497175141242938,-0.20751874963942185,-0.44861645525245447,-0.42043099147526186,-0.345703125
12897,0.307909604519774,0.16096404744368117,-0.2778928775526366,-0.8678243642955378,0.23046875
12898,1.03954802259887,-0.20751874963942185,-0.5705859524295702,-0.3011156334059281,-0.048828125
12899,0.8983050847457628,-0.5000000000000001,-0.4578033078262082,-0.5691109269262127,-0.431640625
12900,0.923728813559322,-0.5000000000000001,-0.49695653793210104,-0.7215466248811899,-0.431640625
12901,-0.2457627118644068,1.4289904975637864,1.60214544272,-0.23937896292104863,0.080078125
12902,0.4774011299435028,-0.5000000000000001,-0.972263134169043,-0.8678243642955378,-0.431640625
12903,0.940677966101695,-0.5000000000000001,-0.021371575212658925,-0.055179269251883704,-0.431640625
12904,-0.2175141242937853,-0.20751874963942185,-0.29701241186494454,0.16116323998750257,-0.130859375
12905,1.3587570621468927,-0.20751874963942185,0.08508507855465532,0.08591864614335176,-0.224609375
12906,-0.23728813559322035,0.29248125036057815,0.6450437268599226,0.11931535806933405,-0.30078125
12907,0.847457627118644,-0.20751874963942185,-0.28343485715152283,-0.3946162996049949,-0.23828125
12908,0.2288135593220339,0.29248125036057815,0.3806930183765641,-1.9018456381848245,0.455078125
12909,-0.15819209039548024,0.5849625007211564,0.6774359286021638,0.5866279010690111,0.767578125
12910,-0.2033898305084746,0.9036774610288021,1.0097411827550833,0.3045457294825673,0.736328125
12911,1.2881355932203389,-0.5000000000000001,0.3421235047646932,0.951998964897582,-0.431640625
12912,-0.2627118644067797,0.29248125036057815,0.3455180483574723,-0.5691109269262127,-0.357421875
12913,-0.2570621468926554,0.9036774610288021,1.052625202346044,0.08591864614335176,1.001953125
12914,0.8615819209039548,-0.5000000000000001,-0.7186990432293832,-0.925635107117065,-0.431640625
12915,0.1497175141242938,0.16096404744368117,0.06198507803181714,0.013044668488178479,0.4296875
12916,0.12146892655367232,0.5,0.8726839792222018,0.35798751915499055,0.634765625
12917,0.09322033898305085,0.4036774610288021,0.8581783857002141,0.0,0.744140625
12918,1.5,-0.5000000000000001,1.3482399022418676,-1.9018456381848245,-0.431640625
12919,-0.2457627118644068,0.4036774610288021,0.2290281075390736,-0.16576708528869222,-0.1171875
12920,-0.22033898305084745,0.16096404744368117,-0.30719062647293766,0.16116323998750257,0.951171875
12921,-0.24293785310734464,2.1144093452479407,1.9697152098024142,1.1821798014972145,0.9921875
12922,0.1864406779661017,-0.5000000000000001,-0.40416148762895343,-0.27983086331062224,-0.431640625
12923,-0.08757062146892655,0.0,-0.06320286553649097,0.1083861667722219,0.56640625
12924,-0.01977401129943503,0.8502198590705463,0.5559500945049382,0.13005110216134985,0.822265625
12925,-0.2570621468926554,0.0,-0.09232064843990423,0.013044668488178479,0.716796875
12926,0.8926553672316384,0.16096404744368117,0.29932831991735154,0.9004681499930124,0.181640625
12927,0.844632768361582,-0.5000000000000001,-0.7858221543311313,-0.8150472910802568,-0.431640625
12928,-0.1694915254237288,0.8502198590705463,0.8515107220519229,0.4398942775998032,0.572265625
12929,0.6101694915254238,-0.5000000000000001,-1.0581708425123129,-0.9895419184014743,-0.431640625
12930,-0.0480225988700565,-0.20751874963942185,-0.3906933515348093,-0.4756102607271456,-0.25
12931,-0.20903954802259886,1.9289904975637862,2.4822877983922127,-0.11588526199269454,0.96875
12932,1.2542372881355932,0.5849625007211564,0.35699026220705465,0.2546639061865699,-0.181640625
12933,-0.20056497175141244,0.5849625007211564,0.33724415918956996,0.9709130851118736,0.9453125
12934,1.810734463276836,-0.5000000000000001,-0.8295812730275559,-1.6559092740307801,-0.431640625
12935,-0.2627118644067797,1.0000000000000002,0.8439169435409181,0.5504820936366117,0.75
12936,-0.22033898305084745,0.16096404744368117,0.10830369777829298,0.13005110216134985,-0.3125
12937,-0.22598870056497175,0.6609640474436815,0.6764788272538944,0.6254605967958908,0.9765625
12938,-0.1977401129943503,-0.5000000000000001,-1.0750412044152653,-0.925635107117065,-0.431640625
12939,-0.08757062146892655,1.1961587113893803,1.7928020782872855,-0.3698555675245675,0.802734375
12940,-0.11581920903954802,-0.20751874963942185,0.01921317924483334,0.39346861013024786,-0.3671875
12941,1.7768361581920904,-0.5000000000000001,-0.4419835381347401,-0.3011156334059281,-0.431640625
12942,0.1016949152542373,0.0,-0.13297125263379037,0.24593636415404438,0.025390625
12943,1.307909604519774,-0.20751874963942185,-0.2965417238863707,-0.42043099147526186,-0.33984375
12944,-0.1694915254237288,-0.20751874963942185,-0.19202402374265992,-0.25926775148775905,0.19140625
12945,0.5451977401129944,-0.20751874963942185,0.019461180629612,0.025814691870266956,0.287109375
12946,0.963276836158192,-0.5000000000000001,-0.5222997381266463,-0.4756102607271456,-0.431640625
12947,0.13559322033898305,0.4036774610288021,0.3265343889997222,0.3652517222233779,0.017578125
12948,-0.2231638418079096,0.6609640474436815,0.5221758467804706,0.40709960414154694,0.9765625
12949,-0.18361581920903955,1.2617809780285068,1.5338285838919417,1.2273984752692075,0.947265625
12950,-0.2627118644067797,0.0,0.4003812739430288,-0.7215466248811899,-0.388671875
12951,-0.2457627118644068,1.0000000000000002,0.6960479562791064,0.5343063695247384,0.916015625
12952,-0.2542372881355932,0.16096404744368117,0.2495675080471403,0.20971344100017061,-0.2890625
12953,-0.24293785310734464,-0.20751874963942185,-0.024388833592505002,0.0,0.5703125
12954,1.5338983050847457,-0.5000000000000001,-0.8886635371512832,-0.8678243642955378,-0.431640625
12955,-0.2655367231638418,0.7924812503605783,0.9046416856372823,0.35063526299703285,0.087890625
12956,0.596045197740113,0.16096404744368117,-0.2700629694594838,-0.04090675883341514,0.384765625
12957,-0.24293785310734464,0.9036774610288021,1.2261482147050993,1.3164005766714488,0.97265625
12958,0.8615819209039548,-0.20751874963942185,-0.3286728339570553,0.0,-0.07421875
12959,1.0988700564971752,-0.5000000000000001,-0.9274732214730792,-0.9895419184014743,-0.431640625
12960,0.8983050847457628,0.16096404744368117,0.22377897005378666,0.05057542395069435,0.052734375
12961,0.8022598870056498,-0.5000000000000001,-0.7478326826617991,-0.11588526199269454,-0.431640625
12962,-0.24858757062146894,-0.20751874963942185,-0.6268307648324469,-0.6405526637590393,-0.224609375
12963,-0.2457627118644068,0.8502198590705463,0.6996875595165143,0.6301444324754325,0.56640625
12964,0.9661016949152542,-0.5000000000000001,-0.9973728917412217,-0.3231745627721683,-0.431640625
12965,-0.01694915254237288,-0.5000000000000001,-0.06362368139788419,0.5232778164932019,-0.431640625
12966,-0.24293785310734464,-0.5000000000000001,-0.896103241448492,-0.8678243642955378,-0.431640625
12967,0.7429378531073446,0.0,0.6484404846576463,0.025814691870266956,-0.3828125
12968,0.0480225988700565,-0.5000000000000001,-0.9827631235557007,-1.2354782825555186,-0.431640625
12969,1.4322033898305084,-0.5000000000000001,-1.037970069346912,-1.2354782825555186,-0.431640625
12970,-0.24858757062146894,0.7297158093186489,0.2741963740474041,1.0976882932328629,0.990234375
12971,-0.2598870056497175,2.435182359791703,1.5398886053528353,0.4889354164834149,0.9765625
12972,0.8983050847457628,0.16096404744368117,0.15481527420422594,0.2546639061865699,0.052734375
12973,0.8983050847457628,-0.5000000000000001,-0.43077424160596267,-1.1419776163564517,-0.431640625
12974,0.288135593220339,-0.20751874963942185,-0.39950866370529164,-0.3011156334059281,0.287109375
12975,0.963276836158192,0.4036774610288021,0.4698126181271931,0.4269883927082576,0.1484375
12976,0.327683615819209,0.5849625007211564,0.6864738505600395,0.5120450194302928,0.455078125
12977,0.17231638418079095,0.16096404744368117,-0.2782750163194498,0.1083861667722219,0.26171875
12978,0.8192090395480226,0.29248125036057815,0.5630983387152338,0.6159830023075147,0.240234375
12979,1.7909604519774012,-0.5000000000000001,-0.2743428431687097,0.13005110216134985,-0.431640625
12980,0.1751412429378531,1.229715809318649,1.5579101266347974,-1.0609836552343013,0.701171875
12981,-0.1864406779661017,-0.20751874963942185,-0.4494425069758705,-0.7664970900675887,-0.228515625
12982,0.4152542372881356,0.5849625007211564,0.6121764689173023,0.6750948976618313,0.279296875
12983,1.42090395480226,-0.5000000000000001,-0.3034511297414337,-0.23937896292104863,-0.431640625
12984,-0.2175141242937853,-0.5000000000000001,-1.1580764897997173,-1.346066098592327,-0.431640625
12985,-0.268361581920904,-0.20751874963942185,0.18944767140291421,0.2883700053706945,-0.376953125
12986,0.940677966101695,0.7297158093186489,0.6092683022989046,0.18105202855421326,0.07421875
12987,-0.062146892655367235,0.29248125036057815,0.21979974231612692,0.18105202855421326,0.76953125
12988,0.556497175141243,-0.5000000000000001,-0.2866683028244116,0.3045457294825673,-0.431640625
12989,-0.2598870056497175,1.54373142062517,1.4614624455771745,0.06258678093439042,0.986328125
12990,-0.1807909604519774,0.5,0.05119460765405012,-0.925635107117065,0.716796875
12991,-0.2033898305084746,0.0,-0.06707865039487149,0.0,0.283203125
12992,1.7796610169491525,-0.5000000000000001,-1.180974982458845,-1.1419776163564517,-0.431640625
12993,-0.2033898305084746,0.5849625007211564,0.19806217943175886,0.14060012816463935,0.810546875
12994,-0.2570621468926554,0.0,0.06161435692424302,0.08591864614335176,0.083984375
12995,-0.02824858757062147,-0.5000000000000001,-0.749508709458775,-1.4814146467095628,-0.431640625
12996,0.7909604519774012,-0.5000000000000001,-0.47382440063354636,-0.42043099147526186,-0.431640625
12997,-0.2062146892655367,0.5849625007211564,0.47254504247558987,0.21897398280902985,0.720703125
12998,1.1214689265536724,0.0,0.031121573527750794,0.1509688200781701,-0.1171875
12999,0.2853107344632768,0.0,-0.3418515532261275,-0.3460660985923269,-0.3359375
13000,0.031073446327683617,0.16096404744368117,0.09238215387405664,0.14060012816463935,0.77734375
13001,-0.2570621468926554,1.54373142062517,1.766426942862301,1.1393922544702195,0.998046875
13002,0.6299435028248588,0.0,-0.39282905847568156,-0.5052041156418035,-0.205078125
13003,0.02824858757062147,0.0,-0.9341668834671636,-1.346066098592327,-0.21875
13004,-0.23728813559322035,1.6047266828144753,1.3810698021649304,1.3385670033718542,0.9609375
13005,0.22033898305084745,0.16096404744368117,0.07521500096409965,-0.055179269251883704,0.123046875
13006,-0.11016949152542373,-0.5000000000000001,-1.2519201447210093,-1.346066098592327,-0.431640625
13007,1.3672316384180792,-0.5000000000000001,-0.8485554936428316,-0.8150472910802568,-0.431640625
13008,0.6440677966101694,0.0,-0.18537134437695788,-0.22012167228377744,0.349609375
13009,1.6299435028248588,-0.5000000000000001,-0.6955192866366686,-1.346066098592327,-0.431640625
13010,0.788135593220339,-0.20751874963942185,-0.5131116699208995,-0.8678243642955378,0.103515625
13011,0.7824858757062146,-0.5000000000000001,-1.502524814366628,-1.4814146467095628,-0.431640625
13012,-0.24293785310734464,0.7924812503605783,0.6519235744946154,0.44624568334552855,0.70703125
13013,-0.2655367231638418,1.4534452978042598,1.3551837882555293,1.116810659232399,0.982421875
13014,-0.2401129943502825,0.7924812503605783,0.9701869048022052,0.6794120241174847,0.392578125
13015,-0.11864406779661017,0.7924812503605783,1.0771531460068526,1.05290384794799,0.642578125
13016,-0.062146892655367235,0.0,-0.04994319864439244,-0.08477312416654154,-0.333984375
13017,-0.24858757062146894,-0.5000000000000001,-0.7681724125996038,-1.9018456381848245,-0.431640625
13018,-0.2231638418079096,1.5849625007211563,1.2870472497937469,1.314893610166011,0.802734375
13019,0.8022598870056498,0.4036774610288021,0.18538796665599572,0.013044668488178479,0.259765625
13020,1.3192090395480225,-0.20751874963942185,-0.1794782722107897,-0.10012973443828277,-0.2421875
13021,-0.2570621468926554,1.0849625007211563,0.9189894084569775,0.782061486784926,0.994140625
13022,0.943502824858757,-0.5000000000000001,-1.368662885506801,-1.2354782825555186,-0.431640625
13023,-0.08757062146892655,0.0,0.2725224446750198,0.2546639061865699,0.474609375
13024,1.0593220338983051,-0.20751874963942185,-0.23657020768853698,-0.3231745627721683,-0.212890625
13025,1.7966101694915255,-0.5000000000000001,-0.5240351845087349,-0.7215466248811899,-0.431640625
13026,-0.2655367231638418,0.6609640474436815,0.3676867709365688,0.08591864614335176,0.984375
13027,0.05084745762711865,1.1609640474436813,1.589481665972006,-1.0609836552343013,0.69140625
13028,-0.2062146892655367,-0.20751874963942185,-0.144318785163294,-0.06979572847822901,-0.38671875
13029,-0.18361581920903955,0.29248125036057815,0.4241609016694935,-0.7215466248811899,0.53125
13030,-0.23728813559322035,-0.20751874963942185,-0.07574845967835216,0.31247464900809724,0.265625
13031,0.8813559322033898,0.29248125036057815,0.708981994798714,1.0867983471045677,-0.14453125
13032,-0.12146892655367232,0.6609640474436815,0.6257852389451896,0.7088009968459559,0.365234375
13033,0.7401129943502824,-0.20751874963942185,-0.7268717028216145,-0.7664970900675887,-0.291015625
13034,-0.11581920903954802,0.0,-0.07266493428653636,-0.04090675883341514,0.24609375
13035,-0.062146892655367235,0.0,0.24045395776367193,-0.3011156334059281,0.267578125
13036,1.6638418079096045,-0.5000000000000001,-0.5514430280595747,-1.1419776163564517,-0.431640625
13037,0.12146892655367232,0.8502198590705463,0.8010136611492366,0.8342329147113078,0.736328125
13038,-0.0423728813559322,0.0,0.024367836780497167,-0.3698555675245675,-0.021484375
13039,1.38135593220339,0.16096404744368117,0.08105700114634386,-0.11588526199269454,-0.162109375
13040,-0.2457627118644068,-0.20751874963942185,-0.131879514506497,-0.10012973443828277,-0.3828125
13041,1.002824858757062,0.16096404744368117,-0.04376427817840735,-0.3946162996049949,-0.16015625
13042,1.42090395480226,0.0,0.28684111530717926,0.7747535224015276,-0.169921875
13043,0.5028248587570622,-0.5000000000000001,-0.27565719466488703,-0.7215466248811899,-0.431640625
13044,0.5536723163841808,0.7924812503605783,0.9147073667393801,1.2428857942380251,0.3671875
13045,0.011299435028248588,0.0,-0.03729493676512549,-0.055179269251883704,0.32421875
13046,-0.18361581920903955,0.0,0.04770722817396035,0.06258678093439042,0.400390625
13047,-0.1807909604519774,1.3219280948873624,1.2088606520714633,0.8635092853442145,0.919921875
13048,-0.2288135593220339,0.6609640474436815,0.8189360374474149,0.6111880863774223,0.87109375
13049,-0.08757062146892655,0.16096404744368117,0.2573435763919323,-0.5052041156418035,0.2265625
13050,-0.2288135593220339,1.5849625007211563,1.3961781582429553,1.4639670284114537,0.955078125
13051,1.3644067796610169,-0.20751874963942185,-0.9107591641217,-1.346066098592327,-0.3515625
13052,0.3305084745762712,0.5,0.6801946638712012,0.7636237843323993,0.431640625
13053,1.4858757062146892,-0.5000000000000001,-1.0160216377604685,-0.5691109269262127,-0.431640625
13055,-0.0480225988700565,0.16096404744368117,0.5230195520845061,0.700548438163026,0.25390625
13056,1.2881355932203389,-0.5000000000000001,-0.7541388798804803,-0.5363162534679564,-0.431640625
13057,1.228813559322034,0.0,-0.1068968995193064,-0.16576708528869222,-0.234375
13058,-0.20056497175141244,0.0,-0.6169557728328986,-1.2354782825555186,-0.18359375
13059,0.4350282485875706,0.7297158093186489,0.5162553443204984,0.740732248512241,0.2890625
13060,0.4463276836158192,-0.5000000000000001,-0.5507011111558052,-0.6405526637590393,-0.431640625
13061,-0.06497175141242938,-0.5000000000000001,-0.6634343738645598,-0.8678243642955378,-0.431640625
13062,0.2711864406779661,-0.5000000000000001,-0.48669217663541414,-0.8150472910802568,-0.431640625
13063,1.0875706214689265,-0.5000000000000001,-0.8102766417263079,-0.7664970900675887,-0.431640625
13064,-0.2344632768361582,0.4036774610288021,0.3469680704742228,0.1509688200781701,0.69921875
13065,0.7853107344632768,0.29248125036057815,0.10386427249654619,0.05057542395069435,-0.091796875
13066,-0.20056497175141244,-0.20751874963942185,-0.32475724658881755,0.03832139694718311,-0.416015625
13067,-0.03672316384180791,0.0,-0.2838523204055429,-0.3698555675245675,0.279296875
13068,-0.2401129943502825,-0.20751874963942185,-0.4912673718637945,-1.9018456381848245,0.171875
13069,-0.268361581920904,1.6427011094311244,1.2603055354737187,1.5309342763006677,0.62890625
13070,0.2740112994350282,0.16096404744368117,-0.07627119013183595,-0.7664970900675887,0.623046875
13071,1.46045197740113,-0.5000000000000001,-1.0095690392481071,-0.7664970900675887,-0.431640625
13072,0.4830508474576271,-0.5000000000000001,-0.8428515472034869,-1.0609836552343013,-0.431640625
13073,0.8926553672316384,-0.20751874963942185,-0.38779131162851377,-0.3460660985923269,-0.380859375
13074,1.1751412429378532,0.16096404744368117,0.2460896465521635,-0.3231745627721683,-0.017578125
13075,0.096045197740113,-0.5000000000000001,0.030850059215392026,-0.42043099147526186,-0.431640625
13076,1.0225988700564972,-0.5000000000000001,-0.9849038224635058,-0.925635107117065,-0.431640625
13077,-0.2655367231638418,0.7924812503605783,0.6113699149413246,0.9181360118965923,0.98828125
13078,-0.2598870056497175,1.9289904975637862,1.8664795616341554,0.732905640483359,1.00390625
13079,-0.2570621468926554,0.4036774610288021,-0.38639684604725255,-0.8150472910802568,0.375
13080,0.23728813559322035,0.16096404744368117,-0.599040541703453,-0.5691109269262127,0.408203125
13081,-0.23728813559322035,1.4289904975637864,2.2241056866179862,1.684191306414233,0.974609375
13082,0.08757062146892655,1.229715809318649,1.1350002271724091,0.4710064154259565,0.72265625
13083,-0.2570621468926554,0.0,-0.41734842477636197,-0.5052041156418035,0.390625
13084,1.11864406779661,-0.5000000000000001,-1.0381855698403253,-1.6559092740307801,-0.431640625
13085,0.1751412429378531,0.5849625007211564,0.5481147823075659,0.06258678093439042,0.703125
13086,0.8107344632768362,-0.5000000000000001,-0.36147903340310716,0.025814691870266956,-0.431640625
13087,1.7824858757062148,-0.5000000000000001,-0.5402692936783362,-0.6405526637590393,-0.431640625
13088,0.9096045197740112,-0.5000000000000001,-0.6907642536119564,-0.5052041156418035,-0.431640625
13089,-0.2627118644067797,2.836212670985748,2.5916123490472813,1.7747535224015278,1.00390625
13090,-0.2457627118644068,1.3219280948873624,1.443092913054947,0.7710662544722947,0.517578125
13091,-0.18926553672316385,0.0,0.523182178304944,-0.055179269251883704,0.9375
13092,-0.07062146892655367,0.8502198590705463,0.4798919987605782,0.08591864614335176,0.734375
13093,0.5084745762711864,1.9036774610288025,2.1982741136343296,0.8914374069012179,0.466796875
13094,-0.20903954802259886,0.9036774610288021,0.4968019361070595,-1.2354782825555186,0.287109375
13095,-0.07062146892655367,-0.5000000000000001,-1.3002432044011216,-1.1419776163564517,-0.431640625
13096,0.844632768361582,-0.5000000000000001,-0.38573891441650004,-1.9018456381848245,-0.431640625
13097,-0.17796610169491525,1.4289904975637864,1.4524509908687009,1.2980650634899091,0.947265625
13098,-0.2655367231638418,1.4289904975637864,1.8639876157368087,0.7446080042324369,0.185546875
13099,0.011299435028248588,-0.5000000000000001,-0.7595240919321722,-1.9018456381848245,-0.431640625
13101,0.3926553672316384,0.16096404744368117,-0.117627338769893,0.03832139694718311,0.44140625
13102,-0.2655367231638418,1.6239637567217928,1.3685628843775595,0.9296350047447086,0.703125
13103,-0.15819209039548024,0.0,-0.10685946976051067,-0.3011156334059281,0.619140625
13104,-0.2598870056497175,0.6609640474436815,0.36027909890347154,-0.6405526637590393,0.837890625
13105,0.963276836158192,-0.5000000000000001,-1.31745105387695,-1.9018456381848245,-0.431640625
13106,0.10734463276836158,-0.20751874963942185,-0.1929472883673382,-0.6405526637590393,0.115234375
13107,-0.1440677966101695,0.6609640474436815,0.9573815444378454,0.6879551752969598,0.796875
13108,0.7824858757062146,-0.20751874963942185,-0.07856596920397507,-0.3011156334059281,-0.30859375
13109,-0.1016949152542373,0.0,0.14223132950783937,0.14060012816463935,0.529296875
13110,-0.1807909604519774,0.8502198590705463,0.6518588467755229,0.7856827136986397,0.94921875
13111,1.7598870056497176,-0.5000000000000001,-0.5265171951932647,-0.7664970900675887,-0.431640625
13112,1.2598870056497176,-0.5000000000000001,-1.9652575279664952,-1.6559092740307801,-0.431640625
13113,-0.268361581920904,1.6239637567217928,1.6192095730466176,0.782061486784926,0.78125
13114,1.7937853107344632,-0.5000000000000001,-0.6946597859391577,-0.6037805746949155,-0.431640625
13115,-0.23728813559322035,0.7297158093186489,0.9813001705278745,0.824151457593332,0.716796875
13116,0.12146892655367232,-0.5000000000000001,-0.29160329432251825,-0.23937896292104863,-0.431640625
13117,-0.20903954802259886,1.1239637567217928,0.5078105123657559,0.5965716271510767,0.744140625
13118,-0.21468926553672316,0.6609640474436815,0.5441952487508535,0.5397463495445953,0.388671875
13119,1.61864406779661,-0.5000000000000001,-0.9868574161417425,-0.8150472910802568,-0.431640625
13120,0.403954802259887,-0.5000000000000001,-1.7628648753334584,-1.9018456381848245,-0.431640625
13121,0.4915254237288136,-0.5000000000000001,-0.5934058850534981,0.06258678093439042,-0.431640625
13122,-0.002824858757062147,-0.20751874963942185,0.032454026841410695,0.1083861667722219,-0.146484375
13123,1.0649717514124293,-0.20751874963942185,-0.2856930607178492,-0.1320609861045676,-0.3203125
13124,-0.01694915254237288,0.16096404744368117,0.8915694613460284,0.9409200503825863,0.146484375
13125,1.2090395480225988,-0.5000000000000001,-0.9356935243060887,-0.4756102607271456,-0.431640625
13126,-0.2570621468926554,0.9036774610288021,0.7816273204836951,0.8408619829505237,0.82421875
13127,-0.05084745762711865,-0.5000000000000001,-0.6413921887145784,-0.6405526637590393,-0.431640625
13128,1.5141242937853108,-0.5000000000000001,-0.6326116145785526,-1.9018456381848245,-0.431640625
13129,1.0084745762711864,-0.20751874963942185,-0.6972197557267834,-0.8678243642955378,-0.28125
13130,-0.002824858757062147,-0.5000000000000001,-1.3791971497532185,-1.6559092740307801,-0.431640625
13131,-0.2033898305084746,0.5,0.7123515451259684,0.5176874201783555,0.828125
13132,0.4689265536723164,-0.5000000000000001,-1.2801667477889995,-1.4814146467095628,-0.431640625
13133,0.5028248587570622,0.0,-0.7774651498795107,-0.7664970900675887,-0.068359375
13134,-0.02824858757062147,0.4036774610288021,0.5572040170732102,0.5343063695247384,0.21484375
13135,0.2853107344632768,-0.20751874963942185,0.7215285677266802,-0.5363162534679564,0.14453125
13136,-0.11016949152542373,0.9036774610288021,1.0518899296133382,0.9064148025895307,0.88671875
13137,-0.2401129943502825,1.04373142062517,1.152908323790773,1.5864350688606037,0.529296875
13138,-0.2062146892655367,0.5,0.20409592979512733,-0.055179269251883704,0.298828125
13139,-0.2231638418079096,0.5849625007211564,1.1944329575495776,0.9353037722343442,0.390625
13140,0.03672316384180791,0.29248125036057815,0.10379878370174321,0.40709960414154694,0.31640625
13141,-0.031073446327683617,1.0849625007211563,1.1577335285168149,1.1083861667722217,0.830078125
13142,-0.21468926553672316,-0.5000000000000001,-0.5514602942586614,-0.3946162996049949,-0.431640625
13143,1.38135593220339,-0.5000000000000001,-0.4045281419094206,-0.3946162996049949,-0.431640625
13144,0.6694915254237288,-0.20751874963942185,-0.9850988592982168,-1.1419776163564517,-0.23828125
13145,-0.15819209039548024,0.5,0.13964262826665141,-1.2354782825555186,0.662109375
13146,-0.19491525423728814,-0.5000000000000001,-0.7071679913966441,-0.6037805746949155,-0.431640625
13147,-0.2401129943502825,0.16096404744368117,-0.10449923596550374,-1.9018456381848245,-0.2578125
13148,-0.1864406779661017,1.3774437510817346,1.213215467442848,1.385999956497377,0.94140625
13149,-0.2288135593220339,0.16096404744368117,0.34990072072966316,0.31247464900809724,0.10546875
13150,1.0988700564971752,0.0,-0.34877768752220895,-1.0609836552343013,-0.146484375
13151,0.5649717514124294,0.0,0.5550470758987964,0.6394049742842918,0.216796875
13152,0.9096045197740112,0.5,0.48140528088071044,0.5557795395924977,0.109375
13153,-0.2542372881355932,-0.5000000000000001,-0.3076489988696389,-0.6405526637590393,-0.431640625
13154,0.8587570621468926,0.0,0.3334004771007506,0.3280281603386806,0.224609375
13155,-0.1751412429378531,0.4036774610288021,0.2428954074452358,0.33565786730872005,0.462890625
13156,0.8192090395480226,0.0,0.3207190349641099,0.4398942775998032,0.13671875
13157,-0.12994350282485875,0.6609640474436815,0.9996294934093032,0.8069674837939456,0.724609375
13158,-0.002824858757062147,0.29248125036057815,0.2937915000637374,0.2632676491154024,0.142578125
13159,-0.2457627118644068,0.16096404744368117,0.2652531302255527,0.5557795395924977,-0.22265625
13160,-0.2062146892655367,-0.5000000000000001,-1.1897867531526425,-1.346066098592327,-0.431640625
13161,0.615819209039548,-0.20751874963942185,-0.3232597574521283,-0.23937896292104863,-0.06640625
13162,0.07627118644067797,1.04373142062517,1.2597919697043858,0.8506716906696332,0.765625
13163,1.4548022598870056,-0.5000000000000001,-2.043374782547767,-1.6559092740307801,-0.431640625
13164,1.3389830508474576,-0.20751874963942185,-0.44947101440926435,-1.0609836552343013,-0.240234375
13165,-0.1384180790960452,0.0,0.2733032903879253,0.025814691870266956,0.28515625
13166,0.5310734463276836,-0.20751874963942185,0.004991700271002969,0.11931535806933405,-0.17578125
13167,-0.2175141242937853,0.29248125036057815,0.13805310806960422,0.20971344100017061,0.294921875
13168,-0.16666666666666666,0.29248125036057815,0.3997260137511499,0.6207403106667461,0.556640625
13169,-0.0903954802259887,0.0,-0.017212641880454377,-0.6037805746949155,0.54296875
13170,-0.19491525423728814,-0.5000000000000001,-1.1002547484250729,-0.25926775148775905,-0.431640625
13171,-0.20903954802259886,0.0,-0.3274588630373246,-0.11588526199269454,0.111328125
13172,0.8615819209039548,-0.5000000000000001,-1.3352342014970857,-1.9018456381848245,-0.431640625
13173,-0.2570621468926554,0.7924812503605783,0.540752053590394,0.7598680218283731,0.984375
13174,-0.2231638418079096,0.8502198590705463,1.180797170002667,1.5608299743200553,0.97265625
13175,1.3757062146892656,-0.20751874963942185,-0.022699105875921773,-0.06979572847822901,-0.1328125
13176,-0.1384180790960452,-0.5000000000000001,-0.31283860145152326,0.22809526306144287,-0.431640625
13177,-0.08757062146892655,-0.20751874963942185,-0.2800135941917789,-0.3946162996049949,0.283203125
13178,-0.19491525423728814,1.229715809318649,1.4810162980841364,0.8760807966294769,0.9296875
13179,1.4774011299435028,-0.5000000000000001,-0.22109287135382746,-0.16576708528869222,-0.431640625
13180,1.4463276836158192,-0.5000000000000001,-1.2235077553981526,-1.346066098592327,-0.431640625
13181,0.807909604519774,-0.5000000000000001,-0.4676086135617469,-0.5052041156418035,-0.431640625
13182,-0.14124293785310735,-0.5000000000000001,-1.043471017768288,-0.8150472910802568,-0.431640625
13183,-0.24858757062146894,1.0000000000000002,1.1128235193193083,0.20971344100017061,0.794921875
13184,-0.2288135593220339,0.7297158093186489,0.34764063645148674,0.6707468237990215,0.107421875
13185,0.4858757062146893,-0.5000000000000001,-1.3218414196010577,-1.9018456381848245,-0.431640625
13186,-0.15819209039548024,0.0,0.3171383414919096,0.2546639061865699,-0.2578125
13187,0.6836158192090396,0.16096404744368117,-0.49535369961630027,0.07436489288293499,0.12890625
13188,-0.23728813559322035,-0.5000000000000001,-1.0729201739384424,-1.6559092740307801,-0.431640625
13189,-0.2175141242937853,-0.20751874963942185,-0.6383136553716424,-0.25926775148775905,-0.2421875
13190,1.268361581920904,0.0,-0.2226260809449772,-0.6037805746949155,-0.064453125
13191,1.5903954802259888,-0.5000000000000001,-0.8814227555426183,0.1509688200781701,-0.431640625
13192,0.0,0.4036774610288021,0.5748151510726013,0.6575123997308701,0.72265625
13193,-0.096045197740113,-0.5000000000000001,-1.0846448628325809,-0.42043099147526186,-0.431640625
13194,0.11299435028248588,-0.20751874963942185,-0.3225294325452726,-0.8678243642955378,0.126953125
13195,0.9011299435028248,-0.5000000000000001,-0.979741919065686,-0.02696238134501425,-0.431640625
13196,-0.23728813559322035,0.5,0.671516580544637,0.6836986405906643,0.751953125
13197,1.4519774011299436,-0.5000000000000001,-0.44831768357332025,-0.5052041156418035,-0.431640625
13198,-0.2401129943502825,0.5849625007211564,0.9283728521756932,1.0644137513109404,0.396484375
13199,-0.2598870056497175,2.04373142062517,1.5486099482892555,0.18105202855421326,0.99609375
13200,-0.21468926553672316,0.16096404744368117,0.0014371926002987629,-0.04090675883341514,-0.22265625
13201,1.1497175141242937,0.16096404744368117,0.18673027819683513,0.21897398280902985,-0.158203125
13202,0.844632768361582,0.5,0.3186239761000296,0.11931535806933405,0.224609375
13203,-0.24293785310734464,0.7297158093186489,0.5931324437079942,0.7522860017726577,0.9609375
13204,1.7966101694915255,-0.5000000000000001,0.057365376417219546,0.14060012816463935,-0.431640625
13205,0.9830508474576272,-0.5000000000000001,0.623370129239102,-1.9018456381848245,-0.431640625
13206,0.8615819209039548,0.9036774610288021,1.2012116173004777,1.3027011653450429,0.216796875
13207,-0.22598870056497175,0.16096404744368117,-0.2560371085003866,-0.8678243642955378,0.734375
13208,-0.10451977401129943,0.6609640474436815,0.43750970996915073,0.8883970310794748,0.892578125
13209,-0.18361581920903955,0.9036774610288021,1.2139466717865666,1.1062616332291095,0.845703125
13210,-0.005649717514124294,-0.5000000000000001,-0.47684718066111653,-0.42043099147526186,-0.431640625
13211,-0.2401129943502825,0.7297158093186489,0.5871797497639676,0.46491034696307426,0.98046875
13212,-0.21468926553672316,0.0,-0.05200538661731927,0.6254605967958908,-0.349609375
13213,-0.11016949152542373,0.7924812503605783,0.7923264523484681,0.8342329147113078,0.568359375
13214,0.9096045197740112,0.5,0.7043412280955669,0.9152268758334584,0.015625
13215,0.867231638418079,-0.5000000000000001,-1.2517269027400568,-1.9018456381848245,-0.431640625
13216,0.4858757062146893,-0.5000000000000001,-0.5073274963996591,-1.2354782825555186,-0.431640625
13217,0.07627118644067797,0.16096404744368117,-0.14019043104411463,-1.4814146467095628,0.609375
13218,0.0903954802259887,-0.5000000000000001,-1.3904455418937423,-1.2354782825555186,-0.431640625
13219,1.4774011299435028,-0.5000000000000001,-1.2874863562035928,-0.8150472910802568,-0.431640625
13220,-0.0480225988700565,0.29248125036057815,0.22938629424808418,0.013044668488178479,0.5390625
13221,0.4096045197740113,-0.20751874963942185,-0.012596677337074383,0.19075709490216042,-0.19921875
13222,1.3615819209039548,-0.5000000000000001,-1.20904807575372,-1.9018456381848245,-0.431640625
13223,0.2966101694915254,0.4036774610288021,0.05871602467074916,-0.9895419184014743,0.4765625
13224,-0.09887005649717515,-0.20751874963942185,0.4837707565401421,0.48301777240965205,-0.25390625
13225,-0.2598870056497175,1.04373142062517,1.5583778137441122,0.17118914935083235,0.97265625
13226,0.5028248587570622,-0.20751874963942185,-0.5422680742296574,-0.27983086331062224,-0.197265625
13227,0.2994350282485876,-0.5000000000000001,-0.6444063835781171,-0.925635107117065,-0.431640625
13228,-0.03954802259887006,-0.5000000000000001,-0.47010696439632343,-1.6559092740307801,-0.431640625
13229,0.3672316384180791,-0.5000000000000001,-0.8935679630461919,-0.8678243642955378,-0.431640625
13230,-0.2570621468926554,1.4770981551934377,1.0386251095010832,1.61007616359777,0.79296875
13232,-0.2344632768361582,0.5,0.22629797808098803,0.7088009968459559,0.01953125
13233,-0.059322033898305086,0.16096404744368117,0.1617546328245626,0.29651178810473844,0.779296875
13234,1.6299435028248588,-0.20751874963942185,-0.48742646737472,0.13005110216134985,-0.314453125
13235,0.3305084745762712,-0.5000000000000001,0.09164559480769302,0.09725642870309359,-0.431640625
13236,-0.20056497175141244,-0.20751874963942185,-0.08113452023238259,-0.16576708528869222,-0.271484375
13237,0.8248587570621468,-0.5000000000000001,-0.15924039766611195,-0.3698555675245675,-0.431640625
13238,-0.22033898305084745,0.4036774610288021,0.07889686017502368,-0.3698555675245675,0.6875
13239,0.4689265536723164,0.29248125036057815,0.32344300250844193,0.38653649231868376,0.0390625
13240,0.002824858757062147,0.5849625007211564,0.28225022124889426,0.7598680218283731,0.654296875
13241,0.8926553672316384,-0.5000000000000001,-1.0825321259985388,-0.06979572847822901,-0.431640625
13242,0.0480225988700565,0.5,-0.11458057808901828,-0.5052041156418035,0.654296875
13243,0.3050847457627119,0.29248125036057815,0.18123606917319665,0.7784185106302525,0.404296875
13244,-0.00847457627118644,-0.5000000000000001,-1.0410383885250107,-0.3011156334059281,-0.431640625
13245,-0.1271186440677966,-0.20751874963942185,0.06962518352643855,-0.02696238134501425,0.314453125
13246,-0.2175141242937853,0.7924812503605783,0.7184120209175143,0.9762105310677597,0.55859375
13247,-0.22033898305084745,0.16096404744368117,-0.2916244825789772,-0.5363162534679564,-0.3046875
13248,0.08192090395480225,-0.20751874963942185,-0.3305616907570467,-0.3460660985923269,-0.3046875
13249,-0.00847457627118644,0.6609640474436815,0.3281692036104588,-0.44739337282027586,0.724609375
13250,1.0310734463276836,-0.20751874963942185,-0.6539713724389957,-0.5691109269262127,-0.349609375
13251,0.867231638418079,-0.5000000000000001,-0.65483044194406,-0.3460660985923269,-0.431640625
13252,0.844632768361582,-0.20751874963942185,-0.4121805188381234,-0.5052041156418035,0.01953125
13253,0.17231638418079095,0.16096404744368117,0.6507140231758304,0.2883700053706945,0.63671875
13254,0.7937853107344632,-0.5000000000000001,-1.4937233795383,-1.346066098592327,-0.431640625
13255,-0.24293785310734464,0.0,-0.13049255081826122,-0.3231745627721683,0.55078125
13257,0.963276836158192,-0.5000000000000001,-0.931690987558234,-1.0609836552343013,-0.431640625
13258,-0.23728813559322035,0.29248125036057815,0.08037302762871879,-0.25926775148775905,0.328125
13259,-0.096045197740113,0.6609640474436815,0.25518756488252914,0.9892551995559381,0.8125
13260,-0.096045197740113,-0.5000000000000001,-0.23490110093726485,-0.9895419184014743,-0.431640625
13261,0.4887005649717514,-0.20751874963942185,0.04481634681702413,-0.9895419184014743,-0.3984375
13262,0.4745762711864407,0.0,-0.22003613828308538,0.03832139694718311,0.2265625
13263,-0.2655367231638418,1.6609640474436818,1.2242651710083257,1.4568449852580385,0.373046875
13264,0.980225988700565,-0.5000000000000001,-0.09727482691793854,-0.10012973443828277,-0.431640625
13265,-0.11864406779661017,0.29248125036057815,0.4679281249242181,0.22809526306144287,-0.001953125
13266,-0.23728813559322035,1.1609640474436813,1.0399297312994726,0.736831568146711,0.95703125
13267,-0.2627118644067797,1.6047266828144753,1.2685686917626533,0.7289541365636965,0.994140625
13268,-0.22033898305084745,0.7924812503605783,0.6895599034264116,1.0458915882711528,0.056640625
13269,-0.2655367231638418,1.4289904975637864,1.215682146075268,0.9994926359332469,1.005859375
13270,0.7655367231638418,-0.5000000000000001,-0.2049268176594856,-1.9018456381848245,-0.431640625
13271,-0.1638418079096045,-0.5000000000000001,-0.7490829487273933,0.33565786730872005,-0.431640625
13272,-0.1807909604519774,-0.20751874963942185,-0.6069731943613252,-0.6405526637590393,-0.318359375
13273,0.05084745762711865,-0.5000000000000001,-0.9711218272289699,-0.6037805746949155,-0.431640625
13274,0.8870056497175142,-0.5000000000000001,-0.46590053493746403,-0.5052041156418035,-0.431640625
13275,0.8135593220338984,-0.20751874963942185,-0.6846300550165226,0.03832139694718311,0.0546875
13276,-0.0903954802259887,0.29248125036057815,0.4143071079877953,0.9210312618158757,0.69921875
13277,-0.22598870056497175,0.5,-0.26863043433617495,-0.8678243642955378,0.591796875
13278,-0.1553672316384181,0.16096404744368117,0.2676650757949214,0.343192792857138,0.681640625
13279,-0.0480225988700565,-0.5000000000000001,-0.9758168273292936,-0.925635107117065,-0.431640625
13280,0.07627118644067797,0.5,0.5166171686760647,0.7560888587839819,0.587890625
13281,0.9717514124293786,-0.5000000000000001,-0.48080869738101645,-0.42043099147526186,-0.431640625
13282,-0.2175141242937853,0.16096404744368117,0.22019657852353872,-0.04090675883341514,0.326171875
13283,-0.1016949152542373,0.16096404744368117,-0.44782010336613626,-0.5052041156418035,0.703125
13284,0.6638418079096046,-0.5000000000000001,-0.7755146344104841,-0.7215466248811899,-0.431640625
13285,-0.2033898305084746,0.4036774610288021,0.7204453841387639,0.8375565049801386,0.7421875
13286,1.426553672316384,-0.5000000000000001,-0.08827169649325464,0.013044668488178479,-0.431640625
13287,1.4350282485875707,0.0,-0.05555538758396994,0.013044668488178479,-0.234375
13288,0.9830508474576272,0.29248125036057815,0.03545278926948203,-1.0609836552343013,0.00390625
13289,1.7740112994350283,-0.5000000000000001,-0.549977445683381,-0.6037805746949155,-0.431640625
13290,0.9689265536723164,-0.5000000000000001,-0.7562915024489392,-1.9018456381848245,-0.431640625
13291,0.1694915254237288,0.7924812503605783,0.7054088944614983,0.740732248512241,0.56640625
13292,-0.16101694915254236,0.29248125036057815,0.07245949707293081,0.11931535806933405,0.521484375
13293,0.8389830508474576,0.4036774610288021,0.16914848517134864,0.07436489288293499,0.107421875
13294,0.2655367231638418,0.0,0.35415633337572644,0.43347565996344034,0.4609375
13295,0.7457627118644068,0.16096404744368117,0.1269892389920352,0.13005110216134985,-0.0078125
13296,0.11864406779661017,0.4036774610288021,-0.0481838648556293,0.06258678093439042,0.427734375
13297,-0.24858757062146894,0.5,0.8593264261030769,0.5232778164932019,0.61328125
13298,-0.2655367231638418,-0.5000000000000001,-0.46715160701332836,-1.6559092740307801,-0.431640625
13299,0.4887005649717514,0.0,0.18050385399376725,0.13005110216134985,0.076171875
13300,0.20903954802259886,0.0,0.2088724805542621,-0.013331387333714908,0.359375
13301,0.022598870056497175,0.16096404744368117,-0.18022530881444535,0.3045457294825673,-0.0625
13302,0.1694915254237288,-0.20751874963942185,-0.8993475336717706,-1.4814146467095628,0.29296875
13303,0.8615819209039548,-0.5000000000000001,-1.3981918947254652,-1.346066098592327,-0.431640625
13304,0.7231638418079096,0.16096404744368117,0.18019410268238362,0.16116323998750257,0.189453125
13305,-0.2570621468926554,1.04373142062517,0.7588291811990574,0.732905640483359,0.80859375
13306,0.9463276836158192,-0.5000000000000001,-1.471459771136995,-1.346066098592327,-0.431640625
13307,0.07062146892655367,0.0,-0.6131806238590738,-0.6405526637590393,0.490234375
13308,-0.2062146892655367,0.16096404744368117,0.3480927855720091,0.21897398280902985,0.689453125
13309,-0.24858757062146894,0.4036774610288021,0.3594291957928851,0.44624568334552855,0.3203125
13310,-0.18926553672316385,0.29248125036057815,0.3053050464952647,0.343192792857138,0.298828125
13311,-0.2570621468926554,-0.20751874963942185,-0.19726829894106832,-0.3460660985923269,-0.146484375
13312,1.0056497175141244,-0.5000000000000001,-1.0281502495006727,-1.2354782825555186,-0.431640625
13313,-0.2062146892655367,0.8502198590705463,0.7330548815029455,0.5063496376186134,0.96484375
13314,-0.2655367231638418,0.0,-0.059409887180528746,0.11931535806933405,-0.291015625
13315,1.6779661016949152,-0.5000000000000001,-0.5460147874820424,-0.42043099147526186,-0.431640625
13316,-0.1638418079096045,0.7297158093186489,1.4369253612054156,0.5610311196399013,0.744140625
13317,-0.08192090395480225,1.1609640474436813,1.0695252060653881,0.9574634496626779,0.857421875
13318,-0.2655367231638418,0.0,-0.1610939290211892,-0.6796987429630209,-0.361328125
13319,-0.2542372881355932,1.941321524680921,1.7025768051397665,1.2239024788104522,0.990234375
13320,-0.0480225988700565,0.4036774610288021,0.49732150639649325,0.46491034696307426,0.349609375
13321,-0.06497175141242938,-0.20751874963942185,-0.2257058210785819,-0.8678243642955378,-0.404296875
13322,-0.22033898305084745,-0.5000000000000001,-0.7800327864017026,-0.3460660985923269,-0.431640625
13323,-0.2598870056497175,0.29248125036057815,-0.051317101999482154,-1.1419776163564517,-0.2734375
13324,-0.16666666666666666,1.1239637567217928,1.326430523587125,-0.1320609861045676,0.59765625
13325,-0.03954802259887006,-0.5000000000000001,-0.1332071738265325,-0.7664970900675887,-0.431640625
13326,0.9519774011299436,-0.5000000000000001,-0.59709924085626,-0.7215466248811899,-0.431640625
13327,-0.16101694915254236,1.1961587113893803,1.2516436223266472,0.8138996016055092,0.90234375
13328,0.6242937853107344,-0.5000000000000001,0.21828662167947205,-0.5691109269262127,-0.431640625
13329,-0.1807909604519774,0.5849625007211564,0.9103806228325404,0.24593636415404438,0.943359375
13330,-0.00847457627118644,0.4036774610288021,0.6220215355041111,0.343192792857138,0.666015625
13331,0.864406779661017,-0.5000000000000001,-0.6348285499969816,-0.7664970900675887,-0.431640625
13332,-0.2288135593220339,-0.5000000000000001,-0.48073310761737753,-0.44739337282027586,-0.431640625
13333,0.8926553672316384,0.0,0.08368473520444257,0.1083861667722219,0.05078125
13334,-0.03672316384180791,0.29248125036057815,1.0456862195607832,1.1533366319586205,0.681640625
13336,-0.05084745762711865,-0.5000000000000001,-0.046437012348933125,0.07436489288293499,-0.431640625
13337,1.2740112994350283,-0.5000000000000001,0.3169257688774066,0.39346861013024786,-0.431640625
13338,0.1751412429378531,0.16096404744368117,0.5508046292299271,0.5504820936366117,0.634765625
13339,0.2966101694915254,-0.5000000000000001,-0.004686463636943112,0.1083861667722219,-0.431640625
13340,-0.14124293785310735,0.8502198590705463,1.721623567840579,0.8635092853442145,0.759765625
13341,0.4661016949152542,-0.5000000000000001,-0.05947151283974663,-0.04090675883341514,-0.431640625
13343,0.23163841807909605,-0.5000000000000001,-0.47692222022348674,-0.5052041156418035,-0.431640625
13344,-0.07909604519774012,0.0,0.5649795335613973,0.5610311196399013,-0.021484375
13345,0.5423728813559322,-0.5000000000000001,-0.42536591062581736,-0.4756102607271456,-0.431640625
13346,1.036723163841808,0.4036774610288021,-0.5649067370134537,-1.346066098592327,-0.169921875
13347,-0.07062146892655367,-0.5000000000000001,-0.49535369961630027,-0.9895419184014743,-0.431640625
13348,-0.08757062146892655,-0.5000000000000001,-0.6960628455675262,-0.6796987429630209,-0.431640625
13349,-0.2401129943502825,-0.5000000000000001,-0.6661907201567167,-0.6037805746949155,-0.431640625
13350,-0.2231638418079096,-0.20751874963942185,0.06417143141981553,-0.1320609861045676,-0.30859375
13351,-0.08192090395480225,-0.5000000000000001,-0.44699656518693853,-0.6037805746949155,-0.431640625
13352,-0.09887005649717515,-0.5000000000000001,-0.41393757955910293,-0.3698555675245675,-0.431640625
13354,-0.06779661016949153,-0.5000000000000001,-0.08207681856133327,0.07436489288293499,-0.431640625
13355,0.07627118644067797,-0.5000000000000001,-0.13367933033153653,-0.20145700866623173,-0.431640625
13356,-0.0423728813559322,-0.5000000000000001,-0.06470829830986809,-0.04090675883341514,-0.431640625
13357,0.4576271186440678,0.29248125036057815,0.7859350659065204,1.1062616332291095,0.291015625
13358,0.4887005649717514,-0.5000000000000001,-0.36184158711838715,-0.25926775148775905,-0.431640625
13359,-0.0903954802259887,-0.20751874963942185,0.09791737748856597,0.08591864614335176,0.232421875
13360,0.9491525423728814,0.16096404744368117,0.30958227951688255,0.1509688200781701,0.09375
13361,1.0649717514124293,-0.20751874963942185,0.27306146072459136,-0.25926775148775905,-0.1484375
13362,-0.24293785310734464,0.5,0.9714692850615706,0.8506716906696332,0.380859375
13363,-0.22033898305084745,0.0,0.3648508095645192,0.3280281603386806,0.333984375
13364,-0.06779661016949153,-0.5000000000000001,-0.986622605738144,-0.8678243642955378,-0.431640625
13365,-0.1751412429378531,-0.20751874963942185,0.5006218907042856,0.5965716271510767,-0.072265625
13366,-0.1271186440677966,-0.5000000000000001,-1.4475719007415908,-1.9018456381848245,-0.431640625
13367,0.9491525423728814,-0.5000000000000001,-0.2820907657521639,-0.4756102607271456,-0.431640625
13368,0.4548022598870056,0.16096404744368117,0.13632614610407764,0.0,-0.10546875
13369,0.7627118644067796,-0.5000000000000001,-0.5494095412021733,-0.6796987429630209,-0.431640625
13370,0.7796610169491526,-0.5000000000000001,-0.07403552978129983,-0.08477312416654154,-0.431640625
13371,1.1581920903954803,-0.20751874963942185,0.5176201755636426,0.3045457294825673,-0.18359375
13372,-0.01694915254237288,-0.5000000000000001,-0.4403696780473352,-0.3946162996049949,-0.431640625
13373,-0.09887005649717515,0.4036774610288021,1.1529258500955941,1.123053119543357,0.8828125
13374,0.9011299435028248,-0.20751874963942185,-0.3818334257596894,-0.5691109269262127,-0.36328125
13375,-0.01977401129943503,-0.20751874963942185,0.3855295797894825,0.19075709490216042,0.263671875
13376,0.011299435028248588,0.0,0.08578387029838558,0.0,-0.16796875
13377,0.8502824858757062,-0.20751874963942185,0.30931873920160285,0.2717510560243111,0.0546875
13379,-0.19491525423728814,0.0,-0.22086095188207353,0.3795242326418465,-0.216796875
13380,0.9519774011299436,-0.5000000000000001,-1.3924554799047042,-1.4814146467095628,-0.431640625
13381,-0.1807909604519774,0.8502198590705463,1.1958181242371004,0.736831568146711,0.94921875
13382,0.5225988700564972,0.29248125036057815,0.24948706343805813,0.29651178810473844,0.44921875
13383,1.265536723163842,-0.5000000000000001,-0.5545947433516148,-1.9018456381848245,-0.431640625
13384,-0.18361581920903955,0.7924812503605783,1.0852595288987166,0.8698276102518614,0.486328125
13385,0.6610169491525424,-0.5000000000000001,-0.25731687976805895,-0.1486799354509508,-0.431640625
13386,0.9011299435028248,-0.20751874963942185,-0.02014273605655807,-0.3698555675245675,-0.38671875
13387,0.9096045197740112,-0.5000000000000001,-0.8143931933688834,0.2717510560243111,-0.431640625
13388,0.1016949152542373,0.0,0.1658904507297514,0.24593636415404438,0.490234375
13389,-0.23728813559322035,0.0,-0.04454271688429685,0.06258678093439042,0.0
13390,-0.059322033898305086,-0.5000000000000001,-0.247953814281579,-0.7215466248811899,-0.431640625
13391,0.3050847457627119,-0.5000000000000001,-1.4147309354736155,-1.9018456381848245,-0.431640625
13392,1.6440677966101696,-0.5000000000000001,-1.1935836282967704,-0.9895419184014743,-0.431640625
13393,1.3785310734463276,0.16096404744368117,0.1410207653300447,0.09725642870309359,-0.140625
13394,-0.2655367231638418,1.1609640474436813,1.0805310376296913,1.0387973120021499,1.0078125
13395,0.2542372881355932,0.0,0.16345515478354916,0.3203012570369791,0.029296875
13396,-0.1864406779661017,-0.20751874963942185,0.2392016783900495,-0.04090675883341514,0.134765625
13397,-0.06497175141242938,0.7297158093186489,0.6924199352149996,0.24593636415404438,0.771484375
13398,0.2740112994350282,-0.20751874963942185,-0.13712297953019037,-0.11588526199269454,0.068359375
13399,1.0423728813559323,0.0,-0.6092010734008637,-0.8678243642955378,-0.32421875
13400,1.3757062146892656,-0.5000000000000001,-0.5450415124425109,-0.3946162996049949,-0.431640625
13402,0.0903954802259887,0.16096404744368117,0.1840465919594024,0.11931535806933405,0.421875
13403,-0.22033898305084745,0.0,-0.705804605203366,-0.925635107117065,0.947265625
13404,-0.2655367231638418,-0.20751874963942185,-0.6552290182291888,-0.8150472910802568,-0.01953125
13405,-0.059322033898305086,0.4036774610288021,0.17836683062868836,-0.1833495832196537,0.837890625
13406,0.9378531073446328,-0.20751874963942185,-0.224247721598179,-1.0609836552343013,-0.033203125
13407,1.3644067796610169,0.0,0.5052206148161427,0.3795242326418465,-0.26953125
13408,-0.2655367231638418,2.3707334932005737,2.1577716187249885,1.1802990133036348,1.001953125
13410,-0.20056497175141244,0.6609640474436815,0.49499875182460196,-0.3460660985923269,0.94921875
13411,0.03389830508474576,-0.5000000000000001,-0.7439506323200078,-0.5691109269262127,-0.431640625
13412,1.4830508474576272,-0.5000000000000001,-0.3064166559020631,-0.1833495832196537,-0.431640625
13413,1.536723163841808,0.4036774610288021,-0.37356337237842224,-0.10012973443828277,-0.337890625
13414,0.10734463276836158,0.4036774610288021,0.5612509772082539,0.03832139694718311,0.486328125
13415,1.0649717514124293,0.16096404744368117,-0.05380452561834337,0.3795242326418465,0.068359375
13416,-0.14689265536723164,0.0,0.04295564454328144,-0.6037805746949155,0.921875
13417,-0.2570621468926554,0.4036774610288021,0.3478126257710307,0.14060012816463935,0.8671875
13418,-0.23728813559322035,1.5000000000000004,1.3768901635183604,1.1933436817918135,0.96875
13419,-0.0903954802259887,-0.5000000000000001,-0.7256485508210173,-0.6037805746949155,-0.431640625
13420,0.15254237288135594,-0.20751874963942185,-0.897193499116935,-0.9895419184014743,-0.390625
13421,-0.1553672316384181,0.5849625007211564,0.8201980748838089,0.8104434457790677,0.78515625
13422,-0.08757062146892655,-0.5000000000000001,0.5887065766765321,0.6207403106667461,-0.431640625
13423,0.940677966101695,-0.5000000000000001,-0.7353914245855769,-0.7664970900675887,-0.431640625
13424,1.0,-0.5000000000000001,-0.2206662176329949,-0.06979572847822901,-0.431640625
13425,0.03672316384180791,0.29248125036057815,0.7245140386383995,0.6063549635431924,0.48828125
13426,-0.268361581920904,1.2617809780285068,1.1921195572520453,0.7673564343054562,0.994140625
13427,-0.21468926553672316,0.4036774610288021,0.07884406407335905,-0.1486799354509508,0.94140625
13428,-0.2401129943502825,0.0,-0.31610106863616894,0.5965716271510767,0.552734375
13429,-0.2401129943502825,0.16096404744368117,0.07898660152405226,0.11931535806933405,-0.3046875
13430,-0.2175141242937853,-0.20751874963942185,-0.12995284816296832,0.03832139694718311,-0.298828125
13431,-0.07909604519774012,0.5849625007211564,0.7127477895748511,0.5504820936366117,0.724609375
13432,1.344632768361582,-0.20751874963942185,-0.3617569691475679,0.46491034696307426,-0.3515625
13433,1.1468926553672316,0.16096404744368117,-0.14673380229818975,-0.42043099147526186,-0.05078125
13434,-0.059322033898305086,0.29248125036057815,0.34697444950064266,-0.5691109269262127,0.703125
13435,-0.2542372881355932,0.6609640474436815,0.8688233991447082,0.45253127023096074,0.53515625
13436,-0.2655367231638418,-0.5000000000000001,-0.7869499914194278,-0.7664970900675887,-0.431640625
13437,-0.2288135593220339,0.5,0.7272722304769312,0.6921820474995729,-0.087890625
13438,1.2768361581920904,-0.5000000000000001,-1.54605135341248,-1.9018456381848245,-0.431640625
13439,0.4519774011299435,0.0,0.06822119619344262,0.6439827598356785,0.09765625
13440,0.9265536723163842,0.5,0.21288473395749702,0.05057542395069435,-0.376953125
13441,-0.011299435028248588,-0.20751874963942185,-0.09849666481452879,-0.1833495832196537,0.232421875
13442,1.615819209039548,0.0,-0.3855239977617911,-0.1833495832196537,-0.29296875
13443,0.9971751412429378,0.4036774610288021,0.20374117233809969,0.8173361757074759,0.015625
13444,0.788135593220339,-0.20751874963942185,-0.1793753149586287,0.07436489288293499,-0.173828125
13445,1.5,-0.5000000000000001,-0.6779302920838686,-1.0609836552343013,-0.431640625
13446,0.9463276836158192,0.7924812503605783,0.7965035543061407,0.5504820936366117,0.0234375
13447,-0.2033898305084746,0.0,0.1399345456736244,0.11931535806933405,-0.408203125
13448,-0.2231638418079096,0.9036774610288021,1.2285229417292938,1.1802990133036348,0.96875
13449,-0.2033898305084746,-0.5000000000000001,-0.5783930359688151,-0.5052041156418035,-0.431640625
13450,-0.19491525423728814,0.9036774610288021,0.8281690947718583,0.14060012816463935,0.6953125
13451,-0.19491525423728814,0.7924812503605783,1.1168809678446985,1.5181192847081246,0.744140625
13452,0.4632768361581921,0.0,-0.09197841660542075,-1.6559092740307801,-0.015625
13453,0.1977401129943503,0.0,-0.05548741725771019,-0.1833495832196537,0.03125
13454,1.5423728813559323,-0.5000000000000001,-0.728506959356751,-0.3946162996049949,-0.431640625
13455,-0.20056497175141244,0.4036774610288021,0.49765559134210496,0.33565786730872005,0.947265625
13456,-0.22033898305084745,0.4036774610288021,0.37790767704991796,-0.02696238134501425,-0.060546875
13457,1.6751412429378532,-0.20751874963942185,-0.9371175994724789,-0.925635107117065,-0.3359375
13458,-0.24858757062146894,1.04373142062517,1.3949675248662672,1.1188986258602671,0.3125
13459,1.4943502824858756,-0.20751874963942185,0.1544535519228124,0.14060012816463935,-0.318359375
13460,-0.1864406779661017,-0.20751874963942185,-0.8243933286717621,-0.6037805746949155,-0.392578125
13461,-0.16101694915254236,0.4036774610288021,0.8333024688840674,-0.23937896292104863,0.66015625
13462,0.4435028248587571,0.29248125036057815,0.15144034412000293,0.20971344100017061,0.4921875
13464,-0.10451977401129943,0.4036774610288021,0.6764839775669598,0.6254605967958908,0.662109375
13465,0.9915254237288136,-0.20751874963942185,0.0374597351528877,-0.16576708528869222,-0.158203125
13466,0.2514124293785311,0.29248125036057815,0.08243280440579019,0.05057542395069435,0.435546875
13467,-0.2401129943502825,-0.20751874963942185,0.11229006069664138,0.40709960414154694,-0.380859375
13468,-0.2655367231638418,2.094912279440009,1.4308260163121422,1.1188986258602671,1.00390625
13469,1.576271186440678,-0.5000000000000001,-1.2465995092062816,-1.1419776163564517,-0.431640625
13470,0.011299435028248588,-0.20751874963942185,-0.8804284019845536,-1.0609836552343013,-0.400390625
13471,-0.2655367231638418,0.16096404744368117,0.562890086623756,0.9353037722343442,-0.341796875
13472,1.03954802259887,-0.20751874963942185,-0.20291439035909778,-0.3698555675245675,-0.251953125
13473,-0.09887005649717515,0.5849625007211564,0.5950386093593085,0.21897398280902985,0.865234375
13474,0.3983050847457627,0.0,-0.15628318686848372,0.5662376211910235,0.07421875
13475,0.2711864406779661,0.16096404744368117,0.26615610725064104,0.20971344100017061,-0.22265625
13476,0.2344632768361582,0.29248125036057815,0.45994366041820206,0.38653649231868376,0.478515625
13477,-0.1638418079096045,0.7924812503605783,0.6263910796082451,0.5451379735468534,0.830078125
13478,1.0564971751412429,0.29248125036057815,0.4983255321679921,0.5557795395924977,-0.025390625
13479,0.2966101694915254,0.16096404744368117,-0.01011948789322902,0.0,0.109375
13480,0.9067796610169492,-0.20751874963942185,-0.1719296713067499,-0.06979572847822901,0.08203125
13481,-0.14124293785310735,0.7924812503605783,0.7894632287135087,0.7673564343054562,0.916015625
13482,0.3870056497175141,-0.20751874963942185,-0.5036059654878275,-0.4756102607271456,0.33984375
13483,-0.0847457627118644,-0.5000000000000001,-0.9659783943929657,-0.8678243642955378,-0.431640625
13484,0.4124293785310734,0.0,-0.04938522251903675,-0.10012973443828277,0.345703125
13485,0.3898305084745763,0.7924812503605783,0.6628478363174685,0.6394049742842918,0.55078125
13486,-0.0480225988700565,0.0,0.13675722866815343,0.2546639061865699,-0.28125
13487,-0.10734463276836158,0.29248125036057815,-0.012935371430608354,-0.22012167228377744,0.890625
13488,-0.22033898305084745,1.2924812503605785,1.4865405129685687,1.2662176594469865,0.869140625
13489,0.02824858757062147,0.16096404744368117,-0.3493087712884282,-0.8150472910802568,-0.0625
13490,1.57909604519774,-0.5000000000000001,-0.9160438900977543,-0.9895419184014743,-0.431640625
13491,-0.12429378531073447,1.4036774610288023,0.8712490664898407,0.6963796677571371,0.8984375
13492,0.11581920903954802,0.0,0.20235326032912765,-0.10012973443828277,-0.279296875
13493,0.5084745762711864,-0.20751874963942185,-0.1797615074437028,-1.1419776163564517,-0.408203125
13494,0.6101694915254238,-0.5000000000000001,-0.5358579914347685,-0.5363162534679564,-0.431640625
13495,-0.24858757062146894,0.7297158093186489,0.9163788298498003,0.16116323998750257,0.984375
13496,-0.2401129943502825,-0.20751874963942185,-0.1507752257237279,-0.27983086331062224,0.25
13497,0.5282485875706214,0.4036774610288021,0.15738601990056605,0.08591864614335176,0.32421875
13498,1.7937853107344632,-0.5000000000000001,-0.5175319486137737,-0.5691109269262127,-0.431640625
13499,-0.22033898305084745,0.29248125036057815,0.1538577768089093,-0.22012167228377744,0.060546875
13500,-0.2033898305084746,0.16096404744368117,0.2788207432221125,0.3203012570369791,0.306640625
13501,0.5451977401129944,0.0,0.6386860245133786,0.4138019232360459,0.119140625
13502,-0.2231638418079096,0.29248125036057815,-0.05629682793720703,-0.27983086331062224,0.607421875
13503,-0.06779661016949153,0.4036774610288021,0.40504573079947154,0.7522860017726577,0.720703125
13504,-0.08757062146892655,-0.5000000000000001,-0.5710873481949695,-0.42043099147526186,-0.431640625
13505,-0.06497175141242938,0.16096404744368117,0.8623624941662524,0.8375565049801386,-0.119140625
13506,0.6242937853107344,0.29248125036057815,0.2301774297043063,0.11931535806933405,-0.150390625
13507,-0.2598870056497175,0.16096404744368117,0.5580476209355959,0.7046887525764891,-0.154296875
13508,0.4180790960451977,-0.20751874963942185,-0.587238990927596,-0.3011156334059281,0.34765625
13509,-0.2457627118644068,0.5849625007211564,0.13310329946215513,-0.3011156334059281,0.54296875
13510,-0.2655367231638418,0.7924812503605783,0.881929990241158,0.8173361757074759,0.96875
13511,1.6412429378531073,-0.5000000000000001,-0.5952212365026167,-1.2354782825555186,-0.431640625
13512,0.4661016949152542,0.16096404744368117,-0.10405971718344183,-0.22012167228377744,0.19921875
13513,0.08757062146892655,0.0,-0.027101034338059653,-0.20145700866623173,0.6015625
13514,-0.062146892655367235,0.16096404744368117,-0.03273005035979634,-0.6405526637590393,0.7578125
13515,-0.06497175141242938,0.4036774610288021,0.20066785496283096,0.20971344100017061,0.685546875
13516,-0.20903954802259886,0.16096404744368117,0.3528109828783884,0.11931535806933405,0.341796875
13517,-0.1016949152542373,0.0,0.4769374025899923,0.6111880863774223,-0.197265625
13518,-0.02824858757062147,-0.5000000000000001,-0.1724883048352668,-0.1320609861045676,-0.431640625
13519,-0.0480225988700565,-0.20751874963942185,-0.4924868867373926,-0.5052041156418035,0.279296875
13520,-0.10451977401129943,0.7924812503605783,1.0792684508130745,0.35063526299703285,0.865234375
13521,-0.2655367231638418,0.0,0.11220080683005296,1.1650389957076988,-0.4140625
13522,-0.18361581920903955,-0.5000000000000001,-1.0237268535225725,-1.2354782825555186,-0.431640625
13523,-0.1751412429378531,0.4036774610288021,0.8791551943591087,0.8207533887258768,0.2890625
13524,-0.1553672316384181,0.29248125036057815,-0.12938245385830702,-0.5691109269262127,-0.08203125
13525,-0.2288135593220339,-0.20751874963942185,-0.17111815924362586,-1.2354782825555186,0.025390625
13526,1.8163841807909604,-0.20751874963942185,0.16425167171834829,-0.25926775148775905,-0.431640625
13527,-0.1751412429378531,0.8502198590705463,0.8799427790429409,1.066689752879921,0.845703125
13529,-0.0480225988700565,-0.20751874963942185,-0.5503046962240022,-0.6405526637590393,-0.185546875
13530,1.5225988700564972,-0.5000000000000001,-0.40731246951000283,-0.5363162534679564,-0.431640625
13531,0.3107344632768362,0.4036774610288021,0.2666348433307551,-0.013331387333714908,0.60546875
13532,-0.1751412429378531,-0.5000000000000001,-0.7520452796182683,0.22809526306144287,-0.431640625
13533,0.2457627118644068,0.0,-0.6214861489368603,0.18105202855421326,-0.265625
13534,-0.2627118644067797,1.5849625007211563,1.1622178367485243,0.7710662544722947,0.580078125
13535,0.867231638418079,-0.5000000000000001,-1.2031373153794243,-1.9018456381848245,-0.431640625
13536,-0.2655367231638418,0.5,0.7329113102974046,0.42043099147526186,-0.287109375
13537,0.9322033898305084,-0.20751874963942185,-0.10074894932455206,-0.10012973443828277,-0.380859375
13538,-0.14689265536723164,0.8502198590705463,0.677425646342988,0.5063496376186134,0.802734375
13539,-0.02824858757062147,0.5,0.3149308758516441,0.2546639061865699,0.5546875
13540,1.0508474576271187,0.0,-0.1680775684815283,-0.3231745627721683,-0.064453125
13541,0.9378531073446328,-0.20751874963942185,-0.05307331424515116,-0.8678243642955378,-0.15234375
13542,0.7937853107344632,1.0849625007211563,0.8070300550599682,0.46491034696307426,0.2578125
13543,1.5225988700564972,-0.20751874963942185,0.26905531709851394,-0.11588526199269454,-0.328125
13544,-0.15819209039548024,0.4036774610288021,-0.04973472944234638,0.9492481497227456,0.75
13545,0.8333333333333334,-0.20751874963942185,-0.4599360082466346,0.1083861667722219,-0.130859375
13546,-0.2344632768361582,0.29248125036057815,0.11934803449747843,0.44624568334552855,0.373046875
13547,0.884180790960452,-0.5000000000000001,-0.8738042565357929,-0.013331387333714908,-0.431640625
13548,0.002824858757062147,0.0,0.020245756456178245,0.7928609478481059,0.30078125
13549,-0.1977401129943503,0.5849625007211564,0.07845849370671329,-0.013331387333714908,0.275390625
13550,0.8135593220338984,-0.5000000000000001,-0.4935078698182557,-0.06979572847822901,-0.431640625
13551,0.632768361581921,-0.20751874963942185,-0.6729168773510295,-1.2354782825555186,0.24609375
13552,-0.08192090395480225,1.2617809780285068,1.106186019025542,0.7673564343054562,0.724609375
13553,1.6355932203389831,-0.5000000000000001,-0.29323726445154685,0.3795242326418465,-0.431640625
13554,0.8050847457627118,0.5,0.334874073228118,0.7446080042324369,-0.302734375
13555,-0.062146892655367235,0.9036774610288021,1.237323565082064,1.0621291772111112,0.771484375
13556,0.943502824858757,-0.20751874963942185,-0.7764889981662939,-0.9895419184014743,-0.419921875
13557,-0.18926553672316385,0.9036774610288021,0.6651396776177901,0.6159830023075147,0.94140625
13558,-0.2542372881355932,0.16096404744368117,-0.2008738152427448,0.6014830200294751,-0.30859375
13559,1.1779661016949152,-0.20751874963942185,0.07004404779269469,-1.9018456381848245,-0.37109375
13560,-0.24858757062146894,-0.5000000000000001,-0.8602427629311888,-0.20145700866623173,-0.431640625
13561,0.3389830508474576,0.7924812503605783,0.3888328907830248,0.6394049742842918,0.416015625
13562,-0.03954802259887006,0.5849625007211564,0.9136234791275649,0.4003223972506149,0.765625
13563,-0.031073446327683617,-0.20751874963942185,-0.05832234270569564,0.05057542395069435,-0.322265625
13564,0.1384180790960452,1.6239637567217928,1.5661363100576733,1.4287418012987203,0.7265625
13565,-0.21468926553672316,0.0,-0.3919711877502974,0.0,0.333984375
13566,-0.1553672316384181,0.29248125036057815,0.35386360761313834,1.0598359657595535,0.73828125
13567,0.940677966101695,0.16096404744368117,0.1159366351191313,0.8308910125579702,-0.2109375
13568,0.22033898305084745,-0.5000000000000001,-0.8140819301579032,-0.055179269251883704,-0.431640625
13569,-0.22033898305084745,0.16096404744368117,-0.09435674009732714,0.6794120241174847,0.37109375
13570,0.4180790960451977,-0.5000000000000001,-0.6832346689130053,-0.3011156334059281,-0.431640625
13571,-0.2344632768361582,1.3774437510817346,0.8794706026059559,1.0598359657595535,0.97265625
13572,0.3107344632768362,-0.5000000000000001,0.2482098132026872,-0.20145700866623173,-0.431640625
13573,-0.1271186440677966,0.4036774610288021,0.022058238484569673,0.2883700053706945,0.71484375
13574,0.8926553672316384,-0.5000000000000001,-0.4053802791736763,0.37242995637284404,-0.431640625
13575,-0.2033898305084746,0.29248125036057815,-0.09032860222473085,-0.055179269251883704,-0.1328125
13576,-0.2401129943502825,1.4289904975637864,1.3602005212284882,0.700548438163026,0.9765625
13577,-0.1977401129943503,0.7924812503605783,0.739797494549527,0.4889354164834149,0.935546875
13578,0.8870056497175142,-0.5000000000000001,-0.9391177311291745,-0.925635107117065,-0.431640625
13579,-0.2288135593220339,0.29248125036057815,0.24439050241323823,0.2801174466877641,0.828125
13580,0.8785310734463276,-0.5000000000000001,-1.1054147517155382,-1.2354782825555186,-0.431640625
13581,0.6045197740112994,-0.20751874963942185,-0.5994183160762625,-0.20145700866623173,-0.2265625
13582,0.8305084745762712,-0.20751874963942185,-0.6784123212422567,-0.8678243642955378,0.013671875
13583,0.1694915254237288,-0.20751874963942185,0.27105296324442285,0.43347565996344034,0.591796875
13584,0.596045197740113,0.0,-0.4305678544217191,0.29651178810473844,0.2890625
13585,1.228813559322034,0.0,-0.1259883916119111,-0.25926775148775905,-0.025390625
13586,1.2598870056497176,-0.5000000000000001,-1.0175537782775468,-0.4756102607271456,-0.431640625
13587,-0.0903954802259887,0.16096404744368117,0.3490880690425248,-0.3011156334059281,0.740234375
13588,-0.22598870056497175,0.6609640474436815,0.5580025766838289,0.6394049742842918,0.037109375
13589,-0.2288135593220339,0.4036774610288021,0.1359658532070627,0.03832139694718311,0.97265625
13590,-0.23728813559322035,1.1239637567217928,1.0570760675801183,1.041171302142008,0.98828125
13591,-0.08757062146892655,0.5,0.4682532515111023,0.40709960414154694,0.859375
13592,-0.1694915254237288,0.16096404744368117,-0.6648214453705518,-0.6405526637590393,0.015625
13593,0.03672316384180791,0.9534452978042595,0.9811636703529474,0.9296350047447086,0.62109375
13594,-0.12146892655367232,-0.20751874963942185,-0.2585599122357982,-0.22012167228377744,0.4140625
13595,1.189265536723164,0.0,-0.053594538008164876,0.5557795395924977,-0.177734375
13596,-0.2542372881355932,-0.20751874963942185,-0.14208261625661722,0.6485262545367048,-0.41796875
13597,0.8615819209039548,-0.20751874963942185,-0.4156335805943067,-0.5691109269262127,-0.427734375
13598,-0.13559322033898305,0.29248125036057815,-0.06906901636319446,0.3280281603386806,0.748046875
13599,-0.2655367231638418,1.54373142062517,1.2896494338077815,0.9918308030286939,1.0078125
13600,0.6129943502824858,-0.20751874963942185,-0.2736049450584176,-0.1486799354509508,0.197265625
13601,-0.14124293785310735,0.16096404744368117,0.154261143684838,0.7598680218283731,0.546875
13602,-0.08757062146892655,0.16096404744368117,0.08859581434981466,0.05057542395069435,0.537109375
13603,-0.19491525423728814,-0.5000000000000001,-0.8825476512054261,-0.3011156334059281,-0.431640625
13604,1.5903954802259888,-0.5000000000000001,-0.10091918102609498,-0.44739337282027586,-0.431640625
13605,0.8248587570621468,-0.20751874963942185,-0.26927002651080384,0.06258678093439042,-0.072265625
13606,-0.1864406779661017,0.0,-0.6066091707835758,-0.06979572847822901,0.119140625
13607,-0.1553672316384181,-0.20751874963942185,0.11422022632089736,0.5343063695247384,0.275390625
13608,1.2570621468926553,-0.5000000000000001,-0.6999518633922678,-0.22012167228377744,-0.431640625
13609,1.4067796610169492,-0.5000000000000001,-0.8729504086017239,-1.0609836552343013,-0.431640625
13610,-0.2344632768361582,0.9534452978042595,0.47072835658043904,1.1572625596219728,0.91796875
13611,-0.01694915254237288,0.7297158093186489,0.7098034073485324,0.7964184577906561,0.83203125
13612,1.5169491525423728,-0.5000000000000001,-0.031175961433258015,0.06258678093439042,-0.431640625
13613,1.0084745762711864,0.29248125036057815,0.09615195561840853,0.06258678093439042,-0.025390625
13614,-0.20056497175141244,0.4036774610288021,0.5256771729704361,0.9709130851118736,0.59765625
13615,0.6299435028248588,0.5849625007211564,1.0517178239356084,1.0505754239506944,0.275390625
13616,1.3361581920903955,-0.20751874963942185,-0.5931817354828309,-0.22012167228377744,-0.19140625
13617,-0.1553672316384181,0.5849625007211564,0.20606989786031288,0.03832139694718311,0.45703125
13618,0.22033898305084745,-0.5000000000000001,-0.8422845020010619,-0.7215466248811899,-0.431640625
13619,1.268361581920904,-0.20751874963942185,-0.7164339620005267,-0.08477312416654154,-0.177734375
13620,1.2231638418079096,-0.5000000000000001,-1.0834231471663096,-1.2354782825555186,-0.431640625
13621,0.059322033898305086,-0.5000000000000001,-0.7432073211221488,-0.5052041156418035,-0.431640625
13622,1.6977401129943503,-0.5000000000000001,-0.14622573845875478,-0.20145700866623173,-0.431640625
13623,-0.18361581920903955,0.7297158093186489,0.5694846572212031,0.9267806290938753,0.94921875
13624,0.827683615819209,-0.5000000000000001,-0.33468119735868423,-0.42043099147526186,-0.431640625
13625,1.4152542372881356,-0.5000000000000001,-0.5616231135820905,-0.44739337282027586,-0.431640625
13626,0.4435028248587571,-0.20751874963942185,-0.10880931785361571,-0.013331387333714908,-0.18359375
13627,-0.1016949152542373,0.5,0.5055047957216495,0.5765184386087194,0.703125
13628,1.6412429378531073,-0.5000000000000001,-0.546219914590258,-0.6037805746949155,-0.431640625
13629,-0.2033898305084746,1.1609640474436813,1.4543144699674257,-0.27983086331062224,0.82421875
13630,-0.2542372881355932,0.5,0.4522302084796997,0.07436489288293499,0.115234375
13631,0.011299435028248588,0.7924812503605783,0.671790303362585,-1.1419776163564517,-0.103515625
13632,-0.20056497175141244,0.5849625007211564,0.7631351621410553,0.782061486784926,0.71484375
13634,-0.1751412429378531,1.04373142062517,0.9347012134569893,1.0734669597708533,0.8671875
13635,-0.07909604519774012,0.16096404744368117,0.6593028054443852,0.6575123997308701,0.87890625
13636,-0.16666666666666666,0.29248125036057815,0.047634447415475824,0.14060012816463935,0.0546875
13637,-0.12146892655367232,0.0,-0.04033808330964514,0.33565786730872005,-0.091796875
13638,-0.22598870056497175,-0.5000000000000001,-1.0371519627261916,-0.9895419184014743,-0.431640625
13639,-0.059322033898305086,-0.20751874963942185,0.23342108011982848,0.05057542395069435,0.275390625
13640,1.4576271186440677,-0.5000000000000001,-0.404659151135724,-1.346066098592327,-0.431640625
13641,1.53954802259887,0.29248125036057815,0.0840665374549402,-0.055179269251883704,-0.248046875
13642,0.3389830508474576,0.16096404744368117,-0.32318105888541687,0.43347565996344034,-0.0078125
13643,-0.1807909604519774,0.7297158093186489,0.4839729525728107,0.2717510560243111,0.935546875
13644,-0.2231638418079096,0.16096404744368117,0.5882933669295044,0.6963796677571371,-0.2578125
13645,0.07062146892655367,-0.5000000000000001,-0.656048085307755,-1.2354782825555186,-0.431640625
13646,0.8587570621468926,-0.20751874963942185,-0.5193656619607218,0.1509688200781701,-0.431640625
13647,-0.24293785310734464,0.5849625007211564,0.6667891656327968,0.46491034696307426,0.728515625
13648,0.8615819209039548,0.5849625007211564,0.377094540349459,0.44624568334552855,0.228515625
13649,0.4548022598870056,0.4036774610288021,0.2742256301086066,0.45875238842244526,0.09765625
13650,-0.2231638418079096,0.7297158093186489,0.7081997484752998,0.6207403106667461,0.869140625
13651,-0.1694915254237288,0.0,-0.7119558763000121,-0.6796987429630209,0.244140625
13652,-0.14124293785310735,0.29248125036057815,0.5093146998396577,0.5662376211910235,0.75390625
13653,1.1073446327683616,-0.5000000000000001,-0.92311498834019,-0.925635107117065,-0.431640625
13654,-0.14689265536723164,0.7924812503605783,1.0547170261943173,1.0575340513973859,0.923828125
13655,0.05367231638418079,0.4036774610288021,0.5136363900648993,0.4947958843581966,0.5
13656,0.19491525423728814,0.16096404744368117,0.11571992351159498,0.35063526299703285,0.41015625
13657,-0.2401129943502825,-0.20751874963942185,-0.4354878420543583,-0.6037805746949155,-0.05859375
13658,-0.24293785310734464,0.6609640474436815,1.0303473910424674,0.7747535224015276,0.86328125
13659,0.3107344632768362,0.8502198590705463,0.9187107433542196,0.9628791437340447,0.45703125
13660,0.8615819209039548,-0.5000000000000001,-0.5522378538219185,-0.08477312416654154,-0.431640625
13661,1.4350282485875707,-0.5000000000000001,-0.52101001158544,-0.5691109269262127,-0.431640625
13662,-0.02824858757062147,0.7924812503605783,0.5025871000446049,0.6159830023075147,0.6875
13663,0.23728813559322035,0.29248125036057815,0.4563307839379002,0.39346861013024786,0.48046875
13665,0.8220338983050848,0.0,0.3610748458640349,0.45875238842244526,-0.201171875
13666,-0.09887005649717515,0.29248125036057815,-1.014988900179819,-0.5052041156418035,0.88671875
13667,0.15254237288135594,-0.5000000000000001,-0.5655268954191062,0.35798751915499055,-0.431640625
13668,-0.2627118644067797,1.5849625007211563,1.4372401261185692,1.3297973994339387,0.986328125
13669,-0.1271186440677966,0.0,-0.39357281165154445,-0.7215466248811899,0.265625
13670,-0.05649717514124294,-0.5000000000000001,-0.4825502330758682,-0.3460660985923269,-0.431640625
13671,0.844632768361582,-0.5000000000000001,-0.8566145407070024,0.18105202855421326,-0.431640625
13672,0.5819209039548022,0.0,-0.38546080350178086,-0.7215466248811899,0.40625
13673,-0.2175141242937853,-0.20751874963942185,-0.4281795965422316,0.025814691870266956,-0.404296875
13674,0.9519774011299436,-0.5000000000000001,-0.6806088846106041,-0.6796987429630209,-0.431640625
13675,0.15819209039548024,-0.20751874963942185,-0.30699430200239963,-0.3460660985923269,-0.171875
13676,1.2542372881355932,-0.20751874963942185,-0.673568127741345,-0.7215466248811899,-0.275390625
13677,0.8728813559322034,-0.20751874963942185,-0.24101161172499122,0.46491034696307426,-0.205078125
13678,0.15819209039548024,-0.5000000000000001,-0.6986979053343204,-0.6037805746949155,-0.431640625
13679,1.1242937853107344,0.0,-0.5980407351388942,-0.013331387333714908,0.041015625
13680,-0.2655367231638418,0.8502198590705463,1.370409214332348,1.239478180183162,1.001953125
13681,-0.22033898305084745,0.16096404744368117,-0.025017449521417438,-0.11588526199269454,-0.162109375
13682,0.2598870056497175,-0.5000000000000001,-1.4173622497952043,-1.4814146467095628,-0.431640625
13683,1.0225988700564972,-0.5000000000000001,-0.6425589317322971,-0.8678243642955378,-0.431640625
13684,0.536723163841808,0.16096404744368117,-0.20055233350414176,0.35063526299703285,0.224609375
13685,-0.2627118644067797,0.5,0.6802134166615406,-0.25926775148775905,-0.318359375
13686,0.2457627118644068,0.0,-0.3993918899235221,-0.3011156334059281,-0.00390625
13687,0.9689265536723164,-0.5000000000000001,1.3914676663803145,0.0,-0.431640625
13688,1.5254237288135593,-0.5000000000000001,-0.4447878368495902,-1.2354782825555186,-0.431640625
13689,-0.0903954802259887,-0.20751874963942185,0.1980073189644647,-1.1419776163564517,0.3125
13690,-0.1016949152542373,-0.5000000000000001,-0.8576881292867641,-0.925635107117065,-0.431640625
13691,0.8502824858757062,-0.5000000000000001,-0.7458632320491518,0.1083861667722219,-0.431640625
13692,-0.20056497175141244,0.29248125036057815,0.679353518426242,0.3652517222233779,0.341796875
13693,0.788135593220339,0.6609640474436815,0.44698101585006794,0.3280281603386806,0.267578125
13694,-0.2598870056497175,2.5849625007211565,2.881641512208253,1.8017159037465418,0.998046875
13695,-0.1807909604519774,1.04373142062517,0.6171745591440655,0.025814691870266956,0.634765625
13696,0.9209039548022598,0.0,0.4492437824244087,-0.3698555675245675,0.046875
13697,-0.16101694915254236,-0.5000000000000001,-0.9262493127244799,-0.7664970900675887,-0.431640625
13698,1.4152542372881356,-0.20751874963942185,-0.3467056370749736,-0.22012167228377744,-0.265625
13699,0.1694915254237288,-0.20751874963942185,-0.06754425743672485,-0.1833495832196537,0.33984375
13700,-0.19491525423728814,0.9036774610288021,0.582734583840523,0.7710662544722947,0.826171875
13701,0.9915254237288136,-0.5000000000000001,-0.8934037516046303,-0.925635107117065,-0.431640625
13702,0.9887005649717514,-0.5000000000000001,-0.9857625199231101,-1.2354782825555186,-0.431640625
13703,0.6299435028248588,-0.20751874963942185,-0.37838024610110527,-0.1320609861045676,-0.2421875
13704,-0.2542372881355932,0.6609640474436815,0.5200215472556193,0.5397463495445953,-0.26953125
13705,-0.24858757062146894,0.5,0.3627897315164911,0.11931535806933405,0.7734375
13706,0.5847457627118644,-0.20751874963942185,-0.16910319352199868,-0.10012973443828277,0.201171875
13707,0.4858757062146893,0.29248125036057815,0.7206460816465421,0.6879551752969598,0.09375
13708,0.4971751412429379,-0.5000000000000001,-0.5904249619829222,0.05057542395069435,-0.431640625
13709,-0.2598870056497175,1.1239637567217928,1.151814241094344,1.1312777025923806,0.923828125
13710,-0.1807909604519774,0.0,-0.28279885577036135,-0.7215466248811899,0.703125
13711,0.3474576271186441,0.6609640474436815,0.38553847923647466,0.343192792857138,0.556640625
13712,0.4265536723163842,-0.20751874963942185,-0.06596839884116454,-0.20145700866623173,0.279296875
13713,0.884180790960452,0.0,-0.08405966054672925,0.2632676491154024,-0.08984375
13714,1.0451977401129944,-0.5000000000000001,-0.8922556886570931,-0.23937896292104863,-0.431640625
13715,0.5254237288135594,1.0849625007211563,1.1911848489404973,1.0911778152742833,0.265625
13716,0.4915254237288136,-0.5000000000000001,-0.9737886957557897,-0.44739337282027586,-0.431640625
13717,-0.17796610169491525,0.5849625007211564,0.37687749381526603,0.5343063695247384,0.453125
13718,0.4265536723163842,-0.20751874963942185,-0.5523935022128413,-0.925635107117065,-0.3359375
13719,-0.22598870056497175,0.7924812503605783,0.619539562045834,0.8760807966294769,0.654296875
13720,0.059322033898305086,0.16096404744368117,-0.04325259318645522,-0.04090675883341514,-0.162109375
13721,-0.16666666666666666,-0.20751874963942185,-0.08350056717267766,-0.055179269251883704,0.26953125
13722,0.1016949152542373,0.7297158093186489,0.9947489228267437,0.6663673556293063,0.57421875
13723,0.3446327683615819,0.4036774610288021,0.16965617269279665,0.07436489288293499,0.337890625
13724,1.5310734463276836,-0.5000000000000001,-0.7452912154393496,-0.08477312416654154,-0.431640625
13725,-0.12994350282485875,0.5849625007211564,0.4386545663608023,0.44624568334552855,0.07421875
13726,-0.16101694915254236,-0.20751874963942185,0.11611880157128299,-0.08477312416654154,-0.310546875
13727,-0.18926553672316385,0.5849625007211564,0.11339952455140381,0.29651178810473844,0.939453125
13728,-0.16666666666666666,1.04373142062517,0.6331387104245813,0.3045457294825673,0.923828125
13729,0.96045197740113,0.0,-0.095681825534652,-0.1320609861045676,0.0546875
13730,0.11299435028248588,-0.20751874963942185,-0.07563550438315858,-0.10012973443828277,-0.380859375
13731,0.3502824858757062,-0.20751874963942185,-0.1867091577404502,-0.1320609861045676,-0.37890625
13732,-0.18926553672316385,-0.5000000000000001,-0.30152642883887065,-0.1833495832196537,-0.431640625
13733,0.8898305084745762,-0.20751874963942185,-0.3067653483241197,-0.27983086331062224,0.203125
13734,1.1666666666666667,0.16096404744368117,1.086441269905511,-0.3698555675245675,-0.248046875
13735,-0.20056497175141244,0.9036774610288021,1.2870260017091102,1.2529952566983167,0.939453125
13736,-0.2542372881355932,0.5,0.6136584225237418,1.187787425780718,0.990234375
13737,0.2966101694915254,-0.5000000000000001,-0.49809546160361906,-0.25926775148775905,-0.431640625
13738,0.8502824858757062,-0.5000000000000001,-0.3670044885001083,0.4003223972506149,-0.431640625
13739,-0.2175141242937853,-0.20751874963942185,-0.5778121317770843,-1.1419776163564517,0.5625
13740,0.4096045197740113,0.29248125036057815,0.31945425712364317,0.3652517222233779,0.5390625
13741,-0.06779661016949153,0.0,-0.13863860106449621,-0.16576708528869222,-0.146484375
13742,-0.2231638418079096,0.8502198590705463,0.6782373331039727,0.8944626186907492,0.162109375
13743,-0.2627118644067797,0.5,0.2315739503161091,-0.9895419184014743,0.0703125
13744,0.0,-0.20751874963942185,0.11654197463766958,0.1083861667722219,-0.046875
13745,0.18926553672316385,-0.20751874963942185,-0.058438514951237835,0.013044668488178479,0.318359375
13746,0.8983050847457628,-0.5000000000000001,-0.8442269018473605,-0.925635107117065,-0.431640625
13747,0.7853107344632768,-0.20751874963942185,-0.8652645355327276,-1.346066098592327,-0.33203125
13748,0.0,0.6609640474436815,0.4606859668053299,-0.06979572847822901,0.82421875
13750,-0.11864406779661017,0.7924812503605783,0.7567324431953548,0.07436489288293499,0.669921875
13751,0.5451977401129944,-0.5000000000000001,-0.5705143630258738,-0.925635107117065,-0.431640625
13752,0.08192090395480225,0.5,0.318465840543694,0.3045457294825673,0.35546875
13753,0.5423728813559322,0.16096404744368117,0.4684132018120328,0.20971344100017061,0.4453125
13754,0.15819209039548024,0.0,-0.3522333109956651,-0.6037805746949155,0.126953125
13755,-0.2598870056497175,0.6609640474436815,0.4718266793181012,0.9840709482829291,-0.314453125
13756,-0.2627118644067797,1.2924812503605785,1.223022277084497,0.6879551752969598,0.978515625
13757,1.6355932203389831,-0.5000000000000001,-0.7905643972082059,-0.9895419184014743,-0.431640625
13758,-0.23728813559322035,1.0000000000000002,1.225607911842821,0.9324760109055547,0.98828125
13759,-0.1751412429378531,-0.20751874963942185,-0.14585507746958606,-0.3698555675245675,-0.357421875
13760,-0.11581920903954802,0.29248125036057815,0.24023570375451417,0.44624568334552855,0.62109375
13761,-0.1271186440677966,0.4036774610288021,0.43097795803524647,0.5765184386087194,0.751953125
13762,0.3474576271186441,0.29248125036057815,0.5566129124256699,-0.3946162996049949,0.505859375
13763,-0.0903954802259887,0.0,0.953761798374569,0.06258678093439042,0.294921875
13764,-0.07062146892655367,0.4036774610288021,0.6450091213052651,1.1292319883212176,0.685546875
13765,1.576271186440678,-0.5000000000000001,-0.4778385562242599,-0.5691109269262127,-0.431640625
13766,1.1299435028248588,-0.5000000000000001,-0.8048277285651555,-0.6037805746949155,-0.431640625
13767,-0.2627118644067797,2.1047266828144755,1.9492513801342386,0.571399811553432,1.005859375
13768,1.7824858757062148,-0.20751874963942185,0.005015964503207986,-0.23937896292104863,-0.423828125
13769,-0.2627118644067797,1.1961587113893803,0.9796928635107915,0.5916201408260943,0.9765625
13770,0.923728813559322,0.16096404744368117,-0.05299213054481714,0.03832139694718311,0.169921875
13771,-0.08757062146892655,0.6609640474436815,1.0034926802361261,0.8375565049801386,0.716796875
13772,-0.1751412429378531,0.5849625007211564,0.6768924102580098,1.3042386914064403,0.78125
13773,0.8502824858757062,-0.20751874963942185,-0.5611305552499408,-0.5052041156418035,0.08203125
13774,-0.03954802259887006,-0.5000000000000001,-0.4897276805987195,-0.42043099147526186,-0.431640625
13775,1.3983050847457628,-0.5000000000000001,0.10114222094263453,0.20030931919148418,-0.431640625
13776,0.940677966101695,-0.20751874963942185,-0.17518815616268907,-1.9018456381848245,-0.431640625
13777,-0.268361581920904,1.977098155193438,2.1520528108895833,-0.013331387333714908,1.0078125
13778,0.022598870056497175,0.16096404744368117,0.1377412504332793,-0.1833495832196537,0.470703125
13779,1.1864406779661016,-0.5000000000000001,-0.8929770389362495,-0.3011156334059281,-0.431640625
13780,-0.24858757062146894,0.0,-0.09032860222473085,0.4138019232360459,0.349609375
13781,0.4378531073446328,0.0,-0.05743480451253271,0.13005110216134985,0.48828125
13782,-0.2344632768361582,0.9036774610288021,0.38370204227116966,0.8539066514387023,0.9765625
13783,1.1073446327683616,0.16096404744368117,0.30561195252236023,-1.346066098592327,-0.068359375
13784,-0.24293785310734464,0.9534452978042595,0.6432960674654895,-0.7215466248811899,0.4296875
13785,0.940677966101695,0.16096404744368117,-0.24950781946092873,-0.3231745627721683,-0.369140625
13786,0.768361581920904,0.4036774610288021,0.6816690009794358,0.343192792857138,0.2890625
13787,-0.05649717514124294,0.4036774610288021,0.1821586189583549,0.2717510560243111,0.77734375
13788,1.1581920903954803,-0.5000000000000001,-2.770941336780508,-1.9018456381848245,-0.431640625
13789,0.827683615819209,-0.5000000000000001,-0.6833010329377155,-0.5363162534679564,-0.431640625
13790,-0.2570621468926554,-0.5000000000000001,-0.48391716220671105,0.0,-0.431640625
13791,0.0903954802259887,-0.20751874963942185,0.2965408141246338,-1.0609836552343013,-0.3515625
13792,-0.08192090395480225,0.0,-0.4329807016380973,-0.3946162996049949,0.263671875
13793,1.5564971751412429,-0.5000000000000001,-1.1662397644777127,-1.0609836552343013,-0.431640625
13794,1.2740112994350283,-0.5000000000000001,-1.0227628105453823,-0.925635107117065,-0.431640625
13795,0.827683615819209,0.16096404744368117,-0.019608789822310953,-0.3946162996049949,0.0546875
13796,1.1412429378531073,-0.5000000000000001,-0.5823674170258307,-0.42043099147526186,-0.431640625
13797,0.963276836158192,0.0,0.16310376837688526,0.2717510560243111,-0.01953125
13798,-0.2655367231638418,2.397207933175053,2.3746374431443154,0.789282449524909,0.994140625
13799,0.059322033898305086,0.6609640474436815,0.6234403144297052,0.20971344100017061,0.599609375
13800,0.6045197740112994,0.0,0.3510097628707503,0.2883700053706945,0.40234375
13801,-0.08192090395480225,-0.5000000000000001,-0.5217279544669894,-0.3946162996049949,-0.431640625
13802,0.12146892655367232,1.1609640474436813,1.8133355055324158,0.9296350047447086,0.58984375
13803,0.4519774011299435,0.0,0.23050705338451477,0.2883700053706945,0.27734375
13804,-0.18361581920903955,0.6609640474436815,0.6872718582842726,0.7169427795800003,0.361328125
13805,-0.12146892655367232,-0.20751874963942185,0.03372568185633919,-0.8678243642955378,-0.28125
13806,-0.0903954802259887,-0.5000000000000001,-0.6471276385750416,-0.8678243642955378,-0.431640625
13807,0.768361581920904,0.0,-0.38258709241805466,-0.3698555675245675,0.287109375
13808,-0.2542372881355932,0.29248125036057815,0.37214077283010355,0.2632676491154024,-0.25390625
13809,0.5932203389830508,0.0,-0.1297574387787356,-0.3946162996049949,-0.12890625
13810,-0.18926553672316385,0.0,0.29054935486880806,-0.20145700866623173,-0.376953125
13811,0.24858757062146894,0.0,-0.033642508492113796,-1.0609836552343013,-0.322265625
13812,-0.1497175141242938,0.0,-0.2529348139947017,-0.1833495832196537,-0.30859375
13813,-0.15819209039548024,0.5849625007211564,0.6161640770326503,0.37242995637284404,0.923828125
13814,-0.00847457627118644,0.0,0.5082016806786067,0.13005110216134985,0.41796875
13815,-0.2062146892655367,0.5849625007211564,1.145054807401621,0.9034487638849139,0.82421875
13816,-0.2033898305084746,-0.20751874963942185,-0.221687046348597,-0.3460660985923269,-0.3515625
13817,-0.1864406779661017,-0.20751874963942185,-0.4343228377118912,-0.4756102607271456,0.197265625
13818,0.943502824858757,-0.5000000000000001,-1.4019369294364445,-1.2354782825555186,-0.431640625
13819,0.5819209039548022,0.4036774610288021,0.5919464168900506,0.025814691870266956,0.421875
13820,0.9124293785310734,0.0,-0.15124696833493595,0.24593636415404438,0.080078125
13821,0.1384180790960452,0.4036774610288021,0.24622071843914048,0.7522860017726577,0.662109375
13822,-0.2542372881355932,-0.20751874963942185,-0.16840521724887145,0.4138019232360459,-0.36328125
13823,-0.2175141242937853,0.5,0.7265523813468606,0.5232778164932019,0.947265625
13824,-0.17796610169491525,0.8502198590705463,0.7125103991949561,0.16116323998750257,0.75
13825,1.4858757062146892,-0.20751874963942185,-0.6487629521922499,-0.10012973443828277,-0.21875
13826,0.2288135593220339,-0.5000000000000001,-0.8071960368718554,-0.8678243642955378,-0.431640625
13827,-0.10734463276836158,0.0,-0.39840682105341135,0.3652517222233779,-0.263671875
13828,-0.2062146892655367,-0.5000000000000001,-0.7541136066799763,-0.6405526637590393,-0.431640625
13829,0.9209039548022598,-0.5000000000000001,-1.1343124063274954,-1.9018456381848245,-0.431640625
13830,1.3728813559322033,-0.5000000000000001,-0.9072087863551995,-0.8150472910802568,-0.431640625
13831,-0.2231638418079096,1.1239637567217928,1.0776185568648202,0.5916201408260943,0.9609375
13832,-0.21468926553672316,-0.20751874963942185,-0.18731836871027932,0.1083861667722219,0.35546875
13833,0.1807909604519774,-0.20751874963942185,-0.11381402244553872,-0.02696238134501425,0.046875
13834,1.3587570621468927,-0.20751874963942185,-0.522724889906887,-0.6405526637590393,-0.25
13835,-0.1977401129943503,0.5,0.1237479712237198,0.17118914935083235,0.779296875
13836,0.8587570621468926,-0.20751874963942185,-0.17826978116136213,-0.25926775148775905,-0.40234375
13837,0.327683615819209,-0.20751874963942185,-0.6264330206285532,-0.5691109269262127,-0.224609375
13838,-0.2542372881355932,0.7297158093186489,0.3543262292837157,1.1933436817918135,0.689453125
13839,1.1045197740112995,-0.5000000000000001,-0.9674482706668388,-1.0609836552343013,-0.431640625
13840,0.9067796610169492,-0.5000000000000001,-0.1523466127137474,-0.06979572847822901,-0.431640625
13841,0.4435028248587571,-0.5000000000000001,-1.230268785249952,-1.9018456381848245,-0.431640625
13842,-0.10451977401129943,1.1239637567217928,0.9640492728399458,0.9353037722343442,0.74609375
13843,0.807909604519774,-0.5000000000000001,-0.5300381163522769,-0.5363162534679564,-0.431640625
13844,-0.23728813559322035,-0.5000000000000001,-0.46476974516290065,-0.4756102607271456,-0.431640625
13845,-0.08757062146892655,-0.5000000000000001,-0.5413863299898751,-0.925635107117065,-0.431640625
13846,-0.20056497175141244,0.16096404744368117,0.21800624230577031,0.35063526299703285,0.30078125
13847,1.7627118644067796,-0.5000000000000001,-0.5452291988390651,-0.5052041156418035,-0.431640625
13848,-0.00847457627118644,0.5849625007211564,0.6621040317311699,-1.4814146467095628,0.814453125
13849,-0.12429378531073447,0.29248125036057815,0.7367435395208687,0.8603252690750651,0.6875
13850,0.096045197740113,-0.5000000000000001,0.32370630349024715,0.43347565996344034,-0.431640625
13851,0.0,0.5849625007211564,0.887520824873778,0.5397463495445953,0.708984375
13852,1.4548022598870056,-0.5000000000000001,-0.8132339550143992,-0.8150472910802568,-0.431640625
13853,-0.10734463276836158,-0.5000000000000001,0.12125280571589812,-0.3946162996049949,-0.431640625
13854,-0.2457627118644068,1.6609640474436818,1.3943128581059203,0.18105202855421326,0.919921875
13855,1.1440677966101696,0.16096404744368117,0.21904169167516133,0.20971344100017061,0.01953125
13856,0.2062146892655367,0.7924812503605783,0.14596759736758091,-0.1833495832196537,0.44921875
13857,0.8418079096045198,0.4036774610288021,0.07592156148196727,0.4710064154259565,-0.083984375
13858,-0.10734463276836158,-0.5000000000000001,-0.7374938544647635,-0.8150472910802568,-0.431640625
13859,0.652542372881356,-0.20751874963942185,-0.2762332461927345,-0.16576708528869222,-0.03515625
13860,-0.2655367231638418,0.29248125036057815,0.19223658656176937,0.1509688200781701,-0.265625
13861,0.943502824858757,-0.20751874963942185,-0.6133357716431016,-0.44739337282027586,-0.234375
13862,-0.2175141242937853,0.6609640474436815,0.5742973971909772,0.5504820936366117,0.29296875
13863,0.4293785310734463,0.16096404744368117,0.1895205744702827,0.16116323998750257,0.244140625
13864,0.8220338983050848,-0.5000000000000001,-0.143452055952499,-1.9018456381848245,-0.431640625
13865,-0.10451977401129943,0.16096404744368117,-0.2911585357746627,-0.3231745627721683,0.01953125
13866,-0.059322033898305086,-0.5000000000000001,-0.946286811912022,-1.0609836552343013,-0.431640625
13867,-0.1807909604519774,0.0,0.07808321863676751,0.07436489288293499,-0.06640625
13868,-0.24858757062146894,-0.20751874963942185,0.6925315519715143,-0.20145700866623173,-0.37109375
13869,0.07909604519774012,0.7297158093186489,1.1808976142345018,1.4508453942419064,0.677734375
13870,-0.2627118644067797,1.0000000000000002,1.0019362450116591,0.7560888587839819,0.87109375
13871,-0.2062146892655367,1.0849625007211563,1.1734616015695707,0.8408619829505237,0.9296875
13872,1.2203389830508475,0.0,0.030826945214118863,0.07436489288293499,-0.044921875
13873,0.06779661016949153,0.5849625007211564,0.09567643397362507,0.11931535806933405,0.59765625
13874,0.7429378531073446,0.5,0.45675649346351727,0.013044668488178479,0.18359375
13875,-0.11864406779661017,0.9534452978042595,0.910999625343909,0.7560888587839819,0.875
13876,-0.0903954802259887,-0.5000000000000001,-1.036893874440682,-1.0609836552343013,-0.431640625
13877,-0.025423728813559324,0.0,-0.3491198807544542,-0.3946162996049949,0.74609375
13878,-0.11581920903954802,0.16096404744368117,0.5445231651801119,0.43347565996344034,0.642578125
13879,1.5536723163841808,-0.5000000000000001,-0.41725450120846375,-0.3460660985923269,-0.431640625
13880,-0.20903954802259886,1.0849625007211563,0.8501462934443197,0.712885549024819,0.625
13881,-0.2598870056497175,1.729715809318649,2.10198162246969,0.8375565049801386,0.822265625
13882,-0.2627118644067797,0.29248125036057815,0.16834142322967996,0.1083861667722219,-0.310546875
13883,-0.2401129943502825,1.0000000000000002,1.0755534266342686,0.8944626186907492,0.9765625
13884,-0.24858757062146894,0.7297158093186489,0.3951718065543753,0.5232778164932019,0.47265625
13885,0.2655367231638418,-0.20751874963942185,-0.2856406789580991,-0.27983086331062224,-0.41015625
13886,-0.06779661016949153,-0.5000000000000001,-0.67430717663496,-0.6037805746949155,-0.431640625
13887,0.307909604519774,-0.5000000000000001,-0.48277781081654325,-0.5052041156418035,-0.431640625
13888,0.06779661016949153,0.5,0.4442704618283114,0.6063549635431924,0.458984375
13889,-0.00847457627118644,0.4036774610288021,0.4415113144183536,0.14060012816463935,0.728515625
13890,-0.2655367231638418,0.9534452978042595,0.6464206566094869,0.4770418254852238,0.998046875
13891,0.7994350282485876,0.0,-0.005248919806705777,0.45875238842244526,-0.033203125
13892,-0.19491525423728814,0.4036774610288021,0.2014357539221183,-0.1833495832196537,0.640625
13893,0.5706214689265536,-0.5000000000000001,-0.029354557160102063,-0.44739337282027586,-0.431640625
13894,-0.2033898305084746,0.0,-0.22827655662769009,-0.3460660985923269,0.12890625
13895,-0.18926553672316385,0.4036774610288021,0.8135752094564443,0.736831568146711,0.951171875
13896,1.497175141242938,-0.5000000000000001,-0.42666163541918606,-0.44739337282027586,-0.431640625
13897,-0.1271186440677966,0.0,0.15459552290058853,0.1509688200781701,0.79296875
13898,0.6497175141242938,-0.20751874963942185,-0.12454702969913095,-0.02696238134501425,-0.263671875
13899,-0.2231638418079096,-0.20751874963942185,-0.4267026044946975,-0.5052041156418035,0.072265625
13900,0.24858757062146894,0.4036774610288021,0.3287174284192098,0.343192792857138,0.4296875
13901,-0.06497175141242938,1.0000000000000002,0.9985979276167704,1.0976882932328629,0.80078125
13902,1.5169491525423728,0.29248125036057815,1.9522505273518311,0.1509688200781701,-0.251953125
13903,0.8615819209039548,-0.5000000000000001,-0.878988284802895,-0.8678243642955378,-0.431640625
13904,-0.1638418079096045,-0.20751874963942185,-0.5090784757380619,-0.3698555675245675,0.0703125
13905,1.7994350282485876,-0.5000000000000001,-0.5419457289772182,-0.7664970900675887,-0.431640625
13906,0.8870056497175142,-0.5000000000000001,-1.5989974116320833,-1.9018456381848245,-0.431640625
13907,1.6836158192090396,-0.5000000000000001,-0.9794716224878087,-1.346066098592327,-0.431640625
13908,-0.04519774011299435,0.16096404744368117,0.5340023213941278,0.5006002703406138,-0.046875
13909,0.9265536723163842,-0.20751874963942185,-0.5950525408599552,-0.1486799354509508,-0.240234375
13911,-0.10734463276836158,1.1961587113893803,0.842804198195337,0.824151457593332,0.72265625
13912,0.9265536723163842,-0.5000000000000001,-1.0273048572516887,-1.0609836552343013,-0.431640625
13913,1.1610169491525424,-0.5000000000000001,-1.5962826794273572,-1.4814146467095628,-0.431640625
13914,-0.23728813559322035,-0.20751874963942185,-0.17308991479753752,-0.27983086331062224,-0.3828125
13915,0.844632768361582,-0.5000000000000001,-1.3262683213822202,-1.6559092740307801,-0.431640625
13916,1.03954802259887,0.16096404744368117,0.2048464008221574,0.2801174466877641,-0.017578125
13917,-0.12994350282485875,-0.20751874963942185,-0.6157073992222248,-0.6037805746949155,-0.154296875
13918,-0.12994350282485875,-0.20751874963942185,0.17794189982405934,-0.23937896292104863,-0.033203125
13919,-0.1016949152542373,0.16096404744368117,0.2390805855127674,0.21897398280902985,0.5078125
13920,0.9491525423728814,0.16096404744368117,0.3802977161593893,0.35063526299703285,-0.17578125
13921,0.867231638418079,0.16096404744368117,-0.09132369287881563,-0.1320609861045676,0.19140625
13922,0.7231638418079096,0.0,-0.001557478119844048,-0.23937896292104863,-0.205078125
13923,-0.11864406779661017,-0.5000000000000001,-0.48038553298187253,-0.4756102607271456,-0.431640625
13924,-0.2655367231638418,0.4036774610288021,0.3991827195931666,0.4138019232360459,-0.29296875
13925,-0.00847457627118644,0.16096404744368117,-0.13089181369741656,-0.27983086331062224,-0.349609375
13926,-0.2033898305084746,-0.5000000000000001,-0.7190065157715356,-0.8150472910802568,-0.431640625
13927,-0.059322033898305086,-0.20751874963942185,-0.10789349908219659,-0.11588526199269454,0.27734375
13928,-0.2401129943502825,0.16096404744368117,-0.3318284736273771,-0.3946162996049949,-0.19140625
13929,0.20903954802259886,0.7924812503605783,0.7405316169244243,-0.10012973443828277,0.59375
13930,-0.10734463276836158,-0.20751874963942185,-0.5016369843645462,-0.6405526637590393,-0.27734375
13931,0.0,0.7924812503605783,0.957817743514016,0.9093664079586767,0.8203125
13932,0.5621468926553672,-0.5000000000000001,-0.5509253025094974,-0.6037805746949155,-0.431640625
13933,0.03954802259887006,-0.20751874963942185,-0.1882771120585434,-0.3946162996049949,-0.35546875
13934,0.4745762711864407,-0.5000000000000001,0.03228693223502106,-0.22012167228377744,-0.431640625
13935,1.4152542372881356,0.0,1.038356496871786,0.23708140825560817,-0.322265625
13936,0.23728813559322035,0.0,0.04231134097311195,0.13005110216134985,0.02734375
13937,0.20903954802259886,-0.20751874963942185,0.007533420901157531,0.1083861667722219,0.0234375
13938,-0.1694915254237288,-0.5000000000000001,-1.31993447739926,-1.0609836552343013,-0.431640625
13939,-0.2033898305084746,0.5,0.3120777193529878,0.42043099147526186,0.71875
13940,-0.22033898305084745,0.16096404744368117,-0.017807501845455476,-0.08477312416654154,-0.18359375
13941,-0.20903954802259886,1.0000000000000002,1.3012403358440658,-0.04090675883341514,0.939453125
13942,1.2401129943502824,-0.5000000000000001,-0.5296236535648792,-1.9018456381848245,-0.431640625
13943,1.3615819209039548,-0.5000000000000001,-0.6678643032309496,-0.6405526637590393,-0.431640625
13944,1.576271186440678,-0.5000000000000001,-0.7775179659002766,-0.1486799354509508,-0.431640625
13945,0.844632768361582,-0.20751874963942185,-0.00838731686454225,0.05057542395069435,-0.265625
13946,-0.04519774011299435,0.4036774610288021,0.4098822180273802,0.05057542395069435,0.849609375
13947,-0.0847457627118644,-0.5000000000000001,-1.1967104469083385,-1.2354782825555186,-0.431640625
13948,0.748587570621469,0.16096404744368117,-0.24340593181527043,-0.3946162996049949,0.30078125
13949,-0.2627118644067797,0.4036774610288021,0.5468107470862688,0.6063549635431924,-0.251953125
13950,-0.23728813559322035,0.16096404744368117,-0.0809847629112463,-0.1833495832196537,0.02734375
13951,0.2288135593220339,0.0,-0.13387618596073597,-0.10012973443828277,-0.201171875
13952,0.3446327683615819,0.9534452978042595,1.4320818571324145,0.9994926359332469,0.556640625
13953,-0.24858757062146894,0.8502198590705463,1.0820534101620318,-0.9895419184014743,0.9765625
13954,-0.2655367231638418,-0.20751874963942185,-0.3607667311194958,-0.3698555675245675,-0.296875
13955,0.16666666666666666,0.0,-0.24796357372680614,0.35798751915499055,0.0
13956,-0.2542372881355932,0.29248125036057815,0.08552844842241278,0.6014830200294751,0.087890625
13957,0.9096045197740112,0.0,-0.33909920360457463,-0.44739337282027586,0.0390625
13958,0.8022598870056498,0.5849625007211564,0.8992559331500003,0.8034714873351904,0.26171875
13959,-0.04519774011299435,0.4036774610288021,0.10873812244428378,0.5866279010690111,0.412109375
13960,-0.20903954802259886,-0.20751874963942185,-0.7041455319894198,-0.8150472910802568,-0.333984375
13961,0.8389830508474576,-0.5000000000000001,-0.2535262125666918,-0.5052041156418035,-0.431640625
13962,-0.20903954802259886,0.0,-0.46304149746663337,-0.3946162996049949,0.376953125
13963,0.6016949152542372,1.0849625007211563,0.6341435133159096,0.6301444324754325,0.1328125
13964,0.8248587570621468,-0.20751874963942185,-0.36199877049751084,-0.42043099147526186,-0.34765625
13965,1.076271186440678,0.0,0.07358047587087992,-0.3946162996049949,0.01171875
13966,0.96045197740113,-0.5000000000000001,-0.4325524845889118,-0.44739337282027586,-0.431640625
13967,0.14124293785310735,-0.20751874963942185,-0.876278654874856,-1.346066098592327,0.05859375
13968,0.9265536723163842,-0.5000000000000001,-1.0327814007276421,-0.9895419184014743,-0.431640625
13969,-0.24858757062146894,1.5849625007211563,1.43826531278938,1.4135455065311333,0.7734375
13970,0.8220338983050848,-0.20751874963942185,-0.013136180845915819,-0.8678243642955378,-0.33203125
13971,-0.2175141242937853,0.9534452978042595,0.8945300145463201,0.8441495449631917,0.865234375
13972,-0.07062146892655367,-0.20751874963942185,-0.805105806439086,-0.6405526637590393,-0.17578125
13973,0.5423728813559322,-0.5000000000000001,-0.630203630259969,-0.8150472910802568,-0.431640625
13974,-0.12994350282485875,-0.20751874963942185,-0.13130705171223983,-0.02696238134501425,0.609375
13975,-0.1807909604519774,0.8502198590705463,0.9577185927704644,1.3627470233864434,0.826171875
13976,0.3135593220338983,0.16096404744368117,0.1688900019281154,0.05057542395069435,0.470703125
13977,0.8926553672316384,-0.5000000000000001,-0.2721832807044017,-0.7215466248811899,-0.431640625
13978,-0.2288135593220339,-0.20751874963942185,-0.7872188768682963,-0.6796987429630209,-0.37109375
13979,-0.062146892655367235,0.5,0.7228645056652314,1.2428857942380251,0.86328125
13980,-0.09887005649717515,0.29248125036057815,-0.06430735418576528,0.14060012816463935,0.732421875
13981,0.903954802259887,-0.5000000000000001,-0.5114755011554584,-0.42043099147526186,-0.431640625
13982,-0.15819209039548024,0.6609640474436815,0.8063311453394794,0.6014830200294751,0.8359375
13983,-0.1864406779661017,1.229715809318649,1.0910445116815468,0.9994926359332469,0.9375
13984,-0.19491525423728814,0.8502198590705463,0.4148379881656313,0.09725642870309359,0.947265625
13985,-0.2570621468926554,1.2617809780285068,1.3009049743163017,0.7169427795800003,0.865234375
13986,-0.22033898305084745,-0.5000000000000001,-0.5288618847271463,-0.7664970900675887,-0.431640625
13987,0.8022598870056498,-0.20751874963942185,-0.12754261295507793,0.013044668488178479,-0.390625
13988,-0.21468926553672316,0.5849625007211564,0.904713232916113,0.9464848023170704,0.751953125
13989,-0.0847457627118644,0.29248125036057815,0.4507312182984633,0.18105202855421326,0.541015625
13990,0.3333333333333333,-0.5000000000000001,-0.544240324745085,-0.6037805746949155,-0.431640625
13991,-0.2344632768361582,0.4036774610288021,-0.009177932692779275,0.1509688200781701,-0.17578125
13992,-0.18361581920903955,0.0,-0.7293988475302606,-0.8678243642955378,0.4140625
13993,-0.1497175141242938,1.1609640474436813,1.0927601169113015,0.5343063695247384,0.923828125
13994,-0.2598870056497175,0.4036774610288021,0.5121490665850665,0.5965716271510767,-0.1484375
13995,-0.22598870056497175,0.9534452978042595,0.799252913685103,0.7046887525764891,0.947265625
13996,0.8220338983050848,-0.20751874963942185,0.016886975159044318,-0.25926775148775905,-0.40625
13997,1.1977401129943503,0.0,-0.44343316360892315,-0.1320609861045676,-0.37109375
13998,0.9915254237288136,0.0,-0.22632391447782355,-0.23937896292104863,-0.177734375
13999,-0.2401129943502825,1.4534452978042598,1.2726397556812772,0.8104434457790677,0.982421875
14000,0.327683615819209,0.29248125036057815,0.4560268681787952,-0.27983086331062224,0.595703125
14001,-0.14124293785310735,0.6609640474436815,0.8420325669924112,0.17118914935083235,0.443359375
14002,0.11016949152542373,-0.20751874963942185,-0.26214613684829124,0.025814691870266956,-0.388671875
14003,1.7994350282485876,-0.5000000000000001,-0.754315825911954,-0.6037805746949155,-0.431640625
14004,-0.14689265536723164,0.7924812503605783,1.050522570829332,0.6207403106667461,0.333984375
14005,-0.24293785310734464,0.29248125036057815,0.6367675016993907,0.09725642870309359,-0.029296875
14006,0.05649717514124294,0.5,0.4937198052111952,0.11931535806933405,0.6171875
14007,1.1779661016949152,-0.5000000000000001,-1.2655584579439398,-1.2354782825555186,-0.431640625
14008,0.9519774011299436,-0.5000000000000001,-0.2832992521017316,-0.20145700866623173,-0.431640625
14009,0.2909604519774011,0.0,0.12599477103714027,0.2717510560243111,0.083984375
14010,1.3276836158192091,-0.20751874963942185,-0.35449394876449,-0.4756102607271456,-0.431640625
14011,1.0875706214689265,-0.20751874963942185,-0.33959751874358235,-0.20145700866623173,-0.18359375
14012,0.5141242937853108,-0.5000000000000001,-0.5152365626213671,-0.8150472910802568,-0.431640625
14013,0.0423728813559322,0.29248125036057815,0.1185303115310661,0.13005110216134985,0.5703125
14014,-0.05084745762711865,0.0,0.42989832250640886,0.31247464900809724,0.54296875
14015,-0.12146892655367232,-0.5000000000000001,0.029536748321502063,-0.4756102607271456,-0.431640625
14016,0.1864406779661017,0.7924812503605783,1.3696513007386693,1.239478180183162,0.62109375
14017,1.344632768361582,-0.5000000000000001,-0.7052279515309464,-0.6796987429630209,-0.431640625
14018,1.5536723163841808,-0.5000000000000001,-0.4567184805301609,-0.7215466248811899,-0.431640625
14019,-0.1384180790960452,0.0,0.26236672213177226,-0.11588526199269454,-0.251953125
14020,-0.2231638418079096,0.16096404744368117,0.19356174899321918,0.20030931919148418,0.5703125
14021,0.1694915254237288,0.5,0.3626008379587466,0.37242995637284404,0.421875
14022,0.3672316384180791,-0.20751874963942185,-0.04842526083100337,0.0,0.078125
14023,-0.24858757062146894,-0.20751874963942185,-0.2102914083574478,-0.23937896292104863,0.04296875
14024,0.07344632768361582,0.0,-0.1569818782093478,-0.1833495832196537,0.09375
14025,1.0423728813559323,0.5849625007211564,0.8200866848083016,0.17118914935083235,-0.19921875
14026,1.0593220338983051,-0.20751874963942185,-0.10426825709370809,-0.02696238134501425,-0.12890625
14027,-0.09887005649717515,-0.5000000000000001,-1.119943794579861,-1.1419776163564517,-0.431640625
14028,1.2853107344632768,0.0,1.3204794480594853,-1.4814146467095628,-0.431640625
14029,-0.0903954802259887,-0.20751874963942185,-0.32830948677659183,-0.6405526637590393,-0.2734375
14030,-0.2175141242937853,1.1961587113893803,1.148321879723321,1.5496629797964796,0.95703125
14031,-0.24858757062146894,1.7459265481648374,2.024012173543887,1.0976882932328629,0.9921875
14032,-0.2627118644067797,1.04373142062517,0.8805420618898809,0.33565786730872005,0.98046875
14033,1.2994350282485876,-0.5000000000000001,-1.0972115013943073,-1.9018456381848245,-0.431640625
14034,-0.2062146892655367,0.0,-0.1543971985045517,0.35798751915499055,-0.16796875
14035,-0.18926553672316385,0.6609640474436815,0.6217647254659683,0.2632676491154024,0.708984375
14036,0.5338983050847458,-0.5000000000000001,-0.17292037835734364,-0.10012973443828277,-0.431640625
14037,0.2288135593220339,0.4036774610288021,-0.019195984638826102,0.45253127023096074,0.654296875
14038,-0.0480225988700565,0.29248125036057815,0.6716967683677042,0.4710064154259565,0.73046875
14039,-0.1751412429378531,-0.20751874963942185,-0.6250630814800653,-0.8678243642955378,0.626953125
14040,-0.1553672316384181,1.5849625007211563,1.4195022703277218,1.2061137051739017,0.931640625
14041,0.4830508474576271,-0.5000000000000001,-0.9619663904037171,-0.44739337282027586,-0.431640625
14042,1.7796610169491525,-0.5000000000000001,-0.37043351710980477,-0.44739337282027586,-0.431640625
14043,1.11864406779661,-0.20751874963942185,-0.5592699906504118,-0.11588526199269454,0.033203125
14044,-0.19491525423728814,0.7297158093186489,0.6730496908746316,1.487120744355183,0.853515625
14045,0.03954802259887006,1.04373142062517,1.349846304745287,-0.6037805746949155,0.72265625
14046,0.5338983050847458,-0.5000000000000001,-0.9135143094995428,-0.6796987429630209,-0.431640625
14047,-0.2457627118644068,0.9534452978042595,0.8081866134053136,0.42043099147526186,0.873046875
14048,0.5932203389830508,0.0,-0.07840274139898622,0.6159830023075147,-0.28125
14049,-0.2231638418079096,0.9036774610288021,1.44030896108256,1.5309342763006677,0.7421875
14050,-0.1807909604519774,-0.20751874963942185,-0.08005863091408119,0.05057542395069435,-0.28515625
14051,-0.268361581920904,1.6239637567217928,1.7136311582651005,0.35798751915499055,1.005859375
14052,-0.21468926553672316,-0.20751874963942185,-0.32944577172826695,0.5610311196399013,0.29296875
14053,0.08192090395480225,0.16096404744368117,-0.22110215023611032,-1.4814146467095628,0.275390625
14054,-0.0847457627118644,-0.5000000000000001,-1.1860167861868292,-1.1419776163564517,-0.431640625
14055,0.031073446327683617,0.0,0.29827728885813465,-0.1833495832196537,0.7734375
14056,-0.2655367231638418,1.2924812503605785,1.191163319572306,1.1784123750595992,0.12109375
14057,-0.2033898305084746,1.2617809780285068,1.203668822772747,1.014531928014943,0.9609375
14058,1.036723163841808,-0.20751874963942185,-0.3265756548536888,-0.3946162996049949,-0.298828125
14059,0.4830508474576271,-0.5000000000000001,-0.82393205575258,-0.9895419184014743,-0.431640625
14060,-0.2570621468926554,1.4770981551934377,1.2377062705437545,0.4770418254852238,0.806640625
14061,1.1638418079096045,0.0,0.02958887968961294,-0.5691109269262127,0.01953125
14062,-0.24293785310734464,1.3219280948873624,1.7995149340441108,0.6836986405906643,0.974609375
14063,0.9689265536723164,0.6609640474436815,1.7360982803273242,-0.23937896292104863,0.140625
14064,-0.1864406779661017,1.0000000000000002,0.7036907899635629,0.6394049742842918,0.853515625
14065,0.8305084745762712,0.0,0.014067723674152792,-0.04090675883341514,-0.349609375
14066,0.4830508474576271,-0.5000000000000001,-0.9219010544067102,-1.0609836552343013,-0.431640625
14067,-0.0903954802259887,-0.20751874963942185,-0.44591937242265856,0.07436489288293499,-0.3671875
14068,0.635593220338983,0.16096404744368117,0.2967932349996414,0.43347565996344034,0.265625
14069,1.1836158192090396,-0.20751874963942185,-0.7143895297731861,-0.11588526199269454,-0.33984375
14070,1.6638418079096045,-0.5000000000000001,-0.5269787110832777,-0.06979572847822901,-0.431640625
14071,-0.2598870056497175,0.5849625007211564,0.2683014881462024,1.0779433912061318,0.078125
14072,1.612994350282486,-0.5000000000000001,-0.423530029729152,-0.5052041156418035,-0.431640625
14073,-0.17796610169491525,-0.5000000000000001,-0.92715823303357,-0.7215466248811899,-0.431640625
14074,1.4915254237288136,-0.5000000000000001,-0.7296401552961199,-1.1419776163564517,-0.431640625
14075,-0.2570621468926554,0.4036774610288021,0.36823560523340004,0.16116323998750257,0.6171875
14076,0.096045197740113,-0.5000000000000001,-1.054513192451028,-0.02696238134501425,-0.431640625
14077,-0.1553672316384181,0.4036774610288021,-0.1828180072792341,-0.02696238134501425,0.26171875
14078,0.01694915254237288,0.6609640474436815,0.3095206843819018,0.5176874201783555,0.583984375
14079,0.08192090395480225,-0.20751874963942185,-0.17967566265899595,-0.7215466248811899,0.658203125
14080,-0.17796610169491525,0.29248125036057815,0.13356082004427863,0.29651178810473844,0.9453125
14081,0.5847457627118644,0.7297158093186489,0.9168445013380665,1.4045019397581908,0.40234375
14082,0.7598870056497176,-0.20751874963942185,-0.393816681225578,0.03832139694718311,-0.376953125
14083,-0.2570621468926554,0.7924812503605783,0.11736275739437797,0.7928609478481059,0.96875
14084,1.1779661016949152,-0.5000000000000001,-0.929050967446389,-1.0609836552343013,-0.431640625
14085,-0.2627118644067797,1.54373142062517,1.2847272929814797,1.4224562144132882,0.9921875
14086,1.036723163841808,-0.5000000000000001,-1.6249829007956582,-1.9018456381848245,-0.431640625
14087,-0.2627118644067797,0.0,-0.023965898217067027,0.8138996016055092,1.0
14088,-0.2401129943502825,1.04373142062517,2.2875392452534835,1.3655293847168681,0.37109375
14089,-0.11016949152542373,-0.5000000000000001,-0.9008439142947935,-0.7215466248811899,-0.431640625
14090,0.6468926553672316,-0.5000000000000001,-1.2868667939664364,-1.9018456381848245,-0.431640625
14091,1.57909604519774,-0.20751874963942185,1.2741947578620783,-0.7215466248811899,-0.345703125
14092,-0.24858757062146894,1.3219280948873624,1.1272363924663593,0.7928609478481059,0.966796875
14093,-0.2344632768361582,-0.5000000000000001,-0.3681287329777694,0.44624568334552855,-0.431640625
14094,0.9717514124293786,-0.5000000000000001,-0.543440341899467,-0.055179269251883704,-0.431640625
14095,1.771186440677966,-0.5000000000000001,-2.8690507544798534,-1.9018456381848245,-0.431640625
14096,-0.2570621468926554,1.0849625007211563,2.2968279058198005,1.9363878720876169,-0.2421875
14097,1.0903954802259888,-0.20751874963942185,-0.38175811778786994,-0.08477312416654154,-0.111328125
14098,-0.16666666666666666,-0.5000000000000001,-0.9402281892127724,-0.44739337282027586,-0.431640625
14099,-0.2231638418079096,1.1961587113893803,1.0055395976085166,1.0823870279774876,0.9609375
14100,0.11864406779661017,-0.5000000000000001,-0.8003981388951509,-0.3698555675245675,-0.431640625
14101,-0.062146892655367235,0.9036774610288021,1.2977677216221362,-0.5052041156418035,0.638671875
14102,-0.2542372881355932,0.29248125036057815,0.1288716992014848,-0.1486799354509508,-0.35546875
14104,0.16666666666666666,0.29248125036057815,-0.08207681856133327,0.571399811553432,0.361328125
14105,0.4067796610169492,0.29248125036057815,1.027100618970686,0.8944626186907492,0.509765625
14106,1.8135593220338984,-0.5000000000000001,-0.7408603310725353,-1.9018456381848245,-0.431640625
14107,-0.12429378531073447,0.7924812503605783,0.917906586156501,0.4889354164834149,0.89453125
14108,-0.18361581920903955,0.16096404744368117,0.0987572106847452,0.05057542395069435,0.951171875
14109,-0.06497175141242938,-0.5000000000000001,-0.951645308258738,-0.925635107117065,-0.431640625
14110,-0.2598870056497175,1.54373142062517,1.4388590825677758,0.8207533887258768,1.00390625
14111,-0.2288135593220339,0.16096404744368117,-0.11957879652361639,-0.8678243642955378,0.01171875
14112,-0.2062146892655367,0.9036774610288021,1.0132229519829798,0.8914374069012179,0.802734375
14113,-0.2598870056497175,1.04373142062517,1.1170722314503292,0.31247464900809724,0.990234375
14114,0.5028248587570622,0.5,0.24041109350697343,0.2801174466877641,0.21875
14115,1.1468926553672316,-0.20751874963942185,-0.17630435643372544,-0.42043099147526186,-0.109375
14116,-0.21468926553672316,0.29248125036057815,0.24762962753910256,0.18105202855421326,-0.232421875
14117,0.13559322033898305,-0.5000000000000001,-1.2002063825616989,-1.4814146467095628,-0.431640625
14118,0.940677966101695,-0.5000000000000001,-0.33886758807431716,-0.6405526637590393,-0.431640625
14119,0.7909604519774012,-0.20751874963942185,-0.8245952614159787,-0.8150472910802568,0.23828125
14121,-0.2598870056497175,0.16096404744368117,0.6189794228893548,0.712885549024819,-0.322265625
14122,0.8785310734463276,0.0,-0.4635974391169464,-0.7664970900675887,0.21484375
14123,1.8022598870056497,-0.5000000000000001,-0.3652982275408556,-0.3698555675245675,-0.431640625
14124,-0.031073446327683617,-0.5000000000000001,-0.3858906725843364,-1.346066098592327,-0.431640625
14125,-0.2401129943502825,0.0,0.6074711778661843,0.7560888587839819,-0.298828125
14126,-0.24858757062146894,0.16096404744368117,0.15994440202451718,-0.11588526199269454,0.421875
14127,0.07627118644067797,0.4036774610288021,0.4165981757591753,0.45253127023096074,0.16015625
14128,-0.09887005649717515,0.0,0.03350149292527663,0.06258678093439042,0.52734375
14129,-0.2655367231638418,0.6609640474436815,0.5815805284398047,-0.06979572847822901,0.697265625
14130,0.632768361581921,0.16096404744368117,0.4049113104119637,0.8603252690750651,0.3671875
14131,1.5621468926553672,-0.5000000000000001,-0.8702084066435464,0.0,-0.431640625
14132,-0.2627118644067797,0.7924812503605783,0.7543427449075001,0.4770418254852238,-0.078125
14133,0.096045197740113,0.16096404744368117,0.025933121983995847,-0.1833495832196537,0.748046875
14134,0.8107344632768362,1.0000000000000002,1.3564247208656222,0.6347923763412154,0.24609375
14135,-0.2655367231638418,1.3219280948873624,1.2341936051672826,0.6707468237990215,1.005859375
14136,0.8615819209039548,0.29248125036057815,0.31542183996102713,0.38653649231868376,0.21484375
14137,1.694915254237288,-0.5000000000000001,-0.5089828190181622,-0.8150472910802568,-0.431640625
14138,-0.2655367231638418,-0.20751874963942185,0.05693640505261339,-0.06979572847822901,-0.310546875
14139,-0.1384180790960452,0.16096404744368117,0.11962195981800876,0.03832139694718311,0.537109375
14140,-0.2598870056497175,-0.20751874963942185,0.03969787998933481,0.17118914935083235,-0.376953125
14141,-0.2627118644067797,0.16096404744368117,0.02825502802962084,-0.3011156334059281,-0.23046875
14142,0.7853107344632768,-0.20751874963942185,-0.13633117931149505,-0.04090675883341514,0.1015625
14143,0.10734463276836158,-0.5000000000000001,-1.067426531716452,-1.0609836552343013,-0.431640625
14144,1.1045197740112995,-0.5000000000000001,-1.7628648753334584,-1.9018456381848245,-0.431640625
14145,-0.1384180790960452,0.5,1.1538266252903238,-0.8150472910802568,0.669921875
14146,-0.2457627118644068,0.8502198590705463,1.2697232158432235,1.2097134410001709,0.91015625
14147,-0.0480225988700565,0.6609640474436815,0.5813465424823344,-0.3698555675245675,0.666015625
14148,0.3898305084745763,-0.20751874963942185,-0.32986681307965426,-0.6405526637590393,-0.078125
14149,0.3531073446327684,-0.5000000000000001,-0.35274408860501133,-0.27983086331062224,-0.431640625
14150,-0.1694915254237288,-0.20751874963942185,-0.14647567748656695,-0.3946162996049949,0.201171875
14151,1.6327683615819208,-0.20751874963942185,-0.12995284816296832,-0.013331387333714908,-0.34765625
14152,-0.05649717514124294,0.5,0.443140302873566,0.5006002703406138,0.708984375
14153,1.0960451977401129,-0.5000000000000001,-0.6968792267741227,-0.5691109269262127,-0.431640625
14154,0.4067796610169492,0.5849625007211564,1.0674390564124379,0.9943955159679869,0.458984375
14155,0.4830508474576271,-0.5000000000000001,-1.054157691336325,-1.1419776163564517,-0.431640625
14156,-0.24293785310734464,2.6473103744458135,3.1323655913214177,2.0917649515913124,0.9921875
14157,-0.21468926553672316,0.29248125036057815,0.0639379964676742,0.3045457294825673,0.79296875
14158,-0.1553672316384181,-0.5000000000000001,-0.2847405190789534,-0.055179269251883704,-0.431640625
14159,-0.21468926553672316,1.1961587113893803,1.1717693062421446,1.6573408387888586,0.96875
14160,1.4548022598870056,0.5,1.2084149294602158,0.343192792857138,-0.259765625
14161,0.3389830508474576,0.5,0.658907253708065,0.9004681499930124,0.56640625
14162,0.22033898305084745,-0.20751874963942185,-0.5829899600585137,-0.3460660985923269,-0.19921875
14163,-0.022598870056497175,0.29248125036057815,0.5822531777060396,-0.04090675883341514,0.30078125
14164,-0.07062146892655367,-0.20751874963942185,0.33566310372711694,-0.27983086331062224,-0.412109375
14165,0.5084745762711864,-0.5000000000000001,-1.046702721254177,-0.3946162996049949,-0.431640625
14166,1.1581920903954803,-0.20751874963942185,-0.658048542143899,-0.08477312416654154,-0.1953125
14167,-0.15819209039548024,0.5849625007211564,0.20421273929173497,0.03832139694718311,0.822265625
14168,0.9180790960451978,-0.20751874963942185,-0.45197134851279236,-0.8150472910802568,-0.150390625
14169,0.9463276836158192,-0.20751874963942185,-0.17729470648372841,0.06258678093439042,-0.404296875
14170,0.7909604519774012,0.0,-0.22307293656108762,0.6014830200294751,-0.392578125
14171,0.00847457627118644,-0.20751874963942185,-0.29409870867298366,0.18105202855421326,0.802734375
14172,1.4406779661016949,0.0,-0.4540232399634934,-0.10012973443828277,-0.359375
14173,-0.2401129943502825,0.4036774610288021,-0.20853948322988197,-0.23937896292104863,0.974609375
14174,-0.1751412429378531,-0.5000000000000001,-0.9885825333870536,-0.3231745627721683,-0.431640625
14175,-0.1016949152542373,0.5849625007211564,1.15931516717782,0.9969494300839813,0.677734375
14176,0.5706214689265536,0.29248125036057815,-0.07291770165555166,-0.1833495832196537,-0.267578125
14177,-0.025423728813559324,0.9036774610288021,0.49686209753199867,0.6836986405906643,0.671875
14178,-0.2457627118644068,0.5,0.3252966672134543,0.8666766748207905,-0.091796875
14179,-0.1553672316384181,-0.20751874963942185,-0.1129349826090106,0.6575123997308701,-0.408203125
14180,-0.2401129943502825,1.54373142062517,1.0384069264120355,0.6111880863774223,0.619140625
14181,0.8898305084745762,-0.20751874963942185,-0.5492891545173733,0.03832139694718311,-0.134765625
14182,0.9830508474576272,0.16096404744368117,-0.13048472512907835,-0.04090675883341514,-0.1328125
14183,0.8926553672316384,-0.20751874963942185,-0.6035725935546536,-0.3011156334059281,-0.294921875
14184,-0.08192090395480225,-0.5000000000000001,-0.3453443669261541,-0.3698555675245675,-0.431640625
14185,0.6666666666666666,-0.5000000000000001,-0.7849108914790964,-1.4814146467095628,-0.431640625
14186,0.9378531073446328,0.29248125036057815,0.30854790486454325,0.3045457294825673,-0.0078125
14187,1.0677966101694916,-0.5000000000000001,-1.033464608990717,-0.9895419184014743,-0.431640625
14188,-0.18361581920903955,0.4036774610288021,0.4581066441211017,-0.16576708528869222,0.115234375
14189,-0.2627118644067797,1.04373142062517,0.9821174703823738,0.8914374069012179,0.322265625
14190,1.612994350282486,-0.5000000000000001,-1.2627895281144514,-1.9018456381848245,-0.431640625
14191,-0.2655367231638418,1.0000000000000002,0.9113629537140283,0.7088009968459559,0.98828125
14192,0.827683615819209,-0.5000000000000001,-0.5750253683895941,-0.6796987429630209,-0.431640625
14193,-0.07909604519774012,0.0,0.17677927304663732,0.05057542395069435,0.2109375
14194,-0.2570621468926554,1.6047266828144753,1.6319106333820228,1.3599518400691253,0.931640625
14195,0.2994350282485876,0.4036774610288021,0.5865356689249619,-0.8678243642955378,0.4140625
14196,0.031073446327683617,-0.5000000000000001,-0.5045062459467856,-1.1419776163564517,-0.431640625
14197,0.8898305084745762,-0.5000000000000001,-0.4246171941606081,-0.4756102607271456,-0.431640625
14198,-0.2175141242937853,0.6609640474436815,0.31505619941535956,0.1509688200781701,0.90625
14199,0.3474576271186441,0.16096404744368117,0.12201280860976389,-0.6405526637590393,0.177734375
14200,1.4745762711864407,-0.5000000000000001,-0.43958556741368376,-0.44739337282027586,-0.431640625
14201,-0.09887005649717515,0.7297158093186489,0.16941574952620478,0.025814691870266956,0.599609375
14202,0.807909604519774,0.0,-0.012377268510745991,-0.3011156334059281,0.04296875
14203,0.8531073446327684,-0.5000000000000001,-0.4985016952703371,-0.6037805746949155,-0.431640625
14204,-0.2627118644067797,0.16096404744368117,0.08841953032613177,0.8506716906696332,1.00390625
14205,-0.2231638418079096,0.6609640474436815,0.5439288053930817,0.33565786730872005,0.791015625
14206,0.4067796610169492,0.0,0.1656034679314449,0.19075709490216042,-0.11328125
14207,1.6723163841807909,-0.5000000000000001,-0.9040168310168653,-1.6559092740307801,-0.431640625
14208,-0.002824858757062147,-0.20751874963942185,-0.22599604823587932,-0.16576708528869222,0.4609375
14209,-0.2401129943502825,1.0000000000000002,0.9304047669329978,0.6485262545367048,0.888671875
14210,0.02824858757062147,1.04373142062517,0.9872554927297393,0.6921820474995729,0.734375
14211,-0.11864406779661017,1.1239637567217928,0.8634097418628958,0.740732248512241,0.890625
14212,-0.01694915254237288,-0.20751874963942185,0.4921368154272608,-0.5363162534679564,0.263671875
14213,0.8728813559322034,-0.5000000000000001,0.16881867409739523,-1.2354782825555186,-0.431640625
14214,-0.18361581920903955,0.29248125036057815,0.07770767864085039,0.20971344100017061,0.05078125
14215,-0.23728813559322035,0.6609640474436815,0.7020718416806002,0.7856827136986397,0.974609375
14216,-0.2598870056497175,0.29248125036057815,0.4823111881241842,0.21897398280902985,0.37109375
14217,-0.2655367231638418,1.2924812503605785,0.7099098238041142,0.5965716271510767,0.595703125
14218,-0.1497175141242938,-0.5000000000000001,-0.866262122249301,-0.7664970900675887,-0.431640625
14219,-0.2570621468926554,0.0,-0.1668695336096147,-0.08477312416654154,0.5234375
14220,0.4293785310734463,0.16096404744368117,0.2961900307550388,-0.3231745627721683,0.197265625
14221,-0.1497175141242938,1.0849625007211563,1.0720938987991488,0.782061486784926,0.681640625
14222,0.23163841807909605,-0.5000000000000001,-0.1270525431464881,-0.055179269251883704,-0.431640625
14223,-0.00847457627118644,0.0,0.07065027956838771,0.06258678093439042,-0.095703125
14224,0.0423728813559322,0.6609640474436815,0.40000900042689713,0.8603252690750651,0.416015625
14225,0.9576271186440678,0.16096404744368117,0.4520443744607574,0.2632676491154024,0.080078125
14226,-0.18926553672316385,0.4036774610288021,0.6568092897596682,0.40709960414154694,0.375
14227,-0.19491525423728814,1.0000000000000002,1.0598115063384812,1.0194632861245416,0.82421875
14228,0.9661016949152542,0.0,-0.08067112230786026,-0.10012973443828277,-0.21875
14229,-0.12429378531073447,0.5,0.5821342955143726,-0.055179269251883704,0.388671875
14230,0.96045197740113,0.0,0.06454037541323365,-0.3011156334059281,-0.2109375
14231,0.24858757062146894,0.16096404744368117,0.18783266755263048,0.22809526306144287,0.08984375
14232,-0.1497175141242938,0.29248125036057815,0.4564761864729845,0.35063526299703285,0.001953125
14233,-0.12994350282485875,0.5,0.6422058928396881,-0.04090675883341514,0.73046875
14234,-0.2062146892655367,0.16096404744368117,-0.07456362361819133,0.5965716271510767,-0.36328125
14235,-0.05649717514124294,0.6609640474436815,0.9002443493448784,0.5176874201783555,0.630859375
14236,-0.0423728813559322,0.29248125036057815,0.3101602418324435,-0.08477312416654154,0.3984375
14237,0.7853107344632768,-0.20751874963942185,-0.3243740285570252,-0.3231745627721683,-0.0078125
14238,0.652542372881356,0.0,-0.3676763055108895,-0.7215466248811899,0.365234375
14239,-0.14689265536723164,1.229715809318649,0.8463313720727967,0.45875238842244526,0.91796875
14240,-0.18361581920903955,0.0,0.19291449359994994,0.013044668488178479,0.3359375
14241,0.24858757062146894,-0.20751874963942185,-0.507391067499247,-0.7664970900675887,0.5703125
14242,0.3926553672316384,-0.20751874963942185,-0.5993805265642261,-0.7215466248811899,-0.25390625
14243,-0.2457627118644068,1.0849625007211563,1.1263748959128264,0.9918308030286939,0.482421875
14244,1.5960451977401129,-0.5000000000000001,-0.4577743503693701,-0.6037805746949155,-0.431640625
14245,0.3502824858757062,-0.20751874963942185,0.3553884208552382,0.5176874201783555,-0.345703125
14246,0.0423728813559322,0.0,0.2816266827713935,0.14060012816463935,-0.16796875
14247,0.5169491525423728,0.29248125036057815,-0.07495827582483612,0.35798751915499055,0.1015625
14248,0.6299435028248588,0.0,0.09261372739322489,-0.055179269251883704,-0.046875
14249,0.8898305084745762,0.8502198590705463,0.9720989769562597,0.824151457593332,0.09375
14250,-0.24858757062146894,0.0,0.41770790859537743,0.4398942775998032,-0.271484375
14251,-0.2655367231638418,0.29248125036057815,0.6376879266180988,-0.11588526199269454,-0.322265625
14252,0.807909604519774,-0.5000000000000001,-0.48059707310424243,-0.8678243642955378,-0.431640625
14253,1.1242937853107344,-0.20751874963942185,-0.46216487607509743,-0.8150472910802568,-0.177734375
14254,0.9519774011299436,-0.5000000000000001,-0.195090151950961,-0.3946162996049949,-0.431640625
14255,1.2740112994350283,-0.5000000000000001,0.07571978279168816,-1.9018456381848245,-0.431640625
14256,0.4661016949152542,0.29248125036057815,0.5540928239033163,0.4770418254852238,0.416015625
14257,-0.08757062146892655,0.6609640474436815,1.0240384995245269,0.7856827136986397,0.708984375
14258,-0.24293785310734464,1.3502198590705465,1.9193659021161138,0.45875238842244526,0.986328125
14259,0.12994350282485875,-0.5000000000000001,-1.0486336234130726,-1.2354782825555186,-0.431640625
14260,1.0621468926553672,0.0,-0.027300818112385,0.06258678093439042,-0.28125
14261,-0.1271186440677966,-0.20751874963942185,0.15584415008562366,0.08591864614335176,-0.376953125
14262,-0.2457627118644068,0.5849625007211564,0.5870700876147772,0.39346861013024786,0.021484375
14263,0.9265536723163842,-0.5000000000000001,-0.524790067908884,-0.6037805746949155,-0.431640625
14264,0.16666666666666666,0.4036774610288021,0.2970175086023799,0.16116323998750257,0.4609375
14265,0.03954802259887006,0.16096404744368117,0.24400744588405573,0.29651178810473844,0.55078125
14266,0.940677966101695,-0.5000000000000001,-1.6171171071159087,-1.9018456381848245,-0.431640625
14267,0.18926553672316385,0.0,0.2966249677254287,-0.3460660985923269,-0.240234375
14268,1.0593220338983051,-0.5000000000000001,-0.47479520436887324,-0.5052041156418035,-0.431640625
14269,0.9717514124293786,-0.5000000000000001,-0.5714457775860964,-0.6037805746949155,-0.431640625
14270,0.6666666666666666,-0.5000000000000001,-0.30067443376776437,-0.25926775148775905,-0.431640625
14271,0.3672316384180791,-0.20751874963942185,-0.7423908766345775,-0.10012973443828277,-0.072265625
14272,-0.062146892655367235,0.16096404744368117,0.03154301266045321,0.19075709490216042,0.5625
14273,-0.12429378531073447,0.16096404744368117,-0.23266793559357335,-0.42043099147526186,-0.05859375
14274,1.6694915254237288,-0.5000000000000001,-0.6466731282698771,-0.6405526637590393,-0.431640625
14275,0.847457627118644,0.4036774610288021,0.1675599487773831,-0.6796987429630209,-0.017578125
14276,0.00847457627118644,0.5,0.47046796157879844,0.3045457294825673,0.666015625
14277,-0.22598870056497175,0.6609640474436815,1.5881968161010802,1.2043057941292026,0.95703125
14278,0.8870056497175142,-0.5000000000000001,-0.7634447403779583,-0.7215466248811899,-0.431640625
14279,1.2005649717514124,-0.20751874963942185,-0.8006463266939785,-1.4814146467095628,-0.1171875
14280,0.2853107344632768,-0.5000000000000001,-0.9902344714502384,-0.9895419184014743,-0.431640625
14281,0.884180790960452,-0.5000000000000001,-0.6708598286386932,-1.0609836552343013,-0.431640625
14282,-0.2598870056497175,1.3502198590705465,1.1288019185669333,0.4770418254852238,0.85546875
14283,1.03954802259887,0.16096404744368117,-0.17140542820542556,-0.1320609861045676,-0.224609375
14284,-0.18361581920903955,0.0,0.21468737500408588,0.16116323998750257,0.78515625
14285,-0.20903954802259886,0.5849625007211564,0.7076204038068448,0.03832139694718311,0.955078125
14286,-0.2033898305084746,0.5,1.2120838429040264,1.0757093050471587,0.958984375
14287,-0.2457627118644068,0.0,-0.8444065583707552,-0.925635107117065,-0.060546875
14288,0.3333333333333333,-0.5000000000000001,-0.3770848406676187,-0.6037805746949155,-0.431640625
14289,-0.2457627118644068,0.4036774610288021,0.026003101764063737,-0.1833495832196537,0.1171875
14290,-0.23728813559322035,0.5849625007211564,0.8770386522214721,0.5866279010690111,0.974609375
14291,-0.2655367231638418,1.2924812503605785,1.1746911303301077,1.007058892544273,0.9921875
14292,-0.24858757062146894,1.04373142062517,1.2569607671458414,0.5866279010690111,0.78515625
14293,-0.2598870056497175,0.6609640474436815,0.6419751333166451,0.4003223972506149,0.986328125
14294,0.8813559322033898,-0.5000000000000001,-0.44501395149545375,-0.3946162996049949,-0.431640625
14295,-0.1553672316384181,0.29248125036057815,0.5325101823222707,0.22809526306144287,0.91796875
14296,0.9209039548022598,-0.20751874963942185,-0.34124644151111827,-0.3011156334059281,-0.1328125
14297,-0.22033898305084745,0.16096404744368117,0.21700542454646657,0.03832139694718311,0.0703125
14298,-0.2457627118644068,2.1875197156734627,2.475605126854289,2.059040137471623,0.974609375
14299,-0.2457627118644068,1.4036774610288023,1.4814345852851214,0.7747535224015276,0.9921875
14300,-0.2175141242937853,-0.5000000000000001,-1.5843553048827694,-1.4814146467095628,-0.431640625
14301,0.062146892655367235,0.16096404744368117,0.44176492186263205,-0.11588526199269454,0.640625
14302,0.9463276836158192,0.0,-0.08252714096180122,-0.3460660985923269,0.16796875
14303,0.8813559322033898,-0.20751874963942185,-0.6043348820862057,-0.44739337282027586,-0.37890625
14304,0.3587570621468927,0.0,0.36520536214254695,0.2546639061865699,0.248046875
14305,-0.06779661016949153,0.0,0.4049656546587899,0.45253127023096074,-0.306640625
14306,-0.12429378531073447,0.4036774610288021,0.6856341458177396,-0.02696238134501425,0.791015625
14307,-0.01977401129943503,0.7297158093186489,0.8494100535847166,0.9093664079586767,0.826171875
14308,1.2824858757062148,-0.20751874963942185,0.14828487492285036,-1.9018456381848245,-0.431640625
14309,-0.2457627118644068,0.7924812503605783,0.7824719722219042,0.6111880863774223,0.626953125
14310,0.9519774011299436,-0.5000000000000001,-0.3012674505576155,-0.42043099147526186,-0.431640625
14311,0.4152542372881356,-0.20751874963942185,-0.2756263523584603,-0.22012167228377744,0.203125
14312,-0.1384180790960452,0.7924812503605783,0.6752206580790628,0.712885549024819,0.462890625
14314,0.031073446327683617,-0.20751874963942185,-0.7051126957704013,-0.8678243642955378,0.201171875
14315,-0.1440677966101695,0.5849625007211564,0.6934103401096475,0.3652517222233779,0.720703125
14316,0.923728813559322,0.29248125036057815,0.24284110215756477,-0.44739337282027586,-0.025390625
14317,-0.08757062146892655,-0.5000000000000001,-0.28377924068283206,-0.3698555675245675,-0.431640625
14318,1.0310734463276836,-0.5000000000000001,-0.903280364651943,-0.925635107117065,-0.431640625
14319,0.9293785310734464,-0.5000000000000001,-0.29830895536053464,-0.3231745627721683,-0.431640625
14320,0.3135593220338983,0.29248125036057815,0.23361057201513447,0.24593636415404438,0.5078125
14321,-0.2401129943502825,0.5,0.4988723849206798,0.7673564343054562,0.47265625
14322,0.943502824858757,0.16096404744368117,-0.3210493896291944,-0.8678243642955378,0.017578125
14323,0.05367231638418079,-0.20751874963942185,-0.1915410476892886,-0.20145700866623173,-0.189453125
14324,0.8870056497175142,-0.20751874963942185,-0.11290469678308877,-0.055179269251883704,0.123046875
14325,1.3389830508474576,-0.5000000000000001,-0.6701471322812084,-0.5363162534679564,-0.431640625
14326,0.4152542372881356,0.0,0.04305730538819997,0.1083861667722219,0.134765625
14327,0.192090395480226,0.4036774610288021,0.4151551398295133,0.4710064154259565,0.6171875
14328,0.9689265536723164,-0.5000000000000001,-0.3546131962343269,-1.9018456381848245,-0.431640625
14329,-0.22033898305084745,1.0000000000000002,1.2937851255783108,1.230874437254329,0.947265625
14330,1.4915254237288136,-0.5000000000000001,-0.7769900415174301,-0.7215466248811899,-0.431640625
14331,0.08192090395480225,-0.20751874963942185,-0.33401533949671997,-0.3011156334059281,-0.41015625
14332,-0.2062146892655367,0.29248125036057815,0.4214255120644367,0.025814691870266956,0.337890625
14333,-0.07909604519774012,-0.5000000000000001,-0.39145968486404625,-0.6405526637590393,-0.431640625
14334,-0.2231638418079096,0.8502198590705463,0.8531870287189659,0.712885549024819,0.646484375
14335,-0.2231638418079096,-0.20751874963942185,-0.34304050614986,0.11931535806933405,-0.275390625
14336,-0.2231638418079096,0.16096404744368117,0.33014149123109876,0.3203012570369791,0.076171875
14338,0.1864406779661017,0.0,0.03573341633914885,-0.02696238134501425,0.30078125
14339,0.4152542372881356,-0.20751874963942185,-0.17835539935518593,-0.44739337282027586,-0.068359375
14340,0.3474576271186441,-0.5000000000000001,-0.9876408668882344,-1.1419776163564517,-0.431640625
14341,-0.14124293785310735,1.1239637567217928,0.8693839672645151,0.8474193841835195,0.921875
14342,-0.20903954802259886,0.4036774610288021,0.03017355939428165,-0.3011156334059281,0.44921875
14343,0.9209039548022598,0.16096404744368117,0.11611880157128299,0.8729622617062226,0.09375
14344,0.0903954802259887,1.1961587113893803,0.6582183273177717,0.6794120241174847,0.54296875
14345,-0.16101694915254236,-0.5000000000000001,-1.0994318381802433,-1.1419776163564517,-0.431640625
14346,0.07062146892655367,0.29248125036057815,0.5217902316314862,0.6014830200294751,0.3046875
14347,1.810734463276836,-0.5000000000000001,-1.2453253458169657,-1.1419776163564517,-0.431640625
14348,0.4661016949152542,-0.5000000000000001,-0.3987047415622261,-0.5363162534679564,-0.431640625
14349,-0.2401129943502825,-0.5000000000000001,-0.9923659575607153,-0.22012167228377744,-0.431640625
14350,0.5056497175141242,0.0,0.06030932768176811,0.11931535806933405,-0.126953125
14351,0.19491525423728814,-0.5000000000000001,-1.4979012539748517,-1.9018456381848245,-0.431640625
14352,0.1751412429378531,0.16096404744368117,0.1157741096906845,-0.013331387333714908,-0.205078125
14353,0.3389830508474576,0.0,-0.4433767936861495,-0.5363162534679564,-0.009765625
14354,-0.2542372881355932,-0.20751874963942185,-0.8848692292125829,-0.925635107117065,-0.3828125
14355,0.7627118644067796,0.0,-0.01723161650051762,0.14060012816463935,0.080078125
14356,-0.04519774011299435,-0.20751874963942185,-0.11319248176928229,-0.1833495832196537,-0.427734375
14357,-0.14689265536723164,-0.5000000000000001,-0.7160103308985085,-0.08477312416654154,-0.431640625
14358,0.8305084745762712,-0.20751874963942185,-0.41117150423456034,-0.44739337282027586,-0.35546875
14359,-0.21468926553672316,0.0,0.02653930779142709,-0.013331387333714908,-0.298828125
14360,-0.1807909604519774,0.16096404744368117,0.474335462503155,0.5006002703406138,-0.30859375
14361,1.3644067796610169,-0.5000000000000001,-0.7410822340048363,-0.6796987429630209,-0.431640625
14362,-0.2062146892655367,-0.5000000000000001,-0.9255511985026136,-0.11588526199269454,-0.431640625
14363,0.867231638418079,-0.20751874963942185,-0.7105103238868062,-0.9895419184014743,-0.3359375
14364,0.03672316384180791,0.5849625007211564,0.773469717570995,0.18105202855421326,-0.23046875
14365,0.844632768361582,-0.20751874963942185,-0.16615774293646732,0.06258678093439042,0.12890625
14366,1.2146892655367232,-0.5000000000000001,-0.9825689410528269,-1.9018456381848245,-0.431640625
14367,-0.2457627118644068,1.04373142062517,1.2570512719879168,1.0757093050471587,0.091796875
14368,0.632768361581921,-0.5000000000000001,-0.9134802082167518,-0.9895419184014743,-0.431640625
14369,1.5451977401129944,-0.20751874963942185,-0.3266435419084919,-0.3698555675245675,-0.39453125
14370,1.002824858757062,0.4036774610288021,0.16144732785706042,-0.11588526199269454,0.009765625
14371,0.5649717514124294,-0.5000000000000001,-1.1421164038999871,-1.346066098592327,-0.431640625
14372,0.9830508474576272,-0.20751874963942185,-0.004711174493327537,-0.1320609861045676,-0.126953125
14373,0.7429378531073446,-0.5000000000000001,-1.2852867388115805,-1.346066098592327,-0.431640625
14374,1.2598870056497176,-0.5000000000000001,-1.1041932518430915,-1.0609836552343013,-0.431640625
14375,0.2542372881355932,0.0,0.12932326845519806,0.8173361757074759,0.263671875
14376,1.6610169491525424,-0.5000000000000001,-0.7392358651172833,-0.5691109269262127,-0.431640625
14377,0.2711864406779661,-0.20751874963942185,-0.1811196968537414,-0.8150472910802568,-0.29296875
14378,1.4858757062146892,-0.5000000000000001,-1.0013402409606842,-0.925635107117065,-0.431640625
14379,-0.1440677966101695,0.16096404744368117,0.20039063559116796,0.43347565996344034,0.419921875
14380,1.6581920903954803,-0.5000000000000001,-1.5191909613527994,-1.9018456381848245,-0.431640625
14381,-0.12146892655367232,-0.20751874963942185,-0.17352247743740773,0.5006002703406138,0.34765625
14382,-0.19491525423728814,-0.20751874963942185,0.16945582760058758,0.9709130851118736,0.279296875
14383,-0.16101694915254236,0.0,0.19299970379094192,0.05057542395069435,-0.1875
14384,1.1440677966101696,-0.5000000000000001,-1.4262285043816347,-1.4814146467095628,-0.431640625
14385,-0.24293785310734464,0.0,-0.7730995997969929,-0.7215466248811899,-0.404296875
14386,0.5677966101694916,-0.5000000000000001,-0.958281106912041,-1.0609836552343013,-0.431640625
14387,-0.17796610169491525,0.0,0.3660030118491108,0.6111880863774223,-0.28125
14388,-0.2401129943502825,1.04373142062517,1.0614367182364703,0.8441495449631917,0.892578125
14389,-0.0847457627118644,0.29248125036057815,0.41601862978126736,0.03832139694718311,0.59375
14390,-0.2401129943502825,0.9036774610288021,1.0412277020503897,0.8853413384383361,0.37890625
14391,1.3587570621468927,-0.5000000000000001,-0.9841243894145913,-0.6796987429630209,-0.431640625
14392,0.9519774011299436,-0.5000000000000001,-0.6268108705576558,-0.6796987429630209,-0.431640625
14393,0.3474576271186441,-0.5000000000000001,-1.3478143489903294,-1.2354782825555186,-0.431640625
14394,1.3248587570621468,-0.5000000000000001,-1.1784438295753583,-1.1419776163564517,-0.431640625
14395,-0.2627118644067797,1.1961587113893803,1.1677709217271048,1.1784123750595992,0.736328125
14396,-0.0847457627118644,0.5,0.4356447221998185,0.9004681499930124,0.880859375
14397,-0.2627118644067797,1.1609640474436813,0.5859986777287828,-0.5363162534679564,-0.01953125
14398,0.864406779661017,-0.20751874963942185,-0.10824612783392086,0.06258678093439042,-0.185546875
14399,0.844632768361582,0.5849625007211564,0.47186451209985336,0.5815942314627645,0.115234375
14400,0.15254237288135594,0.0,0.3674996085831008,0.2717510560243111,0.509765625
14401,-0.2570621468926554,1.2617809780285068,1.0943426495017945,0.7999552241171083,0.9765625
14402,1.573446327683616,-0.5000000000000001,-0.5899235743438528,-0.9895419184014743,-0.431640625
14403,0.09887005649717515,0.4036774610288021,0.4110936891351922,-0.4756102607271456,0.5625
14404,-0.1751412429378531,0.9036774610288021,0.6081548395728754,0.6014830200294751,0.908203125
14405,0.8220338983050848,-0.5000000000000001,-0.7920550599000664,-1.6559092740307801,-0.431640625
14406,0.06779661016949153,-0.5000000000000001,-0.9075458985088863,-0.9895419184014743,-0.431640625
14407,0.03389830508474576,0.4036774610288021,0.4842095722650182,0.23708140825560817,-0.1015625
14408,-0.2401129943502825,0.7924812503605783,0.825870300946646,0.20030931919148418,0.978515625
14409,-0.06779661016949153,0.6609640474436815,0.7302645227267809,0.31247464900809724,0.537109375
14410,-0.00847457627118644,0.7924812503605783,0.5898392308362365,1.1533366319586205,0.2421875
14411,0.6073446327683616,-0.5000000000000001,0.10785391930756599,-0.6796987429630209,-0.431640625
14412,-0.1497175141242938,0.0,0.2640765912157109,0.3045457294825673,0.314453125
14413,0.7542372881355932,0.16096404744368117,-0.06728708077644126,0.43347565996344034,0.20703125
14414,-0.011299435028248588,0.5849625007211564,0.5406434705002363,0.4710064154259565,0.12109375
14415,-0.2655367231638418,1.2924812503605785,1.3958927414482842,1.37789444113794,0.978515625
14416,-0.2062146892655367,-0.20751874963942185,-0.3032994961977011,-0.7215466248811899,-0.392578125
14417,0.8248587570621468,-0.5000000000000001,-0.26726246368477424,0.5120450194302928,-0.431640625
14418,-0.2598870056497175,0.0,0.4268987652134332,0.5557795395924977,-0.2265625
14419,-0.2401129943502825,0.5,0.19595231152909182,0.5765184386087194,0.294921875
14420,0.011299435028248588,0.16096404744368117,0.33806860619101786,0.3795242326418465,0.724609375
14421,-0.10734463276836158,0.4036774610288021,0.5559436344232822,0.2801174466877641,0.806640625
14422,-0.268361581920904,1.1609640474436813,1.3140464072533056,1.1727169932479196,0.978515625
14423,0.3474576271186441,0.0,0.02911371612368974,-0.7664970900675887,0.498046875
14424,-0.22033898305084745,-0.5000000000000001,-0.526187785955718,-1.9018456381848245,-0.431640625
14425,0.9576271186440678,0.0,-0.14426256545137986,-0.1486799354509508,0.16015625
14426,-0.2033898305084746,1.0849625007211563,1.3845777395142125,1.3873404072228968,0.783203125
14427,-0.1271186440677966,0.16096404744368117,0.1997011613172954,-0.02696238134501425,0.703125
14428,-0.24858757062146894,0.29248125036057815,0.1828364559980831,0.5232778164932019,0.189453125
14429,0.8700564971751412,-0.5000000000000001,-0.27580114907670644,-0.42043099147526186,-0.431640625
14430,1.1751412429378532,0.0,0.18146250310115308,-0.25926775148775905,-0.244140625
14431,0.5847457627118644,0.16096404744368117,0.5862509683772431,0.2801174466877641,0.3203125
14432,-0.24293785310734464,0.4036774610288021,0.5061200007087554,1.0435360369361917,-0.275390625
14433,1.0451977401129944,-0.5000000000000001,-0.5990971907595436,0.2801174466877641,-0.431640625
14434,-0.20903954802259886,0.4036774610288021,0.24379451745416647,-1.4814146467095628,-0.33203125
14435,1.1468926553672316,-0.5000000000000001,-1.1977568174012019,-1.4814146467095628,-0.431640625
14436,0.00847457627118644,-0.20751874963942185,-0.6163702329160853,-0.8150472910802568,0.45703125
14437,0.7627118644067796,0.29248125036057815,0.003418230648658606,-0.16576708528869222,-0.005859375
14438,0.596045197740113,-0.5000000000000001,-0.9987320824306264,-0.925635107117065,-0.431640625
14439,0.632768361581921,0.29248125036057815,1.2693144323775822,0.5063496376186134,0.287109375
14440,-0.2457627118644068,0.9036774610288021,1.026496360920093,0.20030931919148418,0.9921875
14441,-0.268361581920904,0.7924812503605783,0.8881243219064584,0.4947958843581966,0.916015625
14442,0.307909604519774,0.5,0.9687954008176125,0.6254605967958908,0.517578125
14443,-0.11864406779661017,0.29248125036057815,0.46546034757983523,0.5815942314627645,0.205078125
14444,1.0197740112994351,-0.5000000000000001,-1.046702721254177,-0.8150472910802568,-0.431640625
14445,1.0169491525423728,-0.5000000000000001,-0.7242370317143269,-0.20145700866623173,-0.431640625
14446,-0.268361581920904,0.29248125036057815,0.17240882898456628,1.0505754239506944,0.322265625
14447,-0.2175141242937853,0.4036774610288021,0.36109658785969406,0.35063526299703285,0.314453125
14448,-0.24293785310734464,-0.20751874963942185,-0.4449998165139675,-0.4756102607271456,0.26171875
14449,-0.2175141242937853,0.5849625007211564,0.501955876527991,1.1414040430688523,0.384765625
14450,0.2401129943502825,0.5,0.13960494983332392,0.025814691870266956,0.408203125
14451,-0.09887005649717515,0.8502198590705463,0.7034362669102059,1.0170026186263386,0.80078125
14452,-0.2401129943502825,0.16096404744368117,-0.14622573845875478,0.5232778164932019,0.56640625
14453,0.268361581920904,-0.5000000000000001,-1.0489414596325513,-0.42043099147526186,-0.431640625
14454,0.7937853107344632,0.29248125036057815,0.06318270288638714,0.43347565996344034,0.265625
14455,0.9519774011299436,0.16096404744368117,-0.18054333226122107,0.21897398280902985,-0.30859375
14456,-0.2542372881355932,0.6609640474436815,0.6625060268683359,1.538286532458625,-0.1640625
14457,0.6073446327683616,-0.5000000000000001,-1.077356304947618,-1.346066098592327,-0.431640625
14458,0.8050847457627118,-0.5000000000000001,-0.7091151323870938,0.013044668488178479,-0.431640625
14459,0.1694915254237288,-0.20751874963942185,0.9696588390025196,0.5504820936366117,0.537109375
14460,0.0423728813559322,0.6609640474436815,0.12288838793077714,-0.1833495832196537,0.767578125
14461,0.1497175141242938,0.9036774610288021,1.0849473529333389,1.4663225797464146,0.626953125
14462,-0.08192090395480225,0.8502198590705463,0.5047727218143913,0.8375565049801386,0.283203125
14463,0.00847457627118644,0.16096404744368117,-0.0521809742408332,-1.0609836552343013,0.3515625
14464,1.3361581920903955,-0.20751874963942185,-1.0897499313132197,-1.346066098592327,-0.31640625
14465,0.4265536723163842,0.7924812503605783,0.8024923167327372,0.6254605967958908,0.45703125
14466,-0.1864406779661017,0.9036774610288021,0.8468276527414087,0.3203012570369791,0.9296875
14467,-0.22033898305084745,0.8502198590705463,0.4953077519193838,0.6963796677571371,0.974609375
14468,1.8022598870056497,-0.5000000000000001,-0.7675499909676964,-0.7664970900675887,-0.431640625
14469,0.9067796610169492,0.16096404744368117,0.468131352326369,0.5866279010690111,0.08203125
14470,-0.23728813559322035,0.0,-0.10506593144415247,0.13005110216134985,0.38671875
14471,1.4011299435028248,-0.20751874963942185,-0.40999232283234416,-0.10012973443828277,-0.15625
14472,0.022598870056497175,0.6609640474436815,0.4745086524511988,0.8069674837939456,0.712890625
14473,-0.059322033898305086,-0.20751874963942185,-0.694750194328348,-1.0609836552343013,-0.025390625
14474,-0.1384180790960452,-0.20751874963942185,0.19774982118644446,0.5965716271510767,0.609375
14475,-0.06779661016949153,0.16096404744368117,0.15019517667335414,-0.06979572847822901,0.2265625
14476,0.4576271186440678,-0.5000000000000001,-0.797511138095581,-0.5691109269262127,-0.431640625
14477,-0.21468926553672316,0.5,0.4357041144583322,-1.0609836552343013,0.90625
14478,0.8107344632768362,0.16096404744368117,0.20520042223035243,0.16116323998750257,0.263671875
14479,0.4463276836158192,0.16096404744368117,0.13784522329373575,0.6207403106667461,0.505859375
14480,-0.23728813559322035,0.16096404744368117,0.21463420263553562,0.08591864614335176,0.94921875
14481,0.19491525423728814,0.29248125036057815,0.5146101182995482,0.5557795395924977,0.5703125
14482,-0.2175141242937853,0.8502198590705463,0.8517367578795855,0.8474193841835195,0.451171875
14483,0.5254237288135594,-0.20751874963942185,-0.6456415922462123,-0.7215466248811899,0.45703125
14484,-0.1271186440677966,0.16096404744368117,0.11182875444366996,0.025814691870266956,0.880859375
14485,-0.16101694915254236,-0.5000000000000001,-0.8875256480313951,-0.013331387333714908,-0.431640625
14486,1.1751412429378532,-0.20751874963942185,-0.8478014708933206,-1.346066098592327,-0.349609375
14487,-0.19491525423728814,0.5,0.2008567853755932,0.6301444324754325,0.2578125
14488,-0.07909604519774012,-0.5000000000000001,0.10849349012186607,0.013044668488178479,-0.431640625
14489,0.3163841807909605,0.16096404744368117,0.31681438740758555,0.21897398280902985,0.359375
14490,0.8785310734463276,-0.20751874963942185,0.20387058187862545,0.2801174466877641,-0.388671875
14491,0.22598870056497175,-0.20751874963942185,-0.49602225857000665,-0.5691109269262127,-0.046875
14492,0.9463276836158192,0.5,0.42267187238759485,0.2632676491154024,-0.0625
14493,-0.24858757062146894,0.7297158093186489,0.9403857654117733,1.123053119543357,0.806640625
14494,-0.1977401129943503,0.0,-0.40931778833795524,-0.5691109269262127,0.947265625
14495,-0.1271186440677966,0.0,-0.8499154337802862,-1.0609836552343013,0.7578125
14496,0.6101694915254238,0.5,0.5327306711181445,0.20971344100017061,0.197265625
14497,0.6045197740112994,-0.20751874963942185,-0.11636081419131979,-0.06979572847822901,0.279296875
14498,-0.1497175141242938,0.7297158093186489,0.7990920605994724,1.0889920337866121,0.560546875
14499,-0.19491525423728814,0.5,0.47024285737403687,0.8914374069012179,0.43359375
14500,-0.01977401129943503,0.0,-0.47181375920591323,-1.1419776163564517,-0.234375
14501,0.24858757062146894,-0.20751874963942185,-0.6579219747008287,-0.925635107117065,-0.166015625
14502,-0.21468926553672316,0.7924812503605783,0.5473603193983615,1.262938982780383,0.142578125
14503,-0.2598870056497175,0.4036774610288021,0.7479617595222464,0.5504820936366117,-0.08984375
14504,-0.13559322033898305,0.16096404744368117,-0.13481421870448113,0.3795242326418465,0.01953125
14505,-0.22033898305084745,1.1609640474436813,1.391388863420572,1.8030668034284154,0.9609375
14506,-0.22033898305084745,0.5,0.6523584843055086,1.0316190778526841,0.705078125
14507,-0.2033898305084746,0.7924812503605783,0.6965474629248994,0.8375565049801386,0.947265625
14508,-0.2062146892655367,0.29248125036057815,-0.028178176577783324,0.6879551752969598,0.580078125
14509,1.2401129943502824,-0.5000000000000001,-1.0899874678033081,-0.3460660985923269,-0.431640625
14510,0.7909604519774012,0.0,0.06456749355157755,0.23708140825560817,-0.3125
14511,-0.23728813559322035,0.29248125036057815,0.22085192461125766,0.09725642870309359,-0.193359375
14512,0.2598870056497175,0.5,0.17931185057073123,0.11931535806933405,0.6328125
14513,0.014124293785310734,0.4036774610288021,-0.05120921654195606,-0.6405526637590393,0.482421875
14514,-0.096045197740113,0.6609640474436815,0.8607148974778632,0.9296350047447086,0.8671875
14515,-0.22033898305084745,0.8502198590705463,0.774428813585672,0.5288171582474838,0.609375
14516,1.189265536723164,-0.5000000000000001,-0.9267035787546007,-0.1486799354509508,-0.431640625
14517,-0.1751412429378531,-0.20751874963942185,-0.5125817703131547,-0.5691109269262127,-0.220703125
14518,-0.08757062146892655,-0.5000000000000001,-0.8512181884998231,-0.6037805746949155,-0.431640625
14519,1.6610169491525424,-0.20751874963942185,-0.7704087562471907,-0.10012973443828277,-0.34375
14520,-0.2655367231638418,-0.20751874963942185,-0.6185203709040614,-1.4814146467095628,0.1328125
14521,1.11864406779661,-0.5000000000000001,-0.7801123957542144,-0.5691109269262127,-0.431640625
14522,-0.20056497175141244,0.5849625007211564,0.3723719235507874,-0.16576708528869222,0.857421875
14523,0.03672316384180791,-0.5000000000000001,-0.6797071963450523,-0.7664970900675887,-0.431640625
14524,-0.1807909604519774,0.9036774610288021,0.6432284538436699,1.0292073303156686,0.3203125
14525,-0.21468926553672316,1.0849625007211563,1.1828674058440214,1.2150733024435,0.94921875
14526,0.8305084745762712,-0.5000000000000001,-0.642456483400596,-0.055179269251883704,-0.431640625
14527,-0.2627118644067797,2.47125725266962,1.8329780581445145,1.565838703908353,1.00390625
14528,-0.1638418079096045,-0.5000000000000001,-0.46096915827283297,-0.5363162534679564,-0.431640625
14529,-0.09887005649717515,0.0,-0.21527911149220313,0.8207533887258768,-0.333984375
14530,-0.1977401129943503,1.04373142062517,1.03591189595589,1.0734669597708533,0.861328125
14531,1.0847457627118644,-0.5000000000000001,-0.44360230922583793,-0.25926775148775905,-0.431640625
14532,0.3983050847457627,0.7924812503605783,0.7915332716800401,0.9210312618158757,0.470703125
14533,-0.20056497175141244,0.7924812503605783,0.736294209539026,0.29651178810473844,0.712890625
14534,-0.2627118644067797,1.3774437510817346,1.0444721641501424,1.3669157937923322,0.802734375
14535,-0.09887005649717515,0.6609640474436815,1.0257133596473154,1.5476103426211911,0.7265625
14536,0.4632768361581921,-0.5000000000000001,-0.8616948217445358,-0.5363162534679564,-0.431640625
14537,-0.10734463276836158,-0.20751874963942185,-0.160563689295539,-0.3946162996049949,0.673828125
14538,-0.08757062146892655,0.29248125036057815,0.24303502416290412,0.0,0.77734375
14539,-0.22598870056497175,-0.20751874963942185,-0.25443430260028277,-0.22012167228377744,-0.375
14540,-0.24293785310734464,0.7924812503605783,0.7723655470445449,0.8853413384383361,0.98046875
14541,-0.10451977401129943,0.9534452978042595,0.5606622205029392,0.4710064154259565,0.82421875
14542,0.2542372881355932,-0.5000000000000001,-1.1278954049846481,-1.2354782825555186,-0.431640625
14543,-0.18926553672316385,1.6609640474436818,1.5006518539207916,0.5120450194302928,0.955078125
14544,-0.20056497175141244,0.0,0.648442294347854,0.712885549024819,0.439453125
14545,1.6355932203389831,-0.5000000000000001,-0.4832332585847026,-0.3946162996049949,-0.431640625
14546,-0.2542372881355932,0.7924812503605783,0.9504281608191285,1.3283233921315314,0.990234375
14547,-0.2598870056497175,0.5849625007211564,0.8090758008501691,0.8883970310794748,-0.33203125
14548,0.1553672316384181,0.6609640474436815,0.5712095418341625,0.22809526306144287,0.70703125
14549,0.6101694915254238,0.16096404744368117,0.02736587067776176,0.571399811553432,0.400390625
14550,-0.2401129943502825,0.16096404744368117,0.23294310287547265,0.3203012570369791,0.4921875
14551,-0.2175141242937853,0.5,0.006300387614720805,0.2546639061865699,0.86328125
14552,0.15819209039548024,0.0,-0.2844582246327351,0.6063549635431924,0.4296875
14553,-0.21468926553672316,0.6609640474436815,0.3932952994023622,0.9866686126662854,0.525390625
14554,-0.2401129943502825,0.16096404744368117,0.5133985109640792,0.7088009968459559,-0.349609375
14555,-0.10734463276836158,0.4036774610288021,0.5190923017156249,0.4398942775998032,0.865234375
14556,1.4152542372881356,0.0,-0.032866819343893496,0.7522860017726577,-0.251953125
14557,-0.02824858757062147,-0.5000000000000001,-0.050959815191123914,-0.6037805746949155,-0.431640625
14558,1.57909604519774,0.0,-0.14901395892444214,-0.7215466248811899,-0.28125
14559,0.8333333333333334,-0.5000000000000001,-1.2918436147223216,-1.6559092740307801,-0.431640625
14560,-0.24858757062146894,1.7459265481648374,1.0381051473632754,0.17118914935083235,0.994140625
14561,-0.05649717514124294,0.0,0.11666000939146545,0.23708140825560817,-0.21875
14562,-0.2598870056497175,1.3774437510817346,1.0818507321205408,1.0170026186263386,0.87109375
14563,1.1694915254237288,-0.20751874963942185,-0.16127632106124856,0.44624568334552855,-0.26953125
14564,0.9576271186440678,-0.20751874963942185,0.5845028245076914,0.5176874201783555,0.15625
14565,0.0,0.29248125036057815,0.7933886212166973,0.6750948976618313,0.306640625
14566,0.0423728813559322,0.16096404744368117,0.8245371915040061,-0.925635107117065,0.39453125
14567,-0.11016949152542373,-0.20751874963942185,0.3015527186386376,-0.1833495832196537,-0.287109375
14568,0.96045197740113,-0.5000000000000001,0.030902062046531304,0.025814691870266956,-0.431640625
14569,-0.2655367231638418,0.16096404744368117,-0.19836961675873574,-0.22012167228377744,0.744140625
14570,0.5225988700564972,0.0,-0.18396765591165776,0.20971344100017061,-0.11328125
14571,0.9322033898305084,-0.5000000000000001,-0.8966976504303751,-0.23937896292104863,-0.431640625
14572,-0.2598870056497175,0.7924812503605783,0.9844059885475305,1.2079162435181259,0.775390625
14573,0.23728813559322035,0.9036774610288021,0.48553614239543885,0.8408619829505237,0.5859375
14574,1.7994350282485876,-0.5000000000000001,-0.9534802978696157,-0.8150472910802568,-0.431640625
14575,1.1101694915254237,-0.5000000000000001,-0.3850817955103178,0.2717510560243111,-0.431640625
14576,0.7824858757062146,-0.5000000000000001,-1.6876391131654638,-1.9018456381848245,-0.431640625
14577,-0.2344632768361582,0.5,0.24043447443879523,0.5006002703406138,0.966796875
14578,-0.2598870056497175,-0.5000000000000001,-0.8689210823388017,-0.3698555675245675,-0.431640625
14579,0.9519774011299436,-0.5000000000000001,-1.1162367206182258,-0.3698555675245675,-0.431640625
14580,1.194915254237288,-0.5000000000000001,-2.129912732668967,-1.9018456381848245,-0.431640625
14581,-0.2231638418079096,-0.20751874963942185,-0.3986010981122567,0.16116323998750257,0.599609375
14582,-0.1553672316384181,-0.5000000000000001,-1.0751798266859431,-1.1419776163564517,-0.431640625
14583,-0.2542372881355932,0.5849625007211564,0.34487481374429224,1.2377671671827377,0.771484375
14584,0.20903954802259886,0.5849625007211564,0.36924288209930783,0.6207403106667461,0.52734375
14585,-0.1271186440677966,0.29248125036057815,0.14654437709556475,0.4003223972506149,0.283203125
14586,0.5112994350282486,-0.5000000000000001,-0.6879672097065652,-0.5052041156418035,-0.431640625
14587,-0.2175141242937853,0.6609640474436815,0.3186206120031297,0.7964184577906561,0.1796875
14588,1.3644067796610169,-0.5000000000000001,-0.9849428241102638,-0.6037805746949155,-0.431640625
14589,0.7796610169491526,-0.5000000000000001,-1.627587375818103,-1.4814146467095628,-0.431640625
14590,0.9293785310734464,1.1961587113893803,0.6582751797588461,0.6063549635431924,0.169921875
14591,-0.22598870056497175,0.16096404744368117,0.2230305990264243,0.6707468237990215,-0.044921875
14592,-0.1694915254237288,0.0,-0.23459645840875443,0.6439827598356785,-0.375
14593,-0.20903954802259886,0.8502198590705463,0.7660039840499876,1.3655293847168681,0.953125
14594,-0.24858757062146894,-0.20751874963942185,-0.4622670741659255,0.03832139694718311,0.283203125
14595,-0.21468926553672316,0.5849625007211564,0.4858629696600431,0.5815942314627645,0.875
14596,1.5,-0.5000000000000001,-0.7228769085717427,0.06258678093439042,-0.431640625
14597,-0.23728813559322035,0.4036774610288021,0.4907974178980193,0.33565786730872005,0.400390625
14598,-0.1440677966101695,-0.20751874963942185,-0.43285634504468085,0.3652517222233779,0.59375
14599,0.8333333333333334,-0.20751874963942185,-0.3395163658579819,0.3203012570369791,-0.19921875
14600,0.5932203389830508,-0.20751874963942185,-0.0015759024620144635,0.09725642870309359,-0.259765625
14601,-0.2401129943502825,-0.5000000000000001,-0.742935033706983,-1.0609836552343013,-0.431640625
14602,1.5847457627118644,-0.5000000000000001,-0.7646549473015039,-0.22012167228377744,-0.431640625
14603,0.5056497175141242,-0.5000000000000001,-0.14538004221530731,-1.6559092740307801,-0.431640625
14604,1.5197740112994351,-0.5000000000000001,-0.9528924122336373,-0.4756102607271456,-0.431640625
14605,0.788135593220339,0.16096404744368117,0.031975650626292935,0.4003223972506149,0.265625
14606,-0.2655367231638418,2.7962285186340408,1.8833191671842895,2.0092720678795386,1.00390625
14607,-0.22598870056497175,1.2617809780285068,1.7602063661629381,0.5120450194302928,0.953125
14608,-0.2570621468926554,0.7924812503605783,0.7186007983710403,-0.6405526637590393,0.9921875
14609,-0.06497175141242938,0.7297158093186489,0.2859869121223429,-1.1419776163564517,0.732421875
14610,0.847457627118644,-0.20751874963942185,-1.8800980164511276,-0.8678243642955378,-0.19921875
14611,0.9830508474576272,-0.20751874963942185,-0.19218218391846167,-0.11588526199269454,-0.12890625
14612,0.903954802259887,-0.5000000000000001,0.006064334891604602,-0.6796987429630209,-0.431640625
14613,1.652542372881356,-0.5000000000000001,-1.2868667939664364,-1.9018456381848245,-0.431640625
14614,0.8220338983050848,-0.5000000000000001,-0.5725225170706286,-0.5052041156418035,-0.431640625
14615,0.844632768361582,0.29248125036057815,0.049110508036576246,-0.06979572847822901,-0.130859375
14616,0.4152542372881356,0.29248125036057815,-0.26410426644529095,-1.4814146467095628,0.166015625
14617,0.867231638418079,-0.20751874963942185,-0.8044942268809351,-1.0609836552343013,-0.40625
14618,-0.24293785310734464,0.5,0.23185915117159941,-0.06979572847822901,0.6171875
14619,0.423728813559322,-0.20751874963942185,0.2112365350624289,0.1509688200781701,0.146484375
14620,0.3107344632768362,-0.20751874963942185,-0.39456181747708596,-0.3231745627721683,-0.279296875
14621,-0.2655367231638418,0.6609640474436815,0.6595527559714521,0.6530359682955913,0.900390625
14622,0.2514124293785311,-0.5000000000000001,-0.5286633416939697,-0.44739337282027586,-0.431640625
14623,-0.17796610169491525,0.7297158093186489,0.4483429938081528,0.8729622617062226,0.681640625
14624,-0.10734463276836158,0.4036774610288021,-0.033923077959735516,-0.08477312416654154,0.63671875
14625,0.2853107344632768,0.7924812503605783,0.8748344380696316,0.7856827136986397,0.59765625
14626,-0.2033898305084746,0.7924812503605783,0.9731281342233885,0.8342329147113078,0.947265625
14627,0.8022598870056498,-0.5000000000000001,-0.33391209138290917,-0.25926775148775905,-0.431640625
14628,-0.011299435028248588,0.29248125036057815,0.4433159674691529,0.21897398280902985,0.724609375
14629,-0.2570621468926554,-0.20751874963942185,0.05106111352907706,0.6485262545367048,-0.34765625
14630,1.0988700564971752,-0.5000000000000001,-0.49958128340802693,-0.44739337282027586,-0.431640625
14631,-0.1271186440677966,0.4036774610288021,0.45063411004264536,0.21897398280902985,0.421875
14632,0.4717514124293785,-0.5000000000000001,-1.073104276020472,-0.9895419184014743,-0.431640625
14633,0.4830508474576271,-0.5000000000000001,-0.48988144934114475,-0.4756102607271456,-0.431640625
14634,0.9661016949152542,0.16096404744368117,0.4759472106538309,0.5063496376186134,-0.228515625
14635,1.0112994350282485,-0.5000000000000001,-0.7398260062084605,-0.6405526637590393,-0.431640625
14636,-0.16666666666666666,-0.20751874963942185,-0.18735320184734,-0.3011156334059281,0.021484375
14637,1.6440677966101696,-0.5000000000000001,-1.110674697244852,-1.0609836552343013,-0.431640625
14638,-0.1271186440677966,-0.5000000000000001,-0.35634529520589475,-0.6037805746949155,-0.431640625
14639,-0.12146892655367232,0.6609640474436815,0.9288783543295492,0.9034487638849139,0.7578125
14640,-0.20056497175141244,0.7297158093186489,0.76365275146939,0.7784185106302525,0.861328125
14641,-0.20903954802259886,-0.5000000000000001,-1.0923209557288247,-1.0609836552343013,-0.431640625
14642,-0.10451977401129943,-0.5000000000000001,-1.1655820727054356,-1.6559092740307801,-0.431640625
14643,0.211864406779661,0.29248125036057815,0.35111421052137726,0.14060012816463935,0.658203125
14644,-0.07909604519774012,0.5,0.505935513905746,0.06258678093439042,0.875
14645,0.17231638418079095,0.0,0.005573736597500717,0.0,0.501953125
14646,-0.2655367231638418,2.623963756721793,3.4103881117136985,1.844149544963192,1.005859375
14647,0.2994350282485876,-0.20751874963942185,-0.2864374388921251,-0.04090675883341514,0.197265625
14648,0.9067796610169492,1.0000000000000002,0.8711288194096458,1.110503284825406,0.1796875
14649,-0.2570621468926554,0.6609640474436815,0.7639193685383552,1.2727223191724981,0.904296875
14650,1.3954802259887005,-0.5000000000000001,-1.3916170826299556,-1.346066098592327,-0.431640625
14651,-0.07909604519774012,0.6609640474436815,0.4505894867917529,0.9409200503825863,0.669921875
14652,-0.05084745762711865,-0.5000000000000001,-1.0748564308945763,-0.25926775148775905,-0.431640625
14653,-0.2655367231638418,0.8502198590705463,0.7553842861800618,1.0779433912061318,1.005859375
14654,1.8163841807909604,-0.5000000000000001,-0.6671770679822442,-0.3011156334059281,-0.431640625
14655,-0.2457627118644068,0.5,0.7960402865227602,0.2801174466877641,0.716796875
14656,0.20903954802259886,0.29248125036057815,-0.049869216350082124,0.712885549024819,0.416015625
14657,-0.22033898305084745,0.4036774610288021,0.27294783610849443,0.6921820474995729,0.384765625
14658,-0.2542372881355932,-0.20751874963942185,-0.6665550269903868,-0.3011156334059281,-0.212890625
14659,-0.2457627118644068,0.6609640474436815,0.5688271853292587,0.7088009968459559,0.16796875
14660,-0.025423728813559324,-0.20751874963942185,-0.5896637814950012,-0.3698555675245675,-0.404296875
14661,-0.19491525423728814,-0.5000000000000001,-1.1044373275347856,-1.346066098592327,-0.431640625
14662,-0.18926553672316385,0.5,0.24519827262398886,0.8914374069012179,0.951171875
14663,0.9463276836158192,-0.20751874963942185,-0.30288813717947777,0.17118914935083235,-0.431640625
14664,-0.21468926553672316,-0.20751874963942185,-0.1648538705262941,0.3280281603386806,-0.404296875
14665,-0.09887005649717515,0.5,0.6131133269660588,0.4398942775998032,0.607421875
14666,-0.20056497175141244,-0.5000000000000001,-0.7913769680801231,-0.6796987429630209,-0.431640625
14667,-0.2401129943502825,1.8906798567623302,1.678910814105369,1.5361949658811678,0.98828125
14668,0.9887005649717514,-0.5000000000000001,-1.0867660240526913,-0.8678243642955378,-0.431640625
14669,0.4124293785310734,0.5,0.6965540757606701,1.2043057941292026,0.537109375
14670,0.5225988700564972,0.0,-0.21096466411847714,0.7560888587839819,0.451171875
14671,1.2824858757062148,-0.20751874963942185,0.13913845822845647,0.03832139694718311,-0.39453125
14672,0.3926553672316384,0.16096404744368117,0.132349439023749,0.43347565996344034,0.439453125
14673,-0.2598870056497175,0.5,0.6660263440882616,0.38653649231868376,0.361328125
14674,1.1694915254237288,-0.5000000000000001,-0.8533762562088939,-0.6796987429630209,-0.431640625
14675,-0.2231638418079096,-0.20751874963942185,0.08360101589425988,0.882270173869781,0.294921875
14676,-0.1807909604519774,0.8502198590705463,1.20431397575606,0.3203012570369791,0.755859375
14677,1.4039548022598871,-0.5000000000000001,-0.8201703522497936,-0.6796987429630209,-0.431640625
14678,1.3672316384180792,-0.5000000000000001,-0.40677285316452866,-0.3698555675245675,-0.431640625
14679,0.807909604519774,0.0,0.21049503128780359,0.05057542395069435,0.251953125
14680,-0.1977401129943503,1.941321524680921,2.213233640340288,0.9574634496626779,0.955078125
14681,-0.06779661016949153,0.4036774610288021,0.004518326395608501,-0.5052041156418035,0.705078125
14682,0.2598870056497175,0.4036774610288021,0.29612335575715437,0.33565786730872005,0.515625
14683,1.3926553672316384,-0.5000000000000001,-0.9430685916149201,-0.44739337282027586,-0.431640625
14684,-0.1977401129943503,0.4036774610288021,0.2655059696387704,1.080169278865352,0.28125
14685,1.3587570621468927,0.5849625007211564,0.8793979228637467,0.5288171582474838,-0.138671875
14686,0.9011299435028248,0.29248125036057815,-0.009396025639239629,0.8474193841835195,0.046875
14687,0.031073446327683617,0.0,0.25500560648187826,-0.16576708528869222,0.4375
14688,-0.24858757062146894,1.4289904975637864,1.1243570758387906,0.8853413384383361,0.4453125
14689,0.3192090395480226,-0.5000000000000001,-1.0812684998433495,-0.7215466248811899,-0.431640625
14690,-0.1440677966101695,0.16096404744368117,-0.05821985884757224,0.2546639061865699,0.283203125
14691,-0.18361581920903955,0.29248125036057815,0.4734057997179448,0.06258678093439042,-0.076171875
14692,0.11864406779661017,0.8502198590705463,0.3621546590575328,0.48301777240965205,0.505859375
14693,0.4774011299435028,0.5,0.156715992477235,-0.02696238134501425,0.078125
14694,1.4745762711864407,-0.5000000000000001,-0.6726782851646945,-0.6405526637590393,-0.431640625
14695,1.1977401129943503,0.0,0.3028919161243199,0.31247464900809724,-0.015625
14696,-0.2570621468926554,0.5849625007211564,0.5567849378967038,0.6663673556293063,0.3828125
14697,0.3474576271186441,-0.20751874963942185,-0.8096871468149225,-0.42043099147526186,-0.431640625
14698,-0.2655367231638418,0.29248125036057815,0.17987980437784734,0.712885549024819,-0.333984375
14699,0.3361581920903955,0.16096404744368117,-0.11215567150504728,0.0,0.17578125
14700,-0.17796610169491525,0.29248125036057815,0.6727662427622246,0.5397463495445953,0.453125
14701,-0.2401129943502825,1.0000000000000002,0.8735594296786998,1.3913440765871354,0.884765625
14702,-0.2655367231638418,1.4534452978042598,1.0598173523193248,1.211505329176159,0.990234375
14703,-0.2288135593220339,-0.5000000000000001,-0.5326650171708343,-0.42043099147526186,-0.431640625
14704,-0.23728813559322035,0.7924812503605783,0.37373852493104587,1.1765198502592438,0.765625
14705,0.2909604519774011,-0.5000000000000001,-0.8373558597528019,-1.9018456381848245,-0.431640625
14706,1.4774011299435028,-0.5000000000000001,-0.4561552434180506,-0.3460660985923269,-0.431640625
14707,0.96045197740113,-0.20751874963942185,-0.9702864223077798,-1.9018456381848245,-0.15625
14708,-0.2627118644067797,0.29248125036057815,0.385823182958573,-0.3011156334059281,0.453125
14709,-0.22598870056497175,1.3502198590705465,1.2369938588973233,0.5063496376186134,0.97265625
14710,-0.2288135593220339,0.9036774610288021,0.4165170213488949,1.15921603540529,0.978515625
14711,-0.2401129943502825,0.7924812503605783,0.6302346031699719,0.9547373610000003,0.060546875
14712,-0.1864406779661017,0.16096404744368117,0.22618591931709736,-0.3698555675245675,0.328125
14713,-0.24293785310734464,1.229715809318649,0.943294320419291,0.9574634496626779,0.98828125
14714,-0.20056497175141244,0.16096404744368117,0.02306772299107703,0.20971344100017061,0.86328125
14715,-0.20056497175141244,0.5849625007211564,0.3952941477825191,0.4889354164834149,0.8671875
14716,-0.14689265536723164,0.0,-0.2487351362414025,0.3795242326418465,0.3515625
14717,1.8022598870056497,-0.5000000000000001,-1.2536624887228809,-0.8150472910802568,-0.431640625
14718,0.8898305084745762,-0.5000000000000001,-0.7129607487542753,-0.8150472910802568,-0.431640625
14719,-0.2655367231638418,0.29248125036057815,0.3191417932789074,0.8207533887258768,0.052734375
14720,-0.2542372881355932,0.0,-0.14232261398718987,-0.16576708528869222,-0.1953125
14721,0.8022598870056498,-0.5000000000000001,-1.098996694629832,-0.3698555675245675,-0.431640625
14722,0.14689265536723164,0.0,-0.30405809651062576,0.2801174466877641,0.23046875
14723,-0.2401129943502825,0.7924812503605783,0.38873264446898603,1.1126130389748348,0.984375
14724,1.3983050847457628,-0.5000000000000001,-0.4945153023415521,-0.06979572847822901,-0.431640625
14725,-0.20056497175141244,0.16096404744368117,0.1951467501406168,0.3795242326418465,0.564453125
14726,1.57909604519774,-0.5000000000000001,-1.0642479130188003,-0.6405526637590393,-0.431640625
14727,0.5056497175141242,0.0,-0.33278912934797933,-0.02696238134501425,0.099609375
14728,0.8983050847457628,-0.5000000000000001,-0.8041887005669436,-0.6796987429630209,-0.431640625
14729,0.7853107344632768,0.0,-0.20832203004765437,0.6159830023075147,0.060546875
14730,-0.2655367231638418,0.5849625007211564,0.4158953598547548,1.1727169932479196,0.10546875
14731,-0.13559322033898305,0.0,-0.43843948665775934,-0.10012973443828277,-0.109375
14732,-0.2457627118644068,1.1609640474436813,0.9834611068457961,0.7673564343054562,0.978515625
14733,-0.2231638418079096,1.0000000000000002,1.4913560193512836,0.6794120241174847,0.322265625
14734,0.9322033898305084,0.16096404744368117,0.1045539339142691,0.03832139694718311,-0.185546875
14735,-0.2598870056497175,1.916445007082371,1.407316364255313,0.8883970310794748,0.998046875
14736,1.1016949152542372,-0.20751874963942185,-0.44684052063674884,0.2632676491154024,-0.431640625
14737,-0.2598870056497175,0.16096404744368117,0.749596741618007,-0.27983086331062224,0.34375
14738,-0.1497175141242938,0.6609640474436815,0.3942591858817856,0.1509688200781701,0.916015625
14739,-0.2570621468926554,1.3502198590705465,1.377532144409266,0.6301444324754325,1.0
14740,0.288135593220339,0.7924812503605783,0.8334379673044574,0.8069674837939456,0.45703125
14741,-0.23728813559322035,0.5,0.3615188275247805,0.03832139694718311,0.361328125
14742,0.96045197740113,-0.5000000000000001,-0.21414226175616755,-0.16576708528869222,-0.431640625
14743,1.4039548022598871,-0.5000000000000001,-1.5032476603916636,-1.4814146467095628,-0.431640625
14744,-0.2231638418079096,0.9534452978042595,0.7652126759234648,0.14060012816463935,0.650390625
14745,0.0480225988700565,0.8502198590705463,0.5733229036583969,0.29651178810473844,0.59375
14746,0.8785310734463276,0.16096404744368117,-0.20178573664374225,-1.0609836552343013,-0.3984375
14747,0.4350282485875706,-0.5000000000000001,-0.5162052359586177,-0.5363162534679564,-0.431640625
14748,-0.1864406779661017,0.7297158093186489,0.5998467301661287,0.6301444324754325,0.771484375
14749,1.0847457627118644,-0.5000000000000001,-0.5462028176431512,-0.5363162534679564,-0.431640625
14750,1.810734463276836,-0.5000000000000001,-1.0848801301667927,-0.20145700866623173,-0.431640625
14751,1.6638418079096045,-0.20751874963942185,-1.0210068796560177,-1.0609836552343013,-0.349609375
14752,-0.14689265536723164,-0.5000000000000001,-0.42517522825057724,-1.2354782825555186,-0.431640625
14753,-0.022598870056497175,-0.20751874963942185,0.001082876421358419,0.0,0.296875
14754,-0.1440677966101695,0.4036774610288021,0.3076214268367126,0.5343063695247384,0.830078125
14755,-0.24293785310734464,1.3502198590705465,1.2983344663210163,0.9492481497227456,0.98828125
14756,-0.22598870056497175,0.0,0.594237689349667,0.4889354164834149,0.3671875
14757,-0.05649717514124294,-0.5000000000000001,-0.38472829818147447,-0.5052041156418035,-0.431640625
14758,0.1384180790960452,0.5,0.6349608406458265,0.42043099147526186,0.478515625
14759,-0.2570621468926554,0.0,0.33377007641321566,0.4269883927082576,0.013671875
14760,0.5706214689265536,-0.5000000000000001,-1.2049036577683527,-1.2354782825555186,-0.431640625
14761,-0.10451977401129943,0.0,-0.35120137476378627,-0.44739337282027586,0.322265625
14762,0.4745762711864407,-0.20751874963942185,-0.38843907893822044,-0.27983086331062224,0.27734375
14764,-0.1384180790960452,-0.5000000000000001,-0.6036487732713405,-1.1419776163564517,-0.431640625
14765,-0.1864406779661017,0.0,-0.6518401746947854,-0.10012973443828277,-0.14453125
14766,-0.2457627118644068,0.7924812503605783,1.0603974550993565,1.0316190778526841,0.62890625
14767,1.0706214689265536,-0.5000000000000001,-0.4345584065648308,-0.5363162534679564,-0.431640625
14768,-0.22033898305084745,-0.20751874963942185,-0.7986091012525747,-1.346066098592327,-0.216796875
14769,-0.2627118644067797,1.0849625007211563,1.5333970885445416,1.7582720178526852,0.9765625
14770,0.3870056497175141,0.5849625007211564,0.7619420610392978,0.7289541365636965,0.388671875
14771,1.4858757062146892,-0.20751874963942185,-0.2007844952699515,0.013044668488178479,-0.20703125
14772,0.0480225988700565,-0.5000000000000001,-0.9700588121093214,-0.925635107117065,-0.431640625
14773,1.4039548022598871,-0.5000000000000001,-0.9651886015952669,-0.8678243642955378,-0.431640625
14774,1.2231638418079096,-0.5000000000000001,-0.6789167282677203,-0.7215466248811899,-0.431640625
14775,-0.10451977401129943,0.0,0.08167182630780057,0.14060012816463935,0.181640625
14776,-0.12429378531073447,1.0000000000000002,0.7721734079234456,0.24593636415404438,0.33984375
14777,0.8700564971751412,-0.5000000000000001,-0.5506493881046003,-0.6037805746949155,-0.431640625
14778,0.0903954802259887,-0.20751874963942185,-0.09120738186450301,-0.16576708528869222,-0.078125
14779,0.5225988700564972,0.0,-0.4299491728702436,-0.06979572847822901,-0.34765625
14780,-0.11581920903954802,-0.20751874963942185,-0.35148584694207113,-0.3231745627721683,-0.3828125
14782,0.632768361581921,-0.5000000000000001,-0.7783901881762032,-1.1419776163564517,-0.431640625
14783,1.5932203389830508,-0.5000000000000001,-0.5510978217134467,-0.5691109269262127,-0.431640625
14784,-0.19491525423728814,0.0,-0.3488248735038977,-0.3460660985923269,0.27734375
14785,-0.2401129943502825,-0.20751874963942185,-1.279487790503831,-1.6559092740307801,-0.421875
14786,1.2853107344632768,-0.5000000000000001,-1.1946238603819495,-1.0609836552343013,-0.431640625
14787,1.0621468926553672,-0.5000000000000001,-1.0914149184649709,-0.6796987429630209,-0.431640625
14788,-0.24858757062146894,0.0,0.1525768946442157,0.09725642870309359,0.71875
14789,-0.18926553672316385,-0.5000000000000001,-0.7849376710587903,-1.1419776163564517,-0.431640625
14790,-0.2231638418079096,0.7297158093186489,0.5681310183836841,0.21897398280902985,0.958984375
14791,1.4435028248587571,-0.5000000000000001,-0.5574682959845711,-0.5052041156418035,-0.431640625
14792,-0.0903954802259887,-0.5000000000000001,-2.5496785737245955,-1.6559092740307801,-0.431640625
14793,-0.20903954802259886,-0.20751874963942185,-0.17355641879904235,-0.08477312416654154,0.572265625
14794,-0.2627118644067797,0.7297158093186489,0.4314489301427839,0.3795242326418465,0.515625
14795,0.20056497175141244,-0.5000000000000001,-1.000536367803229,-1.1419776163564517,-0.431640625
14796,-0.2655367231638418,1.4036774610288023,1.308727995411693,1.4324821237766179,0.982421875
14797,1.1638418079096045,-0.5000000000000001,-0.5632977005562818,-0.6037805746949155,-0.431640625
14798,-0.12146892655367232,0.5849625007211564,-0.09598977631442358,-0.23937896292104863,0.732421875
14799,-0.12429378531073447,-0.20751874963942185,-0.5003649649886461,-0.4756102607271456,0.908203125
14800,-0.13559322033898305,1.0849625007211563,1.1244243860040666,1.2097134410001709,0.326171875
14801,-0.096045197740113,-0.5000000000000001,-0.8076430176444743,0.13005110216134985,-0.431640625
14802,0.9689265536723164,-0.20751874963942185,0.291955414265516,-1.9018456381848245,-0.431640625
14803,0.18926553672316385,0.0,-0.01376419928933735,-0.1486799354509508,-0.177734375
14804,-0.2457627118644068,-0.5000000000000001,-0.4771624179803954,-0.7664970900675887,-0.431640625
14805,-0.22598870056497175,0.5,0.11753952679690889,0.4003223972506149,0.751953125
14806,-0.05649717514124294,-0.20751874963942185,-0.5578176625361984,-0.5691109269262127,0.279296875
14807,0.8333333333333334,-0.20751874963942185,-0.28843457539454753,-0.11588526199269454,0.07421875
14808,-0.15819209039548024,0.5849625007211564,0.6070742511197119,0.8173361757074759,-0.171875
14809,1.4858757062146892,-0.20751874963942185,-0.12426850695234877,-0.5363162534679564,-0.431640625
14810,-0.1553672316384181,0.9036774610288021,0.5305081069973033,0.6111880863774223,0.328125
14811,0.8248587570621468,-0.5000000000000001,-0.8630888148690443,-0.27983086331062224,-0.431640625
14812,1.42090395480226,-0.5000000000000001,-0.8377993470321066,-0.1320609861045676,-0.431640625
14813,0.7740112994350282,0.16096404744368117,0.012807918438585713,0.5343063695247384,0.0390625
14814,1.3728813559322033,-0.5000000000000001,-0.916180967457455,-0.27983086331062224,-0.431640625
14815,-0.16666666666666666,-0.20751874963942185,-0.057659962470959614,0.09725642870309359,-0.37109375
14816,0.288135593220339,-0.5000000000000001,-0.6160777044727967,-1.346066098592327,-0.431640625
14817,0.2966101694915254,0.5,0.8070797501992079,0.6879551752969598,0.40234375
14818,-0.062146892655367235,0.4036774610288021,0.15130674353853948,0.39346861013024786,0.689453125
14819,-0.08757062146892655,0.16096404744368117,-0.3412348114904424,0.08591864614335176,0.845703125
14820,-0.20903954802259886,0.6609640474436815,0.20440875473193776,0.07436489288293499,0.849609375
14821,0.7655367231638418,0.5,0.18547439092176646,0.21897398280902985,0.173828125
14822,1.1016949152542372,-0.5000000000000001,-0.9043519258063492,-0.925635107117065,-0.431640625
14823,0.2401129943502825,0.0,-0.5272591126317809,0.13005110216134985,-0.404296875
14824,-0.2401129943502825,0.7297158093186489,0.8154809844969948,0.37242995637284404,0.79296875
14825,-0.2598870056497175,1.3219280948873624,0.9021673931508235,0.8539066514387023,0.7578125
14826,1.3728813559322033,-0.20751874963942185,-0.43125612332445384,-0.8678243642955378,-0.208984375
14828,0.2853107344632768,0.9036774610288021,1.29118800629296,0.2801174466877641,0.615234375
14829,-0.1864406779661017,0.5,0.2750258905222517,0.3203012570369791,0.36328125
14830,-0.11864406779661017,-0.5000000000000001,-0.8089301833975542,-0.08477312416654154,-0.431640625
14831,1.652542372881356,0.0,0.3500624679936269,0.23708140825560817,-0.3203125
14832,1.5112994350282485,-0.5000000000000001,-0.5251843457768198,-1.9018456381848245,-0.431640625
14833,1.1384180790960452,-0.5000000000000001,-1.172861795557959,-1.0609836552343013,-0.431640625
14834,-0.22033898305084745,0.5,0.49601198734221874,0.11931535806933405,0.330078125
14835,1.2231638418079096,-0.20751874963942185,-0.5691738424658926,-1.9018456381848245,-0.2578125
14836,-0.2401129943502825,0.0,-1.1319933585054047,-1.2354782825555186,-0.392578125
14837,-0.01694915254237288,0.6609640474436815,0.7353652094739999,0.7999552241171083,0.73046875
14838,0.9265536723163842,-0.20751874963942185,-0.06354777196396534,0.2546639061865699,0.1796875
14839,0.9124293785310734,0.0,0.02834212037716884,0.18105202855421326,0.126953125
14840,0.4858757062146893,-0.20751874963942185,-0.4631731153597448,-0.4756102607271456,0.099609375
14841,-0.11864406779661017,0.9534452978042595,1.1223248897903277,0.882270173869781,0.904296875
14842,-0.14689265536723164,0.16096404744368117,0.6274312883554711,0.6254605967958908,0.0859375
14843,0.963276836158192,-0.5000000000000001,-0.7483074376783307,-0.925635107117065,-0.431640625
14844,-0.0903954802259887,0.7297158093186489,1.0869764040173817,0.7522860017726577,0.62890625
14845,1.423728813559322,-0.5000000000000001,-0.9308095242899147,-1.9018456381848245,-0.431640625
14846,0.9378531073446328,-0.5000000000000001,-0.3638157925101973,-0.7664970900675887,-0.431640625
14847,0.1497175141242938,0.0,0.2344782139123181,0.13005110216134985,0.380859375
14848,0.8728813559322034,-0.5000000000000001,-0.5455023154979795,-0.8150472910802568,-0.431640625
14849,-0.20903954802259886,1.729715809318649,1.529732957624577,1.0955258891370931,0.890625
14850,0.6101694915254238,0.5,0.37918209961478583,0.6301444324754325,0.0703125
14851,-0.2033898305084746,0.0,-0.024004332995807134,-0.10012973443828277,0.75390625
14852,-0.10451977401129943,1.1239637567217928,1.0397034096493265,0.7289541365636965,0.712890625
14853,-0.20056497175141244,0.29248125036057815,0.24536817332787147,-0.3231745627721683,0.703125
14854,-0.0480225988700565,0.7924812503605783,0.8512845901387827,0.7964184577906561,0.755859375
14855,0.06779661016949153,0.5,1.0723231687402672,0.789282449524909,0.52734375
14856,-0.16666666666666666,0.0,0.2109441764456677,0.21897398280902985,-0.392578125
14857,-0.1016949152542373,0.5,0.7640154927361773,0.7964184577906561,0.69140625
14858,1.1581920903954803,-0.5000000000000001,-0.8322089768592578,-0.8150472910802568,-0.431640625
14859,-0.2344632768361582,0.29248125036057815,0.3592017020437511,0.07436489288293499,0.626953125
14860,-0.21468926553672316,-0.5000000000000001,-0.8636474365464729,-0.8150472910802568,-0.431640625
14861,-0.12146892655367232,0.7297158093186489,0.24685634434360892,0.19075709490216042,0.89453125
14862,-0.1977401129943503,-0.20751874963942185,-0.01650473992246333,0.025814691870266956,-0.19140625
14863,-0.1864406779661017,-0.5000000000000001,-0.6260951717208806,-0.8150472910802568,-0.431640625
14865,-0.24858757062146894,0.16096404744368117,-1.1856753830556015,-1.346066098592327,0.99609375
14866,-0.2401129943502825,1.1609640474436813,1.6879925987822333,-0.06979572847822901,0.466796875
14867,0.2542372881355932,1.04373142062517,0.6508851833006157,0.23708140825560817,0.640625
14868,-0.2598870056497175,0.8502198590705463,0.8363632047140789,0.6439827598356785,0.3828125
14869,-0.2457627118644068,0.4036774610288021,0.6185948222308952,0.8539066514387023,0.96484375
14870,0.4689265536723164,0.4036774610288021,0.3992116321949843,-0.02696238134501425,0.392578125
14871,-0.2598870056497175,0.6609640474436815,0.18461817149534485,0.6014830200294751,1.00390625
14872,1.0960451977401129,0.0,-0.03227440753903561,-0.16576708528869222,-0.138671875
14873,0.3248587570621469,-0.20751874963942185,-0.00839975840535972,0.03832139694718311,0.39453125
14874,1.2429378531073447,-0.5000000000000001,-1.0656986395649937,-1.1419776163564517,-0.431640625
14875,0.03389830508474576,0.0,0.6344835997272845,0.4003223972506149,0.220703125
14876,1.2033898305084745,-0.20751874963942185,-0.6464666609819313,-0.7664970900675887,-0.353515625
14877,0.9124293785310734,-0.20751874963942185,-0.37801870999408665,0.14060012816463935,0.005859375
14878,-0.2344632768361582,1.3502198590705465,0.822518848493783,0.7560888587839819,0.826171875
14879,1.6638418079096045,-0.5000000000000001,-0.8197413152391068,-0.3011156334059281,-0.431640625
14880,-0.05084745762711865,0.0,-0.12131432799028888,0.0,-0.01953125
14881,-0.21468926553672316,-0.5000000000000001,-0.6491570065292064,-0.5691109269262127,-0.431640625
14882,-0.19491525423728814,0.9534452978042595,0.7484703262057423,-0.20145700866623173,0.7265625
14883,-0.2175141242937853,0.4036774610288021,-0.06932705615123683,-0.08477312416654154,-0.0546875
14884,1.6214689265536724,-0.5000000000000001,-1.046002309091484,-0.9895419184014743,-0.431640625
14885,0.1016949152542373,0.0,0.3245852511281153,-0.3698555675245675,0.220703125
14886,0.4435028248587571,-0.5000000000000001,-0.4601250265610965,-0.5363162534679564,-0.431640625
14887,-0.04519774011299435,-0.5000000000000001,0.405834408424609,-1.1419776163564517,-0.431640625
14888,0.3163841807909605,-0.5000000000000001,-0.45376452408222545,-0.4756102607271456,-0.431640625
14889,0.6807909604519774,-0.5000000000000001,-0.9829573769669204,-0.8678243642955378,-0.431640625
14890,0.4463276836158192,0.0,-0.03185165980218635,0.11931535806933405,0.361328125
14891,0.1497175141242938,0.16096404744368117,0.12928004969101706,0.11931535806933405,0.130859375
14892,1.6807909604519775,-0.5000000000000001,-0.7724713897620124,-0.7215466248811899,-0.431640625
14893,-0.24293785310734464,0.0,0.3906605445021259,0.46491034696307426,0.755859375
14894,-0.02824858757062147,0.0,0.2883460326440448,-0.08477312416654154,0.841796875
14895,-0.24858757062146894,1.6427011094311244,1.7897348519813916,1.3724299563728437,0.978515625
14896,0.307909604519774,0.5849625007211564,0.3954543139983444,0.7209730515935905,0.6015625
14897,-0.24858757062146894,0.5849625007211564,0.6837983725225772,0.4398942775998032,0.96875
14898,-0.2033898305084746,0.9534452978042595,0.7206603014319141,0.8474193841835195,0.9609375
14899,0.847457627118644,-0.5000000000000001,0.22750910653294204,0.6159830023075147,-0.431640625
14900,1.2062146892655368,-0.5000000000000001,-2.1620788867694003,-1.9018456381848245,-0.431640625
14901,-0.23728813559322035,0.8502198590705463,0.4218662263997557,0.4947958843581966,0.51953125
14902,-0.1977401129943503,0.0,0.09398566062162376,0.07436489288293499,0.599609375
14903,-0.20903954802259886,0.29248125036057815,0.6218750738580948,0.9709130851118736,0.0703125
14904,-0.2627118644067797,0.16096404744368117,0.33524591108644775,0.6207403106667461,0.3984375
14905,0.1751412429378531,0.5849625007211564,0.4361871051659396,0.0,0.69921875
14906,0.9887005649717514,-0.5000000000000001,-1.3440472713107676,-1.9018456381848245,-0.431640625
14907,-0.2598870056497175,1.04373142062517,0.9864077077000358,0.732905640483359,0.73828125
14908,-0.059322033898305086,-0.20751874963942185,-0.4358211695953458,-0.6796987429630209,0.328125
14909,0.9661016949152542,0.0,0.2559980396450163,0.18105202855421326,0.009765625
14910,-0.2627118644067797,0.16096404744368117,-0.36752965487409534,-0.3460660985923269,-0.330078125
14911,-0.2655367231638418,3.3201224681111734,3.093621763434743,2.4356766521159248,1.0078125
14912,-0.2231638418079096,0.4036774610288021,0.41355904461818643,-0.013331387333714908,0.869140625
14913,-0.1694915254237288,0.5849625007211564,0.8220790063322174,0.8173361757074759,0.447265625
14915,-0.011299435028248588,0.7924812503605783,0.3911421636180536,0.21897398280902985,0.828125
14916,-0.07062146892655367,0.5849625007211564,0.6670111580883629,0.5504820936366117,0.63671875
14917,1.4152542372881356,-0.20751874963942185,0.1373913743266243,-0.25926775148775905,-0.431640625
14918,0.05649717514124294,0.6609640474436815,1.0241599659179261,0.33565786730872005,0.53515625
14919,1.2542372881355932,-0.5000000000000001,-0.4681102984059956,-0.7215466248811899,-0.431640625
14920,0.3305084745762712,0.0,0.3275873354869041,0.4138019232360459,0.2578125
14921,-0.18361581920903955,-0.20751874963942185,0.22136108065457977,0.3280281603386806,-0.09765625
14922,0.8418079096045198,-0.20751874963942185,-0.014902801571005838,0.05057542395069435,-0.208984375
14923,-0.1271186440677966,-0.5000000000000001,-0.07811189425461729,-0.013331387333714908,-0.431640625
14924,0.423728813559322,0.0,0.037396954203333214,-0.23937896292104863,0.337890625
14926,0.807909604519774,-0.20751874963942185,-0.46803649154348204,-1.6559092740307801,-0.0078125
14927,0.8502824858757062,-0.5000000000000001,-0.5495471593534297,-0.4756102607271456,-0.431640625
14928,1.502824858757062,-0.5000000000000001,-0.7188645832838433,-0.44739337282027586,-0.431640625
14929,-0.17796610169491525,-0.20751874963942185,-0.01936106827361164,-0.16576708528869222,0.328125
14930,0.03672316384180791,0.4036774610288021,0.9557245777008025,0.9324760109055547,0.541015625
14931,-0.2570621468926554,0.29248125036057815,0.19723867777412055,-0.23937896292104863,0.029296875
14932,0.7627118644067796,-0.20751874963942185,-0.14046944444955728,-0.25926775148775905,-0.392578125
14933,0.9830508474576272,0.16096404744368117,0.37889381837266944,-1.9018456381848245,-0.4296875
14934,-0.03954802259887006,0.29248125036057815,0.7419603999511073,0.5610311196399013,0.271484375
14935,0.5706214689265536,-0.20751874963942185,0.6321432020877155,-0.3460660985923269,0.197265625
14936,-0.1751412429378531,0.8502198590705463,1.4146810695379626,1.0689572460119665,0.642578125
14937,-0.11016949152542373,0.0,0.3324311040557109,-0.1833495832196537,-0.287109375
14938,1.3192090395480225,-0.20751874963942185,0.5233218597288455,0.2717510560243111,-0.431640625
14940,0.9096045197740112,-0.20751874963942185,-0.26038496669342337,-0.20145700866623173,0.185546875
14941,1.3644067796610169,-0.5000000000000001,-0.8282722726004258,-1.0609836552343013,-0.431640625
14942,0.864406779661017,0.16096404744368117,-0.07991629206949041,-0.7664970900675887,0.208984375
14943,1.6045197740112995,-0.5000000000000001,-1.106051041848841,-1.2354782825555186,-0.431640625
14944,-0.1864406779661017,1.1609640474436813,1.288217851062644,0.8441495449631917,0.80078125
14945,0.8983050847457628,-0.5000000000000001,-0.8361750313862212,-0.8150472910802568,-0.431640625
14946,-0.2288135593220339,-0.5000000000000001,-1.1400241181714266,-1.4814146467095628,-0.431640625
14947,-0.06497175141242938,0.4036774610288021,0.10120803757874855,0.025814691870266956,0.646484375
14948,-0.2033898305084746,0.4036774610288021,0.1269892389920352,0.13005110216134985,-0.048828125
14949,1.0564971751412429,0.16096404744368117,-0.27711911310972026,-0.6037805746949155,0.060546875
14950,-0.21468926553672316,-0.5000000000000001,-0.4508983374032428,-0.5052041156418035,-0.431640625
14951,-0.04519774011299435,-0.5000000000000001,-0.5435764242615337,-0.4756102607271456,-0.431640625
14952,-0.1016949152542373,1.5221970596792271,1.6013859238722794,1.0045472794051025,0.890625
14953,-0.1977401129943503,0.16096404744368117,0.05992102355255973,0.9004681499930124,0.369140625
14954,-0.2344632768361582,-0.20751874963942185,-0.33463524935945793,0.5397463495445953,0.91796875
14955,1.7994350282485876,-0.5000000000000001,-0.8843847308998041,-0.23937896292104863,-0.431640625
14956,0.9209039548022598,-0.5000000000000001,0.22495572424335886,-1.346066098592327,-0.431640625
14957,0.4463276836158192,-0.20751874963942185,-0.6362644029172575,-0.3011156334059281,0.33203125
14958,0.14689265536723164,0.4036774610288021,0.04362737561928088,0.08591864614335176,0.71875
14959,-0.08757062146892655,0.16096404744368117,-0.11761206147747184,-0.11588526199269454,0.021484375
14960,-0.2457627118644068,-0.20751874963942185,-0.7251457163058238,-0.3946162996049949,-0.11328125
14961,-0.2401129943502825,1.2617809780285068,1.563264996964544,1.1933436817918135,0.984375
14962,0.4943502824858757,0.16096404744368117,-0.4570653846279143,-0.6796987429630209,0.181640625
14963,-0.24293785310734464,0.8502198590705463,0.6809170207704358,1.147399680418592,0.576171875
14964,0.4293785310734463,-0.5000000000000001,-0.7624682840847028,-0.7215466248811899,-0.431640625
14965,0.002824858757062147,-0.20751874963942185,-0.19947321935509604,0.343192792857138,-0.431640625
14966,-0.2288135593220339,0.4036774610288021,0.10848350273912312,0.6111880863774223,0.955078125
14967,-0.12994350282485875,0.4036774610288021,0.4392046180189297,-0.42043099147526186,0.91015625
14968,-0.18361581920903955,-0.20751874963942185,-0.29149736569740164,0.3652517222233779,0.404296875
14969,1.7175141242937852,-0.5000000000000001,0.0230618594280452,-0.7215466248811899,-0.431640625
14970,-0.07627118644067797,0.8502198590705463,0.9224723538524638,0.2717510560243111,0.73046875
14971,-0.1694915254237288,0.0,0.12506137093296288,0.6963796677571371,-0.416015625
14972,0.09322033898305085,-0.20751874963942185,-0.9484674378829919,-0.4756102607271456,0.0625
14973,0.03389830508474576,0.0,0.22070636190209758,-0.25926775148775905,-0.201171875
14974,-0.1638418079096045,-0.5000000000000001,-1.2005572430519702,-0.5691109269262127,-0.431640625
14975,-0.10734463276836158,-0.20751874963942185,-0.32296750715997463,-0.3460660985923269,0.279296875
14976,-0.10734463276836158,0.5,-0.04929116372226745,0.025814691870266956,0.09375
14977,1.7796610169491525,-0.5000000000000001,-1.7409336512279958,-1.346066098592327,-0.431640625
14978,-0.06497175141242938,0.7297158093186489,0.6789760210496232,0.8138996016055092,0.580078125
14979,1.807909604519774,-0.5000000000000001,-0.3732915529523306,-0.04090675883341514,-0.431640625
14980,1.8135593220338984,-0.5000000000000001,-0.9284193074148602,-0.3698555675245675,-0.431640625
14981,0.4265536723163842,-0.20751874963942185,-0.44844570803201395,-0.4756102607271456,-0.0859375
14982,1.347457627118644,-0.5000000000000001,-0.6870306942133941,-0.08477312416654154,-0.431640625
14983,1.6779661016949152,-0.5000000000000001,-0.8250859888747228,-0.23937896292104863,-0.431640625
14984,-0.21468926553672316,0.4036774610288021,0.19843339389600406,0.03832139694718311,0.892578125
14985,0.2909604519774011,-0.20751874963942185,-0.5781569671298595,0.3280281603386806,-0.119140625
14986,0.7937853107344632,-0.20751874963942185,-0.2297080337870016,0.39346861013024786,0.169921875
14987,-0.22598870056497175,0.5849625007211564,0.3085547616478269,-1.346066098592327,0.978515625
14988,0.327683615819209,0.5,0.45402500372817556,0.7999552241171083,0.33203125
14989,1.5988700564971752,-0.5000000000000001,-0.4937401849660117,-0.5363162534679564,-0.431640625
14990,1.46045197740113,-0.20751874963942185,-0.5565261507767206,-0.055179269251883704,-0.201171875
14991,0.9463276836158192,-0.5000000000000001,-0.5385307131790595,-0.44739337282027586,-0.431640625
14992,0.980225988700565,-0.5000000000000001,-0.7515671784884964,-0.3011156334059281,-0.431640625
14993,1.3220338983050848,-0.5000000000000001,-1.6770761940691532,-0.925635107117065,-0.431640625
14994,0.8107344632768362,0.29248125036057815,0.04628901072292998,0.9866686126662854,0.0390625
14995,-0.16101694915254236,-0.20751874963942185,-0.7001116703039693,0.09725642870309359,0.041015625
14996,1.0903954802259888,-0.20751874963942185,-0.3579150211498614,-0.11588526199269454,-0.431640625
14997,-0.1384180790960452,0.16096404744368117,-0.058958183686032034,-0.1320609861045676,0.7578125
14998,0.211864406779661,0.16096404744368117,-0.07522624237884339,0.5397463495445953,0.41796875
14999,1.4039548022598871,-0.5000000000000001,-1.0085079696996442,-0.925635107117065,-0.431640625
15000,-0.13559322033898305,-0.5000000000000001,-0.30297471264727666,0.31247464900809724,-0.431640625
15001,0.844632768361582,-0.20751874963942185,-0.7810154687024885,-0.013331387333714908,-0.431640625
15002,0.05649717514124294,0.6609640474436815,0.8304926995304639,0.951998964897582,0.703125
15003,1.0677966101694916,0.4036774610288021,0.08955915908483034,1.0364139937827765,-0.0234375
15004,0.14689265536723164,-0.5000000000000001,0.18140590365445344,0.736831568146711,-0.431640625
15005,-0.22598870056497175,1.916445007082371,1.4693647985588973,1.5496629797964796,0.98046875
15006,-0.12429378531073447,-0.20751874963942185,-0.0719914745601823,0.7784185106302525,0.353515625
15007,0.1807909604519774,-0.5000000000000001,-0.9070066215589805,-0.7664970900675887,-0.431640625
15008,1.0875706214689265,-0.20751874963942185,-0.46715160701332836,-1.1419776163564517,-0.125
15009,-0.2344632768361582,0.0,0.19797777636926397,0.712885549024819,-0.40625
15010,-0.1694915254237288,-0.5000000000000001,-0.5482755478330107,-0.4756102607271456,-0.431640625
15011,0.847457627118644,-0.20751874963942185,-0.3896732880185735,-0.5691109269262127,-0.390625
15012,-0.11864406779661017,0.0,-0.1565543345393906,0.7784185106302525,0.58984375
15013,1.1073446327683616,0.7297158093186489,0.3287933427342811,0.8207533887258768,-0.060546875
15014,-0.14689265536723164,-0.20751874963942185,-0.644468075940795,-0.25926775148775905,-0.171875
15015,1.1468926553672316,0.9036774610288021,0.5307203953393572,0.7522860017726577,0.005859375
15016,0.2175141242937853,0.29248125036057815,-0.17782478855208927,0.43347565996344034,0.29296875
15017,-0.1751412429378531,-0.5000000000000001,-1.0246506192559894,-0.4756102607271456,-0.431640625
15018,-0.16101694915254236,0.0,-0.2968519032612201,-0.23937896292104863,0.2109375
15019,0.4830508474576271,-0.5000000000000001,-0.654557903819543,0.20971344100017061,-0.431640625
15020,0.8022598870056498,-0.5000000000000001,-0.7827195409082649,-0.3011156334059281,-0.431640625
15021,-0.2457627118644068,0.8502198590705463,0.5626243405888536,1.2411843802011386,0.525390625
15022,-0.23728813559322035,0.29248125036057815,0.14195473792135208,0.5610311196399013,0.869140625
15023,-0.2598870056497175,1.1961587113893803,1.3777632701354927,1.4312379106091848,0.87890625
15024,-0.24293785310734464,1.04373142062517,0.7503772415795221,0.789282449524909,0.37890625
15025,-0.1751412429378531,-0.20751874963942185,0.06453495161967104,0.6439827598356785,0.61328125
15026,-0.0423728813559322,0.29248125036057815,0.10075221689788645,0.5288171582474838,0.287109375
15027,-0.18361581920903955,0.7297158093186489,0.6930410265007768,0.2546639061865699,0.728515625
15028,-0.2457627118644068,0.4036774610288021,0.05531639664871752,0.21897398280902985,0.322265625
15029,1.4802259887005649,-0.5000000000000001,-0.4596889317471815,-0.8678243642955378,-0.431640625
15030,-0.06779661016949153,0.5849625007211564,0.43848004091199566,-0.3460660985923269,0.689453125
15031,-0.2570621468926554,0.9534452978042595,0.6773930845443719,0.9969494300839813,0.98828125
15032,0.4548022598870056,0.5849625007211564,1.350978970636766,-0.08477312416654154,0.4921875
15033,-0.2570621468926554,0.7297158093186489,0.5745241064891984,1.1688901432892043,0.203125
15034,-0.22598870056497175,0.9534452978042595,1.1962596605307665,1.3371141794283277,0.666015625
15035,-0.01694915254237288,-0.5000000000000001,-0.6547256030637785,-0.3231745627721683,-0.431640625
15036,-0.06497175141242938,0.0,-0.3734150900190747,0.5176874201783555,-0.22265625
15037,0.7937853107344632,-0.20751874963942185,-0.4142309880739681,-0.06979572847822901,-0.431640625
15038,-0.10451977401129943,0.6609640474436815,0.14805777304773604,0.8635092853442145,0.28515625
15039,-0.24293785310734464,2.277294425838819,2.0256723857487393,1.5191976026924596,0.974609375
15040,1.2598870056497176,-0.5000000000000001,-2.462006835765813,-1.9018456381848245,-0.431640625
15041,0.211864406779661,-0.20751874963942185,-0.5829166818766065,0.46491034696307426,0.103515625
15042,0.2937853107344633,-0.20751874963942185,-0.5372178886522242,-0.925635107117065,0.341796875
15043,-0.1807909604519774,0.4036774610288021,0.6359529476038992,-0.08477312416654154,0.548828125
15044,-0.21468926553672316,1.5849625007211563,1.5506034173955354,1.222146895221804,0.943359375
15045,0.15819209039548024,-0.20751874963942185,-0.08772982445316913,-0.8150472910802568,-0.224609375
15046,-0.24293785310734464,1.3502198590705465,1.1554854908663788,1.0243548747842963,0.90625
15047,0.4915254237288136,-0.5000000000000001,-0.49185362500474533,-0.42043099147526186,-0.431640625
15048,-0.0847457627118644,0.16096404744368117,-0.4370730113670439,0.38653649231868376,0.16015625
15049,0.5028248587570622,-0.5000000000000001,-1.0435145588332366,-1.4814146467095628,-0.431640625
15050,-0.1977401129943503,0.29248125036057815,0.8239116731782207,0.5662376211910235,0.45703125
15051,-0.2033898305084746,0.6609640474436815,0.8026358935553983,0.9682469106808436,0.96484375
15052,0.632768361581921,-0.5000000000000001,-0.7585802843745942,-0.3011156334059281,-0.431640625
15053,-0.2570621468926554,0.0,-0.11873611308589686,0.05057542395069435,0.109375
15054,-0.2344632768361582,-0.20751874963942185,-0.5601468046954924,0.5063496376186134,-0.376953125
15055,1.0706214689265536,0.0,-0.2430576998759744,0.3203012570369791,0.0546875
15056,1.2005649717514124,-0.5000000000000001,-1.077309904061312,-1.1419776163564517,-0.431640625
15057,0.5084745762711864,0.29248125036057815,0.7029921916391545,0.19075709490216042,0.46484375
15058,-0.1977401129943503,1.04373142062517,0.7240668137737356,0.9840709482829291,0.794921875
15059,-0.1553672316384181,1.1609640474436813,0.7400900464538119,1.1553027721127211,0.921875
15060,-0.2457627118644068,0.16096404744368117,-0.5741056877931805,0.35063526299703285,-0.4296875
15061,-0.2598870056497175,2.5,2.649220324370756,0.6394049742842918,1.00390625
15062,-0.06779661016949153,0.5849625007211564,0.580405454922126,0.46491034696307426,0.62109375
15063,0.3333333333333333,-0.5000000000000001,-0.45147034064192026,-1.2354782825555186,-0.431640625
15064,0.8898305084745762,0.16096404744368117,0.19585486107505337,0.3045457294825673,0.16796875
15065,-0.1638418079096045,0.29248125036057815,0.714448125597678,0.7446080042324369,0.296875
15066,-0.11864406779661017,-0.5000000000000001,0.015598159249923822,-0.04090675883341514,-0.431640625
15067,-0.0480225988700565,0.29248125036057815,0.7938927536287417,0.7964184577906561,0.6015625
15068,-0.1384180790960452,0.16096404744368117,0.1610493753711627,0.824151457593332,0.69140625
15069,0.23728813559322035,-0.5000000000000001,0.1306229915292715,0.2632676491154024,-0.431640625
15070,0.7824858757062146,0.0,-0.08672701205701289,-0.3231745627721683,0.255859375
15071,-0.005649717514124294,0.16096404744368117,0.2749126847692771,-0.055179269251883704,0.5
15072,1.0847457627118644,-0.5000000000000001,-0.8127540350979543,-0.7215466248811899,-0.431640625
15073,-0.24293785310734464,0.5849625007211564,0.6204826270237406,0.5610311196399013,0.880859375
15074,0.02824858757062147,0.0,0.3094043185533203,0.20030931919148418,0.275390625
15075,-0.05084745762711865,-0.5000000000000001,-0.0614060754139215,-0.3011156334059281,-0.431640625
15076,0.2175141242937853,0.0,0.27204898023001517,0.24593636415404438,0.251953125
15077,1.1271186440677967,-0.20751874963942185,0.5469772113895759,-0.27983086331062224,0.029296875
15078,-0.24858757062146894,1.8774437510817346,1.5909462319331549,0.5765184386087194,0.990234375
15079,0.3305084745762712,0.7924812503605783,0.7601495773640964,0.5815942314627645,0.58203125
15080,0.9378531073446328,-0.20751874963942185,-0.24584023845135444,-0.22012167228377744,-0.287109375
15081,-0.2062146892655367,0.8502198590705463,0.4037085965894176,0.3045457294825673,0.5703125
15082,1.61864406779661,-0.5000000000000001,-1.180974982458845,-1.1419776163564517,-0.431640625
15083,0.4548022598870056,-0.5000000000000001,-1.2108341869808057,-1.2354782825555186,-0.431640625
15084,0.8022598870056498,-0.20751874963942185,0.05656214756900458,-0.22012167228377744,0.087890625
15085,1.7909604519774012,-0.5000000000000001,-0.4858367831874468,-0.925635107117065,-0.431640625
15086,1.3248587570621468,-0.20751874963942185,-0.7317441644755256,-0.8678243642955378,-0.3125
15087,0.5254237288135594,-0.5000000000000001,-0.5517193545176886,-0.6405526637590393,-0.431640625
15088,-0.20903954802259886,-0.20751874963942185,0.15429779823887535,0.09725642870309359,-0.341796875
15089,-0.2401129943502825,0.4036774610288021,0.5453893003560695,0.6750948976618313,-0.201171875
15090,0.6016949152542372,-0.5000000000000001,-0.4366275744888383,-0.3946162996049949,-0.431640625
15091,-0.07909604519774012,0.0,0.0995957200891738,0.11931535806933405,0.75390625
15092,0.3389830508474576,0.0,-0.05905396753321644,-0.08477312416654154,0.05078125
15093,-0.2175141242937853,1.2924812503605785,1.4673422529125957,0.5006002703406138,0.9609375
15094,1.03954802259887,-0.20751874963942185,-1.2427861383193826,-1.346066098592327,-0.078125
15095,0.022598870056497175,0.7297158093186489,0.6839846050183889,0.4138019232360459,0.708984375
15096,-0.1497175141242938,-0.5000000000000001,-0.7296642920941785,-0.8150472910802568,-0.431640625
15097,-0.2570621468926554,0.0,0.02430349149346838,0.16116323998750257,0.69921875
15098,0.2457627118644068,0.0,2.0361023185922886,-1.9018456381848245,-0.431640625
15099,-0.031073446327683617,-0.5000000000000001,-0.397526987187217,-0.3946162996049949,-0.431640625
15100,0.672316384180791,0.5,0.4930488824500285,-0.8150472910802568,0.287109375
15101,-0.2457627118644068,0.4036774610288021,0.2830241218198239,0.08591864614335176,0.705078125
15102,1.228813559322034,-0.20751874963942185,-0.2377177723611138,-0.3231745627721683,-0.400390625
15103,-0.1807909604519774,-0.20751874963942185,-0.1115813769378578,-0.1486799354509508,-0.32421875
15104,0.2853107344632768,-0.20751874963942185,0.07194091300443158,0.22809526306144287,-0.263671875
15105,-0.2175141242937853,0.6609640474436815,0.6760150947661833,0.6301444324754325,0.755859375
15106,-0.22033898305084745,0.29248125036057815,0.2627068937407621,0.4138019232360459,0.060546875
15107,0.6101694915254238,0.6609640474436815,-0.02725569908840923,-0.20145700866623173,-0.158203125
15108,0.12994350282485875,0.16096404744368117,0.21493271708647718,0.06258678093439042,-0.263671875
15109,0.423728813559322,0.0,0.06632721384865946,0.013044668488178479,0.525390625
15110,-0.2033898305084746,0.4036774610288021,0.2929695759150742,-0.3946162996049949,0.470703125
15111,-0.1864406779661017,0.29248125036057815,0.5500975194497894,0.5288171582474838,0.66796875
15112,1.4576271186440677,-0.5000000000000001,-0.7543411087218116,-1.0609836552343013,-0.431640625
15113,-0.24293785310734464,0.0,0.7428597791632886,0.3203012570369791,-0.34375
15114,-0.18361581920903955,0.8502198590705463,0.7260317969430408,0.7249767209578292,0.33203125
15115,-0.2175141242937853,-0.20751874963942185,-0.2600254445255767,-0.1486799354509508,0.962890625
15116,-0.22033898305084745,0.16096404744368117,0.23597354296640546,-0.11588526199269454,-0.06640625
15117,-0.2288135593220339,0.5849625007211564,0.559506278161112,0.40709960414154694,0.779296875
15118,0.11016949152542373,-0.5000000000000001,-0.6716167635616094,-1.9018456381848245,-0.431640625
15119,0.423728813559322,-0.5000000000000001,-0.6268108705576558,-0.6796987429630209,-0.431640625
15120,0.10734463276836158,-0.5000000000000001,-0.46889328136857167,-0.44739337282027586,-0.431640625
15121,-0.1271186440677966,-0.20751874963942185,-0.3397134729173127,-0.27983086331062224,0.033203125
15122,0.05367231638418079,0.7924812503605783,0.8735783936872923,0.740732248512241,0.5546875
15123,-0.24858757062146894,0.29248125036057815,0.8932294462755206,0.7169427795800003,0.791015625
15124,-0.2062146892655367,0.16096404744368117,-0.3477759736126185,-0.23937896292104863,0.796875
15125,-0.1977401129943503,1.3219280948873624,1.5828268550584417,0.7249767209578292,0.7265625
15126,1.2457627118644068,-0.20751874963942185,-0.34934419573172504,-0.3460660985923269,-0.13671875
15127,-0.0847457627118644,-0.20751874963942185,-0.10546895066848294,-0.3011156334059281,0.455078125
15128,-0.09887005649717515,0.29248125036057815,0.382987150286343,0.39346861013024786,0.291015625
15129,-0.1271186440677966,1.2924812503605785,1.099349917227179,0.38653649231868376,0.662109375
15130,0.20903954802259886,-0.5000000000000001,-0.5131277357276663,-0.42043099147526186,-0.431640625
15131,0.844632768361582,-0.5000000000000001,-1.2602966646910911,-1.0609836552343013,-0.431640625
15132,-0.2175141242937853,0.29248125036057815,0.06352516307433154,0.05057542395069435,0.044921875
15133,0.0903954802259887,0.29248125036057815,0.3898637414571877,0.0,0.3359375
15134,-0.2288135593220339,0.7297158093186489,0.32397613507324685,0.025814691870266956,0.365234375
15135,0.4067796610169492,-0.20751874963942185,-0.5539004559120072,-0.5691109269262127,0.1875
15136,-0.2627118644067797,0.16096404744368117,0.2093643098676004,0.18105202855421326,-0.248046875
15137,1.2005649717514124,-0.20751874963942185,-0.027868355392138618,-0.16576708528869222,-0.119140625
15138,0.8418079096045198,-0.5000000000000001,-0.2901433389766376,-0.22012167228377744,-0.431640625
15139,0.4067796610169492,-0.20751874963942185,-0.8374740868809061,-0.7215466248811899,-0.2421875
15140,-0.12146892655367232,0.5849625007211564,0.7009843341638943,0.4947958843581966,0.330078125
15141,1.0225988700564972,0.5,0.2498279119117967,-0.013331387333714908,-0.111328125
15142,-0.1384180790960452,0.4036774610288021,0.587413214217939,0.5610311196399013,0.455078125
15143,0.3672316384180791,-0.20751874963942185,-0.22920846278259835,-0.3011156334059281,-0.02734375
15144,-0.2457627118644068,1.4534452978042598,1.4038349630676121,0.8914374069012179,0.970703125
15145,-0.2570621468926554,0.16096404744368117,0.1699454269062092,0.1083861667722219,0.044921875
15146,0.19491525423728814,-0.20751874963942185,0.22582156522416935,0.4138019232360459,-0.18359375
15147,0.4096045197740113,-0.5000000000000001,-0.17559687376313773,-0.27983086331062224,-0.431640625
15148,-0.2401129943502825,-0.5000000000000001,-0.5615703176550882,-0.4756102607271456,-0.431640625
15149,0.10734463276836158,0.29248125036057815,0.30991066650607596,0.19075709490216042,0.576171875
15150,-0.22033898305084745,0.9036774610288021,1.242449228588864,1.442345002979999,0.595703125
15151,0.9265536723163842,-0.20751874963942185,0.46613381860969916,0.13005110216134985,-0.263671875
15152,-0.24293785310734464,0.9534452978042595,0.9584698566099803,0.9353037722343442,0.919921875
15153,-0.1807909604519774,-0.5000000000000001,-0.5145112134223344,-0.42043099147526186,-0.431640625
15154,-0.05649717514124294,0.0,0.23241327105995027,0.782061486784926,0.35546875
15155,0.8135593220338984,-0.5000000000000001,-0.43295306432716435,-0.3698555675245675,-0.431640625
15156,-0.2655367231638418,0.0,0.054515592634345834,0.07436489288293499,-0.369140625
15157,-0.2598870056497175,0.29248125036057815,0.5943078180106401,0.7289541365636965,0.986328125
15158,-0.14124293785310735,-0.20751874963942185,-0.190699084176749,-0.8150472910802568,0.263671875
15159,-0.2655367231638418,1.5646415084724836,1.7220126216430338,1.3327347112586119,0.408203125
15160,0.7401129943502824,0.16096404744368117,-0.20558430157215066,-0.5691109269262127,-0.306640625
15161,0.827683615819209,-0.5000000000000001,-1.0489854507808676,-0.1833495832196537,-0.431640625
15162,1.7966101694915255,-0.5000000000000001,-0.5415218878578996,-0.7664970900675887,-0.431640625
15163,-0.2175141242937853,-0.20751874963942185,-0.5560034568783374,-0.25926775148775905,-0.091796875
15164,-0.07627118644067797,0.6609640474436815,0.4512689295691046,1.0120511323013561,0.783203125
15165,0.7853107344632768,-0.5000000000000001,-0.3059811115439156,-0.3011156334059281,-0.431640625
15166,1.0508474576271187,-0.5000000000000001,-0.8735511216460695,-0.7664970900675887,-0.431640625
15167,0.635593220338983,0.29248125036057815,0.3343092960080261,1.0575340513973859,0.2578125
15168,-0.1977401129943503,-0.5000000000000001,-1.1112678542965126,-1.2354782825555186,-0.431640625
15169,0.8107344632768362,-0.20751874963942185,-0.22396777546542754,0.1509688200781701,0.240234375
15170,0.8785310734463276,-0.5000000000000001,-1.2546329291757419,-1.346066098592327,-0.431640625
15171,0.6666666666666666,-0.5000000000000001,0.21051976473968445,-1.2354782825555186,-0.431640625
15172,-0.2457627118644068,0.29248125036057815,0.33314193205786224,0.5120450194302928,0.013671875
15173,0.8050847457627118,0.5,0.28898309066785693,0.24593636415404438,0.03125
15174,0.6412429378531074,-0.20751874963942185,-0.31287167858262166,-0.16576708528869222,-0.259765625
15175,-0.06779661016949153,-0.5000000000000001,-0.7183208592904368,-0.3946162996049949,-0.431640625
15176,1.615819209039548,-0.5000000000000001,0.06899088952967795,0.08591864614335176,-0.431640625
15177,0.9322033898305084,-0.5000000000000001,0.047528057622709535,-0.3231745627721683,-0.431640625
15178,0.4661016949152542,-0.5000000000000001,-1.617885654748817,-1.4814146467095628,-0.431640625
15179,-0.2175141242937853,0.9036774610288021,1.146204755236926,0.9655689650221153,0.970703125
15180,0.768361581920904,0.0,-0.03205973978067222,0.013044668488178479,0.001953125
15181,-0.08192090395480225,0.29248125036057815,0.1723734013956808,-0.6405526637590393,0.8671875
15182,0.16666666666666666,0.7924812503605783,0.6592655687197927,0.3280281603386806,0.548828125
15183,1.2768361581920904,0.0,-0.16178237177667654,-0.1833495832196537,-0.359375
15184,-0.1864406779661017,0.16096404744368117,-0.12532922011706146,0.2801174466877641,0.923828125
15185,-0.07062146892655367,-0.5000000000000001,-0.5453998803179622,-0.44739337282027586,-0.431640625
15186,-0.2288135593220339,0.29248125036057815,0.25543765610218544,-0.25926775148775905,0.900390625
15187,-0.2655367231638418,1.04373142062517,0.9068752289293719,0.18105202855421326,-0.01953125
15188,1.7796610169491525,-0.5000000000000001,-0.5457243260788773,-0.3946162996049949,-0.431640625
15189,-0.2655367231638418,1.7772944258388188,1.5982091832424066,0.4138019232360459,0.560546875
15190,0.9576271186440678,-0.5000000000000001,-0.02079182067555314,-0.06979572847822901,-0.431640625
15191,1.03954802259887,0.0,-0.20668492743041855,-0.1833495832196537,0.0078125
15192,0.06779661016949153,0.29248125036057815,0.3468245221529527,0.13005110216134985,0.662109375
15193,-0.09887005649717515,-0.5000000000000001,-0.2935348899019041,-0.5052041156418035,-0.431640625
15194,-0.2598870056497175,1.4289904975637864,1.3977295116515442,1.0845966978399815,1.0
15195,-0.2627118644067797,-0.5000000000000001,0.7936338600435741,-1.9018456381848245,-0.431640625
15196,0.9519774011299436,-0.20751874963942185,-0.5401678611371356,-0.16576708528869222,0.142578125
15197,-0.2401129943502825,0.4036774610288021,0.4102448164053716,-0.013331387333714908,0.970703125
15198,-0.00847457627118644,0.29248125036057815,-0.22198438290492073,-0.27983086331062224,0.734375
15199,-0.1016949152542373,0.7297158093186489,0.6807177891251778,-0.5691109269262127,0.576171875
15200,1.1271186440677967,-0.5000000000000001,-0.24312539379109743,-0.23937896292104863,-0.431640625
15201,-0.022598870056497175,0.5,0.4003668495890991,-0.013331387333714908,0.591796875
15202,0.9180790960451978,0.0,1.0282237800578604,-1.9018456381848245,-0.431640625
15203,-0.1977401129943503,1.0000000000000002,0.8631547709518478,0.7209730515935905,0.947265625
15204,0.7401129943502824,-0.5000000000000001,-0.5353217046165276,-0.925635107117065,-0.431640625
15205,-0.02824858757062147,-0.20751874963942185,-0.15084839974810557,-0.11588526199269454,-0.349609375
15206,-0.2401129943502825,0.16096404744368117,-0.38498077230140815,-1.4814146467095628,0.0859375
15207,0.9067796610169492,0.0,-0.12646971475617574,-0.5052041156418035,-0.17578125
15208,-0.2655367231638418,0.4036774610288021,0.05948315789221726,-0.3011156334059281,0.392578125
15209,1.7937853107344632,-0.5000000000000001,-0.8374149700324025,-0.7215466248811899,-0.431640625
15210,0.3672316384180791,0.0,0.1616326359247918,0.22809526306144287,0.251953125
15211,-0.09887005649717515,-0.20751874963942185,0.016085544342996777,0.08591864614335176,0.1640625
15212,0.4124293785310734,-0.20751874963942185,-0.7571804145282585,-1.0609836552343013,-0.16796875
15213,0.6299435028248588,-0.20751874963942185,-0.5159629022087511,-0.42043099147526186,-0.41015625
15214,-0.2655367231638418,0.5849625007211564,0.3452429287411388,0.5288171582474838,0.0390625
15215,-0.1384180790960452,0.5,0.5457384330722638,0.3795242326418465,0.673828125
15216,-0.022598870056497175,-0.20751874963942185,-0.3077909561220603,-0.3698555675245675,0.60546875
15217,1.3220338983050848,-0.5000000000000001,-0.3775328933492405,-0.27983086331062224,-0.431640625
15218,-0.2401129943502825,1.2617809780285068,1.3726941219887427,0.6750948976618313,0.880859375
15219,0.2288135593220339,-0.20751874963942185,-0.12528272121309109,-0.3231745627721683,0.490234375
15220,-0.12429378531073447,0.4036774610288021,0.3815783871899299,0.5343063695247384,0.015625
15221,0.7655367231638418,0.16096404744368117,0.4601319124913802,-0.44739337282027586,0.09765625
15222,0.6299435028248588,0.7924812503605783,0.7491087213977315,0.46491034696307426,0.359375
15223,0.3672316384180791,0.29248125036057815,0.26099635830844514,-0.3231745627721683,0.5625
15224,0.7429378531073446,0.29248125036057815,0.002212199717915355,-0.3698555675245675,0.22265625
15225,0.3926553672316384,-0.5000000000000001,-0.39892505096357844,-0.3946162996049949,-0.431640625
15226,0.6073446327683616,-0.5000000000000001,-0.9154959336100175,-0.9895419184014743,-0.431640625
15227,-0.16666666666666666,0.6609640474436815,0.5600450333306847,0.38653649231868376,0.734375
15228,-0.08192090395480225,0.4036774610288021,0.9895192008347177,0.8441495449631917,0.4140625
15229,1.387005649717514,-0.5000000000000001,-0.8950481515561344,-0.925635107117065,-0.431640625
15230,0.4067796610169492,-0.20751874963942185,-0.3733656717496614,-0.3946162996049949,-0.4296875
15231,1.4858757062146892,-0.5000000000000001,-0.6599295040966197,-0.6796987429630209,-0.431640625
15232,0.05084745762711865,-0.20751874963942185,-0.185432081142533,-0.3231745627721683,-0.37890625
15233,0.864406779661017,-0.5000000000000001,-1.4182422548936797,-1.9018456381848245,-0.431640625
15234,0.5112994350282486,-0.5000000000000001,-0.7866543743177857,-0.6796987429630209,-0.431640625
15235,0.3446327683615819,1.04373142062517,0.6175640233243231,0.7636237843323993,-0.09765625
15236,0.5734463276836158,-0.5000000000000001,-0.5278864275166414,-0.6405526637590393,-0.431640625
15237,-0.2655367231638418,0.16096404744368117,0.25888147843219395,0.4398942775998032,0.009765625
15238,-0.1864406779661017,0.0,0.11232972427544474,0.05057542395069435,-0.12890625
15239,-0.2401129943502825,-0.20751874963942185,-0.05623556893546417,0.03832139694718311,-0.298828125
15240,-0.1440677966101695,0.8502198590705463,0.8703340292552756,0.6530359682955913,0.916015625
15241,-0.08192090395480225,0.7924812503605783,0.6682696931224239,0.5866279010690111,0.716796875
15242,0.923728813559322,-0.5000000000000001,-0.5602521195658099,-1.346066098592327,-0.431640625
15243,-0.059322033898305086,-0.20751874963942185,0.035263712071711466,0.13005110216134985,0.2734375
15244,-0.0847457627118644,0.0,0.02648105070193857,-0.013331387333714908,0.7421875
15245,0.11016949152542373,0.5849625007211564,0.888026285796676,0.2801174466877641,0.46875
15246,0.403954802259887,0.0,-0.056364901769370646,0.0,0.1875
15247,0.07627118644067797,0.0,0.06250800957189645,-0.7215466248811899,0.37890625
15248,0.8926553672316384,0.0,0.4148744842668945,0.4947958843581966,-0.19140625
15249,-0.1807909604519774,1.1239637567217928,1.2592474843957489,1.147399680418592,0.724609375
15250,1.53954802259887,-0.5000000000000001,-1.4129839291063788,-1.4814146467095628,-0.431640625
15251,-0.24293785310734464,1.229715809318649,1.677061046090334,0.8408619829505237,0.876953125
15252,-0.16666666666666666,0.29248125036057815,0.4706525265311723,0.5120450194302928,0.69140625
15253,-0.2231638418079096,0.5849625007211564,0.4582955472892797,0.4889354164834149,0.681640625
15254,0.0903954802259887,0.0,0.12037941128292165,0.20971344100017061,0.4140625
15255,-0.08192090395480225,0.6609640474436815,0.7718463250606128,0.6663673556293063,0.876953125
15256,0.1497175141242938,-0.20751874963942185,-0.8633990878208065,-1.1419776163564517,0.375
15257,0.5310734463276836,-0.20751874963942185,-0.1249341089279651,-0.8150472910802568,-0.17578125
15258,0.2062146892655367,-0.20751874963942185,-0.17588657217761905,-0.20145700866623173,-0.3359375
15259,1.1779661016949152,0.16096404744368117,0.1644225199564245,0.06258678093439042,-0.099609375
15260,0.014124293785310734,1.3502198590705465,1.2298471051957605,0.8506716906696332,0.8046875
15261,0.11299435028248588,0.16096404744368117,0.2937280490216908,0.39346861013024786,0.15234375
15262,0.6440677966101694,0.0,-0.3868528143272106,-0.42043099147526186,-0.109375
15263,0.031073446327683617,-0.5000000000000001,-0.9083558403678937,-0.7664970900675887,-0.431640625
15264,-0.08757062146892655,-0.20751874963942185,-0.011976297682346967,0.08591864614335176,0.478515625
15265,0.15819209039548024,0.16096404744368117,0.7174416953830545,0.8275305956168089,0.71484375
15266,0.6864406779661016,0.29248125036057815,-0.009595503180544888,-0.10012973443828277,0.27734375
15267,-0.2062146892655367,0.29248125036057815,0.36284236203453674,-0.9895419184014743,-0.119140625
15268,1.0819209039548023,0.0,0.05474214914205599,-0.44739337282027586,-0.18359375
15269,-0.2033898305084746,0.0,0.18340066116387035,-0.1833495832196537,0.28515625
15270,-0.22598870056497175,1.229715809318649,1.2149052837040903,0.22809526306144287,0.94921875
15271,-0.24858757062146894,1.3219280948873624,0.8784474837794842,1.2645805364384537,0.513671875
15272,-0.10734463276836158,0.4036774610288021,0.4520129594798745,1.0458915882711528,0.751953125
15273,1.423728813559322,-0.5000000000000001,-0.7070523145830202,-1.9018456381848245,-0.431640625
15274,-0.2570621468926554,-0.20751874963942185,-0.1016970185103689,-0.013331387333714908,-0.404296875
15275,-0.1638418079096045,-0.5000000000000001,-0.18276620195604826,-0.055179269251883704,-0.431640625
15276,-0.08192090395480225,0.16096404744368117,-0.1787579895529515,0.7598680218283731,0.287109375
15277,-0.1384180790960452,-0.20751874963942185,-0.31854718638488716,-0.3946162996049949,0.30859375
15278,1.3163841807909604,0.16096404744368117,-0.29690540074818816,-0.25926775148775905,-0.228515625
15279,0.731638418079096,0.29248125036057815,0.31870470804398904,0.29651178810473844,0.1953125
15280,0.2175141242937853,0.0,-0.41455125476679383,0.03832139694718311,0.34765625
15281,-0.10451977401129943,1.04373142062517,1.2160713973849493,1.3529070023808165,0.2890625
15282,1.3418079096045197,-0.5000000000000001,-0.48423661837596577,-0.3011156334059281,-0.431640625
15283,0.8333333333333334,0.0,-0.9367255986128127,-0.925635107117065,-0.181640625
15284,1.1440677966101696,-0.5000000000000001,-1.8717696590917585,-1.9018456381848245,-0.431640625
15285,0.8813559322033898,-0.5000000000000001,-1.1721958706297089,-1.1419776163564517,-0.431640625
15286,-0.12994350282485875,-0.5000000000000001,-0.6808951051952585,-1.4814146467095628,-0.431640625
15287,-0.2062146892655367,0.29248125036057815,-0.007219109353578717,-0.3946162996049949,0.96484375
15288,-0.14689265536723164,0.7297158093186489,0.773187806309353,0.6254605967958908,0.783203125
15289,-0.1864406779661017,0.29248125036057815,0.32290933510283526,0.23708140825560817,0.724609375
15290,-0.2570621468926554,1.3774437510817346,1.3255601110479642,0.5120450194302928,0.8359375
15291,-0.1977401129943503,1.6787760023090421,1.460126618315515,0.5662376211910235,0.95703125
15292,0.2994350282485876,-0.5000000000000001,-0.8391616847209502,-0.3698555675245675,-0.431640625
15293,1.6101694915254237,-0.5000000000000001,-0.6658052552514455,-0.5052041156418035,-0.431640625
15294,0.8898305084745762,-0.5000000000000001,-0.6969927122061728,-0.6405526637590393,-0.431640625
15295,1.57909604519774,-0.5000000000000001,-0.7603417104765529,0.06258678093439042,-0.431640625
15296,-0.1271186440677966,0.8502198590705463,1.3167071896886395,1.2186204102508178,0.8125
15297,-0.2401129943502825,0.0,-0.16011671026168497,-0.23937896292104863,-0.328125
15298,-0.2627118644067797,1.2924812503605785,1.2473927484576148,0.8914374069012179,0.9921875
15299,-0.07909604519774012,0.7297158093186489,1.041789548369712,-0.925635107117065,0.796875
15300,-0.08757062146892655,-0.5000000000000001,-0.2966058840923763,-0.27983086331062224,-0.431640625
15301,-0.1271186440677966,1.0849625007211563,1.103173217691859,0.9814621111151631,0.349609375
15302,1.7937853107344632,-0.5000000000000001,-0.5498913605693951,-0.6405526637590393,-0.431640625
15303,0.5508474576271186,0.0,0.1828885615512838,0.20030931919148418,0.3359375
15304,-0.09887005649717515,0.6609640474436815,-0.04558241029039502,-0.9895419184014743,0.2734375
15305,1.2994350282485876,-0.5000000000000001,-1.1795672998149358,-1.2354782825555186,-0.431640625
15306,-0.08757062146892655,0.6609640474436815,0.7391035644047941,0.6014830200294751,0.73046875
15307,0.0,-0.5000000000000001,-0.7648096401618139,-0.7664970900675887,-0.431640625
15308,0.5056497175141242,-0.5000000000000001,-0.5456560052618669,-0.5052041156418035,-0.431640625
15309,1.4548022598870056,0.16096404744368117,-0.04454271688429685,0.05057542395069435,-0.1875
15310,1.0819209039548023,-0.5000000000000001,0.3365973403067729,0.0,-0.431640625
15311,-0.268361581920904,2.8536795660404417,2.5988308037104697,1.7796820184029494,1.009765625
15312,-0.05649717514124294,0.8502198590705463,0.6469308701692534,0.5765184386087194,0.833984375
15313,0.0423728813559322,-0.5000000000000001,-1.487768319781959,-1.9018456381848245,-0.431640625
15314,0.2937853107344633,0.0,-0.029775324331763872,0.05057542395069435,0.015625
15315,-0.08757062146892655,-0.20751874963942185,-0.2227749911137556,-0.1486799354509508,-0.330078125
15316,0.652542372881356,-0.5000000000000001,-0.8804284019845536,-1.9018456381848245,-0.431640625
15317,1.6440677966101696,-0.5000000000000001,-1.0074083253208326,-1.2354782825555186,-0.431640625
15318,-0.2598870056497175,-0.5000000000000001,-0.5419966126121237,-0.1833495832196537,-0.431640625
15319,0.5310734463276836,-0.5000000000000001,-0.7668765216768582,-0.6037805746949155,-0.431640625
15320,-0.1440677966101695,-0.5000000000000001,-0.6253605943757504,-0.1320609861045676,-0.431640625
15321,-0.07062146892655367,0.8502198590705463,1.087555393681524,1.0095601484864436,0.748046875
15322,-0.02824858757062147,-0.20751874963942185,0.25074214487878765,0.31247464900809724,0.33203125
15323,1.3192090395480225,0.0,-0.36722426250063783,-0.25926775148775905,-0.23828125
15324,1.7118644067796611,-0.5000000000000001,-0.9664302315894806,-0.9895419184014743,-0.431640625
15325,0.022598870056497175,0.5849625007211564,0.32569517618596844,0.7747535224015276,0.658203125
15326,0.672316384180791,0.29248125036057815,0.35760338951862997,0.4398942775998032,0.359375
15327,-0.12146892655367232,-0.5000000000000001,-0.7559870742118845,-0.8678243642955378,-0.431640625
15328,0.8813559322033898,-0.5000000000000001,-1.107915342614018,-0.9895419184014743,-0.431640625
15329,-0.15819209039548024,0.7924812503605783,0.6521033324012284,0.46491034696307426,0.908203125
15330,-0.17796610169491525,-0.20751874963942185,-0.10289191603864198,-0.8678243642955378,-0.376953125
15331,1.1412429378531073,0.0,-0.06493655664582994,-0.055179269251883704,-0.216796875
15332,0.7655367231638418,0.4036774610288021,0.9195810875556885,0.5504820936366117,-0.14453125
15333,0.3192090395480226,-0.5000000000000001,0.09035028217534256,-0.6037805746949155,-0.431640625
15334,0.17231638418079095,0.0,-0.4808540563954158,0.23708140825560817,-0.3984375
15335,-0.11864406779661017,-0.5000000000000001,-0.8639580355864845,-0.16576708528869222,-0.431640625
15336,0.864406779661017,-0.5000000000000001,-0.6810052310544065,-0.6405526637590393,-0.431640625
15337,0.8926553672316384,-0.5000000000000001,-0.4483034605351866,-0.44739337282027586,-0.431640625
15338,1.6440677966101696,-0.5000000000000001,-0.6043539533021081,0.13005110216134985,-0.431640625
15339,-0.08192090395480225,0.5,0.39400232020872544,0.7673564343054562,0.74609375
15340,1.3163841807909604,-0.5000000000000001,-1.1165363336707617,-1.0609836552343013,-0.431640625
15341,-0.0423728813559322,-0.20751874963942185,0.5413942348495457,-0.42043099147526186,0.2890625
15342,0.096045197740113,-0.5000000000000001,-0.40323288842304494,-0.3698555675245675,-0.431640625
15343,-0.022598870056497175,-0.5000000000000001,-0.4605614791719725,-0.44739337282027586,-0.431640625
15344,-0.268361581920904,0.0,-0.2289164781832162,-0.44739337282027586,-0.287109375
15345,-0.14124293785310735,-0.5000000000000001,-0.4198906499157365,-0.4756102607271456,-0.431640625
15346,0.6694915254237288,0.0,-0.19944649224876637,-0.1320609861045676,-0.23828125
15347,0.7655367231638418,0.16096404744368117,0.155181324767932,-0.25926775148775905,-0.29296875
15348,-0.06497175141242938,-0.5000000000000001,-0.9032134636947127,-0.925635107117065,-0.431640625
15349,0.17796610169491525,-0.20751874963942185,-0.3325831284570425,0.21897398280902985,-0.375
15350,0.7853107344632768,-0.20751874963942185,-0.24452956571282086,-0.3231745627721683,-0.412109375
15351,-0.2344632768361582,0.7297158093186489,0.7307189725547393,0.8974728169604856,0.388671875
15352,1.2796610169491525,-0.5000000000000001,-1.089037957581178,-0.16576708528869222,-0.431640625
15353,0.4491525423728814,0.5,0.6217114456346884,1.0845966978399815,0.51171875
15354,1.4350282485875707,0.0,-0.5921555900409492,-1.9018456381848245,-0.431640625
15355,-0.1864406779661017,-0.20751874963942185,-0.6060349034078546,-0.925635107117065,-0.384765625
15356,-0.1807909604519774,0.9036774610288021,0.700308435990809,1.1188986258602671,0.33203125
15358,-0.2570621468926554,1.7131323773510494,1.5637739887548758,1.2479615870920706,0.990234375
15359,1.6016949152542372,0.5849625007211564,-0.8304557328859192,-0.8678243642955378,-0.37109375
15360,-0.15819209039548024,-0.5000000000000001,-0.3754327997434659,-0.7215466248811899,-0.431640625
15361,0.751412429378531,0.16096404744368117,-0.12248478096206347,-0.8678243642955378,-0.076171875
15362,0.9971751412429378,-0.20751874963942185,-0.18454774464483922,-0.10012973443828277,0.134765625
15363,0.7824858757062146,-0.20751874963942185,-0.13100146771367738,-0.20145700866623173,-0.197265625
15364,0.0,-0.20751874963942185,0.02712734704459724,-0.25926775148775905,-0.12109375
15365,-0.1977401129943503,0.9036774610288021,0.8817946280361137,0.6159830023075147,0.833984375
15366,-0.05649717514124294,0.5,0.5383669936773495,0.38653649231868376,0.693359375
15367,-0.10734463276836158,0.7924812503605783,0.939702714832493,0.9353037722343442,0.880859375
15368,-0.20903954802259886,-0.20751874963942185,-0.09714250696572038,-0.9895419184014743,0.296875
15369,1.1214689265536724,0.7924812503605783,1.0499111733291375,-0.013331387333714908,0.03515625
15370,-0.1553672316384181,0.5849625007211564,0.776559498735241,0.4138019232360459,0.291015625
15371,1.6016949152542372,-0.5000000000000001,-1.4182422548936797,-1.9018456381848245,-0.431640625
15372,0.11864406779661017,0.5849625007211564,1.0296018647429104,0.0,0.595703125
15373,-0.2457627118644068,1.0849625007211563,0.6742302510555037,0.5176874201783555,0.697265625
15374,0.09322033898305085,-0.20751874963942185,-0.5510633133964344,-0.9895419184014743,0.537109375
15375,1.6807909604519775,-0.5000000000000001,-1.4046772469487268,-1.1419776163564517,-0.431640625
15376,-0.1553672316384181,0.0,0.18174976127891312,0.4770418254852238,-0.076171875
15377,0.8107344632768362,0.16096404744368117,0.17746399489065232,-0.6405526637590393,-0.3671875
15378,1.036723163841808,-0.20751874963942185,-0.667950270096152,-0.9895419184014743,-0.35546875
15379,0.20903954802259886,0.5849625007211564,0.91796546816477,0.8207533887258768,0.01953125
15380,-0.2457627118644068,0.7924812503605783,0.7018476433239759,-0.3011156334059281,0.994140625
15381,0.3333333333333333,0.29248125036057815,0.41393039552153954,-0.4756102607271456,0.291015625
15382,-0.2288135593220339,0.8502198590705463,1.4685508931138374,1.1688901432892043,0.9765625
15384,0.20903954802259886,0.16096404744368117,0.45118502994231136,0.3652517222233779,0.39453125
15385,-0.1553672316384181,0.0,0.04367814432510909,-0.5363162534679564,0.8125
15386,0.2570621468926554,-0.5000000000000001,-0.41908227731455744,-0.22012167228377744,-0.431640625
15387,1.1214689265536724,-0.5000000000000001,-0.3271869504580402,-0.4756102607271456,-0.431640625
15388,0.4943502824858757,-0.5000000000000001,-0.9652261841987456,-0.8678243642955378,-0.431640625
15389,0.2175141242937853,0.29248125036057815,0.6100391447594546,-1.6559092740307801,0.5625
15390,0.8502824858757062,-0.20751874963942185,0.17961337848480521,0.3203012570369791,-0.40625
15391,1.38135593220339,-0.5000000000000001,-0.5820564185015009,-0.7664970900675887,-0.431640625
15392,-0.2570621468926554,0.5,0.643549998637973,0.4770418254852238,0.40234375
15393,-0.2231638418079096,0.29248125036057815,0.014258523904211432,-0.11588526199269454,0.951171875
15394,-0.24293785310734464,0.7924812503605783,0.9607857169227368,0.6301444324754325,0.96484375
15395,0.6497175141242938,-0.5000000000000001,-1.106884263591231,-1.0609836552343013,-0.431640625
15396,0.0480225988700565,-0.20751874963942185,-0.0455957528946597,-0.6037805746949155,0.48828125
15397,0.5480225988700564,-0.5000000000000001,-1.1773227270303483,-1.1419776163564517,-0.431640625
15398,-0.2231638418079096,-0.20751874963942185,0.23312881447216982,0.17118914935083235,-0.310546875
15399,-0.2655367231638418,0.0,-0.03281471272739661,0.0,-0.279296875
15400,-0.00847457627118644,0.5849625007211564,0.21577011647958522,-0.6037805746949155,0.482421875
15401,1.0084745762711864,-0.20751874963942185,-0.7355866493084307,-0.6796987429630209,-0.205078125
15402,0.1497175141242938,0.4036774610288021,0.39677457458389814,0.33565786730872005,0.43359375
15403,1.11864406779661,-0.20751874963942185,-0.8619114253437825,-1.1419776163564517,0.03515625
15404,0.7909604519774012,-0.5000000000000001,-0.6457240415583295,-0.6037805746949155,-0.431640625
15405,0.2655367231638418,-0.20751874963942185,-0.1455088234204907,-0.25926775148775905,0.32421875
15406,-0.1807909604519774,0.16096404744368117,0.06240455349838877,0.5232778164932019,0.392578125
15407,-0.1751412429378531,0.16096404744368117,0.09966172833121636,0.6879551752969598,0.099609375
15408,0.4774011299435028,-0.5000000000000001,-0.6252614049214688,-0.16576708528869222,-0.431640625
15409,1.768361581920904,-0.5000000000000001,-1.0013402409606842,-0.925635107117065,-0.431640625
15410,-0.031073446327683617,0.7297158093186489,0.8965941172840592,0.343192792857138,0.57421875
15411,-0.19491525423728814,0.16096404744368117,0.2344703326292871,0.38653649231868376,-0.126953125
15412,0.21468926553672316,-0.5000000000000001,-0.8043275544114623,-0.8678243642955378,-0.431640625
15413,1.6836158192090396,0.29248125036057815,1.0945633125152094,-0.4756102607271456,-0.33984375
15414,-0.24293785310734464,0.0,-0.06012244167663032,-0.11588526199269454,0.0234375
15415,0.615819209039548,-0.5000000000000001,-0.2330094300432501,0.013044668488178479,-0.431640625
15416,-0.08757062146892655,0.5,0.8836226071789334,0.8603252690750651,0.763671875
15417,-0.02824858757062147,-0.5000000000000001,-0.2835496268917545,-0.27983086331062224,-0.431640625
15418,0.9322033898305084,-0.20751874963942185,-0.3494268619410577,0.20971344100017061,-0.1171875
15419,-0.20056497175141244,-0.5000000000000001,-0.9831128307847173,-0.9895419184014743,-0.431640625
15420,0.9576271186440678,0.4036774610288021,-0.0824556357582907,0.08591864614335176,0.154296875
15421,-0.10451977401129943,0.7297158093186489,0.7859113077336058,0.7964184577906561,0.884765625
15422,0.6440677966101694,0.5,0.3318046574737881,0.343192792857138,0.24609375
15423,-0.16101694915254236,0.0,-0.6258369613736359,-0.7215466248811899,0.70703125
15424,0.4491525423728814,0.0,-0.19796968134161058,-0.1833495832196537,-0.0234375
15425,0.8615819209039548,0.16096404744368117,0.427959848223836,0.5557795395924977,0.08203125
15426,-0.21468926553672316,0.6609640474436815,0.48386939835220705,1.1914972459475566,0.67578125
15427,-0.1751412429378531,0.0,0.2656955203661481,0.9866686126662854,-0.404296875
15428,-0.22598870056497175,0.16096404744368117,-0.06851848512088465,-0.08477312416654154,0.94921875
15429,-0.19491525423728814,-0.20751874963942185,-0.4147782270576153,0.3203012570369791,-0.3359375
15430,1.0508474576271187,-0.20751874963942185,0.050777327234655,-0.1320609861045676,-0.3125
15431,1.1497175141242937,-0.5000000000000001,-0.9195159538005389,-1.6559092740307801,-0.431640625
15432,-0.2033898305084746,-0.20751874963942185,-0.5283656660157052,-0.6037805746949155,0.580078125
15433,0.3333333333333333,-0.20751874963942185,-0.2585798243827083,-0.06979572847822901,-0.326171875
15434,-0.2457627118644068,0.7924812503605783,0.5765746544774567,0.35798751915499055,0.888671875
15435,-0.2062146892655367,-0.5000000000000001,-0.933316706083222,-0.25926775148775905,-0.431640625
15436,-0.2344632768361582,0.0,0.11022346870748524,1.0120511323013561,0.001953125
15437,0.4717514124293785,-0.20751874963942185,-0.42001201182570225,0.13005110216134985,0.306640625
15438,0.1016949152542373,-0.5000000000000001,-0.9081194799130222,-0.3460660985923269,-0.431640625
15439,0.8728813559322034,0.16096404744368117,0.20202247013159289,0.05057542395069435,0.0546875
15440,-0.11581920903954802,0.0,-0.4333539459380479,0.06258678093439042,-0.130859375
15441,0.8502824858757062,0.0,0.19577010703631575,0.0,0.220703125
15442,0.4322033898305085,-0.5000000000000001,-0.2013385210136065,-1.6559092740307801,-0.431640625
15443,-0.2655367231638418,0.9534452978042595,0.9431352304796089,1.325364587696384,0.8203125
15444,-0.24293785310734464,-0.20751874963942185,0.2584635186747184,0.8666766748207905,-0.37109375
15445,0.4774011299435028,-0.20751874963942185,-0.5919692306203305,-0.7664970900675887,0.205078125
15446,0.7937853107344632,0.0,-0.4115828448914202,0.4138019232360459,0.251953125
15447,0.6638418079096046,0.29248125036057815,-0.3004266408233945,-0.3011156334059281,0.14453125
15448,0.6129943502824858,-0.20751874963942185,-0.050670117208283856,0.05057542395069435,0.275390625
15449,-0.19491525423728814,0.0,0.0616688909397618,0.025814691870266956,0.02734375
15450,-0.18361581920903955,-0.5000000000000001,-0.37306925850236644,-0.23937896292104863,-0.431640625
15451,0.9576271186440678,-0.20751874963942185,-0.7119325297436147,0.13005110216134985,-0.109375
15452,-0.1864406779661017,0.4036774610288021,0.38341322242975645,0.7522860017726577,0.509765625
15453,-0.2655367231638418,0.5,0.243395531172934,0.7928609478481059,-0.068359375
15454,0.7542372881355932,-0.20751874963942185,-0.5533630057128806,-0.1486799354509508,0.068359375
15455,1.4180790960451977,-0.5000000000000001,-1.6475383250660196,-1.6559092740307801,-0.431640625
15456,0.5310734463276836,0.7297158093186489,0.46763839166372434,0.6254605967958908,0.443359375
15457,0.4717514124293785,-0.5000000000000001,-0.6886148149273117,0.13005110216134985,-0.431640625
15458,-0.1977401129943503,-0.20751874963942185,-0.45198566995905615,-0.7215466248811899,0.3046875
15459,0.9096045197740112,-0.20751874963942185,-0.7712171909338609,-1.1419776163564517,-0.275390625
15460,0.731638418079096,-0.5000000000000001,-0.742193139261902,0.09725642870309359,-0.431640625
15461,1.0310734463276836,-0.20751874963942185,-0.3732421461573929,-1.9018456381848245,-0.09765625
15462,-0.002824858757062147,0.16096404744368117,-0.08672701205701289,-0.20145700866623173,0.25390625
15463,-0.1864406779661017,-0.5000000000000001,-1.0223023633696176,-1.0609836552343013,-0.431640625
15464,0.6864406779661016,-0.5000000000000001,0.09859952496032355,0.740732248512241,-0.431640625
15465,-0.21468926553672316,1.5221970596792271,1.401207889196018,0.4398942775998032,0.955078125
15466,-0.02824858757062147,0.16096404744368117,0.3119074050932151,0.9267806290938753,0.83984375
15467,-0.24293785310734464,0.0,-0.26702975233480647,-0.055179269251883704,-0.15234375
15468,-0.12429378531073447,0.0,0.2656732237858606,0.343192792857138,0.234375
15469,-0.1271186440677966,0.0,0.0039716018246527,-0.10012973443828277,0.326171875
15470,1.3559322033898304,-0.5000000000000001,-1.3839652007934977,-1.346066098592327,-0.431640625
15471,-0.2627118644067797,0.0,0.21155341852968604,0.5965716271510767,0.638671875
15472,0.05084745762711865,-0.5000000000000001,-0.4503840598352399,0.31247464900809724,-0.431640625
15473,-0.2288135593220339,0.5849625007211564,0.45593851820929604,-1.2354782825555186,0.408203125
15474,1.4124293785310735,-0.5000000000000001,-0.9295779243599256,-0.5052041156418035,-0.431640625
15475,-0.05084745762711865,-0.5000000000000001,-0.3439164346890659,-0.25926775148775905,-0.431640625
15476,0.8050847457627118,0.16096404744368117,0.4969318762621292,0.23708140825560817,-0.310546875
15477,1.5649717514124293,-0.5000000000000001,-0.45491533677704665,-1.6559092740307801,-0.431640625
15478,-0.1553672316384181,0.0,0.43943788278018187,0.09725642870309359,0.61328125
15479,1.8022598870056497,-0.5000000000000001,-0.9400489262083079,-0.925635107117065,-0.431640625
15480,0.059322033898305086,0.29248125036057815,1.0522661638305342,0.8914374069012179,0.662109375
15481,0.864406779661017,-0.5000000000000001,0.44207442604158886,-0.10012973443828277,-0.431640625
15482,-0.22598870056497175,1.1609640474436813,1.4943978235175663,0.29651178810473844,0.978515625
15483,0.1864406779661017,0.7297158093186489,-0.031481218831597234,0.9409200503825863,0.58984375
15484,-0.2655367231638418,0.4036774610288021,0.8927643492615722,0.8308910125579702,1.0
15485,-0.18361581920903955,0.5,0.9106183607734993,0.343192792857138,0.951171875
15486,1.2203389830508475,-0.5000000000000001,-1.1343124063274954,-1.9018456381848245,-0.431640625
15487,1.6497175141242937,-0.5000000000000001,-0.7016207860982401,-0.6796987429630209,-0.431640625
15488,-0.00847457627118644,0.29248125036057815,-0.3705072387351518,-0.8678243642955378,0.52734375
15489,-0.2062146892655367,0.5849625007211564,0.5451190592773789,0.3045457294825673,0.87890625
15490,0.9463276836158192,-0.5000000000000001,-0.7506875891242837,-0.42043099147526186,-0.431640625
15491,0.0,0.4036774610288021,0.6769044182382777,0.5232778164932019,-0.158203125
15492,-0.18926553672316385,-0.20751874963942185,-0.14581480378928713,-0.20145700866623173,-0.341796875
15493,-0.17796610169491525,0.6609640474436815,0.828380751467399,1.116810659232399,0.783203125
15494,-0.20903954802259886,0.29248125036057815,0.7713553233752459,1.1533366319586205,0.951171875
15495,0.8022598870056498,-0.5000000000000001,-0.667950270096152,-0.4756102607271456,-0.431640625
15496,1.5141242937853108,-0.5000000000000001,-0.9445848766150479,-0.42043099147526186,-0.431640625
15497,-0.22033898305084745,0.6609640474436815,1.2231107566252042,0.22809526306144287,0.943359375
15498,-0.2627118644067797,1.7459265481648374,1.786619591590069,1.5557795395924976,0.9765625
15499,1.7740112994350283,-0.5000000000000001,-0.9011770157212786,-0.06979572847822901,-0.431640625
15500,-0.2457627118644068,0.16096404744368117,0.1410724347935125,0.20971344100017061,-0.2890625
15501,0.8728813559322034,-0.20751874963942185,-0.4113174274176767,0.20971344100017061,-0.41015625
15502,-0.22598870056497175,0.9534452978042595,1.4395106875564587,0.9814621111151631,0.62109375
15503,0.7542372881355932,-0.20751874963942185,-0.6452295372599125,0.5451379735468534,0.279296875
15504,-0.03954802259887006,0.16096404744368117,-0.4076813027978573,-0.04090675883341514,0.708984375
15505,-0.12146892655367232,0.29248125036057815,0.7580271199723881,0.4138019232360459,-0.23046875
15506,-0.2062146892655367,0.4036774610288021,0.45185061918424957,0.8308910125579702,0.45703125
15507,0.21468926553672316,-0.5000000000000001,-0.31908238286923296,-0.055179269251883704,-0.431640625
15508,0.2655367231638418,0.4036774610288021,0.07552855340637717,0.3280281603386806,-0.341796875
15509,0.8050847457627118,-0.5000000000000001,-0.9223862956085873,-0.3231745627721683,-0.431640625
15510,0.6638418079096046,-0.5000000000000001,-0.6604802562255588,-1.9018456381848245,-0.431640625
15511,-0.23728813559322035,0.29248125036057815,0.0197090664499013,0.571399811553432,-0.287109375
15512,0.1694915254237288,0.16096404744368117,-0.5107712535417261,-0.25926775148775905,0.5859375
15513,-0.1751412429378531,1.5849625007211563,1.8169279591958145,1.0933557483375633,0.861328125
15514,-0.2344632768361582,1.1239637567217928,1.0617580036884602,0.7999552241171083,0.98046875
15515,0.8248587570621468,-0.5000000000000001,-0.859040864817273,-1.0609836552343013,-0.431640625
15516,-0.1440677966101695,0.0,-1.3922038219512374,-0.6405526637590393,-0.427734375
15517,0.3898305084745763,-0.5000000000000001,-0.6255590287859577,-0.3011156334059281,-0.431640625
15518,-0.08757062146892655,1.0000000000000002,0.837122789013403,1.0292073303156686,0.84765625
15519,0.8135593220338984,-0.20751874963942185,-0.49032763021387654,-0.16576708528869222,-0.30859375
15520,-0.2655367231638418,-0.5000000000000001,-0.4920388918840436,-0.5363162534679564,-0.431640625
15521,-0.1553672316384181,1.04373142062517,1.1174942681273767,0.8506716906696332,0.86328125
15522,-0.17796610169491525,-0.20751874963942185,-0.4139242466528347,0.025814691870266956,-0.32421875
15523,-0.031073446327683617,1.04373142062517,1.5900981193381685,0.21897398280902985,0.84375
15524,-0.20056497175141244,-0.20751874963942185,-0.2036681587234661,-0.925635107117065,0.705078125
15525,-0.2627118644067797,0.16096404744368117,0.013590423482229549,0.7289541365636965,0.310546875
15526,-0.1751412429378531,-0.20751874963942185,-0.9363338864039384,-1.346066098592327,-0.431640625
15527,-0.2175141242937853,1.2924812503605785,0.9870946611289941,0.9682469106808436,0.947265625
15528,0.4491525423728814,-0.5000000000000001,-0.7061970870618552,-0.3231745627721683,-0.431640625
15529,-0.2062146892655367,0.8502198590705463,0.9075961696777366,1.385999956497377,0.294921875
15530,-0.20903954802259886,0.29248125036057815,0.3903872373558213,0.5397463495445953,0.52734375
15531,-0.2457627118644068,-0.20751874963942185,0.43645674157349645,0.882270173869781,-0.388671875
15532,-0.1977401129943503,0.7297158093186489,0.776536740535561,1.3385670033718542,0.591796875
15533,-0.21468926553672316,0.0,-0.03818236907983192,0.2883700053706945,-0.294921875
15534,1.7796610169491525,-0.5000000000000001,-0.8893148539889564,-0.9895419184014743,-0.431640625
15535,0.22033898305084745,0.4036774610288021,0.09845705895818958,0.4003223972506149,0.107421875
15536,0.8870056497175142,-0.5000000000000001,-0.6415557878273013,-0.6037805746949155,-0.431640625
15537,0.192090395480226,-0.5000000000000001,-1.0901300406260803,-0.3698555675245675,-0.431640625
15538,1.2485875706214689,0.4036774610288021,0.7194660959445047,-1.4814146467095628,-0.185546875
15539,-0.24858757062146894,-0.5000000000000001,-0.2534670431143516,-0.055179269251883704,-0.431640625
15540,-0.23728813559322035,-0.20751874963942185,-0.3362918827559074,-0.22012167228377744,0.279296875
15541,0.05367231638418079,-0.5000000000000001,-1.2294652623539832,-0.25926775148775905,-0.431640625
15542,1.1779661016949152,0.0,-0.007417772102195693,0.9296350047447086,0.0078125
15543,0.5451977401129944,-0.20751874963942185,-0.6771424580339229,0.06258678093439042,-0.09765625
15544,-0.24293785310734464,1.1961587113893803,1.1681770882598843,0.8138996016055092,0.87890625
15545,-0.11581920903954802,-0.20751874963942185,-0.5837049518249613,0.3280281603386806,0.1875
15546,1.4435028248587571,-0.20751874963942185,0.11584306593690366,-1.1419776163564517,-0.431640625
15547,-0.24858757062146894,1.3774437510817346,1.3028224889260138,1.6091480016623527,0.986328125
15548,1.4124293785310735,-0.5000000000000001,-0.9030462481020005,-0.3946162996049949,-0.431640625
15549,-0.05084745762711865,0.5849625007211564,0.5260007555819752,0.6750948976618313,0.779296875
15550,-0.2570621468926554,0.8502198590705463,0.49718925655530816,0.782061486784926,0.998046875
15551,-0.16666666666666666,0.5,0.3510888917619011,0.571399811553432,0.572265625
15552,0.3446327683615819,-0.20751874963942185,-0.6551660652742561,-0.25926775148775905,0.361328125
15553,-0.09887005649717515,-0.5000000000000001,-0.37419403393505707,0.07436489288293499,-0.431640625
15554,0.5141242937853108,-0.5000000000000001,-0.7349768097819201,-0.6796987429630209,-0.431640625
15555,-0.2344632768361582,1.6047266828144753,1.3621588466721033,1.6229234697354493,0.9765625
15556,-0.20056497175141244,-0.5000000000000001,-0.6008563103722991,-0.22012167228377744,-0.431640625
15557,-0.18926553672316385,-0.5000000000000001,-0.3268925352566344,-0.6037805746949155,-0.431640625
15558,1.536723163841808,-0.5000000000000001,-0.7716088105147845,-0.3946162996049949,-0.431640625
15559,1.3361581920903955,-0.5000000000000001,0.1305607156493729,0.19075709490216042,-0.431640625
15560,0.8531073446327684,-0.20751874963942185,-0.9185511288890768,-0.8678243642955378,-0.431640625
15561,-0.23728813559322035,0.5849625007211564,0.42611324340753615,0.21897398280902985,0.841796875
15562,0.7231638418079096,0.0,-0.13625997506610596,-0.20145700866623173,0.30078125
15563,-0.2062146892655367,0.5,0.6339371254102885,0.8275305956168089,0.853515625
15564,1.03954802259887,-0.20751874963942185,-1.3267130445186541,-1.346066098592327,-0.015625
15565,-0.1271186440677966,-0.20751874963942185,-0.8549012929758449,-0.9895419184014743,-0.392578125
15566,0.8389830508474576,-0.20751874963942185,-0.7095797897610188,-0.925635107117065,0.216796875
15567,-0.2175141242937853,-0.5000000000000001,-0.8170320869173182,-1.0609836552343013,-0.431640625
15568,-0.2627118644067797,0.0,-0.07163404556129362,-0.3011156334059281,-0.29296875
15569,0.022598870056497175,0.7297158093186489,0.7539599886290587,0.6014830200294751,0.634765625
15570,-0.24858757062146894,1.3502198590705465,1.2279485182325922,1.3738006997956265,0.767578125
15571,-0.23728813559322035,0.9534452978042595,0.7979346664953318,1.3738006997956265,0.978515625
15572,-0.2570621468926554,0.7297158093186489,0.8077964554190284,1.0505754239506944,0.740234375
15573,-0.1807909604519774,0.29248125036057815,0.16713076609817704,0.8342329147113078,0.931640625
15574,0.23163841807909605,0.4036774610288021,0.12673355830263325,0.8666766748207905,0.12890625
15575,1.4802259887005649,-0.5000000000000001,-1.7713493129316276,-1.4814146467095628,-0.431640625
15576,-0.1638418079096045,-0.5000000000000001,0.031866082281809885,-0.02696238134501425,-0.431640625
15577,0.15819209039548024,0.29248125036057815,-0.41654390321947005,0.1509688200781701,0.69140625
15578,0.18926553672316385,-0.5000000000000001,-1.0183007425388906,-0.7215466248811899,-0.431640625
15579,-0.07627118644067797,0.29248125036057815,0.19425072112096164,0.6794120241174847,0.279296875
15580,0.7937853107344632,0.5849625007211564,0.24479647330126902,0.7209730515935905,0.142578125
15581,0.07062146892655367,1.6427011094311244,1.1453862587020007,1.497258368187276,0.7734375
15582,-0.20056497175141244,0.0,-0.12725473946753835,-0.08477312416654154,-0.048828125
15583,0.7937853107344632,-0.5000000000000001,-1.166459175889656,-0.11588526199269454,-0.431640625
15584,-0.2033898305084746,0.4036774610288021,0.20166632675579554,0.8104434457790677,0.83203125
15585,0.2288135593220339,-0.5000000000000001,-0.3425272985527962,-0.22012167228377744,-0.431640625
15586,1.4039548022598871,0.0,0.1446022328631001,-0.23937896292104863,-0.220703125
15587,-0.1271186440677966,0.5,0.2986686128097863,-1.4814146467095628,0.4296875
15588,1.6440677966101696,-0.5000000000000001,-0.2143712698791738,-1.346066098592327,-0.431640625
15589,0.4519774011299435,0.0,-0.31611216194449343,-0.27983086331062224,-0.32421875
15590,0.8107344632768362,0.29248125036057815,0.2896939860839775,0.3045457294825673,0.005859375
15591,1.3757062146892656,0.0,-0.7332729690551196,-1.1419776163564517,-0.25390625
15592,-0.1384180790960452,-0.5000000000000001,-0.42662066949866084,-0.3698555675245675,-0.431640625
15593,-0.07062146892655367,-0.5000000000000001,-0.7791843604471925,-1.2354782825555186,-0.431640625
15594,-0.22598870056497175,0.29248125036057815,0.379428216190652,0.3795242326418465,-0.00390625
15595,1.1073446327683616,-0.5000000000000001,-0.470700011236692,-1.346066098592327,-0.431640625
15596,0.014124293785310734,0.6609640474436815,0.6088551695433712,0.35798751915499055,0.34765625
15597,-0.1694915254237288,-0.20751874963942185,-0.22945347672809163,-0.1486799354509508,0.623046875
15598,-0.11864406779661017,-0.20751874963942185,-0.24412245860033263,-0.20145700866623173,0.298828125
15599,-0.19491525423728814,0.0,0.19400840673695813,0.3203012570369791,0.38671875
15600,0.940677966101695,0.16096404744368117,0.17197911025659615,0.11931535806933405,-0.109375
15601,-0.23728813559322035,1.4770981551934377,1.4860077950924266,1.15921603540529,0.98828125
15602,-0.2457627118644068,1.04373142062517,0.6833613167098718,0.19075709490216042,0.9921875
15603,-0.0480225988700565,-0.20751874963942185,-1.2091669634423845,-1.346066098592327,0.681640625
15604,-0.12146892655367232,-0.5000000000000001,-0.7369552321278905,-0.5691109269262127,-0.431640625
15605,-0.16666666666666666,0.6609640474436815,0.3704008813682904,0.343192792857138,0.853515625
15606,-0.096045197740113,1.0849625007211563,0.9551412826937846,0.37242995637284404,0.712890625
15607,0.6807909604519774,0.6609640474436815,0.3602386581025954,0.44624568334552855,0.279296875
15608,-0.18926553672316385,0.29248125036057815,0.3836722742784189,0.43347565996344034,0.32421875
15609,0.2514124293785311,-0.5000000000000001,-0.56653841770813,-0.6037805746949155,-0.431640625
15610,-0.12429378531073447,-0.5000000000000001,-1.0828602233458269,-1.1419776163564517,-0.431640625
15611,-0.24293785310734464,1.3774437510817346,0.6589693552810454,-0.02696238134501425,0.884765625
15612,-0.16666666666666666,-0.20751874963942185,-0.7916481010934928,-1.346066098592327,-0.3828125
15613,1.4548022598870056,-0.5000000000000001,-0.36830002214068375,-0.3011156334059281,-0.431640625
15614,0.9661016949152542,0.16096404744368117,0.6849519644123808,0.2883700053706945,-0.0625
15615,-0.2401129943502825,1.7924812503605787,1.7038413318424397,1.123053119543357,0.98828125
15616,0.9689265536723164,-0.5000000000000001,-0.534434667115523,-0.7215466248811899,-0.431640625
15617,0.8502824858757062,0.0,-0.024555536864751967,-0.055179269251883704,-0.21484375
15618,-0.17796610169491525,0.16096404744368117,-0.0587871839864928,-0.08477312416654154,-0.228515625
15619,-0.2401129943502825,-0.5000000000000001,-0.5031169781657521,-1.4814146467095628,-0.431640625
15620,-0.11016949152542373,0.16096404744368117,0.4282993862441993,0.5557795395924977,0.2578125
15621,-0.2570621468926554,0.16096404744368117,0.21197289580722767,-0.8150472910802568,-0.3984375
15622,-0.14689265536723164,1.0849625007211563,1.1712148470148411,1.1988495021055137,0.744140625
15623,0.12994350282485875,0.5849625007211564,0.5489380027224923,0.42043099147526186,0.716796875
15624,0.059322033898305086,0.16096404744368117,-0.2066126854352691,-0.3231745627721683,-0.158203125
15625,0.022598870056497175,0.6609640474436815,0.6997878029159188,0.5120450194302928,0.42578125
15626,-0.059322033898305086,0.0,0.11010897546944155,0.2883700053706945,0.24609375
15627,1.0225988700564972,-0.20751874963942185,-0.22613653759645155,-0.3946162996049949,-0.3046875
15628,-0.2570621468926554,1.0849625007211563,0.9654213184570986,0.6619560365022257,0.978515625
15629,1.002824858757062,0.16096404744368117,0.5043197057628095,-0.08477312416654154,-0.271484375
15630,-0.14124293785310735,0.0,0.2842672027775171,0.31247464900809724,0.73828125
15631,1.5451977401129944,-0.5000000000000001,-0.19895673312949075,-0.08477312416654154,-0.431640625
15632,-0.22598870056497175,0.5849625007211564,0.7077644897744453,0.5176874201783555,0.07421875
15633,1.1694915254237288,0.9036774610288021,0.8553354234845124,0.3203012570369791,0.001953125
15634,-0.22033898305084745,-0.20751874963942185,-0.2377369194280528,-0.16576708528869222,0.283203125
15635,0.847457627118644,-0.5000000000000001,-1.1429031375322403,-1.6559092740307801,-0.431640625
15636,-0.01694915254237288,0.16096404744368117,0.27088739227582453,-0.08477312416654154,0.505859375
15637,-0.12146892655367232,0.29248125036057815,-0.04478912707362916,-0.11588526199269454,0.880859375
15638,0.7994350282485876,0.4036774610288021,0.5100546385034208,-0.4756102607271456,0.021484375
15639,0.11016949152542373,0.0,0.1088928317521471,0.18105202855421326,0.48828125
15640,-0.2570621468926554,1.4534452978042598,1.7541545032790185,1.145407712433091,0.9765625
15641,0.02824858757062147,0.8502198590705463,0.9666634888411071,1.0267859550184537,0.794921875
15642,1.7909604519774012,-0.5000000000000001,-1.115139580908451,-1.1419776163564517,-0.431640625
15643,0.2711864406779661,0.0,-0.14217060285293198,-0.22012167228377744,-0.25390625
15644,0.20056497175141244,0.16096404744368117,-0.040840359163369026,0.782061486784926,-0.24609375
15645,-0.2175141242937853,0.0,0.10392471653680185,0.16116323998750257,0.36328125
15646,0.1751412429378531,0.29248125036057815,-0.05337109385766848,0.21897398280902985,0.0625
15647,0.903954802259887,-0.5000000000000001,-0.8677620188088913,-0.8150472910802568,-0.431640625
15648,0.307909604519774,-0.20751874963942185,-0.16213938555299426,-0.3946162996049949,-0.30859375
15649,0.6807909604519774,0.16096404744368117,0.34489402604393726,-0.9895419184014743,-0.33203125
15650,1.2033898305084745,-0.20751874963942185,-0.23847460601984477,-0.1833495832196537,-0.22265625
15651,-0.16666666666666666,0.29248125036057815,0.19782159539105873,0.08591864614335176,0.662109375
15652,-0.011299435028248588,0.29248125036057815,0.25647465815397946,0.43347565996344034,0.337890625
15653,-0.00847457627118644,-0.20751874963942185,0.005906908197322653,-1.346066098592327,-0.38671875
15654,-0.24293785310734464,-0.20751874963942185,0.032534674421860865,-0.6405526637590393,-0.3984375
15655,0.4180790960451977,-0.5000000000000001,-0.2320045455116965,-0.16576708528869222,-0.431640625
15656,-0.14124293785310735,0.16096404744368117,-0.07853757816160757,0.013044668488178479,0.03515625
15657,-0.2062146892655367,-0.5000000000000001,-1.7730625606627852,-1.9018456381848245,-0.431640625
15658,0.268361581920904,0.5849625007211564,0.47414463728215145,0.33565786730872005,0.634765625
15659,-0.14689265536723164,0.0,-0.259386893339768,-0.6796987429630209,0.759765625
15660,-0.1977401129943503,1.0000000000000002,0.5841088012923694,0.2883700053706945,0.83203125
15661,0.6271186440677966,0.5849625007211564,0.17930310808189462,-0.3011156334059281,0.078125
15662,1.5988700564971752,-0.20751874963942185,-0.5934058850534981,-0.7664970900675887,-0.28125
15663,0.031073446327683617,-0.5000000000000001,-0.9743236775873896,-0.925635107117065,-0.431640625
15664,-0.1271186440677966,0.16096404744368117,0.19569381685442624,0.1083861667722219,0.73828125
15665,0.2062146892655367,0.29248125036057815,0.8107216916172097,0.7710662544722947,0.48046875
15666,1.0649717514124293,-0.20751874963942185,-0.1676158424168702,0.19075709490216042,-0.38671875
15667,-0.15819209039548024,-0.5000000000000001,-0.5615175269674235,-0.7215466248811899,-0.431640625
15668,0.3446327683615819,-0.5000000000000001,-1.2868667939664364,-1.9018456381848245,-0.431640625
15669,-0.1553672316384181,0.16096404744368117,-0.1261436095637346,-0.22012167228377744,0.00390625
15670,0.5677966101694916,-0.20751874963942185,-0.5210752390958789,-0.5052041156418035,0.076171875
15671,-0.2175141242937853,0.5,0.5949125444353326,0.08591864614335176,0.060546875
15672,1.7796610169491525,-0.5000000000000001,-1.5596630886330773,-1.4814146467095628,-0.431640625
15673,-0.01977401129943503,0.6609640474436815,1.0459022952724033,0.8207533887258768,0.67578125
15674,-0.062146892655367235,0.9036774610288021,1.1061332022067876,1.0575340513973859,0.853515625
15675,-0.03954802259887006,0.16096404744368117,-0.24994845772403984,-0.20145700866623173,0.19921875
15676,-0.2175141242937853,0.0,0.731577179900001,0.8666766748207905,0.0859375
15677,-0.12994350282485875,0.0,0.2171275763504861,0.20030931919148418,0.376953125
15678,-0.12146892655367232,0.0,0.3954368436635031,0.3203012570369791,0.486328125
15679,-0.20056497175141244,0.16096404744368117,-0.05576615080389088,0.46491034696307426,-0.123046875
15680,-0.24293785310734464,0.7297158093186489,0.8162445551836065,0.740732248512241,0.990234375
15681,-0.1977401129943503,0.9534452978042595,0.6576227882878973,0.03832139694718311,0.62109375
15682,1.423728813559322,-0.20751874963942185,-0.5325483604536798,-0.3460660985923269,-0.259765625
15683,0.062146892655367235,-0.20751874963942185,-0.26737379641414244,-0.3460660985923269,0.263671875
15684,1.2768361581920904,0.0,-0.8524937340042099,-0.925635107117065,-0.064453125
15685,1.002824858757062,-0.5000000000000001,-1.4492497246824911,-0.5691109269262127,-0.431640625
15686,0.9180790960451978,-0.5000000000000001,-1.2002063825616989,-1.9018456381848245,-0.431640625
15687,-0.2457627118644068,0.6609640474436815,0.6582272109122164,0.5815942314627645,0.197265625
15688,0.9124293785310734,-0.5000000000000001,-0.8042164684364899,-0.3231745627721683,-0.431640625
15689,0.06779661016949153,0.0,-0.2709386120914799,-0.4756102607271456,0.541015625
15690,-0.2570621468926554,-0.20751874963942185,-0.6826377649567954,-0.5052041156418035,-0.244140625
15691,0.4435028248587571,0.16096404744368117,-0.22203085675815554,-0.7664970900675887,0.5078125
15692,-0.18926553672316385,-0.5000000000000001,-0.8029129428941887,-0.7664970900675887,-0.431640625
15693,1.5932203389830508,-0.5000000000000001,-1.6578015944208324,-1.9018456381848245,-0.431640625
15694,-0.268361581920904,1.3219280948873624,1.2986506629538002,0.11931535806933405,0.998046875
15695,0.4830508474576271,0.16096404744368117,0.14082813492207055,0.11931535806933405,0.37890625
15696,-0.1751412429378531,0.9036774610288021,0.7964117551726922,0.7710662544722947,0.83984375
15697,1.6779661016949152,-0.5000000000000001,-0.6674132049715684,-0.6796987429630209,-0.431640625
15698,1.4943502824858756,-0.5000000000000001,-1.5494217741532101,-1.6559092740307801,-0.431640625
15699,-0.22033898305084745,-0.5000000000000001,-0.5470583388322344,-0.5363162534679564,-0.431640625
15700,0.2175141242937853,-0.20751874963942185,-0.11665047548936452,0.3795242326418465,-0.4296875
15701,-0.2627118644067797,0.16096404744368117,0.30108007270730874,0.8729622617062226,-0.220703125
15702,1.076271186440678,-0.20751874963942185,-0.9657902421041172,-0.23937896292104863,-0.029296875
15703,0.4774011299435028,-0.5000000000000001,-0.7490579145872577,-1.2354782825555186,-0.431640625
15704,0.1271186440677966,0.4036774610288021,0.7759404133180717,0.6301444324754325,0.43359375
15705,0.2994350282485876,-0.5000000000000001,-0.9556906734627532,-1.1419776163564517,-0.431640625
15706,-0.0903954802259887,0.16096404744368117,0.10663260333032902,0.06258678093439042,-0.328125
15707,-0.1694915254237288,0.16096404744368117,0.029328171746274646,0.6159830023075147,-0.33203125
15708,-0.1553672316384181,0.6609640474436815,0.7972236961663519,0.6575123997308701,0.3203125
15709,0.5310734463276836,-0.20751874963942185,-0.5167711110556686,-0.3231745627721683,0.166015625
15710,0.9096045197740112,-0.5000000000000001,0.01872865258874473,0.5343063695247384,-0.431640625
15711,1.3022598870056497,-0.20751874963942185,-0.38504390955870355,-0.3460660985923269,-0.181640625
15712,-0.24293785310734464,0.8502198590705463,0.7372200585340337,0.38653649231868376,0.9921875
15713,0.13559322033898305,0.16096404744368117,-0.01749100416199425,0.03832139694718311,0.701171875
15714,-0.23728813559322035,0.29248125036057815,-0.0539468223993947,0.0,0.630859375
15715,1.2994350282485876,0.29248125036057815,-0.14697590811454847,-0.1833495832196537,-0.306640625
15716,0.14124293785310735,0.7924812503605783,0.5593543874564094,0.8571244505314667,0.71484375
15717,0.3926553672316384,0.29248125036057815,-0.1898409521055872,-0.5691109269262127,0.267578125
15718,1.2570621468926553,-0.5000000000000001,-0.5749351332935023,-0.5363162534679564,-0.431640625
15719,-0.17796610169491525,1.5000000000000004,1.3101195889321928,1.3833101352093067,0.947265625
15720,-0.20056497175141244,-0.20751874963942185,-0.08516523991268103,0.7289541365636965,0.595703125
15721,-0.23728813559322035,-0.5000000000000001,-0.3240811656326826,0.343192792857138,-0.431640625
15722,-0.1694915254237288,0.7924812503605783,0.9554472366606641,0.42043099147526186,0.75
15723,0.7598870056497176,0.16096404744368117,0.037219986199359914,0.5232778164932019,-0.021484375
15724,0.2994350282485876,0.0,-0.5450073947564603,-0.5691109269262127,-0.04296875
15725,-0.22598870056497175,-0.5000000000000001,-0.39139578157119337,-0.20145700866623173,-0.431640625
15726,0.8333333333333334,-0.5000000000000001,-0.5264677708019517,-0.3946162996049949,-0.431640625
15727,-0.2231638418079096,1.0000000000000002,1.2652813129765272,1.3514881626544673,0.873046875
15728,0.8022598870056498,-0.20751874963942185,-0.24744656969924264,-0.8678243642955378,-0.3046875
15729,0.3305084745762712,0.0,-0.7987465061250204,-0.8678243642955378,-0.05859375
15730,-0.0847457627118644,0.29248125036057815,0.3656890222793067,0.4889354164834149,0.283203125
15731,1.2937853107344632,-0.5000000000000001,-1.025828645907924,-0.9895419184014743,-0.431640625
15732,0.3305084745762712,0.7297158093186489,0.3062596669383366,0.09725642870309359,0.46875
15733,0.5282485875706214,-0.5000000000000001,-0.8891519500033883,-0.8678243642955378,-0.431640625
15734,0.05367231638418079,0.16096404744368117,0.5096084494803047,-0.1320609861045676,0.4140625
15735,0.9209039548022598,-0.5000000000000001,-0.5170461820192341,-0.5052041156418035,-0.431640625
15736,0.96045197740113,-0.20751874963942185,0.3780280361075641,0.44624568334552855,-0.431640625
15737,-0.2288135593220339,0.5849625007211564,0.1669965754694206,0.17118914935083235,0.013671875
15738,-0.2175141242937853,1.6961587113893808,1.441121943403128,0.2632676491154024,0.95703125
15739,-0.08192090395480225,-0.5000000000000001,-0.3497812912703893,-0.9895419184014743,-0.431640625
15740,-0.12994350282485875,-0.5000000000000001,-0.9138895679604735,-0.925635107117065,-0.431640625
15741,1.0254237288135593,-0.20751874963942185,-0.7563168793343691,-0.8150472910802568,-0.119140625
15742,1.4802259887005649,-0.5000000000000001,-0.9071413895527891,-0.055179269251883704,-0.431640625
15743,-0.2231638418079096,0.16096404744368117,-0.05939619355904095,0.16116323998750257,-0.103515625
15744,-0.05084745762711865,-0.5000000000000001,-1.6964808063574852,-1.4814146467095628,-0.431640625
15745,-0.21468926553672316,0.16096404744368117,0.12341790011982447,0.14060012816463935,-0.0078125
15746,0.11016949152542373,-0.5000000000000001,-0.7869768738491636,-0.27983086331062224,-0.431640625
15747,-0.2344632768361582,0.6609640474436815,0.5624584477723176,0.5662376211910235,0.892578125
15748,-0.1553672316384181,0.0,-0.18738803726543712,-0.16576708528869222,0.3671875
15749,0.3954802259887006,0.0,2.0943348723385373,-1.2354782825555186,-0.2421875
15750,-0.2627118644067797,1.1239637567217928,1.0668039475000535,1.2965117881047388,1.005859375
15751,1.0310734463276836,0.7924812503605783,0.24674468327376992,0.4138019232360459,0.1015625
15752,-0.15819209039548024,0.6609640474436815,0.8023649614626257,1.2479615870920706,0.384765625
15753,0.5903954802259888,-0.5000000000000001,-1.2674124507217472,-1.9018456381848245,-0.431640625
15754,-0.12429378531073447,0.6609640474436815,0.666077116191519,0.5557795395924977,0.748046875
15755,-0.2401129943502825,1.0849625007211563,1.0274814819080236,1.0998430155927466,0.984375
15756,-0.096045197740113,0.16096404744368117,-0.2638729322808677,0.7598680218283731,-0.064453125
15757,-0.0847457627118644,0.4036774610288021,0.6487733640497291,0.7673564343054562,0.509765625
15758,-0.20056497175141244,-0.5000000000000001,-0.7649385852504872,-0.925635107117065,-0.431640625
15759,0.3474576271186441,0.5,-0.023031506828315555,-0.8678243642955378,0.58203125
15760,1.5112994350282485,-0.20751874963942185,1.4755839694038986,-1.9018456381848245,-0.431640625
15761,0.980225988700565,-0.5000000000000001,-0.9558752866732525,-1.2354782825555186,-0.431640625
15762,-0.0847457627118644,-0.20751874963942185,-0.21058244142522708,-0.11588526199269454,-0.408203125
15763,-0.1807909604519774,-0.20751874963942185,0.11968063975416826,0.1509688200781701,-0.341796875
15764,-0.01977401129943503,0.5849625007211564,0.8754489487868462,0.8539066514387023,0.330078125
15765,1.612994350282486,-0.5000000000000001,-0.4517136283889789,-0.3460660985923269,-0.431640625
15766,-0.08757062146892655,0.0,-0.022948387116017252,-0.44739337282027586,0.775390625
15768,0.05649717514124294,1.5646415084724836,1.5263138086248922,1.3669157937923322,0.78125
15769,-0.24858757062146894,1.7772944258388188,2.460326617490933,-0.3231745627721683,0.9765625
15770,1.46045197740113,-0.5000000000000001,-0.5272261165419106,-0.5363162534679564,-0.431640625
15771,1.4378531073446328,0.0,0.0788493439193272,-0.3231745627721683,-0.2578125
15772,0.9124293785310734,-0.5000000000000001,-0.5987573868765647,-0.6037805746949155,-0.431640625
15773,-0.2542372881355932,-0.20751874963942185,-0.06038303639516491,0.013044668488178479,0.357421875
15774,-0.07627118644067797,0.4036774610288021,0.2100413807499673,0.4003223972506149,0.716796875
15775,0.423728813559322,-0.20751874963942185,-0.929050967446389,-0.925635107117065,0.322265625
15776,0.10734463276836158,-0.5000000000000001,-0.6785438595806272,-0.5363162534679564,-0.431640625
15777,0.4124293785310734,0.5,0.3766694077543556,-0.25926775148775905,0.20703125
15778,0.9491525423728814,-0.5000000000000001,-0.549977445683381,-0.5691109269262127,-0.431640625
15779,1.03954802259887,-0.20751874963942185,-1.0309921426661672,-0.9895419184014743,-0.296875
15780,0.24858757062146894,0.0,-0.31972979784562233,-0.3231745627721683,-0.091796875
15781,-0.1977401129943503,0.0,-0.4890209163150811,-0.4756102607271456,0.115234375
15782,-0.24293785310734464,0.16096404744368117,0.8143150211358057,0.07436489288293499,0.390625
15783,-0.2401129943502825,-0.5000000000000001,-0.6683803129334083,-0.6796987429630209,-0.431640625
15784,1.0508474576271187,-0.20751874963942185,-0.012020139148938213,-0.1833495832196537,-0.03125
15785,-0.17796610169491525,1.04373142062517,1.0254194367839935,0.4889354164834149,0.919921875
15786,-0.1384180790960452,0.29248125036057815,1.2134532660392474,1.2462743712435587,0.525390625
15787,-0.19491525423728814,0.0,0.03867963810385923,0.7446080042324369,-0.36328125
15788,1.1666666666666667,-0.5000000000000001,-0.7238071433326269,-0.6796987429630209,-0.431640625
15789,0.7429378531073446,0.4036774610288021,0.4336512399320872,0.5343063695247384,0.0859375
15790,-0.2401129943502825,-0.5000000000000001,-0.7312113295586525,-0.16576708528869222,-0.431640625
15791,-0.14689265536723164,0.29248125036057815,0.757641111076974,0.5916201408260943,0.736328125
15792,0.8587570621468926,-0.20751874963942185,0.0390097847274944,0.14060012816463935,-0.00390625
15793,-0.2288135593220339,0.5849625007211564,0.5406966568239163,-0.7664970900675887,0.982421875
15794,1.810734463276836,-0.20751874963942185,-0.058684610545153046,-0.6405526637590393,-0.4296875
15795,0.15254237288135594,0.5849625007211564,0.438469299013945,0.5397463495445953,0.625
15796,-0.2655367231638418,1.0849625007211563,0.949071351460095,0.6707468237990215,0.7734375
15797,0.05084745762711865,0.4036774610288021,0.6267512370964023,-0.7664970900675887,0.677734375
15798,1.1214689265536724,0.0,0.3032902488662593,0.2883700053706945,-0.0625
15799,-0.05649717514124294,0.16096404744368117,0.262265750234323,0.6921820474995729,0.23828125
15800,0.03389830508474576,0.5,0.18414189787463642,0.8883970310794748,0.56640625
15801,-0.1384180790960452,0.0,0.10832867432409764,0.18105202855421326,-0.30859375
15802,0.1327683615819209,-0.5000000000000001,-0.3470700154084418,-1.9018456381848245,-0.431640625
15803,-0.12429378531073447,0.16096404744368117,0.42481156026341693,0.03832139694718311,0.7890625
15804,-0.268361581920904,0.9036774610288021,0.8392003810359049,0.7964184577906561,-0.044921875
15805,-0.2033898305084746,1.4770981551934377,1.3076598941133448,1.2097134410001709,0.947265625
15806,-0.1384180790960452,0.0,-0.05352681774777602,-0.3698555675245675,0.017578125
15807,-0.1271186440677966,0.29248125036057815,0.3929794659419767,0.3795242326418465,0.771484375
15808,0.596045197740113,1.229715809318649,1.5876595900749777,1.2291389462092908,0.412109375
15809,-0.16666666666666666,0.5,0.20427530525849685,0.07436489288293499,0.54296875
15810,-0.0480225988700565,0.5849625007211564,0.659281527635214,0.40709960414154694,0.73046875
15811,-0.2062146892655367,0.5,0.7393202288001823,0.9093664079586767,0.283203125
15812,0.03389830508474576,0.8502198590705463,0.9521313351744698,0.39346861013024786,0.7734375
15813,0.3163841807909605,-0.20751874963942185,0.21642685844095572,-0.06979572847822901,-0.369140625
15814,-0.2231638418079096,0.4036774610288021,0.5903521764794217,0.3652517222233779,0.71484375
15815,-0.0903954802259887,0.29248125036057815,0.46994172644177046,-0.1833495832196537,-0.048828125
15816,1.2627118644067796,-0.20751874963942185,-0.951828522643437,-0.8150472910802568,-0.431640625
15817,0.9180790960451978,0.0,0.616342876158081,0.6485262545367048,-0.19140625
15818,1.3926553672316384,-0.5000000000000001,-0.49669165881082616,-0.8150472910802568,-0.431640625
15819,-0.12994350282485875,0.7297158093186489,0.803702025155924,0.8375565049801386,0.705078125
15820,0.632768361581921,-0.5000000000000001,-0.7604951539545792,-0.5691109269262127,-0.431640625
15821,-0.1440677966101695,-0.20751874963942185,-0.22234698667961758,0.14060012816463935,-0.3984375
15822,-0.2598870056497175,0.4036774610288021,0.3995324565906213,0.013044668488178479,0.994140625
15823,0.7824858757062146,0.0,0.7965419134300888,0.740732248512241,0.26953125
15824,1.0112994350282485,-0.20751874963942185,0.014020012921797612,-0.3698555675245675,-0.27734375
15825,0.2175141242937853,-0.5000000000000001,-0.2589383705392039,-0.4756102607271456,-0.431640625
15826,-0.11016949152542373,0.16096404744368117,0.5830027531582564,0.4770418254852238,0.568359375
15827,-0.062146892655367235,1.4289904975637864,0.756874155911123,0.6063549635431924,0.79296875
15828,0.7909604519774012,-0.5000000000000001,0.1302827805580455,0.29651178810473844,-0.431640625
15829,0.011299435028248588,-0.20751874963942185,-0.16493735629377465,-0.013331387333714908,-0.3515625
15830,-0.1638418079096045,-0.5000000000000001,-0.21767996516663607,-0.08477312416654154,-0.431640625
15831,-0.10451977401129943,0.0,-0.046757842409850425,0.20030931919148418,0.087890625
15832,0.4491525423728814,-0.5000000000000001,-0.019297568505026223,0.1083861667722219,-0.431640625
15833,1.8135593220338984,-0.5000000000000001,-1.259511865491879,-1.2354782825555186,-0.431640625
15834,-0.07062146892655367,0.5,0.7801572473976393,1.2024924782601878,0.259765625
15835,-0.1440677966101695,0.16096404744368117,0.05040984950964025,0.025814691870266956,0.126953125
15836,-0.1271186440677966,-0.5000000000000001,-0.9772757335920789,-0.8678243642955378,-0.431640625
15837,-0.08757062146892655,-0.20751874963942185,-0.05867777301890655,0.08591864614335176,0.390625
15838,-0.23728813559322035,1.5646415084724836,2.358721571203038,0.18105202855421326,0.9609375
15839,-0.1751412429378531,0.0,0.10054950449054588,0.13005110216134985,-0.20703125
15840,-0.10451977401129943,-0.20751874963942185,-0.47373487723378116,-0.3231745627721683,-0.208984375
15841,-0.06497175141242938,0.6609640474436815,0.6117112985699414,0.17118914935083235,0.8515625
15842,0.8418079096045198,-0.20751874963942185,-0.24336722811844994,-0.3698555675245675,-0.169921875
15843,0.5875706214689266,-0.5000000000000001,-1.0532699765525733,-0.9895419184014743,-0.431640625
15844,-0.1384180790960452,-0.5000000000000001,-1.0033956328125162,-0.8150472910802568,-0.431640625
15845,-0.22033898305084745,0.7924812503605783,0.8663001153775461,0.6301444324754325,0.8671875
15846,0.8192090395480226,-0.5000000000000001,-1.1090469174311242,-0.3011156334059281,-0.431640625
15847,-0.16101694915254236,0.29248125036057815,-0.028404201669348515,-0.08477312416654154,0.74609375
15848,1.4858757062146892,-0.5000000000000001,-0.9748974700717936,-0.16576708528869222,-0.431640625
15850,-0.21468926553672316,0.4036774610288021,0.07896020858114204,1.0734669597708533,0.94921875
15851,1.2175141242937852,-0.5000000000000001,-1.095816471806049,-0.9895419184014743,-0.431640625
15852,0.2570621468926554,0.0,-0.645311922727123,-0.22012167228377744,0.232421875
15853,-0.12429378531073447,-0.5000000000000001,-1.0907007143379333,-0.25926775148775905,-0.431640625
15854,-0.2570621468926554,1.229715809318649,0.9893294957927541,0.789282449524909,0.984375
15855,0.11581920903954802,0.4036774610288021,0.10268928735372745,0.2801174466877641,0.232421875
15856,-0.2570621468926554,1.8639602272816003,1.9230806854179427,1.2886851800758568,0.998046875
15857,-0.2175141242937853,-0.20751874963942185,-0.2227936078160868,-0.44739337282027586,0.373046875
15858,-0.22598870056497175,0.9036774610288021,0.7493333261876431,1.0823870279774876,0.962890625
15859,0.9519774011299436,-0.5000000000000001,-0.36253112066638,-0.42043099147526186,-0.431640625
15860,-0.1553672316384181,1.0849625007211563,0.5321477522144757,1.0267859550184537,0.921875
15861,-0.2344632768361582,0.8502198590705463,0.8593970313369759,1.3873404072228968,0.873046875
15862,-0.2457627118644068,0.9036774610288021,0.565106544722582,1.3385670033718542,0.962890625
15863,-0.1977401129943503,0.29248125036057815,-0.4744216086229782,0.29651178810473844,0.9296875
15864,-0.2062146892655367,0.5,0.4898546593182748,-0.5363162534679564,0.26953125
15865,-0.1553672316384181,0.29248125036057815,0.5044430781986804,0.5815942314627645,0.86328125
15866,0.01694915254237288,-0.5000000000000001,-0.7480825009066064,-0.02696238134501425,-0.431640625
15867,-0.2542372881355932,1.5000000000000004,1.2392021575089704,1.5028180194527494,0.974609375
15868,1.3785310734463276,-0.5000000000000001,-1.1743631815897935,-1.346066098592327,-0.431640625
15869,0.5141242937853108,0.0,-0.5277873286041499,-0.25926775148775905,0.25
15870,-0.17796610169491525,0.16096404744368117,-0.006332240633834085,0.6207403106667461,0.376953125
15871,0.9661016949152542,-0.5000000000000001,-1.722361075227769,-1.2354782825555186,-0.431640625
15872,-0.2288135593220339,0.16096404744368117,-0.0923789226007168,0.7747535224015276,0.615234375
15873,1.1412429378531073,0.16096404744368117,-0.5397961072026346,-1.4814146467095628,-0.4296875
15874,-0.0903954802259887,1.229715809318649,1.364087835979287,1.0575340513973859,0.814453125
15875,1.5564971751412429,-0.5000000000000001,-1.1016614811885546,-0.5363162534679564,-0.431640625
15876,0.8870056497175142,-0.20751874963942185,0.27256279812030526,-0.8150472910802568,-0.35546875
15877,-0.2655367231638418,-0.20751874963942185,-0.3031803858706477,0.5965716271510767,-0.400390625
15878,1.3163841807909604,-0.20751874963942185,-0.5120684318714955,0.025814691870266956,-0.095703125
15879,0.8728813559322034,0.16096404744368117,0.14399531555743175,0.7999552241171083,0.189453125
15880,0.7740112994350282,-0.5000000000000001,-0.514865705018894,0.44624568334552855,-0.431640625
15881,0.6129943502824858,0.29248125036057815,-0.2913385122992349,-0.3231745627721683,-0.330078125
15882,0.2909604519774011,0.5849625007211564,0.137821594882555,0.05057542395069435,0.60546875
15883,-0.2627118644067797,-0.20751874963942185,-0.4159413095254463,-0.04090675883341514,-0.37109375
15884,0.9519774011299436,-0.20751874963942185,-0.6720497818685599,-0.6796987429630209,0.162109375
15885,-0.00847457627118644,1.0000000000000002,0.4308826239269933,0.3652517222233779,0.73046875
15886,-0.09887005649717515,0.16096404744368117,0.10276500838508755,0.1509688200781701,0.619140625
15887,0.8785310734463276,0.0,0.08962125049254618,-0.3011156334059281,-0.140625
15888,-0.0423728813559322,0.0,-0.3739095253746019,-0.1833495832196537,0.439453125
15889,0.17231638418079095,0.5849625007211564,0.2646018874283578,1.0435360369361917,0.6875
15890,0.844632768361582,0.29248125036057815,-0.2562452336658252,-0.8678243642955378,-0.021484375
15891,0.3700564971751412,-0.5000000000000001,-0.2805528790267741,0.17118914935083235,-0.431640625
15892,1.6214689265536724,-0.5000000000000001,-1.013752255777768,-0.10012973443828277,-0.431640625
15893,1.0903954802259888,-0.5000000000000001,-0.5545947433516148,-1.9018456381848245,-0.431640625
15894,0.4463276836158192,-0.20751874963942185,-0.6432766230283997,-0.1486799354509508,-0.205078125
15895,0.15254237288135594,-0.5000000000000001,-0.8368536873895441,-0.8150472910802568,-0.431640625
15897,0.2796610169491525,-0.20751874963942185,-0.7563930172549753,-0.5691109269262127,-0.431640625
15898,-0.2655367231638418,1.3502198590705465,0.930743375755541,1.0998430155927466,0.98828125
15899,0.7711864406779662,-0.5000000000000001,-1.4467349690688367,-1.346066098592327,-0.431640625
15900,-0.2033898305084746,0.16096404744368117,0.011407290530322757,0.4770418254852238,0.62109375
15901,-0.2231638418079096,0.5,-0.12352649177582971,0.700548438163026,0.59765625
15902,0.8050847457627118,-0.5000000000000001,-0.9486859929233366,-0.5363162534679564,-0.431640625
15903,-0.24293785310734464,0.8502198590705463,1.2401871674091631,0.1509688200781701,0.90625
15904,-0.2457627118644068,-0.5000000000000001,-0.8814548624298362,-0.23937896292104863,-0.431640625
15905,1.265536723163842,-0.5000000000000001,-1.0725061770610957,-0.42043099147526186,-0.431640625
15906,-0.21468926553672316,0.7297158093186489,0.5688818305648149,0.6921820474995729,0.41015625
15907,-0.2598870056497175,0.0,0.009094783121586505,0.8138996016055092,-0.02734375
15908,1.115819209039548,-0.20751874963942185,-0.07140289588185492,-0.11588526199269454,-0.388671875
15909,0.22033898305084745,-0.5000000000000001,-0.8004257095997992,-1.0609836552343013,-0.431640625
15910,-0.268361581920904,1.0000000000000002,0.5957204427772935,1.3042386914064403,0.91015625
15911,1.4915254237288136,0.5849625007211564,0.3575158431566551,0.7673564343054562,-0.22265625
15912,0.2344632768361582,0.6609640474436815,0.11367158409509168,0.3652517222233779,0.64453125
15913,1.2401129943502824,-0.5000000000000001,-2.5423410372449777,-1.9018456381848245,-0.431640625
15914,0.7994350282485876,-0.20751874963942185,-0.7630333824061071,-0.7215466248811899,-0.431640625
15915,0.864406779661017,-0.5000000000000001,-0.46063425610083836,0.5063496376186134,-0.431640625
15916,-0.2231638418079096,0.9036774610288021,0.6845936377452829,0.9709130851118736,0.9609375
15917,0.4293785310734463,0.29248125036057815,-0.2617052973792074,0.6207403106667461,0.525390625
15918,0.268361581920904,0.0,-0.21137449341999318,0.05057542395069435,0.4296875
15919,-0.21468926553672316,-0.20751874963942185,-0.26621101328042146,0.4947958843581966,0.25
15920,0.16666666666666666,0.6609640474436815,-0.2240424133638577,0.43347565996344034,0.68359375
15921,0.2175141242937853,0.16096404744368117,-0.059875680170997723,0.2546639061865699,0.482421875
15922,0.7853107344632768,-0.5000000000000001,-0.4533336103602298,-0.8150472910802568,-0.431640625
15923,0.7824858757062146,-0.5000000000000001,-1.0183838033495392,-0.44739337282027586,-0.431640625
15924,1.7966101694915255,-0.5000000000000001,-1.1300941304016232,-0.6796987429630209,-0.431640625
15925,0.2796610169491525,-0.5000000000000001,-0.7600605123360822,-0.7664970900675887,-0.431640625
15926,1.2627118644067796,-0.5000000000000001,-0.9886610808897014,-1.0609836552343013,-0.431640625
15927,1.5593220338983051,-0.5000000000000001,-1.1113667781388645,-0.7215466248811899,-0.431640625
15928,1.5847457627118644,-0.5000000000000001,-0.5754045230266178,-0.8150472910802568,-0.431640625
15929,1.5508474576271187,-0.5000000000000001,-0.2013385210136065,-1.9018456381848245,-0.431640625
15930,-0.07909604519774012,-0.5000000000000001,-0.3770475199730032,-0.44739337282027586,-0.431640625
15931,0.940677966101695,-0.5000000000000001,-0.6823285226838335,-0.6796987429630209,-0.431640625
15932,-0.2570621468926554,0.5849625007211564,0.5616196847865156,0.43347565996344034,0.125
15933,-0.20903954802259886,0.0,0.12963050066802417,0.20030931919148418,-0.3046875
15934,0.9096045197740112,-0.20751874963942185,0.4922630455727707,-0.25926775148775905,-0.408203125
15935,0.4067796610169492,-0.20751874963942185,-0.38934218808739546,-0.7664970900675887,-0.427734375
15936,0.8022598870056498,-0.20751874963942185,-0.5951649986774515,-0.6037805746949155,-0.259765625
15937,-0.08757062146892655,-0.5000000000000001,-0.9474486999408389,-1.0609836552343013,-0.431640625
15938,0.0480225988700565,0.6609640474436815,-0.08834398782061773,-0.3011156334059281,0.435546875
15939,-0.01694915254237288,1.04373142062517,1.2473117395846838,0.08591864614335176,0.125
15940,0.6101694915254238,-0.5000000000000001,-1.6818252524472934,-1.9018456381848245,-0.431640625
15941,1.5310734463276836,-0.5000000000000001,-0.404659151135724,-1.1419776163564517,-0.431640625
15942,0.10734463276836158,-0.5000000000000001,-0.5014797802614148,-0.6796987429630209,-0.431640625
15943,1.5649717514124293,-0.20751874963942185,-0.6171706323914518,-0.7664970900675887,-0.376953125
15944,0.5112994350282486,0.16096404744368117,0.4858113787025572,-0.3460660985923269,0.447265625
15945,0.7627118644067796,0.16096404744368117,-0.15654611591238726,-0.3698555675245675,0.296875
15946,1.1497175141242937,0.0,0.5191269181188407,-0.3460660985923269,-0.17578125
15947,-0.03672316384180791,-0.5000000000000001,0.36001151033031925,-0.25926775148775905,-0.431640625
15948,-0.2457627118644068,0.0,0.2941121645348902,0.20030931919148418,0.380859375
15949,-0.2231638418079096,-0.20751874963942185,-0.46024137891517275,-0.7664970900675887,-0.32421875
15950,-0.1807909604519774,0.7297158093186489,1.1191902787221022,0.9655689650221153,0.83984375
15951,-0.2457627118644068,0.0,0.0823383973176865,-0.013331387333714908,0.296875
15952,-0.1751412429378531,0.16096404744368117,-0.05533791310322924,0.21897398280902985,-0.056640625
15953,-0.22598870056497175,1.1239637567217928,0.7322856286635182,0.4889354164834149,0.9765625
15954,1.3954802259887005,-0.5000000000000001,-0.8037168684157929,-0.4756102607271456,-0.431640625
15955,-0.20056497175141244,1.2617809780285068,1.1867918195765144,0.9574634496626779,0.798828125
15956,1.2881355932203389,-0.20751874963942185,-0.18064651584426475,-0.5363162534679564,-0.08984375
15957,-0.1807909604519774,0.0,0.031796869592610265,0.5916201408260943,0.328125
15958,-0.059322033898305086,0.16096404744368117,-0.33463524935945793,0.06258678093439042,0.498046875
15959,1.6581920903954803,0.0,-0.24911644718282172,0.1509688200781701,-0.431640625
15960,0.788135593220339,0.16096404744368117,-0.39691971609267834,-0.3698555675245675,-0.3125
15961,0.8022598870056498,-0.5000000000000001,-0.34722289353595,-0.04090675883341514,-0.431640625
15962,1.0,-0.5000000000000001,-0.582770155788167,-0.02696238134501425,-0.431640625
15963,-0.21468926553672316,-0.20751874963942185,-0.32480234921809653,-0.3231745627721683,-0.380859375
15964,1.6045197740112995,-0.5000000000000001,-0.6212498522263828,-0.4756102607271456,-0.431640625
15965,-0.22033898305084745,0.9036774610288021,0.617406737143003,0.9004681499930124,0.97265625
15966,1.002824858757062,-0.5000000000000001,-0.3771719324719833,-0.3011156334059281,-0.431640625
15967,-0.2033898305084746,0.8502198590705463,0.6533904205373869,1.1708065862940396,0.96484375
15968,0.827683615819209,-0.5000000000000001,-0.40524909225298283,0.2632676491154024,-0.431640625
15969,-0.2627118644067797,0.29248125036057815,0.13894986067781184,-0.22012167228377744,0.583984375
15970,0.5875706214689266,-0.20751874963942185,0.08451075669453098,-0.5052041156418035,0.14453125
15971,-0.22033898305084745,1.1239637567217928,1.0194075098770232,-0.7664970900675887,0.962890625
15972,1.0197740112994351,0.29248125036057815,0.3786925294851994,0.5006002703406138,-0.150390625
15973,0.7655367231638418,0.0,-0.12903894973320018,-0.9895419184014743,-0.30859375
15974,-0.15819209039548024,0.5,0.7325653452383347,0.6836986405906643,0.0546875
15975,-0.031073446327683617,-0.5000000000000001,-0.45116996225303485,-0.3698555675245675,-0.431640625
15976,0.1977401129943503,0.4036774610288021,0.35568972206292193,1.0644137513109404,0.322265625
15977,-0.22033898305084745,-0.20751874963942185,0.10370305480461643,0.03832139694718311,-0.388671875
15978,-0.05084745762711865,0.0,0.7068102057765158,0.5176874201783555,0.67578125
15979,1.4322033898305084,-0.5000000000000001,-0.5145595392776565,-0.42043099147526186,-0.431640625
15980,-0.01977401129943503,0.5,1.0742269382693483,0.48301777240965205,0.482421875
15981,-0.20056497175141244,1.229715809318649,1.264773667012109,0.7249767209578292,0.732421875
15982,1.4406779661016949,-0.5000000000000001,-0.5222016744123373,0.0,-0.431640625
15983,-0.2062146892655367,0.5849625007211564,0.6786649395864868,0.6663673556293063,0.95703125
15984,-0.2627118644067797,1.4770981551934377,1.2066149865861262,1.3953214921930026,1.005859375
15985,0.07909604519774012,0.5,0.6064244511796193,0.06258678093439042,0.423828125
15986,-0.18361581920903955,-0.20751874963942185,-0.47543840343807364,-0.3460660985923269,0.25390625
15987,-0.2344632768361582,0.5849625007211564,0.3035048784834323,0.6921820474995729,0.28515625
15988,-0.21468926553672316,0.0,-0.0854024490119299,0.5557795395924977,0.8125
15989,0.7909604519774012,-0.20751874963942185,-0.45504495913683946,0.35063526299703285,0.275390625
15990,-0.1440677966101695,0.5,0.4432494346742799,0.571399811553432,0.75
15991,1.2401129943502824,-0.5000000000000001,-0.9288754310776239,-1.1419776163564517,-0.431640625
15992,-0.2598870056497175,0.0,0.017385034544722722,0.09725642870309359,0.447265625
15993,-0.2457627118644068,0.5,0.6185048506082121,1.2061137051739017,-0.361328125
15994,-0.11581920903954802,0.0,0.16140212097349033,0.43347565996344034,0.703125
15995,0.9011299435028248,-0.5000000000000001,-0.11828467774201464,0.5232778164932019,-0.431640625
15996,-0.01977401129943503,0.5,0.24903481498421431,0.6794120241174847,0.171875
15998,-0.16666666666666666,1.04373142062517,1.1990272222403142,1.6363930174571513,0.939453125
15999,1.807909604519774,-0.5000000000000001,-1.970206056308876,-1.9018456381848245,-0.431640625
16000,-0.2627118644067797,0.0,1.4139472389667769,-0.925635107117065,-0.431640625
16001,0.807909604519774,-0.5000000000000001,-0.2109100440594883,-0.25926775148775905,-0.431640625
16002,1.497175141242938,-0.5000000000000001,-0.8671052936336273,-0.04090675883341514,-0.431640625
16003,-0.1864406779661017,0.7297158093186489,0.9927082989009569,0.7046887525764891,0.94921875
16004,1.0706214689265536,0.29248125036057815,0.4814077581400781,0.20030931919148418,-0.0234375
16005,-0.2344632768361582,0.7297158093186489,0.5330904565378699,1.1688901432892043,0.423828125
16006,0.327683615819209,-0.20751874963942185,-0.5087915571654131,0.3045457294825673,-0.087890625
16007,-0.13559322033898305,0.5,0.668775061545544,1.2097134410001709,0.537109375
16008,-0.2033898305084746,1.0000000000000002,0.966024337557708,0.20030931919148418,0.75390625
16009,-0.2062146892655367,0.16096404744368117,0.06035306249722978,0.24593636415404438,-0.1640625
16010,0.423728813559322,0.7924812503605783,0.3558308982793401,0.5965716271510767,-0.107421875
16011,-0.2457627118644068,1.4534452978042598,0.9914923114881253,0.8342329147113078,0.994140625
16012,-0.1694915254237288,0.29248125036057815,0.6556429463319596,0.9152268758334584,0.533203125
16013,-0.2598870056497175,2.2046954680688513,2.2169454851250396,0.1083861667722219,0.990234375
16014,-0.1638418079096045,0.29248125036057815,0.1261735260921684,0.9492481497227456,0.818359375
16015,-0.2598870056497175,0.0,-0.11068339611132029,0.7046887525764891,-0.341796875
16016,-0.2598870056497175,0.7924812503605783,0.46557009986858056,0.8342329147113078,0.34765625
16017,-0.13559322033898305,0.29248125036057815,0.3068137323386552,0.4710064154259565,0.849609375
16018,-0.15819209039548024,0.16096404744368117,-0.11554603527185808,0.03832139694718311,0.921875
16019,-0.1384180790960452,1.4036774610288023,1.592250251313062,1.0435360369361917,0.89453125
16020,-0.2231638418079096,0.0,-0.010344210864286545,-0.04090675883341514,-0.3359375
16021,0.847457627118644,-0.20751874963942185,-0.3067653483241197,0.571399811553432,-0.140625
16022,0.4661016949152542,-0.5000000000000001,-0.19367824272812845,0.24593636415404438,-0.431640625
16023,-0.1384180790960452,0.0,-0.09930048503828354,0.4138019232360459,-0.001953125
16024,-0.2344632768361582,0.0,-0.310089375913361,0.3280281603386806,0.34765625
16025,-0.1864406779661017,-0.5000000000000001,-0.3610805095032982,-0.27983086331062224,-0.431640625
16026,-0.14689265536723164,-0.5000000000000001,-0.6908091260675476,-0.23937896292104863,-0.431640625
16027,-0.011299435028248588,1.0000000000000002,0.4565514685975371,-0.4756102607271456,0.7578125
16028,1.4124293785310735,-0.5000000000000001,-1.247876731814354,-1.2354782825555186,-0.431640625
16029,-0.16101694915254236,2.3774437510817346,2.611618715940162,0.14060012816463935,0.921875
16030,0.6045197740112994,-0.5000000000000001,-0.5113153629921386,-0.27983086331062224,-0.431640625
16031,-0.00847457627118644,-0.20751874963942185,-0.24423874313024363,0.42043099147526186,-0.12890625
16032,1.0197740112994351,0.4036774610288021,0.4346556769649641,0.6347923763412154,-0.30078125
16033,-0.2542372881355932,1.4036774610288023,1.3312323623287043,1.5638401725897915,0.505859375
16034,0.2853107344632768,0.4036774610288021,0.026038088202207505,-0.02696238134501425,-0.015625
16035,1.3135593220338984,-0.5000000000000001,-0.7336862574853935,-0.44739337282027586,-0.431640625
16036,-0.022598870056497175,0.16096404744368117,0.5744534001952786,0.5866279010690111,0.609375
16037,0.4915254237288136,0.29248125036057815,0.2942002253345001,0.19075709490216042,0.30859375
16038,-0.24858757062146894,0.0,-0.3236534250203905,-0.3698555675245675,-0.052734375
16039,0.9265536723163842,-0.20751874963942185,-0.34124644151111827,-0.3011156334059281,-0.03125
16040,-0.0847457627118644,0.5,0.5445231651801119,0.44624568334552855,0.630859375
16041,-0.18361581920903955,0.0,0.6881593711080216,-1.1419776163564517,-0.21484375
16042,-0.2062146892655367,0.5849625007211564,0.5053674605727235,0.4003223972506149,0.41015625
16043,-0.1638418079096045,0.5849625007211564,0.4042873840839778,0.13005110216134985,0.435546875
16044,0.96045197740113,-0.5000000000000001,-0.4961622959122148,-0.5052041156418035,-0.431640625
16045,0.06779661016949153,0.5849625007211564,0.7314486918525145,0.5397463495445953,0.30859375
16046,1.3192090395480225,-0.5000000000000001,-0.6915051335858401,-0.42043099147526186,-0.431640625
16047,1.6581920903954803,-0.5000000000000001,-1.1084070359300249,-1.9018456381848245,-0.431640625
16048,0.7853107344632768,0.16096404744368117,-0.03085141169973931,-0.23937896292104863,-0.087890625
16049,-0.1553672316384181,0.4036774610288021,0.4030143675574935,1.2871076662960523,0.498046875
16050,0.22033898305084745,0.0,-0.5626096005791471,-0.5052041156418035,0.013671875
16051,1.655367231638418,-0.5000000000000001,-0.8101643066058999,-0.7664970900675887,-0.431640625
16052,-0.11581920903954802,-0.5000000000000001,-0.4641246571588276,-0.16576708528869222,-0.431640625
16053,-0.17796610169491525,0.4036774610288021,0.7615325482319047,0.7928609478481059,0.697265625
16054,0.14124293785310735,0.16096404744368117,0.4727893169038858,0.5288171582474838,0.490234375
16055,0.3531073446327684,-0.5000000000000001,-0.987248997286193,-0.9895419184014743,-0.431640625
16056,-0.14124293785310735,-0.5000000000000001,-0.15287688293281163,0.22809526306144287,-0.431640625
16057,-0.2231638418079096,0.7297158093186489,0.7927860661888466,0.8138996016055092,0.90625
16058,0.8785310734463276,-0.5000000000000001,-1.3899442417523107,-1.6559092740307801,-0.431640625
16059,-0.0847457627118644,0.8502198590705463,0.6688638870630802,0.9866686126662854,0.552734375
16060,0.8615819209039548,0.0,-0.2500366291926058,-0.42043099147526186,-0.248046875
16061,0.9491525423728814,-0.5000000000000001,-1.202256338704354,-1.4814146467095628,-0.431640625
16062,-0.24293785310734464,0.5849625007211564,0.634678633156934,0.6530359682955913,0.59765625
16063,0.4661016949152542,-0.5000000000000001,-0.504822495263938,-0.3946162996049949,-0.431640625
16064,1.7796610169491525,-0.5000000000000001,-1.0978380490082367,-0.5691109269262127,-0.431640625
16065,0.7627118644067796,0.5849625007211564,0.4417515771162191,0.9353037722343442,-0.240234375
16066,-0.2231638418079096,0.29248125036057815,0.2983052501175741,0.3203012570369791,-0.220703125
16067,1.3192090395480225,0.0,0.7051356717605565,0.17118914935083235,-0.2109375
16068,1.4067796610169492,-0.5000000000000001,-1.067745440707719,-0.16576708528869222,-0.431640625
16069,0.9096045197740112,-0.5000000000000001,-0.3397366667853687,-0.3460660985923269,-0.431640625
16070,-0.2062146892655367,-0.20751874963942185,-0.009632913548411219,-0.20145700866623173,-0.412109375
16071,-0.1440677966101695,0.16096404744368117,0.11470907893753801,0.19075709490216042,0.76171875
16072,0.5451977401129944,0.16096404744368117,0.8358646940678727,1.3341980502227497,0.078125
16073,0.5706214689265536,-0.5000000000000001,-1.0381855698403253,-1.9018456381848245,-0.431640625
16074,0.8333333333333334,-0.5000000000000001,-0.6552080330830994,-0.3946162996049949,-0.431640625
16075,1.1497175141242937,-0.20751874963942185,-0.08681351127167218,-0.055179269251883704,-0.310546875
16076,-0.2598870056497175,0.7297158093186489,0.5028536562924372,0.2717510560243111,-0.03125
16077,1.497175141242938,-0.5000000000000001,0.5182538971606386,-0.9895419184014743,-0.431640625
16078,0.5310734463276836,-0.20751874963942185,-0.46276374436523854,-0.08477312416654154,0.322265625
16079,-0.2231638418079096,0.0,0.23567874497564376,-0.5363162534679564,-0.384765625
16080,-0.03954802259887006,0.16096404744368117,-0.19373993543150042,-0.25926775148775905,0.2890625
16081,-0.11016949152542373,0.5849625007211564,0.8482975651696251,0.9918308030286939,0.775390625
16082,1.6242937853107344,-0.5000000000000001,-1.1103289941527978,-0.6037805746949155,-0.431640625
16083,0.014124293785310734,0.16096404744368117,0.5299182235275963,0.18105202855421326,0.130859375
16084,0.576271186440678,-0.5000000000000001,-0.3652982275408556,-0.10012973443828277,-0.431640625
16085,-0.2033898305084746,0.8502198590705463,0.5275634837022051,1.0505754239506944,0.8671875
16086,-0.1016949152542373,0.7297158093186489,0.6010014430851899,0.22809526306144287,0.892578125
16087,0.8305084745762712,0.29248125036057815,0.3697809472533737,-1.1419776163564517,0.154296875
16088,1.3559322033898304,-0.20751874963942185,0.26824971559524025,-1.4814146467095628,-0.400390625
16089,0.8220338983050848,-0.20751874963942185,-0.6326317269799508,-0.04090675883341514,-0.19140625
16090,1.4943502824858756,-0.5000000000000001,-0.8327653775735253,-0.5363162534679564,-0.431640625
16091,0.16666666666666666,-0.20751874963942185,-0.5378738959279061,-0.6037805746949155,-0.345703125
16092,0.05367231638418079,0.4036774610288021,0.3211879491038021,0.17118914935083235,0.4765625
16093,0.031073446327683617,-0.5000000000000001,-2.0622458431208304,-1.9018456381848245,-0.431640625
16094,-0.23728813559322035,0.7924812503605783,0.7703431775910401,0.48301777240965205,0.72265625
16095,1.0197740112994351,-0.5000000000000001,-0.3522333109956651,-0.23937896292104863,-0.431640625
16096,0.4774011299435028,0.16096404744368117,0.3201926891095457,0.1509688200781701,0.3125
16097,0.4096045197740113,-0.5000000000000001,-0.8197699069437556,-0.8678243642955378,-0.431640625
16098,-0.022598870056497175,0.9534452978042595,0.813864362299257,0.3652517222233779,0.8125
16099,-0.1271186440677966,0.5,0.3162300965912964,-0.013331387333714908,0.732421875
16100,1.036723163841808,-0.5000000000000001,-0.21159319821711894,-0.11588526199269454,-0.431640625
16101,-0.07062146892655367,0.16096404744368117,0.6985968086478008,0.732905640483359,0.52734375
16102,-0.1497175141242938,0.0,0.40013312054797934,-0.055179269251883704,-0.263671875
16103,-0.24858757062146894,1.2617809780285068,1.044820178960739,0.5397463495445953,0.921875
16104,-0.096045197740113,0.6609640474436815,0.6178899563604998,0.8539066514387023,0.880859375
16105,0.4322033898305085,0.29248125036057815,0.5377233737253652,0.4269883927082576,0.263671875
16106,-0.0847457627118644,-0.5000000000000001,-1.1023419272795048,-1.1419776163564517,-0.431640625
16107,-0.22033898305084745,0.5,0.694463637050862,-0.6037805746949155,-0.107421875
16108,-0.031073446327683617,0.16096404744368117,0.5031367260332792,0.6063549635431924,0.63671875
16109,0.3474576271186441,0.0,0.04220953745692414,-0.23937896292104863,0.505859375
16110,-0.14124293785310735,0.16096404744368117,0.3823638149542225,1.2203862155923701,0.5
16111,0.940677966101695,-0.5000000000000001,-0.24285466980081216,0.2801174466877641,-0.431640625
16112,0.13559322033898305,0.16096404744368117,-0.7900504102245601,-0.6405526637590393,-0.05078125
16113,0.24858757062146894,-0.5000000000000001,-0.8921573984537432,-0.23937896292104863,-0.431640625
16114,0.211864406779661,-0.5000000000000001,-0.983540563168997,-0.9895419184014743,-0.431640625
16115,-0.24293785310734464,0.8502198590705463,0.5738207847202363,0.9788420046374029,0.671875
16116,0.327683615819209,-0.5000000000000001,-0.1848076910416437,-0.16576708528869222,-0.431640625
16117,0.2655367231638418,0.0,-0.14990603818950535,0.20971344100017061,0.353515625
16118,1.573446327683616,-0.5000000000000001,0.8602545017277894,-0.055179269251883704,-0.431640625
16119,-0.2457627118644068,0.5849625007211564,0.3639093283935985,-0.11588526199269454,0.96484375
16120,-0.1016949152542373,0.4036774610288021,0.6536610844190112,0.37242995637284404,0.27734375
16121,-0.10734463276836158,0.29248125036057815,0.27289284774149525,1.0435360369361917,0.560546875
16122,-0.062146892655367235,0.4036774610288021,0.016803919906224204,-0.27983086331062224,0.255859375
16123,-0.12429378531073447,-0.5000000000000001,-0.5502702393168606,-0.6037805746949155,-0.431640625
16124,0.6271186440677966,0.16096404744368117,0.37964122518723364,0.20030931919148418,0.37890625
16125,0.768361581920904,0.9534452978042595,0.8499592313955444,0.789282449524909,0.267578125
16126,-0.1864406779661017,1.0000000000000002,1.5027164233582597,0.6963796677571371,0.951171875
16127,-0.15819209039548024,-0.20751874963942185,-0.04231688549002151,0.3045457294825673,0.91015625
16128,-0.22033898305084745,0.7924812503605783,0.7853114117389683,0.740732248512241,0.533203125
16129,0.8813559322033898,0.0,0.2527220516905536,0.42043099147526186,-0.236328125
16130,0.923728813559322,0.16096404744368117,0.0686896038122504,0.09725642870309359,-0.05078125
16131,-0.12429378531073447,0.8502198590705463,1.297526859131009,0.6394049742842918,0.908203125
16132,1.268361581920904,-0.20751874963942185,-0.142010638046219,-0.6796987429630209,-0.26953125
16133,-0.2598870056497175,1.916445007082371,1.7426642643744943,1.145407712433091,0.76953125
16134,-0.20903954802259886,0.29248125036057815,0.4811475828985584,0.3795242326418465,0.58203125
16135,0.4717514124293785,-0.20751874963942185,-0.030423309015960607,-0.1486799354509508,0.1953125
16136,-0.1016949152542373,0.16096404744368117,0.0463339134798333,-0.013331387333714908,0.748046875
16137,1.652542372881356,-0.5000000000000001,-0.3819589627421521,-0.27983086331062224,-0.431640625
16138,0.7994350282485876,0.0,0.025472191827803338,-0.1486799354509508,-0.017578125
16139,-0.2175141242937853,0.29248125036057815,0.13139843392220069,0.025814691870266956,0.970703125
16140,-0.0847457627118644,0.0,0.26677949271978524,0.06258678093439042,0.302734375
16141,-0.01977401129943503,-0.20751874963942185,0.051439259910551816,0.025814691870266956,0.2109375
16142,0.4350282485875706,-0.5000000000000001,-0.2565526149506649,-0.11588526199269454,-0.431640625
16143,-0.2598870056497175,0.8502198590705463,0.8815553260915987,0.5176874201783555,0.986328125
16144,0.4265536723163842,-0.5000000000000001,-0.8487064265309813,-1.9018456381848245,-0.431640625
16145,-0.2457627118644068,1.1609640474436813,1.0950887791254325,0.9437088079684638,0.693359375
16146,0.1751412429378531,0.16096404744368117,0.046098131710124585,-0.16576708528869222,0.13671875
16147,0.10734463276836158,0.29248125036057815,0.5405503816363165,0.5504820936366117,0.62109375
16148,0.5677966101694916,-0.20751874963942185,-0.4293037616586433,-0.925635107117065,-0.158203125
16149,-0.2570621468926554,0.0,-0.3825619529855829,-0.23937896292104863,0.3984375
16150,-0.1497175141242938,0.7297158093186489,0.8127320555324274,0.6921820474995729,0.896484375
16152,0.4887005649717514,-0.5000000000000001,0.39633872749837246,-0.25926775148775905,-0.431640625
16153,-0.12994350282485875,0.7924812503605783,0.9451344302006213,0.7636237843323993,0.5703125
16155,0.807909604519774,0.29248125036057815,-0.04524895390091699,0.0,-0.123046875
16156,-0.2457627118644068,1.1961587113893803,1.044516860274787,0.8914374069012179,0.9921875
16157,-0.22598870056497175,0.0,-0.1480505729661457,-0.7664970900675887,-0.3203125
16158,1.2062146892655368,0.6609640474436815,-0.17150685430012041,-0.25926775148775905,-0.017578125
16159,0.5254237288135594,0.16096404744368117,0.18661387728108558,-0.22012167228377744,0.45703125
16160,-0.0847457627118644,-0.20751874963942185,0.08873576300077263,-0.4756102607271456,-0.392578125
16161,-0.2655367231638418,1.729715809318649,1.4218860129831514,1.3953214921930026,0.873046875
16162,0.4435028248587571,-0.5000000000000001,-1.6591851139541693,-1.6559092740307801,-0.431640625
16163,0.3870056497175141,0.4036774610288021,0.5425570442029247,0.16116323998750257,0.5546875
16164,-0.22033898305084745,0.0,-0.028462337932985984,-0.3011156334059281,-0.3828125
16165,1.1581920903954803,-0.5000000000000001,-1.2627895281144514,-1.9018456381848245,-0.431640625
16166,0.940677966101695,-0.20751874963942185,-0.3657242799800792,-0.5363162534679564,0.08203125
16167,0.9011299435028248,0.29248125036057815,0.24892744532783664,0.07436489288293499,0.201171875
16168,-0.2401129943502825,2.033044595228886,1.318643126876181,0.6394049742842918,0.986328125
16169,-0.2457627118644068,0.16096404744368117,0.3945713441897586,0.2717510560243111,-0.30078125
16170,-0.1271186440677966,1.1961587113893803,1.1000333128215547,1.0387973120021499,0.7578125
16171,-0.1016949152542373,-0.5000000000000001,-1.3087775525904395,-1.4814146467095628,-0.431640625
16172,0.0,0.5849625007211564,0.4122347015880001,0.35063526299703285,0.384765625
16173,-0.22598870056497175,0.4036774610288021,0.2611350528629308,0.2632676491154024,-0.26953125
16174,0.08757062146892655,0.5,0.5057059987172101,-0.27983086331062224,0.5
16175,-0.002824858757062147,0.5,0.3984854501807054,0.16116323998750257,0.484375
16176,0.9209039548022598,0.16096404744368117,0.45767424335045737,0.09725642870309359,-0.04296875
16177,-0.1271186440677966,0.5849625007211564,0.5058385144129711,0.33565786730872005,0.734375
16178,0.12146892655367232,-0.20751874963942185,-0.18496371987316337,-0.3698555675245675,0.08203125
16179,-0.09887005649717515,-0.5000000000000001,-0.7383273449884711,-0.8150472910802568,-0.431640625
16180,0.014124293785310734,0.9036774610288021,1.5580440273027425,0.7999552241171083,0.416015625
16181,-0.062146892655367235,-0.5000000000000001,-0.5541433534554469,-0.8150472910802568,-0.431640625
16182,-0.06497175141242938,0.6609640474436815,1.2982864605189115,-0.4756102607271456,0.677734375
16183,-0.07909604519774012,0.16096404744368117,0.11520734485451259,-0.20145700866623173,0.232421875
16184,-0.08757062146892655,0.4036774610288021,0.15371102207938747,-0.3231745627721683,-0.14453125
16185,-0.2231638418079096,0.0,-0.15782152095663338,-0.08477312416654154,0.638671875
16186,-0.2062146892655367,1.3774437510817346,1.2268478367265736,0.8034714873351904,0.951171875
16187,-0.1807909604519774,1.0000000000000002,1.103309449617325,0.7598680218283731,0.0625
16188,-0.1440677966101695,0.29248125036057815,0.12004235639779876,0.2801174466877641,0.279296875
16189,-0.22598870056497175,-0.20751874963942185,-0.7391867162318866,-0.925635107117065,-0.294921875
16190,-0.1553672316384181,0.5849625007211564,0.6080416077800433,0.40709960414154694,0.90625
16191,-0.2627118644067797,1.3219280948873624,1.53898076818105,0.5504820936366117,0.986328125
16192,1.807909604519774,-0.5000000000000001,-0.48012877587306874,-0.8150472910802568,-0.431640625
16193,0.3983050847457627,-0.20751874963942185,-0.16972625878938047,-0.10012973443828277,-0.091796875
16194,0.7909604519774012,-0.5000000000000001,-0.5488594243375168,-0.9895419184014743,-0.431640625
16195,1.7740112994350283,-0.5000000000000001,-0.524264818252126,-0.6037805746949155,-0.431640625
16196,1.1101694915254237,-0.5000000000000001,-1.1812569665421584,-1.346066098592327,-0.431640625
16197,1.0564971751412429,0.6609640474436815,0.44827181391098164,0.08591864614335176,0.064453125
16198,-0.05649717514124294,-0.20751874963942185,0.09111443370134421,-0.22012167228377744,0.275390625
16199,0.8389830508474576,0.5,0.04405593691761566,-1.6559092740307801,0.03515625
16200,-0.2570621468926554,0.8502198590705463,0.9921651472544825,1.251322004033232,1.0
16201,-0.2598870056497175,0.29248125036057815,0.47284973863162344,0.38653649231868376,0.373046875
16202,0.748587570621469,0.6609640474436815,0.5629219672286232,0.5063496376186134,0.3046875
16203,-0.10451977401129943,0.4036774610288021,0.0446699819899307,0.13005110216134985,0.439453125
16204,-0.2033898305084746,0.0,0.030329751113744606,0.38653649231868376,0.951171875
16205,-0.18361581920903955,0.5,0.39373656724118433,0.7088009968459559,0.568359375
16206,-0.11581920903954802,0.9036774610288021,0.5812787904923867,0.8539066514387023,0.798828125
16207,-0.1977401129943503,-0.5000000000000001,-0.4187592719143294,-0.5052041156418035,-0.431640625
16208,-0.1440677966101695,0.7297158093186489,0.7323026322116964,0.8308910125579702,0.7578125
16209,-0.01977401129943503,0.6609640474436815,0.8316096677086575,0.07436489288293499,0.462890625
16210,-0.2655367231638418,1.5849625007211563,1.946851680549707,0.700548438163026,1.005859375
16211,-0.01977401129943503,0.0,0.12147214877318288,-0.1486799354509508,0.251953125
16212,-0.21468926553672316,0.16096404744368117,0.21225236367314387,0.2717510560243111,0.83984375
16213,-0.0480225988700565,-0.5000000000000001,-0.9000120721226077,-1.1419776163564517,-0.431640625
16214,0.211864406779661,0.16096404744368117,0.4539206691355312,0.37242995637284404,0.0859375
16215,-0.0423728813559322,-0.5000000000000001,-0.6769456816955396,-0.6796987429630209,-0.431640625
16216,0.4858757062146893,-0.5000000000000001,0.028138882714984756,-0.11588526199269454,-0.431640625
16217,0.3954802259887006,-0.20751874963942185,-0.5563867155121458,-0.7215466248811899,-0.33984375
16218,-0.1864406779661017,0.9036774610288021,0.8082616625333897,0.35798751915499055,0.607421875
16219,1.1440677966101696,-0.5000000000000001,-1.6140539721990972,-1.9018456381848245,-0.431640625
16221,-0.16666666666666666,0.6609640474436815,0.449117447932165,0.8207533887258768,0.447265625
16222,0.6299435028248588,-0.20751874963942185,0.20327754435001016,0.6485262545367048,0.35546875
16223,0.788135593220339,-0.20751874963942185,0.1197442023813875,0.48301777240965205,-0.390625
16224,-0.10734463276836158,0.29248125036057815,0.33067782220848546,0.5176874201783555,0.212890625
16225,-0.1440677966101695,1.0000000000000002,0.6339092290102841,0.8603252690750651,0.791015625
16226,0.3050847457627119,0.29248125036057815,-0.13567487900395706,-0.3946162996049949,-0.021484375
16227,0.3672316384180791,0.0,0.08965746713377765,-0.27983086331062224,0.173828125
16228,0.8192090395480226,0.0,0.010891601707767101,0.0,-0.40234375
16229,-0.022598870056497175,0.4036774610288021,0.6354969936221513,0.6963796677571371,0.5
16230,0.2655367231638418,-0.20751874963942185,-0.2499582538322234,-0.20145700866623173,-0.37109375
16231,0.8022598870056498,0.16096404744368117,0.11355783066655666,0.2546639061865699,-0.005859375
16232,-0.14689265536723164,0.5,0.6059718626198379,0.17118914935083235,0.55859375
16233,-0.06779661016949153,0.6609640474436815,0.39321051068324875,0.05057542395069435,0.869140625
16234,1.076271186440678,0.0,-0.508218183858833,-0.7215466248811899,-0.265625
16235,-0.1553672316384181,0.6609640474436815,0.4579383861949115,0.343192792857138,0.408203125
16236,-0.0480225988700565,-0.5000000000000001,-0.37016329185899327,-0.4756102607271456,-0.431640625
16237,0.9661016949152542,-0.5000000000000001,-0.9800509977065051,-1.0609836552343013,-0.431640625
16238,0.923728813559322,-0.5000000000000001,-1.3819870282231006,-1.1419776163564517,-0.431640625
16239,-0.11016949152542373,0.4036774610288021,0.2881287602475365,-0.3698555675245675,0.36328125
16240,-0.20056497175141244,-0.20751874963942185,0.7736771202995785,0.6159830023075147,-0.328125
16241,-0.24293785310734464,1.04373142062517,0.8114934513502,1.4484288424142318,0.3515625
16242,-0.2457627118644068,0.9534452978042595,1.1399726217425632,1.2291389462092908,0.791015625
16243,-0.1751412429378531,-0.20751874963942185,-0.39931405497412376,0.05057542395069435,-0.390625
16244,0.327683615819209,-0.20751874963942185,0.2989025708510448,0.4003223972506149,-0.1171875
16245,-0.2033898305084746,0.0,0.25938560535014055,0.343192792857138,0.0234375
16246,1.0282485875706215,-0.20751874963942185,-0.029192812210479337,0.33565786730872005,-0.021484375
16247,0.211864406779661,-0.5000000000000001,-1.073104276020472,-0.6037805746949155,-0.431640625
16248,-0.096045197740113,-0.5000000000000001,-0.920551640338435,-1.0609836552343013,-0.431640625
16249,-0.12146892655367232,0.29248125036057815,0.38785025209077195,0.23708140825560817,-0.06640625
16250,0.4689265536723164,0.0,-0.22769376888250795,-0.25926775148775905,-0.1875
16251,1.1779661016949152,-0.5000000000000001,-1.0132995388290202,-0.4756102607271456,-0.431640625
16252,0.8107344632768362,-0.5000000000000001,-0.572594377252524,-0.44739337282027586,-0.431640625
16253,-0.08192090395480225,0.5,1.130372359265025,0.9464848023170704,0.8671875
16254,0.7994350282485876,0.0,0.057794002140897395,0.21897398280902985,0.064453125
16255,-0.2231638418079096,1.0000000000000002,0.878618922993785,0.9814621111151631,0.873046875
16256,0.4830508474576271,0.0,0.334880598939749,-0.3011156334059281,0.21484375
16257,0.2288135593220339,-0.5000000000000001,-1.5410354266255704,-1.6559092740307801,-0.431640625
16258,-0.14124293785310735,1.0000000000000002,1.3942220045073312,1.0364139937827765,0.728515625
16259,0.8898305084745762,0.0,-0.4960067011406487,0.3045457294825673,-0.05078125
16260,-0.1271186440677966,-0.5000000000000001,0.09389841445673387,-0.5363162534679564,-0.431640625
16261,-0.22033898305084745,0.4036774610288021,0.0968210561704084,0.5765184386087194,0.3984375
16262,0.7994350282485876,-0.5000000000000001,-0.07383850906635848,0.013044668488178479,-0.431640625
16263,0.9265536723163842,-0.5000000000000001,-0.4848913421025704,-0.5052041156418035,-0.431640625
16264,0.9689265536723164,-0.20751874963942185,-0.027784476531257662,0.19075709490216042,-0.416015625
16265,-0.24293785310734464,0.8502198590705463,1.1051325197178972,0.8698276102518614,0.345703125
16266,-0.062146892655367235,0.9534452978042595,0.37526193770811384,0.2883700053706945,0.740234375
16267,1.4011299435028248,-0.5000000000000001,-0.8151863225307165,-1.0609836552343013,-0.431640625
16268,-0.06779661016949153,-0.20751874963942185,-0.13925878992668064,0.0,-0.431640625
16269,0.9661016949152542,-0.5000000000000001,-0.10095619512728748,0.09725642870309359,-0.431640625
16270,0.7288135593220338,-0.5000000000000001,0.1455998064669824,0.1083861667722219,-0.431640625
16271,-0.2627118644067797,0.7297158093186489,0.7256719364571232,0.8173361757074759,0.818359375
16272,0.059322033898305086,-0.5000000000000001,-0.3959520999390625,-0.3460660985923269,-0.431640625
16273,1.5621468926553672,-0.20751874963942185,-0.5323817523654012,-0.6405526637590393,-0.416015625
16274,0.7853107344632768,-0.5000000000000001,-0.4794497222887061,0.20971344100017061,-0.431640625
16275,0.2853107344632768,0.0,0.4825757386881648,0.5063496376186134,0.4375
16276,0.2288135593220339,0.0,0.5893318572609196,-0.4756102607271456,0.41015625
16277,1.8022598870056497,-0.5000000000000001,-0.8094627490427722,-0.3946162996049949,-0.431640625
16278,0.014124293785310734,0.0,0.13458880490034597,0.06258678093439042,0.34765625
16279,-0.20903954802259886,0.6609640474436815,1.0006497289122855,1.0120511323013561,0.69140625
16280,1.7796610169491525,-0.5000000000000001,-0.6864295180014381,-0.6037805746949155,-0.431640625
16281,-0.06497175141242938,0.0,0.7297568792629516,-0.3011156334059281,0.759765625
16282,0.6892655367231638,0.0,0.217920880112431,-0.22012167228377744,0.30859375
16283,-0.2542372881355932,0.5849625007211564,0.8570938831731555,1.2902586017271234,0.826171875
16284,-0.1807909604519774,0.0,0.0851163873757376,0.5232778164932019,0.275390625
16285,1.5564971751412429,-0.5000000000000001,-0.8435985813955056,-0.22012167228377744,-0.431640625
16286,1.07909604519774,-0.20751874963942185,-0.5149946696452937,-0.5691109269262127,-0.146484375
16287,0.20903954802259886,0.29248125036057815,0.07908160527761969,-0.5363162534679564,0.583984375
16288,1.0593220338983051,-0.5000000000000001,-1.0070016257897731,-1.0609836552343013,-0.431640625
16289,1.036723163841808,-0.5000000000000001,-0.9813665890567219,-0.44739337282027586,-0.431640625
16290,1.0423728813559323,0.16096404744368117,0.432481973829409,0.3795242326418465,-0.234375
16291,1.6581920903954803,-0.5000000000000001,-1.0587530304299415,-1.9018456381848245,-0.431640625
16292,0.07344632768361582,0.29248125036057815,0.19557936106334634,0.07436489288293499,0.51171875
16293,-0.20903954802259886,1.0000000000000002,0.8483273943108103,0.789282449524909,0.94921875
16294,1.076271186440678,-0.5000000000000001,-1.022679063227716,-0.9895419184014743,-0.431640625
16295,-0.24293785310734464,0.16096404744368117,0.22637800560541047,0.2632676491154024,-0.32421875
16296,1.5,0.16096404744368117,0.22039083932402317,0.13005110216134985,-0.24609375
16297,0.4887005649717514,-0.5000000000000001,-0.5604979353753797,-0.4756102607271456,-0.431640625
16298,-0.2062146892655367,0.5,0.11908375857018144,-0.20145700866623173,0.388671875
16299,1.07909604519774,-0.5000000000000001,-0.7957317672124911,-0.7664970900675887,-0.431640625
16300,0.9463276836158192,0.0,0.24166830787501084,0.8635092853442145,0.046875
16301,1.810734463276836,-0.5000000000000001,-1.1074732068683424,-1.1419776163564517,-0.431640625
16302,0.08757062146892655,-0.5000000000000001,-0.6972878876833364,-0.8150472910802568,-0.431640625
16303,-0.1977401129943503,0.5,1.176315136178959,0.7446080042324369,0.751953125
16304,1.692090395480226,-0.5000000000000001,-0.43615470613005025,-0.3460660985923269,-0.431640625
16305,0.12146892655367232,-0.5000000000000001,-0.4653568684063375,-0.42043099147526186,-0.431640625
16306,0.3333333333333333,0.5,0.13784994885003327,0.11931535806933405,0.0
16307,0.943502824858757,0.0,0.17002994843966798,0.2546639061865699,-0.142578125
16308,-0.1638418079096045,0.5,0.9437349486587473,-1.9018456381848245,0.91015625
16309,0.031073446327683617,-0.20751874963942185,-0.10916255440990301,-0.08477312416654154,-0.169921875
16310,0.9011299435028248,-0.20751874963942185,-0.33698367221667963,-0.3231745627721683,0.013671875
16311,-0.22033898305084745,-0.20751874963942185,-0.18180009415685813,-0.1486799354509508,-0.369140625
16312,0.9519774011299436,-0.5000000000000001,-0.8610764398548306,-0.8678243642955378,-0.431640625
16313,-0.2598870056497175,-0.20751874963942185,-0.6116122957356095,-0.6037805746949155,-0.341796875
16314,0.8305084745762712,0.0,0.2878436782681973,0.1509688200781701,-0.26953125
16315,0.6638418079096046,-0.20751874963942185,-0.4076681257760039,-0.44739337282027586,-0.029296875
16316,-0.08757062146892655,0.9036774610288021,1.0049844005269806,0.8729622617062226,0.40625
16317,0.06779661016949153,0.29248125036057815,0.4927118909017812,0.4947958843581966,0.4765625
16318,-0.1694915254237288,-0.5000000000000001,-0.5162860384135032,-0.5052041156418035,-0.431640625
16319,0.3446327683615819,-0.5000000000000001,-0.40544588476797755,-1.4814146467095628,-0.431640625
16320,0.2175141242937853,0.4036774610288021,0.9941426594990709,0.8729622617062226,0.5625
16321,-0.06497175141242938,0.5,-0.19198888342188913,-0.6405526637590393,0.869140625
16322,-0.2655367231638418,-0.20751874963942185,-0.5185535046110377,-0.27983086331062224,-0.36328125
16323,0.2853107344632768,-0.20751874963942185,-0.4765771258482865,-1.346066098592327,0.3125
16324,0.09322033898305085,0.0,-0.3999760153371221,0.4770418254852238,-0.3359375
16325,-0.1384180790960452,0.8502198590705463,0.7560410525735548,0.5006002703406138,0.9140625
16326,-0.2542372881355932,1.3219280948873624,0.9006117161994129,1.0120511323013561,0.88671875
16327,-0.2288135593220339,1.04373142062517,1.3082209146890669,1.116810659232399,0.95703125
16328,1.3220338983050848,-0.5000000000000001,-0.5450415124425109,-0.6037805746949155,-0.431640625
16329,0.9378531073446328,0.16096404744368117,0.3463553275068227,0.3652517222233779,0.17578125
16330,-0.22033898305084745,0.5,-0.17399785368262075,0.5063496376186134,0.828125
16331,0.9519774011299436,0.4036774610288021,0.45377717564975134,-0.1833495832196537,-0.021484375
16332,-0.18926553672316385,0.7924812503605783,0.44385058895311685,0.7522860017726577,0.6640625
16333,-0.24858757062146894,1.2617809780285068,1.8207323042502639,-0.925635107117065,0.158203125
16334,1.1214689265536724,-0.5000000000000001,-0.6321492390946708,0.1083861667722219,-0.431640625
16335,1.2881355932203389,0.5,0.6138612410167011,0.8729622617062226,-0.072265625
16336,0.9180790960451978,0.16096404744368117,0.7441100113624988,0.20971344100017061,-0.01953125
16337,-0.16666666666666666,-0.5000000000000001,-0.9271232458284063,-0.8678243642955378,-0.431640625
16338,0.1751412429378531,-0.5000000000000001,-0.7408603310725353,-0.8150472910802568,-0.431640625
16339,0.5338983050847458,-0.5000000000000001,-1.1770428201779468,-0.5691109269262127,-0.431640625
16340,0.03389830508474576,0.0,0.2895660950001271,1.0911778152742833,0.435546875
16341,-0.20056497175141244,0.5,0.7922256430709382,0.4947958843581966,0.7109375
16342,-0.05649717514124294,0.16096404744368117,-0.5256447062722492,-0.8678243642955378,-0.228515625
16343,-0.2231638418079096,0.0,-0.1836475793159157,0.1083861667722219,0.33203125
16344,0.17796610169491525,0.16096404744368117,-0.015734702873310507,-0.02696238134501425,0.564453125
16345,-0.1440677966101695,-0.20751874963942185,0.16280626001907134,0.44624568334552855,0.42578125
16346,0.8192090395480226,-0.5000000000000001,-0.7174473373124426,-0.6405526637590393,-0.431640625
16347,-0.23728813559322035,0.7924812503605783,0.7326904746467998,0.9210312618158757,0.791015625
16348,-0.17796610169491525,0.5849625007211564,0.3711542124269526,0.8308910125579702,0.345703125
16349,0.5508474576271186,-0.5000000000000001,-1.472921878225223,-0.925635107117065,-0.431640625
16350,-0.20903954802259886,0.6609640474436815,0.5073931061577895,0.2801174466877641,0.36328125
16351,0.6694915254237288,0.9036774610288021,0.7149546132293584,0.6063549635431924,0.35546875
16352,-0.22033898305084745,-0.20751874963942185,-0.29874899778269165,-0.27983086331062224,-0.392578125
16353,-0.2598870056497175,1.6427011094311244,1.2888040876903275,0.31247464900809724,0.9921875
16354,-0.0903954802259887,0.29248125036057815,0.135358491987115,0.5662376211910235,0.599609375
16355,0.7909604519774012,-0.5000000000000001,-0.38999184779856777,0.025814691870266956,-0.431640625
16356,0.288135593220339,0.4036774610288021,-0.39060401784800874,-0.3011156334059281,0.259765625
16357,-0.1751412429378531,0.16096404744368117,0.00038577333149166464,-0.02696238134501425,0.248046875
16358,-0.2655367231638418,0.29248125036057815,0.6450145854898762,0.5765184386087194,0.3359375
16359,-0.24858757062146894,1.04373142062517,0.6029802068160518,0.3280281603386806,0.845703125
16360,-0.2570621468926554,0.4036774610288021,0.7338399780380414,1.2579874964553999,-0.267578125
16361,-0.24293785310734464,0.16096404744368117,0.014181019564164987,0.39346861013024786,-0.310546875
16362,-0.17796610169491525,0.4036774610288021,0.032321507839382674,0.23708140825560817,0.359375
16363,-0.11864406779661017,-0.5000000000000001,-1.097596981817491,-1.2354782825555186,-0.431640625
16364,-0.23728813559322035,-0.20751874963942185,-0.10974929491645498,0.03832139694718311,-0.185546875
16365,-0.22033898305084745,1.0000000000000002,0.6883172201317316,0.45875238842244526,0.95703125
16366,-0.2175141242937853,0.16096404744368117,0.30769011020132825,0.29651178810473844,0.9453125
16367,-0.1638418079096045,0.0,0.2350807861921255,0.882270173869781,0.244140625
16368,-0.2627118644067797,0.0,-0.1773545280143751,0.29651178810473844,0.4140625
16369,-0.2175141242937853,0.5,0.5947984599462934,0.5610311196399013,0.7265625
16370,-0.03672316384180791,0.16096404744368117,0.21561090785385867,0.6921820474995729,-0.15234375
16371,0.9971751412429378,-0.5000000000000001,-0.9060305733359788,-0.8150472910802568,-0.431640625
16372,-0.1751412429378531,0.29248125036057815,0.2108535538351767,1.0779433912061318,0.689453125
16373,0.8107344632768362,-0.20751874963942185,-0.5473323964540165,-0.3460660985923269,-0.375
16374,-0.08192090395480225,0.29248125036057815,0.364708922340373,1.0889920337866121,0.587890625
16375,1.0593220338983051,-0.20751874963942185,-1.1240820340977489,-0.8150472910802568,-0.431640625
16376,-0.2457627118644068,-0.20751874963942185,0.06190877421469243,0.5006002703406138,-0.4140625
16377,0.4858757062146893,-0.20751874963942185,0.21828662167947205,-1.1419776163564517,0.251953125
16378,0.4293785310734463,0.0,-0.46282220665182844,-0.42043099147526186,-0.30859375
16379,-0.2570621468926554,0.16096404744368117,0.48412824611668437,0.39346861013024786,-0.287109375
16380,-0.096045197740113,-0.5000000000000001,0.3707670054129445,-0.27983086331062224,-0.431640625
16381,0.847457627118644,-0.20751874963942185,-0.6650565387862368,0.17118914935083235,-0.38671875
16382,0.884180790960452,-0.20751874963942185,-0.4774177469894097,-0.04090675883341514,-0.154296875
16383,-0.059322033898305086,0.5,0.6408161601737505,1.0020252229380262,0.73828125
16384,-0.01694915254237288,0.16096404744368117,0.23840430251619119,0.343192792857138,0.546875
16385,-0.09887005649717515,0.29248125036057815,0.008269459773852746,0.4398942775998032,0.68359375
16386,-0.18926553672316385,0.0,0.11042750425301083,0.6207403106667461,0.26953125
16387,0.6412429378531074,0.29248125036057815,0.008938250826309415,0.24593636415404438,0.185546875
16388,1.576271186440678,-0.5000000000000001,-0.8169183163002529,-0.7215466248811899,-0.431640625
16389,-0.11864406779661017,0.16096404744368117,0.24737199135111265,-0.1833495832196537,0.017578125
16390,1.2457627118644068,0.0,-0.32849112934465186,-0.6037805746949155,-0.15234375
16391,0.8615819209039548,0.16096404744368117,0.10245700895923208,1.0552233678164773,-0.1171875
16392,0.4915254237288136,0.0,-0.07274917673192695,0.6111880863774223,0.138671875
16393,-0.2627118644067797,1.2924812503605785,0.9618881770713434,1.1650389957076988,1.005859375
16394,-0.11016949152542373,0.29248125036057815,0.3101602418324435,0.18105202855421326,0.0234375
16395,-0.09887005649717515,0.9534452978042595,0.744218851342905,1.3371141794283277,0.8828125
16396,1.076271186440678,-0.5000000000000001,-0.9756251634970218,-0.9895419184014743,-0.431640625
16397,1.5056497175141244,-0.5000000000000001,-1.0350478969347494,-0.925635107117065,-0.431640625
16398,0.16666666666666666,-0.20751874963942185,0.3592515720129182,0.3045457294825673,-0.23828125
16399,-0.21468926553672316,0.0,-0.16990320762362632,0.45875238842244526,0.291015625
16400,-0.002824858757062147,0.6609640474436815,0.6699564460590653,0.9353037722343442,0.8125
16401,-0.2655367231638418,1.2924812503605785,1.0984940479975154,0.5343063695247384,0.650390625
16402,0.4774011299435028,-0.20751874963942185,-0.5755490340019277,0.11931535806933405,-0.2265625
16403,0.6129943502824858,-0.5000000000000001,-0.841807458623535,-0.8678243642955378,-0.431640625
16404,-0.07062146892655367,-0.5000000000000001,-0.3570037764206626,-0.3946162996049949,-0.431640625
16405,0.5847457627118644,-0.20751874963942185,-0.8732664888015848,-1.4814146467095628,-0.416015625
16406,-0.2175141242937853,0.0,-0.26352109494035814,0.6575123997308701,0.80859375
16407,-0.2344632768361582,0.9534452978042595,0.6154290237752583,0.5866279010690111,0.388671875
16408,1.4011299435028248,-0.5000000000000001,-0.7002258474975813,0.0,-0.431640625
16409,-0.16666666666666666,0.8502198590705463,0.9963820145659146,1.2061137051739017,0.916015625
16410,1.805084745762712,-0.5000000000000001,-1.0050942919271322,-1.2354782825555186,-0.431640625
16411,-0.21468926553672316,0.16096404744368117,-0.07296686481662576,0.6750948976618313,0.3671875
16412,-0.11864406779661017,0.29248125036057815,-0.20206319926488012,0.37242995637284404,0.779296875
16413,-0.11016949152542373,-0.20751874963942185,-0.2699205593039369,0.11931535806933405,0.19140625
16414,-0.20903954802259886,0.29248125036057815,-0.24104051097588597,0.1509688200781701,0.8828125
16415,-0.1440677966101695,0.0,-0.11658948105477195,0.5866279010690111,0.802734375
16416,-0.19491525423728814,0.6609640474436815,0.6519325638327331,0.7046887525764891,0.794921875
16417,1.1214689265536724,-0.5000000000000001,-1.683272771600902,-1.9018456381848245,-0.431640625
16418,-0.1440677966101695,0.29248125036057815,0.09044327817706407,0.5916201408260943,0.306640625
16419,0.0480225988700565,0.5849625007211564,0.2778772888835062,0.19075709490216042,0.654296875
16420,0.8502824858757062,-0.5000000000000001,-1.296026831251982,-1.6559092740307801,-0.431640625
16421,0.7937853107344632,0.0,-0.2656255289197998,-0.1486799354509508,-0.25
16422,-0.22033898305084745,2.3906798567623304,2.269665233956958,0.5397463495445953,0.89453125
16423,-0.20056497175141244,-0.5000000000000001,-0.4880085005590154,-0.5363162534679564,-0.431640625
16424,0.2711864406779661,-0.20751874963942185,-0.35699179675686527,-0.8678243642955378,-0.05859375
16425,0.5847457627118644,-0.5000000000000001,-0.5590948011343498,-0.44739337282027586,-0.431640625
16426,-0.2627118644067797,0.7297158093186489,0.40633672342365673,0.9267806290938753,0.103515625
16427,0.4745762711864407,-0.20751874963942185,-0.6797731217352904,-0.9895419184014743,-0.390625
16428,0.8983050847457628,0.0,-0.1629788963332841,0.5916201408260943,-0.267578125
16429,0.031073446327683617,-0.5000000000000001,-0.591876075386625,-1.6559092740307801,-0.431640625
16430,-0.10734463276836158,0.5,0.13463634871261249,-0.5052041156418035,0.787109375
16431,0.3333333333333333,0.0,-0.17578430766273265,0.07436489288293499,-0.267578125
16432,-0.08757062146892655,-0.5000000000000001,-0.5865930127538441,-0.9895419184014743,-0.431640625
16433,-0.18926553672316385,-0.20751874963942185,-0.4321936004065722,-0.1833495832196537,0.310546875
16434,-0.1864406779661017,0.8502198590705463,0.5982163630323629,0.6159830023075147,0.861328125
16435,1.1779661016949152,0.0,0.07701408429686551,0.5815942314627645,-0.427734375
16436,1.61864406779661,0.0,-0.5310507628408366,-0.11588526199269454,-0.3046875
16437,0.807909604519774,-0.20751874963942185,-0.5616407133889014,-0.5691109269262127,-0.337890625
16438,-0.2542372881355932,0.29248125036057815,-0.044283110726797734,0.29651178810473844,-0.28125
16439,1.771186440677966,-0.5000000000000001,-0.5452633307540437,-0.925635107117065,-0.431640625
16440,-0.24858757062146894,0.4036774610288021,0.7930784664535943,0.9004681499930124,0.517578125
16441,-0.07909604519774012,0.29248125036057815,0.08545544821204541,0.23708140825560817,0.662109375
16442,-0.2655367231638418,0.29248125036057815,0.014639919182863514,0.9682469106808436,0.984375
16443,1.2005649717514124,-0.5000000000000001,-0.8893474407732916,-1.9018456381848245,-0.431640625
16444,-0.1384180790960452,1.0849625007211563,0.7602199847443483,0.9437088079684638,0.69921875
16445,-0.1751412429378531,0.16096404744368117,-0.2111194514148337,0.6921820474995729,0.306640625
16446,-0.268361581920904,-0.20751874963942185,2.80210964153156,-1.4814146467095628,-0.03125
16447,0.11299435028248588,0.0,-0.09394743659825147,0.16116323998750257,0.59375
16448,0.2909604519774011,-0.20751874963942185,-0.4655037505236014,0.0,0.1015625
16449,0.288135593220339,-0.20751874963942185,-0.10832118539545235,-0.06979572847822901,-0.26953125
16450,0.15254237288135594,0.0,0.29292721065162075,-0.1320609861045676,0.55859375
16451,-0.022598870056497175,0.0,0.08232790660693613,0.18105202855421326,0.833984375
16452,1.5112994350282485,-0.20751874963942185,-0.5098283824069505,-0.6796987429630209,-0.30859375
16453,1.228813559322034,-0.20751874963942185,-0.6568684154546164,-0.6405526637590393,-0.396484375
16454,-0.1440677966101695,0.16096404744368117,-1.75700527128069,-1.346066098592327,0.67578125
16455,-0.0903954802259887,0.7924812503605783,0.8118542879206507,0.5397463495445953,0.654296875
16456,0.011299435028248588,0.9036774610288021,1.0281750347815584,0.9682469106808436,0.5859375
16457,0.3474576271186441,-0.5000000000000001,-0.7569771036292752,-0.925635107117065,-0.431640625
16458,-0.2627118644067797,1.4770981551934377,0.9999595088855106,0.42043099147526186,0.662109375
16459,1.7909604519774012,-0.5000000000000001,-1.3189835636377252,-1.2354782825555186,-0.431640625
16460,-0.18926553672316385,0.0,-0.035779866925843666,0.6254605967958908,-0.328125
16461,0.23163841807909605,0.0,0.30689971560014867,0.9601773410198573,0.484375
16462,-0.062146892655367235,0.0,-0.9825689410528269,-1.9018456381848245,-0.021484375
16463,-0.20903954802259886,0.16096404744368117,0.26266204839538987,0.29651178810473844,-0.07421875
16464,-0.21468926553672316,0.0,0.2142823130256651,0.7289541365636965,-0.19140625
16465,0.9180790960451978,-0.20751874963942185,-0.08014405250570845,0.0,-0.384765625
16466,-0.1751412429378531,1.0000000000000002,0.7805385585726686,0.9152268758334584,0.7578125
16467,1.1666666666666667,0.5,0.6357379936049908,-0.6796987429630209,0.015625
16468,-0.059322033898305086,0.0,-0.05153968488060388,-0.10012973443828277,0.36328125
16469,-0.2033898305084746,0.29248125036057815,-0.040602379904681,0.7856827136986397,0.52734375
16470,-0.12429378531073447,0.7924812503605783,0.544512164550205,1.110503284825406,0.890625
16471,0.5056497175141242,0.16096404744368117,0.16782801222279514,0.03832139694718311,0.306640625
16472,0.9576271186440678,-0.20751874963942185,-0.05013829220848266,-0.08477312416654154,-0.11328125
16473,0.19491525423728814,0.16096404744368117,-0.3247234221262063,-0.3231745627721683,-0.021484375
16474,-0.24858757062146894,0.5,0.39096601208001686,0.9969494300839813,-0.162109375
16475,-0.01977401129943503,0.16096404744368117,-0.24773915177319578,-0.3946162996049949,-0.0703125
16476,0.9491525423728814,-0.5000000000000001,-0.4815651863604872,-0.3698555675245675,-0.431640625
16477,-0.0903954802259887,0.7924812503605783,0.8248451287985102,0.8207533887258768,0.390625
16478,-0.1977401129943503,0.0,-0.5116997756024225,-0.6405526637590393,-0.353515625
16479,-0.2401129943502825,-0.20751874963942185,-0.5623804315702741,-0.1486799354509508,-0.431640625
16480,-0.05649717514124294,-0.5000000000000001,-0.06398267270288745,0.07436489288293499,-0.431640625
16481,1.6581920903954803,-0.5000000000000001,-0.3447703924999621,-0.6037805746949155,-0.431640625
16482,-0.22598870056497175,-0.5000000000000001,-0.7267036526035957,-0.5363162534679564,-0.431640625
16483,0.2740112994350282,-0.5000000000000001,-0.9697175793085939,-0.5052041156418035,-0.431640625
16484,0.22033898305084745,-0.20751874963942185,-0.40557712023446624,-0.3460660985923269,-0.3984375
16485,-0.05084745762711865,0.29248125036057815,0.5151916410042212,0.6159830023075147,0.849609375
16486,1.2485875706214689,-0.5000000000000001,-0.9889753869317637,-1.0609836552343013,-0.431640625
16487,1.3615819209039548,-0.20751874963942185,-0.7543411087218116,-0.27983086331062224,-0.271484375
16488,-0.1751412429378531,0.0,-0.29408806504988383,-0.27983086331062224,-0.20703125
16489,0.8050847457627118,-0.20751874963942185,-0.5573460718780479,-1.346066098592327,-0.322265625
16490,0.963276836158192,-0.5000000000000001,-0.7645260709385613,-0.7215466248811899,-0.431640625
16491,-0.1384180790960452,-0.20751874963942185,0.3025244928917612,0.38653649231868376,0.28515625
16492,1.2570621468926553,-0.5000000000000001,-0.4307604799689187,-0.3946162996049949,-0.431640625
16493,-0.04519774011299435,0.5,0.4778534377656272,0.3203012570369791,0.630859375
16494,0.5677966101694916,-0.5000000000000001,-0.025852475712495954,0.025814691870266956,-0.431640625
16495,-0.2598870056497175,0.0,-0.15491313075490112,0.3280281603386806,0.1015625
16496,-0.2457627118644068,0.4036774610288021,0.525227932868115,0.5866279010690111,0.546875
16497,-0.12994350282485875,1.2924812503605785,1.086408699861083,1.0020252229380262,0.91015625
16498,0.1864406779661017,-0.20751874963942185,-1.139658812744307,-0.6405526637590393,-0.4296875
16499,0.748587570621469,0.5849625007211564,0.5789061429190823,0.5006002703406138,-0.068359375
16500,-0.2570621468926554,0.6609640474436815,-0.01479575726759779,-0.3698555675245675,0.62109375
16501,0.8135593220338984,-0.5000000000000001,0.16838604425679218,0.8342329147113078,-0.431640625
16502,1.4830508474576272,-0.20751874963942185,-0.6426613997978581,-0.055179269251883704,-0.431640625
16503,0.031073446327683617,0.7924812503605783,0.7585246875116644,0.7636237843323993,0.408203125
16504,-0.1977401129943503,-0.5000000000000001,-0.33033376198166925,0.31247464900809724,-0.431640625
16505,-0.1807909604519774,-0.5000000000000001,-0.058274514448227954,-1.346066098592327,-0.431640625
16506,-0.21468926553672316,-0.20751874963942185,-1.198455542931669,-1.4814146467095628,-0.390625
16507,1.347457627118644,-0.5000000000000001,-0.9571323584748173,-0.11588526199269454,-0.431640625
16508,1.5112994350282485,-0.5000000000000001,-0.6800149180894406,-0.04090675883341514,-0.431640625
16509,0.5677966101694916,-0.5000000000000001,-0.4617271065037876,-0.7215466248811899,-0.431640625
16510,0.7824858757062146,0.4036774610288021,0.3811418691645904,0.4398942775998032,0.19140625
16511,-0.20903954802259886,0.4036774610288021,0.3760295611612484,0.9918308030286939,0.79296875
16513,-0.2570621468926554,0.16096404744368117,0.004178208263752486,-0.1833495832196537,-0.35546875
16515,-0.12146892655367232,0.7297158093186489,0.6902813726686073,0.8441495449631917,0.521484375
16516,-0.18361581920903955,-0.5000000000000001,-1.1358640738176744,-1.1419776163564517,-0.431640625
16517,0.5141242937853108,-0.5000000000000001,-0.8878505109182642,-0.5691109269262127,-0.431640625
16518,-0.096045197740113,0.16096404744368117,0.053342587908395196,0.18105202855421326,0.53515625
16519,-0.1977401129943503,0.16096404744368117,-0.36180532062557913,-0.20145700866623173,0.78515625
16520,0.2570621468926554,0.4036774610288021,0.4819005033265847,1.0316190778526841,0.46875
16521,0.903954802259887,0.0,0.1450732834243629,0.9296350047447086,0.0234375
16522,0.96045197740113,-0.20751874963942185,-0.36874073341423935,-0.6037805746949155,-0.40234375
16523,-0.2655367231638418,1.4289904975637864,1.3930542241863397,0.8308910125579702,0.90234375
16524,0.9915254237288136,-0.20751874963942185,-0.5530165515922525,0.06258678093439042,0.046875
16525,-0.2627118644067797,1.8073549220576046,1.768825396408388,0.5610311196399013,1.00390625
16526,0.21468926553672316,-0.20751874963942185,-0.1012227727103066,-0.23937896292104863,0.375
16527,-0.03954802259887006,-0.20751874963942185,0.18667854760093858,0.22809526306144287,0.23828125
16528,-0.2598870056497175,-0.5000000000000001,-0.6724614759993544,-0.5691109269262127,-0.431640625
16529,0.268361581920904,0.16096404744368117,0.440327103802272,0.39346861013024786,0.232421875
16530,1.61864406779661,-0.5000000000000001,-1.5257260834372086,-1.4814146467095628,-0.431640625
16531,-0.2062146892655367,0.7924812503605783,0.517775206429826,0.5288171582474838,0.38671875
16532,-0.22033898305084745,0.29248125036057815,1.2291738944827961,-1.6559092740307801,0.74609375
16533,-0.21468926553672316,0.0,0.11766715706640654,0.5451379735468534,-0.3359375
16534,1.5451977401129944,-0.5000000000000001,-0.16513777560883802,-0.1320609861045676,-0.431640625
16535,-0.2542372881355932,0.0,0.06031479473034021,0.23708140825560817,0.88671875
16536,0.0423728813559322,-0.5000000000000001,-0.244025574239106,0.05057542395069435,-0.431640625
16537,1.5423728813559323,-0.5000000000000001,-1.901507866166034,-1.4814146467095628,-0.431640625
16538,1.2598870056497176,0.0,-0.41783172238905597,-0.1486799354509508,-0.326171875
16539,-0.2627118644067797,0.7297158093186489,0.7084681691941591,0.3652517222233779,0.603515625
16540,0.9011299435028248,-0.5000000000000001,-0.7636505387114755,-0.3460660985923269,-0.431640625
16541,1.807909604519774,-0.5000000000000001,-0.380291739203731,-0.10012973443828277,-0.431640625
16542,-0.11864406779661017,-0.20751874963942185,-0.6451883493104732,-0.7215466248811899,0.248046875
16543,1.4011299435028248,-0.5000000000000001,-0.5777939887385696,-0.5363162534679564,-0.431640625
16544,1.1977401129943503,0.16096404744368117,-0.4430950336368106,-0.9895419184014743,-0.15234375
16545,0.19491525423728814,-0.20751874963942185,-0.12190693296581857,-1.1419776163564517,-0.01953125
16546,0.5508474576271186,0.29248125036057815,0.9628210198034698,0.3045457294825673,-0.134765625
16547,1.2740112994350283,-0.5000000000000001,-1.122766420664072,-0.3460660985923269,-0.431640625
16548,1.423728813559322,-0.5000000000000001,-1.7704947537748177,-1.1419776163564517,-0.431640625
16549,-0.2401129943502825,1.5646415084724836,1.4303484844594752,1.7597231039668697,0.76171875
16550,0.03672316384180791,1.1239637567217928,1.2326213902456353,1.0845966978399815,0.796875
16551,0.0,0.5,0.5034220220610951,0.23708140825560817,0.80078125
16552,0.4152542372881356,-0.20751874963942185,-0.43884452575473476,-0.5691109269262127,-0.17578125
16553,0.192090395480226,1.54373142062517,1.5688709787686461,0.8791833798977066,0.55078125
16554,-0.1497175141242938,0.5849625007211564,0.6306277249147002,0.5232778164932019,0.900390625
16555,-0.1694915254237288,0.4036774610288021,0.420945577572959,0.16116323998750257,0.486328125
16556,-0.08192090395480225,1.0849625007211563,1.1819415097960708,1.0976882932328629,0.869140625
16557,-0.20056497175141244,-0.20751874963942185,-0.5969299487048892,-0.8150472910802568,-0.2109375
16558,-0.268361581920904,1.6427011094311244,1.4516523534128165,1.2871076662960523,1.005859375
16559,0.8531073446327684,-0.5000000000000001,-0.8493105866875914,-0.5691109269262127,-0.431640625
16560,-0.19491525423728814,0.5849625007211564,0.6679592635221119,0.6794120241174847,0.9453125
16561,-0.2542372881355932,-0.20751874963942185,-0.28113425936957687,-0.25926775148775905,-0.326171875
16562,1.076271186440678,-0.5000000000000001,-0.7189828577269822,-0.16576708528869222,-0.431640625
16563,-0.11864406779661017,0.4036774610288021,0.8646490194001999,0.11931535806933405,0.90625
16564,1.3389830508474576,-0.5000000000000001,-1.213225035772561,-1.2354782825555186,-0.431640625
16565,0.7598870056497176,0.16096404744368117,-0.06139233031132341,-1.0609836552343013,-0.05859375
16566,-0.22598870056497175,0.29248125036057815,-0.18318078587237802,-0.6796987429630209,0.109375
16567,0.2796610169491525,-0.20751874963942185,-0.0013118811807099947,-0.16576708528869222,-0.154296875
16568,0.9378531073446328,-0.20751874963942185,0.08637764296557245,-1.2354782825555186,-0.013671875
16569,-0.2598870056497175,0.29248125036057815,0.27479214894088766,-0.3011156334059281,0.974609375
16570,-0.22598870056497175,1.1961587113893803,1.1420989050047203,0.5557795395924977,0.748046875
16571,-0.19491525423728814,0.7297158093186489,0.8445281505509888,0.7249767209578292,0.75
16572,0.0903954802259887,0.0,0.0804625203166401,-0.06979572847822901,-0.142578125
16573,-0.031073446327683617,-0.20751874963942185,-0.14248267264878026,-0.06979572847822901,-0.029296875
16574,-0.06779661016949153,0.0,0.21555782772157106,0.38653649231868376,0.71484375
16576,0.9180790960451978,-0.20751874963942185,-0.25109582829915134,-0.20145700866623173,-0.234375
16577,1.612994350282486,-0.5000000000000001,-0.43846741048972376,-0.3946162996049949,-0.431640625
16578,1.5,-0.5000000000000001,-0.9080519676392195,-0.925635107117065,-0.431640625
16579,0.9322033898305084,-0.5000000000000001,-0.5726662471429587,-0.6796987429630209,-0.431640625
16581,0.2457627118644068,-0.5000000000000001,-1.1148407532847993,-0.925635107117065,-0.431640625
16582,0.05084745762711865,-0.5000000000000001,-0.5403031088238022,-1.1419776163564517,-0.431640625
16583,0.7853107344632768,-0.20751874963942185,-0.5674806847832935,-0.5363162534679564,0.154296875
16584,-0.0423728813559322,0.29248125036057815,0.6864384680793263,0.18105202855421326,0.703125
16585,1.4067796610169492,-0.20751874963942185,-0.49499644292438705,-0.6037805746949155,-0.232421875
16586,0.4322033898305085,0.0,0.27754305000193036,-0.3011156334059281,0.32421875
16587,0.3870056497175141,-0.5000000000000001,-0.715939758502175,-0.7215466248811899,-0.431640625
16588,0.8220338983050848,0.16096404744368117,0.23931493387441077,0.20971344100017061,-0.064453125
16589,-0.06779661016949153,0.16096404744368117,-0.18517182952987565,-0.08477312416654154,0.30859375
16590,0.8615819209039548,-0.20751874963942185,-0.19080425676718954,-0.3231745627721683,-0.404296875
16591,-0.07627118644067797,-0.5000000000000001,-0.7440746185601019,-0.8678243642955378,-0.431640625
16592,-0.2570621468926554,1.4289904975637864,1.1681784507128823,0.9547373610000003,0.96875
16593,-0.1271186440677966,0.5849625007211564,0.11190814745700162,0.14060012816463935,0.904296875
16594,-0.05649717514124294,-0.5000000000000001,-0.8312147625931489,0.09725642870309359,-0.431640625
16595,-0.096045197740113,0.29248125036057815,0.37520144784697884,1.2097134410001709,0.798828125
16596,-0.22598870056497175,0.16096404744368117,-0.3382542941848255,-0.3946162996049949,0.962890625
16597,-0.2570621468926554,-0.5000000000000001,-1.199972604064983,-1.0609836552343013,-0.431640625
16598,0.536723163841808,-0.5000000000000001,-0.948540279586613,-0.8678243642955378,-0.431640625
16599,0.8192090395480226,-0.5000000000000001,-0.8560020329125455,-0.7664970900675887,-0.431640625
16600,-0.2570621468926554,0.9036774610288021,0.48314395382520126,0.5120450194302928,0.96875
16601,-0.1553672316384181,0.0,-0.13187166838726713,0.17118914935083235,0.70703125
16602,-0.16666666666666666,-0.20751874963942185,-0.06811466001744584,-0.11588526199269454,0.255859375
16603,-0.059322033898305086,-0.20751874963942185,-0.31175921124827666,-0.16576708528869222,-0.3984375
16604,1.3192090395480225,-0.20751874963942185,-0.3698563842403059,-0.8678243642955378,-0.419921875
16605,1.7768361581920904,-0.5000000000000001,-1.4088143744298622,-1.9018456381848245,-0.431640625
16606,0.8728813559322034,-0.20751874963942185,-0.47061101205168976,-0.6037805746949155,-0.373046875
16607,-0.22033898305084745,1.3502198590705465,1.0014509040868538,0.9296350047447086,0.685546875
16608,1.0112994350282485,-0.20751874963942185,0.2093312599655526,0.4398942775998032,-0.021484375
16609,-0.22598870056497175,0.5,0.9811801296778624,0.740732248512241,0.03125
16610,0.3502824858757062,-0.5000000000000001,-1.2914270966579402,-1.1419776163564517,-0.431640625
16611,0.2570621468926554,0.4036774610288021,0.38341917906156997,0.38653649231868376,0.453125
16612,-0.17796610169491525,0.6609640474436815,0.7012695285752796,0.5063496376186134,0.943359375
16613,-0.07062146892655367,-0.5000000000000001,-0.1797958492368242,-0.23937896292104863,-0.431640625
16614,0.2457627118644068,0.0,0.16325696534787792,-0.11588526199269454,0.341796875
16615,1.5,-0.5000000000000001,-0.5790836846191495,-0.5052041156418035,-0.431640625
16616,-0.22598870056497175,-0.20751874963942185,-0.29236660373586865,-0.22012167228377744,-0.154296875
16617,0.3954802259887006,-0.5000000000000001,-0.924331698795458,-1.2354782825555186,-0.431640625
16618,-0.1807909604519774,0.29248125036057815,0.5929999008014936,0.33565786730872005,0.13671875
16619,0.4745762711864407,0.16096404744368117,0.42719509437359443,0.4947958843581966,0.333984375
16620,-0.2598870056497175,0.4036774610288021,0.3755582386419221,0.3280281603386806,1.00390625
16621,-0.12429378531073447,0.16096404744368117,-0.03430828634307651,-0.42043099147526186,0.009765625
16622,1.265536723163842,-0.5000000000000001,-0.7153520190094903,-0.7664970900675887,-0.431640625
16623,0.423728813559322,0.16096404744368117,0.08342306860101238,-0.013331387333714908,0.24609375
16624,-0.0423728813559322,-0.20751874963942185,-0.03621230389271932,-0.013331387333714908,-0.203125
16625,0.5056497175141242,0.29248125036057815,0.3428665080986953,0.35798751915499055,0.09375
16626,-0.268361581920904,1.0849625007211563,0.864714101199713,0.38653649231868376,0.087890625
16627,-0.04519774011299435,-0.5000000000000001,-0.5250035988116415,-0.4756102607271456,-0.431640625
16628,-0.1864406779661017,0.5,0.5223295558394565,0.37242995637284404,0.763671875
16629,-0.062146892655367235,-0.20751874963942185,-0.39992406709746603,0.1509688200781701,-0.38671875
16630,0.8813559322033898,-0.5000000000000001,-1.1100822008471813,-1.346066098592327,-0.431640625
16631,1.0903954802259888,0.5,0.41447850817680904,0.013044668488178479,-0.099609375
16632,1.1016949152542372,-0.20751874963942185,-0.40282795152809275,-0.42043099147526186,-0.244140625
16633,-0.22033898305084745,0.4036774610288021,0.6383154156120434,0.5610311196399013,-0.0078125
16634,0.3587570621468927,0.4036774610288021,0.3415083752709813,0.2801174466877641,0.4765625
16635,0.8785310734463276,-0.5000000000000001,-0.32228247258946147,-0.3460660985923269,-0.431640625
16636,0.9689265536723164,0.16096404744368117,0.7854499093331017,0.19075709490216042,-0.025390625
16637,-0.17796610169491525,0.16096404744368117,0.15172586044982814,0.22809526306144287,-0.0546875
16638,-0.2062146892655367,1.0000000000000002,0.5363712424600448,0.6347923763412154,0.458984375
16639,-0.1807909604519774,0.16096404744368117,0.37223811169168136,0.31247464900809724,0.306640625
16640,0.8531073446327684,-0.5000000000000001,-0.8361750313862212,-0.7215466248811899,-0.431640625
16641,0.02824858757062147,-0.20751874963942185,-0.2378805444014442,-0.1320609861045676,0.732421875
16642,-0.2570621468926554,0.0,0.11502979864530735,0.06258678093439042,0.37109375
16643,0.423728813559322,-0.20751874963942185,0.032868655638277025,0.03832139694718311,-0.0859375
16644,0.23163841807909605,-0.20751874963942185,-0.02121223903043632,0.19075709490216042,-0.36328125
16645,1.807909604519774,-0.5000000000000001,-0.8954106027187128,-0.6796987429630209,-0.431640625
16646,1.0,-0.5000000000000001,-0.13046124875224777,-0.25926775148775905,-0.431640625
16647,0.20903954802259886,0.16096404744368117,-0.2500856196573196,-0.27983086331062224,0.30078125
16648,-0.1497175141242938,0.0,-0.13517726333369154,-0.11588526199269454,0.638671875
16649,1.2005649717514124,-0.5000000000000001,-0.5523416143555296,-0.4756102607271456,-0.431640625
16650,-0.06779661016949153,0.5,0.42106490809135827,0.2717510560243111,0.443359375
16651,1.387005649717514,-0.5000000000000001,-0.9817929190906783,-1.1419776163564517,-0.431640625
16652,-0.10451977401129943,1.04373142062517,1.5989981018996358,0.6063549635431924,0.689453125
16653,-0.2231638418079096,-0.20751874963942185,0.17786300933334526,0.23708140825560817,-0.32421875
16654,0.12994350282485875,0.5849625007211564,0.2852244771482063,0.20971344100017061,0.48828125
16655,-0.22033898305084745,0.9036774610288021,1.064347823893618,1.325364587696384,0.857421875
16656,-0.2062146892655367,1.4770981551934377,1.576803330623676,-0.42043099147526186,0.9609375
16657,-0.24293785310734464,0.16096404744368117,0.004080991699748468,0.7522860017726577,0.046875
16658,0.7711864406779662,0.4036774610288021,-0.1211297548138818,0.05057542395069435,0.05859375
16659,0.2655367231638418,-0.5000000000000001,-1.6358758250611276,-1.6559092740307801,-0.431640625
16660,-0.2231638418079096,0.5,0.4108221972114208,-0.4756102607271456,0.892578125
16661,1.2570621468926553,0.16096404744368117,0.03839486440046233,0.06258678093439042,-0.076171875
16662,0.844632768361582,-0.5000000000000001,-0.9271232458284063,-0.27983086331062224,-0.431640625
16663,1.7909604519774012,-0.5000000000000001,-0.8804284019845536,-1.9018456381848245,-0.431640625
16664,1.3389830508474576,-0.5000000000000001,-1.0983687816782515,-0.9895419184014743,-0.431640625
16665,0.7542372881355932,-0.5000000000000001,-0.9849038224635058,-0.925635107117065,-0.431640625
16666,-0.21468926553672316,-0.20751874963942185,-0.7337349007700573,-0.04090675883341514,0.744140625
16667,-0.07627118644067797,-0.20751874963942185,-0.22587432079478928,0.08591864614335176,-0.009765625
16668,-0.22598870056497175,0.9036774610288021,-0.003267516514720758,-0.27983086331062224,0.771484375
16669,-0.2033898305084746,0.0,0.23445062891084864,0.6836986405906643,-0.32421875
16670,-0.2231638418079096,1.1961587113893803,1.1831065768250335,1.048238027199067,0.9609375
16671,-0.18926553672316385,0.0,0.35501783750181487,-1.4814146467095628,-0.166015625
16672,-0.2627118644067797,1.1961587113893803,1.1900027070899466,-0.42043099147526186,0.083984375
16673,1.6497175141242937,-0.5000000000000001,-0.8611382457060348,-0.5052041156418035,-0.431640625
16674,-0.11581920903954802,-0.20751874963942185,-0.5564041429216289,0.40709960414154694,-0.345703125
16675,0.9774011299435028,-0.20751874963942185,-0.1882160496106427,-0.44739337282027586,-0.359375
16676,-0.1751412429378531,0.4036774610288021,0.5322828482011621,0.5120450194302928,0.3203125
16677,0.8926553672316384,-0.20751874963942185,0.007829165456499112,0.0,0.0390625
16678,-0.2627118644067797,0.8502198590705463,0.6785999655492005,0.4269883927082576,0.115234375
16679,0.7655367231638418,0.0,-0.14272285097542992,-0.6405526637590393,-0.078125
16680,-0.14689265536723164,0.0,-0.029128127998250666,-0.3698555675245675,0.52734375
16681,-0.06497175141242938,0.5,0.4226525069024467,-0.42043099147526186,0.6796875
16682,-0.2570621468926554,0.29248125036057815,0.09006085727118701,-0.6405526637590393,-0.07421875
16683,1.2372881355932204,-0.5000000000000001,-0.5292095134421985,-0.5363162534679564,-0.431640625
16684,-0.2570621468926554,1.9036774610288025,2.730098703193196,0.8441495449631917,0.990234375
16685,-0.096045197740113,-0.20751874963942185,-0.5226431035560481,0.17118914935083235,-0.431640625
16686,-0.13559322033898305,1.04373142062517,0.918317533786895,1.5050276893152428,0.908203125
16687,0.8333333333333334,-0.5000000000000001,-0.9045866178169001,-0.9895419184014743,-0.431640625
16688,-0.2655367231638418,0.16096404744368117,0.19858096404025088,0.08591864614335176,-0.31640625
16689,-0.05649717514124294,-0.20751874963942185,-0.38208452935685394,-0.7664970900675887,-0.41796875
16690,-0.06497175141242938,0.16096404744368117,-0.4775229180946345,-0.7664970900675887,0.30859375
16691,0.9124293785310734,-0.20751874963942185,-0.8378585066140974,-0.8150472910802568,-0.15234375
16692,0.4548022598870056,0.16096404744368117,0.420673514931538,-1.4814146467095628,-0.0703125
16693,-0.07627118644067797,0.29248125036057815,0.16311728753147464,0.7169427795800003,0.716796875
16694,1.7740112994350283,-0.5000000000000001,-1.1537734292428579,-1.4814146467095628,-0.431640625
16695,1.3163841807909604,-0.20751874963942185,-0.8005360067100253,-0.23937896292104863,-0.431640625
16696,0.11299435028248588,0.16096404744368117,-0.14707278130178658,-1.0609836552343013,-0.2109375
16697,0.4124293785310734,-0.5000000000000001,-1.0815022783400652,-0.4756102607271456,-0.431640625
16698,0.3700564971751412,-0.20751874963942185,0.4433159674691529,-1.346066098592327,-0.37890625
16699,0.8050847457627118,0.5,0.07250758750138263,0.07436489288293499,0.26171875
16700,-0.2457627118644068,1.3502198590705465,1.2336578024427438,1.0598359657595535,0.9921875
16701,-0.2457627118644068,1.3774437510817346,1.2953488112585614,0.736831568146711,0.994140625
16702,0.903954802259887,0.16096404744368117,0.13124534967809454,0.37242995637284404,0.1875
16704,1.4774011299435028,-0.20751874963942185,-0.14204262715959456,0.06258678093439042,-0.326171875
16705,-0.268361581920904,1.7131323773510494,2.082018707573104,1.3133828903154632,0.994140625
16706,-0.1638418079096045,0.0,-0.26052484651561114,0.5232778164932019,-0.28125
16707,0.8615819209039548,0.16096404744368117,-0.2584703167971417,0.20971344100017061,0.037109375
16708,-0.14124293785310735,-0.5000000000000001,-0.14809910530453488,-0.3011156334059281,-0.431640625
16709,-0.031073446327683617,0.9534452978042595,1.2470545427225634,0.951998964897582,0.830078125
16710,-0.21468926553672316,1.2617809780285068,1.0210736374154397,1.4961402965224204,0.966796875
16711,-0.2598870056497175,0.6609640474436815,0.6356119456943277,-0.3231745627721683,1.001953125
16712,-0.24293785310734464,0.9036774610288021,0.842537898280045,1.1414040430688523,0.333984375
16713,-0.2175141242937853,1.5221970596792271,1.4831447757901433,1.4961402965224204,0.947265625
16714,0.3474576271186441,0.16096404744368117,0.28995322643272237,0.44624568334552855,0.451171875
16715,-0.0480225988700565,-0.20751874963942185,-0.17387896978955608,-0.3011156334059281,0.513671875
16716,0.4830508474576271,0.0,0.4822221508710367,-1.0609836552343013,0.279296875
16717,-0.2033898305084746,0.9534452978042595,1.0838924044897764,1.0845966978399815,0.953125
16718,0.7740112994350282,0.29248125036057815,0.6605283883464924,0.6014830200294751,0.279296875
16719,-0.2288135593220339,0.9534452978042595,0.743494344061674,0.9064148025895307,0.958984375
16720,-0.19491525423728814,0.0,-0.07131886634913229,0.6347923763412154,0.927734375
16721,0.4717514124293785,-0.5000000000000001,-0.5773224867993838,-0.11588526199269454,-0.431640625
16722,-0.22033898305084745,1.2617809780285068,1.1935620646148217,0.700548438163026,0.97265625
16723,-0.011299435028248588,0.16096404744368117,0.18599695850560177,0.5232778164932019,0.826171875
16724,0.8728813559322034,-0.5000000000000001,-0.9402281892127724,-0.5691109269262127,-0.431640625
16725,0.5847457627118644,0.9534452978042595,0.35375654937026746,1.0095601484864436,0.396484375
16726,-0.19491525423728814,0.5,0.46056489723166694,0.7209730515935905,0.3203125
16727,0.7598870056497176,0.16096404744368117,0.24571552857313736,0.7522860017726577,0.201171875
16728,-0.1384180790960452,0.16096404744368117,0.10044304954586597,0.9464848023170704,-0.005859375
16729,-0.16101694915254236,1.229715809318649,1.125458855016732,0.9892551995559381,-0.03515625
16730,-0.12146892655367232,0.0,-0.08237699113418996,0.3045457294825673,0.08984375
16731,1.5621468926553672,-0.5000000000000001,-0.863709541848127,-0.06979572847822901,-0.431640625
16732,-0.1807909604519774,0.16096404744368117,0.8616369196071907,0.8914374069012179,0.935546875
16733,1.2259887005649717,-0.5000000000000001,-0.6403504254557895,-0.7664970900675887,-0.431640625
16734,-0.12146892655367232,0.0,-0.15614355865396137,-0.013331387333714908,-0.310546875
16735,-0.0480225988700565,0.9534452978042595,1.0470232787021034,0.824151457593332,0.84375
16736,1.1581920903954803,0.29248125036057815,0.65169519436062,0.5662376211910235,0.01953125
16737,-0.11864406779661017,-0.20751874963942185,-0.020308113803260384,-1.9018456381848245,0.591796875
16738,0.5706214689265536,-0.5000000000000001,-2.770941336780508,-1.9018456381848245,-0.431640625
16739,0.2288135593220339,-0.20751874963942185,-0.052275545434098396,-0.1833495832196537,0.271484375
16740,0.847457627118644,-0.5000000000000001,-0.7118158123285038,-0.23937896292104863,-0.431640625
16741,1.497175141242938,-0.5000000000000001,-0.8552068256708875,-0.8150472910802568,-0.431640625
16742,-0.1384180790960452,0.9534452978042595,0.6227380454765092,0.07436489288293499,0.890625
16743,-0.1864406779661017,0.9534452978042595,0.8399281507826503,0.5765184386087194,0.67578125
16744,-0.23728813559322035,0.5,0.21151227549656976,0.8883970310794748,-0.115234375
16745,-0.025423728813559324,1.0849625007211563,1.1236375826784488,0.712885549024819,0.0078125
16746,-0.2570621468926554,1.7131323773510494,1.6138334180348974,1.2980650634899091,0.99609375
16747,-0.1638418079096045,-0.20751874963942185,-0.019761291209642345,-0.16576708528869222,-0.373046875
16748,-0.22033898305084745,0.9534452978042595,0.7618967376374087,0.11931535806933405,0.958984375
16749,1.4011299435028248,-0.20751874963942185,0.8330313684592717,0.09725642870309359,-0.171875
16750,-0.1440677966101695,0.29248125036057815,-0.17523071626389633,0.29651178810473844,-0.064453125
16751,-0.18361581920903955,-0.5000000000000001,0.3773054729456735,-0.3698555675245675,-0.431640625
16752,0.7824858757062146,-0.5000000000000001,-0.7591667786025165,-0.925635107117065,-0.431640625
16753,-0.10451977401129943,-0.5000000000000001,-0.7188409315504859,-0.16576708528869222,-0.431640625
16754,0.7824858757062146,1.4534452978042598,2.299557854835158,-0.10012973443828277,0.09375
16755,0.05367231638418079,0.5,0.6349070099831939,0.9492481497227456,0.771484375
16756,0.3361581920903955,0.5,0.21986455212494244,0.20971344100017061,0.400390625
16757,0.6299435028248588,-0.20751874963942185,-0.6187554580231773,-0.7215466248811899,-0.25390625
16758,-0.0847457627118644,-0.5000000000000001,-0.4535633875726854,-0.42043099147526186,-0.431640625
16759,-0.24858757062146894,0.0,-0.05001046420524189,-0.06979572847822901,-0.38671875
16760,0.9463276836158192,-0.5000000000000001,-0.7092777163045735,-0.5691109269262127,-0.431640625
16761,0.002824858757062147,-0.5000000000000001,-0.5352547067624445,-0.7215466248811899,-0.431640625
16762,-0.21468926553672316,0.0,0.17548203236450188,0.07436489288293499,-0.1875
16763,0.2909604519774011,-0.20751874963942185,0.056286790163035054,-0.013331387333714908,0.623046875
16764,-0.2598870056497175,0.9036774610288021,0.6210411864204393,0.9210312618158757,-0.158203125
16765,0.5621468926553672,-0.20751874963942185,-0.343168885447943,0.08591864614335176,-0.259765625
16766,0.5028248587570622,-0.20751874963942185,0.14762647614602126,-0.5691109269262127,-0.431640625
16767,-0.18361581920903955,1.0000000000000002,1.1848662419971479,0.9210312618158757,0.662109375
16768,-0.13559322033898305,0.6609640474436815,0.3569933922018517,0.5232778164932019,0.90625
16769,0.4661016949152542,0.16096404744368117,0.13421305932820118,0.31247464900809724,0.4765625
16770,-0.10734463276836158,0.6609640474436815,0.38156942124501503,0.9004681499930124,0.3828125
16771,-0.1751412429378531,0.7297158093186489,0.805699993988164,1.145407712433091,0.9296875
16772,0.9265536723163842,0.0,0.7707013868049476,0.1083861667722219,0.150390625
16773,-0.10734463276836158,0.0,-0.3837951844453388,0.09725642870309359,0.888671875
16774,-0.07909604519774012,0.5849625007211564,0.3142936401303362,0.40709960414154694,0.728515625
16775,-0.2401129943502825,1.04373142062517,0.6267059950977034,0.6439827598356785,0.412109375
16776,-0.09887005649717515,-0.20751874963942185,-0.20267233432055332,0.5063496376186134,0.26171875
16777,-0.0423728813559322,0.29248125036057815,0.21162335438393623,0.6111880863774223,0.646484375
16778,-0.059322033898305086,-0.20751874963942185,-0.6691552672055261,-0.6037805746949155,-0.041015625
16779,-0.2627118644067797,1.8774437510817346,1.9317947218112885,1.1251197440517509,1.001953125
16780,0.014124293785310734,0.0,-0.19919710398950222,0.2883700053706945,0.16796875
16781,0.7824858757062146,-0.20751874963942185,-0.17602295545248867,-0.1320609861045676,0.1484375
16782,-0.2401129943502825,1.6427011094311244,1.2800805403365454,1.5330440304500967,0.974609375
16783,0.963276836158192,-0.5000000000000001,-0.42203879721135706,-0.3460660985923269,-0.431640625
16784,-0.21468926553672316,0.29248125036057815,0.014848379123896215,0.6707468237990215,0.744140625
16785,0.8870056497175142,-0.5000000000000001,-0.2581021384503154,-0.1486799354509508,-0.431640625
16786,0.8418079096045198,-0.5000000000000001,-1.4893766746298644,-1.9018456381848245,-0.431640625
16787,0.8531073446327684,0.16096404744368117,0.08462044785700819,0.4889354164834149,0.15625
16788,0.07909604519774012,0.29248125036057815,0.4246103822227805,1.2291389462092908,0.63671875
16789,-0.2457627118644068,-0.5000000000000001,-1.2569041986980538,-1.2354782825555186,-0.431640625
16790,-0.2598870056497175,0.4036774610288021,0.30682749059446174,0.4003223972506149,-0.365234375
16791,-0.1864406779661017,1.0000000000000002,0.8067801658992728,1.3027011653450429,0.94921875
16792,0.5282485875706214,0.29248125036057815,-0.17563094774218554,0.4138019232360459,0.392578125
16793,-0.10734463276836158,-0.5000000000000001,-0.6736984735485185,-0.6037805746949155,-0.431640625
16794,-0.2655367231638418,1.0000000000000002,0.4576768336229208,1.0170026186263386,0.78515625
16795,0.7627118644067796,0.0,0.46018605486095054,1.1513640978415478,0.189453125
16796,-0.01694915254237288,-0.5000000000000001,-0.5540045412788579,-0.5363162534679564,-0.431640625
16797,0.8418079096045198,0.29248125036057815,0.388425891364273,1.116810659232399,0.240234375
16798,1.2966101694915255,0.0,-0.016530005920744478,0.6836986405906643,-0.08984375
16799,0.9519774011299436,-0.20751874963942185,-0.3454733034911283,0.35063526299703285,-0.390625
16800,-0.23728813559322035,-0.5000000000000001,0.1554785554931902,0.712885549024819,-0.431640625
16801,0.192090395480226,0.16096404744368117,0.3232896279558841,0.2801174466877641,-0.216796875
16802,1.6497175141242937,-0.20751874963942185,-0.21162054264003605,0.03832139694718311,-0.33203125
16803,-0.0847457627118644,-0.5000000000000001,-0.5096208556292408,-0.3698555675245675,-0.431640625
16804,-0.2033898305084746,0.0,-0.2549185926757211,0.16116323998750257,0.05078125
16805,0.22033898305084745,0.29248125036057815,0.12183751967446697,0.9324760109055547,0.658203125
16806,0.022598870056497175,0.16096404744368117,-0.06892958749423006,0.24593636415404438,-0.166015625
16807,0.1327683615819209,0.4036774610288021,0.4758020276712319,0.5176874201783555,0.5078125
16808,0.011299435028248588,-0.20751874963942185,-0.5847149095952946,-0.44739337282027586,-0.08984375
16809,-0.2033898305084746,0.6609640474436815,0.36595069312269274,0.5504820936366117,0.705078125
16810,0.2740112994350282,-0.20751874963942185,-0.015974430976548087,-0.16576708528869222,0.013671875
16811,-0.2570621468926554,-0.20751874963942185,-0.24504374115507643,-0.3231745627721683,-0.40625
16812,0.748587570621469,0.16096404744368117,0.5390165048869716,0.46491034696307426,-0.388671875
16813,-0.2457627118644068,0.7297158093186489,0.3422715449132209,1.0243548747842963,-0.048828125
16814,-0.2288135593220339,1.6047266828144753,1.3934344020500478,1.021914011504737,0.7265625
16815,1.0112994350282485,-0.20751874963942185,-0.4033243684622086,0.22809526306144287,-0.26953125
16816,0.022598870056497175,0.16096404744368117,-0.38908763599108703,-0.27983086331062224,0.06640625
16817,-0.2627118644067797,0.9036774610288021,0.5752555728191706,0.5176874201783555,0.40625
16818,-0.2401129943502825,0.7924812503605783,0.7180660194450377,0.8034714873351904,-0.05078125
16819,1.0451977401129944,-0.20751874963942185,-0.8268505703129341,-0.5691109269262127,-0.431640625
16820,0.0,-0.5000000000000001,-0.2953561537569638,-0.3231745627721683,-0.431640625
16821,0.807909604519774,-0.5000000000000001,-1.0787036942753814,-1.0609836552343013,-0.431640625
16822,1.6694915254237288,-0.5000000000000001,-0.8303390551510179,-0.8150472910802568,-0.431640625
16823,0.3728813559322034,0.5,0.504839100133513,0.7169427795800003,0.564453125
16824,-0.22598870056497175,0.0,-0.12467086441090831,-0.16576708528869222,0.306640625
16825,-0.16101694915254236,0.29248125036057815,0.39571338994557964,0.03832139694718311,0.537109375
16826,-0.12429378531073447,-0.5000000000000001,-0.4948256658046821,-0.42043099147526186,-0.431640625
16827,0.8418079096045198,0.29248125036057815,-0.42179517484568896,-0.8678243642955378,-0.048828125
16828,-0.005649717514124294,-0.20751874963942185,-1.0125184795137423,-0.9895419184014743,-0.39453125
16829,0.17231638418079095,-0.20751874963942185,-0.2788539111647647,-0.3460660985923269,0.021484375
16830,-0.16101694915254236,0.16096404744368117,0.1755964926459718,0.21897398280902985,0.912109375
16831,1.3248587570621468,-0.5000000000000001,-1.1897867531526425,-1.1419776163564517,-0.431640625
16832,0.2514124293785311,0.29248125036057815,-0.38838824514275266,-0.5052041156418035,0.103515625
16833,-0.2655367231638418,0.4036774610288021,0.5427910671982443,0.39346861013024786,0.783203125
16834,0.3728813559322034,-0.20751874963942185,0.018781853909429488,-0.02696238134501425,0.44140625
16835,0.09322033898305085,0.4036774610288021,0.2753142737258948,0.1509688200781701,0.4296875
16836,-0.15819209039548024,0.16096404744368117,-0.055025449215591514,-0.04090675883341514,0.61328125
16837,-0.1807909604519774,0.7924812503605783,0.6889280238103286,0.6014830200294751,-0.013671875
16838,0.288135593220339,0.16096404744368117,0.15408700005382744,0.09725642870309359,0.478515625
16839,-0.2457627118644068,1.7459265481648374,1.7133200304296154,0.6439827598356785,0.853515625
16840,1.4350282485875707,-0.20751874963942185,-0.9678258171416751,-0.925635107117065,-0.29296875
16841,-0.16666666666666666,0.8502198590705463,0.8132487288563792,0.8539066514387023,0.857421875
16842,0.014124293785310734,0.0,0.19998294475651424,0.0,-0.037109375
16843,-0.1497175141242938,1.5849625007211563,1.656976103596132,1.1727169932479196,0.91015625
16844,1.3192090395480225,-0.20751874963942185,-0.18345735476151395,-0.3231745627721683,-0.392578125
16845,1.4774011299435028,-0.5000000000000001,-0.6523199938648065,-0.4756102607271456,-0.431640625
16846,-0.1271186440677966,0.0,-0.015741010123723566,0.025814691870266956,0.71875
16847,-0.14689265536723164,-0.20751874963942185,-0.18298209076071087,-0.11588526199269454,0.69140625
16848,-0.12146892655367232,0.16096404744368117,0.2586179384560325,0.3045457294825673,0.310546875
16849,0.2570621468926554,-0.5000000000000001,-1.0289122529170467,-0.9895419184014743,-0.431640625
16850,0.672316384180791,-0.5000000000000001,-0.5094453192604762,-0.5052041156418035,-0.431640625
16851,-0.2570621468926554,0.0,-0.4936627353100962,-0.5691109269262127,-0.33984375
16852,-0.2401129943502825,-0.20751874963942185,-0.9490504509813821,-0.925635107117065,-0.107421875
16854,0.9096045197740112,-0.20751874963942185,0.2576152941416783,0.2801174466877641,0.00390625
16855,-0.2033898305084746,-0.20751874963942185,-0.5158821488179753,-0.5052041156418035,-0.392578125
16856,-0.2288135593220339,0.0,-0.4693813818797617,-0.6037805746949155,0.404296875
16857,0.980225988700565,-0.5000000000000001,-0.47786862676838565,-0.8150472910802568,-0.431640625
16858,0.7711864406779662,0.7297158093186489,0.8499889675088991,0.3045457294825673,0.263671875
16859,0.1384180790960452,0.5,0.42556874032948755,0.39346861013024786,0.546875
16860,1.0084745762711864,0.0,0.32872733090078665,-0.1486799354509508,-0.021484375
16861,-0.1016949152542373,0.29248125036057815,0.04621603565816374,-0.08477312416654154,0.4453125
16862,1.2768361581920904,0.16096404744368117,-0.14350819006763135,-0.16576708528869222,-0.130859375
16863,-0.1807909604519774,0.0,-0.02090007848646439,-0.02696238134501425,0.306640625
16864,0.9576271186440678,-0.20751874963942185,-0.39911951741089674,-0.5691109269262127,-0.111328125
16865,0.864406779661017,-0.5000000000000001,-1.0025483329879683,-0.6405526637590393,-0.431640625
16866,0.1271186440677966,0.0,-0.7585547992877224,-0.8678243642955378,-0.390625
16867,1.6779661016949152,-0.5000000000000001,-1.2839850064016227,-1.1419776163564517,-0.431640625
16868,0.844632768361582,0.0,-0.4321384089388962,0.025814691870266956,-0.04296875
16869,-0.2062146892655367,0.16096404744368117,-0.03193618247742276,0.5504820936366117,-0.1328125
16870,1.0564971751412429,-0.5000000000000001,-0.34855361124932044,-0.27983086331062224,-0.431640625
16871,-0.2062146892655367,0.4036774610288021,0.6251011879414629,0.6394049742842918,0.052734375
16872,-0.05084745762711865,0.4036774610288021,0.17806897656663928,-0.7664970900675887,0.322265625
16873,-0.2570621468926554,0.8502198590705463,1.501727172314063,1.0340212738892869,0.865234375
16874,0.8022598870056498,-0.5000000000000001,-0.7531036619830299,-0.22012167228377744,-0.431640625
16875,-0.07909604519774012,0.7924812503605783,0.8427464274618274,0.7636237843323993,0.810546875
16876,0.8700564971751412,-0.5000000000000001,-0.9825301130566991,-0.20145700866623173,-0.431640625
16877,-0.2344632768361582,0.4036774610288021,-0.013092247308546405,0.5397463495445953,-0.048828125
16878,-0.031073446327683617,-0.5000000000000001,-2.1846570213040986,-1.4814146467095628,-0.431640625
16880,-0.18361581920903955,0.5849625007211564,0.39171718581850506,0.6347923763412154,0.47265625
16881,-0.08192090395480225,-0.5000000000000001,-0.37040894550488046,-1.9018456381848245,-0.431640625
16882,-0.08192090395480225,0.0,-0.11025380717894037,-0.08477312416654154,0.05859375
16883,0.2598870056497175,1.1609640474436813,0.5055426750413363,0.7560888587839819,0.638671875
16884,-0.1638418079096045,0.16096404744368117,0.11182379198688949,0.20971344100017061,0.609375
16885,-0.22598870056497175,0.16096404744368117,-0.12594183505654344,0.5916201408260943,0.291015625
16886,1.0197740112994351,-0.5000000000000001,-0.9903920667589649,-0.9895419184014743,-0.431640625
16887,-0.1694915254237288,0.0,-0.14685484143303593,0.4398942775998032,0.94140625
16888,0.8615819209039548,0.0,-0.3677129744878958,-0.013331387333714908,0.15625
16889,0.2796610169491525,0.4036774610288021,0.5681373321468745,0.7710662544722947,0.29296875
16890,1.076271186440678,0.0,-0.5902763534096287,-0.5691109269262127,-0.224609375
16891,-0.2655367231638418,0.7924812503605783,0.36610763386778666,1.2061137051739017,1.001953125
16892,-0.2655367231638418,0.5,-0.07411998957333782,0.5815942314627645,0.994140625
16893,0.7655367231638418,-0.20751874963942185,-0.6607134385030127,0.343192792857138,-0.412109375
16894,1.1497175141242937,0.0,0.21766877845007102,0.8506716906696332,-0.3671875
16895,-0.08757062146892655,0.29248125036057815,0.1274375894456196,0.6575123997308701,0.7421875
16896,1.2994350282485876,-0.5000000000000001,-1.1243354101257423,-0.5363162534679564,-0.431640625
16897,0.576271186440678,-0.20751874963942185,-0.5822210421303033,-0.11588526199269454,-0.404296875
16898,-0.19491525423728814,0.29248125036057815,0.010591552650382276,0.9601773410198573,0.642578125
16899,-0.24858757062146894,0.5849625007211564,0.356116273522653,0.48301777240965205,0.330078125
16900,-0.2231638418079096,0.0,0.011730839827089804,0.3280281603386806,-0.33984375
16901,1.7909604519774012,-0.5000000000000001,-0.7674981553563797,-0.3946162996049949,-0.431640625
16902,0.059322033898305086,-0.5000000000000001,0.3595880720754308,-0.02696238134501425,-0.431640625
16903,-0.1864406779661017,0.0,0.09712213214510289,0.712885549024819,0.322265625
16904,-0.2570621468926554,1.229715809318649,0.8954169109540747,1.4287418012987203,0.36328125
16905,-0.2542372881355932,1.0849625007211563,0.898978033614405,0.7999552241171083,0.982421875
16906,-0.03954802259887006,0.5,0.25835426785471427,0.8308910125579702,0.533203125
16907,-0.1864406779661017,0.6609640474436815,0.28048222953269886,0.5288171582474838,0.5390625
16908,1.771186440677966,-0.5000000000000001,-0.6550192040114667,-0.4756102607271456,-0.431640625
16909,-0.06497175141242938,-0.5000000000000001,-0.4396695240060219,-0.5363162534679564,-0.431640625
16910,-0.2570621468926554,0.5849625007211564,0.2940663671574059,1.1746214020539263,-0.26171875
16911,1.5254237288135593,-0.20751874963942185,-0.6494683083779702,-0.23937896292104863,-0.380859375
16912,-0.18926553672316385,1.0000000000000002,0.8703972269432546,0.6347923763412154,0.939453125
16913,0.5508474576271186,0.0,-0.38044195111447754,-0.5363162534679564,0.2734375
16914,-0.16666666666666666,-0.5000000000000001,-0.823471182463441,-0.3460660985923269,-0.431640625
16915,-0.24293785310734464,0.7924812503605783,0.30598758513711205,0.1083861667722219,0.662109375
16916,-0.2033898305084746,0.16096404744368117,0.020587540298332912,0.8308910125579702,0.333984375
16917,0.5112994350282486,-0.20751874963942185,0.40293685604266655,0.0,0.263671875
16918,-0.12994350282485875,1.04373142062517,0.694858500962984,1.0976882932328629,0.91015625
16919,0.17231638418079095,1.3219280948873624,0.9214236878947163,0.9788420046374029,0.1953125
16920,0.8926553672316384,-0.5000000000000001,-0.47389901497699066,-0.3946162996049949,-0.431640625
16921,-0.096045197740113,0.0,-0.3991713871387212,0.3280281603386806,0.62109375
16922,1.347457627118644,-0.5000000000000001,-0.18628312479908057,0.5965716271510767,-0.431640625
16923,-0.2344632768361582,1.5221970596792271,1.4457431208345328,1.3585494031288792,0.8671875
16924,-0.20903954802259886,0.0,-0.02369693249228746,0.2546639061865699,-0.30859375
16925,1.2570621468926553,-0.5000000000000001,-1.0243565197559419,-0.5363162534679564,-0.431640625
16926,0.7796610169491526,0.29248125036057815,0.15865084408034666,0.20030931919148418,-0.12890625
16927,0.05649717514124294,0.0,-0.24895997885859772,-1.2354782825555186,0.048828125
16928,-0.0423728813559322,1.4534452978042598,0.7986419588413254,0.6575123997308701,0.728515625
16929,-0.2598870056497175,0.5,0.2129421849067783,0.07436489288293499,-0.134765625
16930,-0.19491525423728814,0.0,-0.44001948583641115,0.025814691870266956,-0.349609375
16931,-0.2542372881355932,1.2924812503605785,0.9345374185792386,1.4058021625635568,0.333984375
16932,-0.11864406779661017,0.0,-0.3948575917971675,0.5662376211910235,0.580078125
16933,-0.2655367231638418,0.6609640474436815,0.6767688838689714,0.9324760109055547,0.9921875
16934,-0.11581920903954802,0.4036774610288021,0.46550374072606754,0.6254605967958908,0.67578125
16935,0.807909604519774,0.0,-0.26101471575038776,0.11931535806933405,-0.353515625
16936,-0.1977401129943503,-0.20751874963942185,-0.24386091130988358,0.5965716271510767,0.271484375
16937,1.1412429378531073,-0.5000000000000001,-0.7886732115063408,0.05057542395069435,-0.431640625
16938,-0.2457627118644068,0.6609640474436815,1.1097288205764324,1.5028180194527494,0.841796875
16939,1.1101694915254237,0.0,-0.3681409660890535,-0.10012973443828277,-0.1171875
16940,-0.12146892655367232,0.5849625007211564,1.0647120426265715,1.2496441227241737,0.89453125
16941,1.4576271186440677,-0.5000000000000001,-1.723923375794788,-1.6559092740307801,-0.431640625
16942,-0.2344632768361582,0.6609640474436815,0.41797032787893934,0.7560888587839819,-0.01171875
16943,0.327683615819209,0.29248125036057815,0.21462193133413976,-0.3698555675245675,0.375
16944,1.4519774011299436,-0.5000000000000001,-1.1376281191935294,-1.0609836552343013,-0.431640625
16945,-0.20903954802259886,1.54373142062517,1.216357082258686,0.9814621111151631,0.953125
16946,0.8135593220338984,0.29248125036057815,0.1819585789305506,0.2546639061865699,0.083984375
16947,0.3954802259887006,0.29248125036057815,0.05103329803598,0.06258678093439042,0.37109375
16948,0.12146892655367232,0.5,0.0006304749518767156,-0.4756102607271456,0.580078125
16949,-0.2598870056497175,0.4036774610288021,0.20918664249653665,0.14060012816463935,0.1796875
16950,-0.11016949152542373,0.7297158093186489,0.7477380763085036,0.5397463495445953,0.794921875
16951,0.11016949152542373,0.0,0.2056540581199932,0.2883700053706945,-0.099609375
16952,0.03954802259887006,0.29248125036057815,-0.04596280571706259,0.31247464900809724,0.77734375
16953,-0.18361581920903955,-0.5000000000000001,-1.960354608828988,-1.9018456381848245,-0.431640625
16954,-0.268361581920904,1.1961587113893803,1.0353009540563007,0.3652517222233779,0.916015625
16955,0.2514124293785311,0.4036774610288021,0.13576189513576684,-0.1833495832196537,0.53125
16956,-0.22033898305084745,-0.5000000000000001,-0.5486189269830151,-0.6037805746949155,-0.431640625
16957,0.4067796610169492,-0.20751874963942185,-0.3896223361521762,-0.6405526637590393,-0.349609375
16958,0.96045197740113,-0.5000000000000001,-0.05766678692731543,0.2546639061865699,-0.431640625
16959,-0.022598870056497175,-0.5000000000000001,-1.0604135227341378,-1.0609836552343013,-0.431640625
16960,-0.16101694915254236,0.5849625007211564,0.44141784961104163,1.2043057941292026,0.7578125
16961,0.059322033898305086,0.0,-0.046811332903683146,0.08591864614335176,0.380859375
16962,0.8870056497175142,-0.5000000000000001,-0.6582806606968536,-0.6405526637590393,-0.431640625
16963,0.2598870056497175,-0.5000000000000001,-1.091891587816502,-1.0609836552343013,-0.431640625
16964,1.8022598870056497,-0.20751874963942185,-0.7582745438839432,-1.1419776163564517,-0.431640625
16965,0.3700564971751412,-0.5000000000000001,-0.7755146344104841,-0.3231745627721683,-0.431640625
16966,-0.2457627118644068,0.5,0.48352900676946536,-0.9895419184014743,0.021484375
16967,0.2655367231638418,-0.5000000000000001,-0.5312501990943783,-0.44739337282027586,-0.431640625
16968,-0.2570621468926554,-0.20751874963942185,-0.36135823705381775,-0.22012167228377744,-0.23046875
16969,-0.15819209039548024,0.0,-0.15315446574804123,-0.04090675883341514,-0.134765625
16970,1.5,-0.5000000000000001,-1.3218414196010577,-1.6559092740307801,-0.431640625
16971,-0.16101694915254236,-0.5000000000000001,-0.4712788691632008,-0.06979572847822901,-0.431640625
16972,0.8107344632768362,-0.20751874963942185,-0.07818281792124025,0.1083861667722219,-0.287109375
16973,0.8220338983050848,-0.5000000000000001,-1.0187161763442412,-1.1419776163564517,-0.431640625
16974,1.2062146892655368,-0.20751874963942185,-0.4591080275554508,-1.2354782825555186,-0.349609375
16975,0.9265536723163842,0.0,0.03459854325115459,-0.013331387333714908,-0.271484375
16976,0.4858757062146893,-0.5000000000000001,-0.6572685222071875,-1.6559092740307801,-0.431640625
16977,0.847457627118644,0.16096404744368117,-0.29707662886931396,-0.3460660985923269,0.029296875
16978,-0.05084745762711865,0.0,-0.0642658944498958,0.21897398280902985,0.71875
16979,-0.2598870056497175,0.6609640474436815,0.6339891947765467,0.35798751915499055,0.44140625
16980,0.4519774011299435,0.0,0.26282272672123397,0.42043099147526186,-0.09375
16982,-0.09887005649717515,-0.5000000000000001,-0.4328287141935789,-0.42043099147526186,-0.431640625
16983,-0.2344632768361582,0.7924812503605783,0.7399879763036848,0.7249767209578292,0.416015625
16984,-0.01977401129943503,0.6609640474436815,1.3181222894534208,1.6247367856044643,0.650390625
16985,-0.22033898305084745,1.2924812503605785,1.3467645132944694,0.6347923763412154,0.958984375
16986,-0.1864406779661017,0.7924812503605783,0.9191537089066747,0.21897398280902985,0.826171875
16987,-0.2598870056497175,0.7924812503605783,0.567031281097927,0.740732248512241,1.001953125
16988,-0.2542372881355932,-0.20751874963942185,-0.43475248280219514,-0.4756102607271456,0.298828125
16989,-0.24858757062146894,0.4036774610288021,0.14186563543245112,-1.0609836552343013,-0.15234375
16990,0.3474576271186441,-0.20751874963942185,-0.4912673718637945,-1.9018456381848245,-0.033203125
16991,0.9209039548022598,-0.5000000000000001,0.09684657769301776,0.29651178810473844,-0.431640625
16992,-0.2401129943502825,0.9036774610288021,0.9795355558734657,0.9296350047447086,0.849609375
16993,1.03954802259887,-0.20751874963942185,0.43064557652933316,-0.5052041156418035,-0.2109375
16996,-0.18361581920903955,0.6609640474436815,0.4757344289713473,-0.20145700866623173,0.32421875
16997,0.5451977401129944,0.0,-0.11260950030611025,-1.0609836552343013,-0.359375
16998,0.15254237288135594,0.29248125036057815,-0.40860450638273854,-1.6559092740307801,0.14453125
16999,-0.2033898305084746,-0.20751874963942185,-0.3091797656601243,-0.44739337282027586,-0.33203125
17000,0.8502824858757062,-0.20751874963942185,-0.40295854265694714,-0.3231745627721683,-0.408203125
17001,-0.268361581920904,1.1609640474436813,1.0820630214318627,0.5232778164932019,0.787109375
17002,-0.02824858757062147,0.5,0.5775039271906194,0.20971344100017061,0.654296875
17003,0.867231638418079,0.16096404744368117,-0.02477361230565498,0.4138019232360459,-0.087890625
17004,-0.1384180790960452,0.16096404744368117,0.5237635611492868,0.03832139694718311,0.306640625
17005,1.0593220338983051,-0.20751874963942185,-0.17656883847700994,-0.6796987429630209,-0.201171875
17006,-0.2570621468926554,0.5849625007211564,0.33680219720649934,0.4947958843581966,0.818359375
17007,-0.1271186440677966,0.5,0.13566225927784908,0.20030931919148418,0.32421875
17008,0.943502824858757,-0.5000000000000001,-1.2532748076946334,-1.9018456381848245,-0.431640625
17009,1.2881355932203389,-0.5000000000000001,-0.6775799995627148,-0.8678243642955378,-0.431640625
17010,-0.2175141242937853,-0.5000000000000001,-0.791078881290638,-0.8150472910802568,-0.431640625
17011,-0.18361581920903955,0.0,-0.13604641949702048,-0.3011156334059281,0.78125
17012,1.7796610169491525,-0.5000000000000001,-0.4662534808232218,-0.16576708528869222,-0.431640625
17014,-0.2457627118644068,0.0,-0.21087363380224236,0.20030931919148418,-0.318359375
17015,-0.18926553672316385,0.0,0.3991133229367262,0.8375565049801386,-0.125
17016,1.3587570621468927,-0.5000000000000001,-0.2398953763122973,-0.055179269251883704,-0.431640625
17017,-0.2627118644067797,1.4534452978042598,1.4217561888206727,0.5866279010690111,1.001953125
17018,-0.1553672316384181,0.4036774610288021,0.5153101936070096,-0.3231745627721683,0.923828125
17019,-0.23728813559322035,0.7924812503605783,0.7567486830258631,1.222146895221804,0.986328125
17020,1.2627118644067796,-0.20751874963942185,0.040021715899529256,0.20971344100017061,-0.228515625
17021,0.980225988700565,0.4036774610288021,0.16435059054389656,-0.1486799354509508,-0.14453125
17022,-0.1807909604519774,-0.20751874963942185,-0.6396978101790715,-0.6037805746949155,0.3515625
17023,0.9096045197740112,0.0,-0.04306664787721142,0.03832139694718311,0.115234375
17024,-0.14124293785310735,0.0,-1.167063024318137,-1.6559092740307801,-0.212890625
17025,-0.09887005649717515,0.29248125036057815,0.23476186236399924,-0.22012167228377744,0.703125
17026,0.2542372881355932,0.0,-0.8468077945676213,-1.346066098592327,0.021484375
17027,-0.0480225988700565,0.6609640474436815,0.21915932112516365,0.6159830023075147,0.83984375
17028,1.3728813559322033,0.0,0.32315622282532147,0.3795242326418465,-0.158203125
17029,0.0423728813559322,0.5,0.4791511550894011,-0.5052041156418035,0.6484375
17030,-0.0903954802259887,-0.5000000000000001,-0.9419521946454387,-0.8150472910802568,-0.431640625
17031,-0.23728813559322035,0.4036774610288021,0.6177730268890496,-0.16576708528869222,0.681640625
17032,1.2768361581920904,0.5849625007211564,0.6566649730523948,0.8408619829505237,-0.076171875
17033,-0.025423728813559324,0.16096404744368117,0.2280717622109633,-0.1833495832196537,0.17578125
17034,-0.2231638418079096,0.29248125036057815,0.20510048711212,0.05057542395069435,0.5390625
17035,0.423728813559322,0.16096404744368117,-0.18410612708187135,-0.25926775148775905,0.52734375
17036,0.8135593220338984,-0.5000000000000001,-0.8435985813955056,-0.7664970900675887,-0.431640625
17037,-0.022598870056497175,-0.5000000000000001,0.20129736223595246,0.3045457294825673,-0.431640625
17038,-0.18361581920903955,-0.20751874963942185,-0.08233409896650624,0.18105202855421326,0.3203125
17039,1.4378531073446328,-0.5000000000000001,0.43174545581453266,-0.013331387333714908,-0.431640625
17040,0.11864406779661017,-0.20751874963942185,-0.33333885537839253,-0.6405526637590393,0.375
17041,-0.19491525423728814,0.4036774610288021,0.3432424389098679,0.43347565996344034,0.689453125
17042,-0.2627118644067797,0.29248125036057815,0.09447807647231463,0.29651178810473844,0.046875
17043,-0.17796610169491525,0.5849625007211564,0.5820543425479836,0.8138996016055092,0.931640625
17044,-0.1977401129943503,0.8502198590705463,1.3951022746364379,0.4269883927082576,0.94921875
17045,0.05084745762711865,0.29248125036057815,-0.0251137318296089,-0.013331387333714908,0.185546875
17046,0.1751412429378531,0.29248125036057815,0.41827167116382613,0.31247464900809724,0.47265625
17047,-0.02824858757062147,0.4036774610288021,0.5156656929748465,0.5557795395924977,0.830078125
17048,0.062146892655367235,0.5,0.46257057981219735,0.4003223972506149,0.6875
17049,-0.2627118644067797,1.1609640474436813,1.2967308637674408,1.1708065862940396,0.82421875
17050,0.002824858757062147,0.7924812503605783,0.892362919120244,0.8729622617062226,0.712890625
17051,0.2796610169491525,0.16096404744368117,-0.10922270314833482,0.5176874201783555,0.416015625
17052,-0.18926553672316385,-0.5000000000000001,-0.4124596633159743,0.2801174466877641,-0.431640625
17053,0.09887005649717515,-0.5000000000000001,-0.2944287666615397,-0.7215466248811899,-0.431640625
17054,-0.18926553672316385,0.29248125036057815,0.23737846536360732,0.20971344100017061,-0.0078125
17055,0.9887005649717514,-0.5000000000000001,-0.6981289000808877,-0.3698555675245675,-0.431640625
17056,1.8163841807909604,-0.5000000000000001,-1.012107855826264,-0.9895419184014743,-0.431640625
17057,1.4152542372881356,-0.5000000000000001,-0.5732235682633071,0.03832139694718311,-0.431640625
17058,-0.03954802259887006,0.0,0.1633020148855826,0.07436489288293499,-0.123046875
17059,-0.1864406779661017,0.6609640474436815,0.9165166061295171,1.230874437254329,0.84375
17060,0.4830508474576271,-0.5000000000000001,-0.6949762825465989,-1.2354782825555186,-0.431640625
17061,-0.062146892655367235,0.7924812503605783,0.9552673448452496,0.14060012816463935,-0.12109375
17062,0.615819209039548,0.4036774610288021,0.013309809782409853,0.35798751915499055,-0.185546875
17063,-0.20903954802259886,0.9036774610288021,0.7620721616105666,0.7209730515935905,0.96875
17064,-0.10451977401129943,0.0,-0.007579240232256582,0.09725642870309359,0.09375
17065,1.5310734463276836,-0.20751874963942185,-0.792869912692607,-1.1419776163564517,-0.431640625
17066,1.7824858757062148,-0.5000000000000001,-0.7084884880468653,-0.5691109269262127,-0.431640625
17067,1.7768361581920904,0.0,-0.3434140592646811,-0.9895419184014743,-0.41796875
17068,-0.2344632768361582,1.7924812503605787,1.2430259682733509,1.0292073303156686,0.7578125
17069,-0.18926553672316385,0.9534452978042595,0.9834765312314542,0.9004681499930124,0.951171875
17070,0.05367231638418079,-0.20751874963942185,-0.3637915246805035,0.4889354164834149,0.146484375
17071,-0.18926553672316385,0.9036774610288021,0.7842834447249534,0.6836986405906643,0.849609375
17072,1.497175141242938,-0.5000000000000001,-0.6131612335672594,-0.4756102607271456,-0.431640625
17073,-0.22033898305084745,0.16096404744368117,0.2714427713157019,0.6879551752969598,-0.251953125
17074,1.3192090395480225,-0.5000000000000001,-0.7706433365516581,-1.346066098592327,-0.431640625
17075,-0.22033898305084745,0.7297158093186489,0.5033055446654444,0.732905640483359,0.951171875
17076,-0.16666666666666666,0.4036774610288021,0.19089100671739448,-0.22012167228377744,0.93359375
17077,1.3644067796610169,-0.5000000000000001,-0.5533456776469263,-1.9018456381848245,-0.431640625
17078,-0.16666666666666666,-0.20751874963942185,-0.44098657681109554,-0.27983086331062224,-0.431640625
17079,-0.0480225988700565,-0.5000000000000001,-1.0539356237226996,-1.6559092740307801,-0.431640625
17080,-0.2062146892655367,0.5,0.05232240744280813,-0.3231745627721683,0.552734375
17081,-0.1977401129943503,0.4036774610288021,0.047785596317990765,0.782061486784926,0.798828125
17082,-0.1751412429378531,0.4036774610288021,0.9018247026368698,0.571399811553432,0.91796875
17083,0.03954802259887006,0.6609640474436815,0.8190227178626888,-0.23937896292104863,0.66015625
17084,-0.1694915254237288,0.0,0.9312498217515566,1.0598359657595535,0.2734375
17085,0.07909604519774012,1.4289904975637864,1.1708801316597928,1.3297973994339387,0.759765625
17086,-0.24858757062146894,0.4036774610288021,0.45699775062878,0.31247464900809724,-0.322265625
17087,1.8135593220338984,-0.5000000000000001,-0.724523817090273,-0.7664970900675887,-0.431640625
17088,-0.18926553672316385,0.16096404744368117,0.4414525670278969,0.45253127023096074,0.0078125
17089,0.8220338983050848,-0.5000000000000001,-1.0127239102792673,-1.346066098592327,-0.431640625
17090,-0.2570621468926554,0.9036774610288021,0.6734780330546266,0.1083861667722219,0.552734375
17091,-0.2627118644067797,1.1609640474436813,1.1464765982039664,1.0095601484864436,0.9765625
17092,-0.1271186440677966,0.7924812503605783,0.9829151812610702,1.0823870279774876,0.7890625
17093,1.4039548022598871,-0.5000000000000001,-0.6912805155186109,-0.7215466248811899,-0.431640625
17094,0.6412429378531074,-0.20751874963942185,-0.4083405704007843,-0.5363162534679564,-0.234375
17095,-0.2062146892655367,0.5,0.5776486565134836,0.5343063695247384,0.939453125
17096,-0.22598870056497175,0.7924812503605783,0.7706841292413172,0.7673564343054562,0.623046875
17097,-0.2627118644067797,0.6609640474436815,0.14658621580823455,0.8375565049801386,0.404296875
17098,0.807909604519774,0.0,-0.2039645744732584,-0.8678243642955378,-0.12109375
17099,1.2372881355932204,-0.5000000000000001,-0.2120217557458658,-0.06979572847822901,-0.431640625
17100,-0.2175141242937853,-0.20751874963942185,0.06015075882753632,0.21897398280902985,-0.431640625
17101,-0.2401129943502825,0.5,0.5639962885256322,0.1083861667722219,0.623046875
17102,0.4689265536723164,-0.5000000000000001,-1.8564969461640906,-1.9018456381848245,-0.431640625
17103,1.771186440677966,-0.5000000000000001,-0.37995391740696915,-0.20145700866623173,-0.431640625
17104,0.9265536723163842,-0.5000000000000001,-0.32112777344470894,-0.5052041156418035,-0.431640625
17105,0.1807909604519774,-0.20751874963942185,-0.14074860427371774,0.343192792857138,-0.14453125
17106,0.8305084745762712,-0.5000000000000001,-0.3127393823967331,0.07436489288293499,-0.431640625
17107,-0.1751412429378531,0.7297158093186489,1.5515509685908253,1.2775554420067285,0.826171875
17108,1.6045197740112995,-0.5000000000000001,-0.8494617339995091,-0.925635107117065,-0.431640625
17109,-0.1864406779661017,0.5849625007211564,0.21142997988286372,0.6063549635431924,0.482421875
17110,0.1977401129943503,0.0,-0.2929185647151756,-0.10012973443828277,0.4375
17111,-0.13559322033898305,-0.20751874963942185,-0.3375608514507808,-0.013331387333714908,0.306640625
17112,1.1497175141242937,-0.5000000000000001,-0.7851251658732993,-0.013331387333714908,-0.431640625
17113,1.3531073446327684,0.4036774610288021,0.519452202249654,0.5965716271510767,-0.19140625
17114,-0.2542372881355932,0.5849625007211564,-0.04244287785242878,0.3795242326418465,0.2109375
17115,-0.2457627118644068,0.5,0.6153982140315273,0.4889354164834149,0.986328125
17116,1.5621468926553672,-0.5000000000000001,-0.424984614201034,0.025814691870266956,-0.431640625
17117,0.5451977401129944,-0.5000000000000001,-1.0656078531562543,-0.925635107117065,-0.431640625
17118,0.6271186440677966,-0.5000000000000001,-0.9066361855254083,-0.8678243642955378,-0.431640625
17119,-0.2598870056497175,-0.20751874963942185,-0.18991970245150427,-0.1486799354509508,-0.322265625
17120,0.3898305084745763,-0.5000000000000001,-0.5508218178363348,-0.5363162534679564,-0.431640625
17121,0.867231638418079,-0.5000000000000001,-0.5384127631706574,-0.7664970900675887,-0.431640625
17122,0.06779661016949153,0.16096404744368117,-0.2227749911137556,-0.3946162996049949,0.310546875
17123,0.1864406779661017,0.0,0.06311200905004444,-0.11588526199269454,0.37109375
17124,0.2542372881355932,-0.5000000000000001,-0.5741237054720831,-0.22012167228377744,-0.431640625
17125,-0.1271186440677966,-0.5000000000000001,-0.7035017316471807,-0.16576708528869222,-0.431640625
17126,0.16101694915254236,0.6609640474436815,0.4481979876599767,1.1292319883212176,0.1796875
17127,0.940677966101695,0.29248125036057815,0.15198361451760137,-0.3011156334059281,0.16796875
17128,0.6751412429378532,-0.5000000000000001,-0.9064005877407211,-0.6796987429630209,-0.431640625
17129,1.2005649717514124,-0.5000000000000001,-1.7422275721109093,-1.6559092740307801,-0.431640625
17131,-0.2542372881355932,0.29248125036057815,0.5546068645958998,0.3280281603386806,-0.294921875
17132,1.0084745762711864,-0.20751874963942185,0.1814668566553226,0.19075709490216042,-0.361328125
17133,-0.22598870056497175,0.8502198590705463,1.501906908461658,-0.42043099147526186,0.765625
17134,0.031073446327683617,0.0,-0.17406579926635318,-0.22012167228377744,0.224609375
17135,-0.2231638418079096,0.7297158093186489,0.36433242935737453,0.46491034696307426,0.66796875
17136,1.6016949152542372,-0.5000000000000001,-0.7007971013493409,-0.6796987429630209,-0.431640625
17137,0.9067796610169492,0.4036774610288021,0.12594644854735185,0.6111880863774223,0.078125
17138,0.5084745762711864,0.5,0.8652164093482622,0.9892551995559381,0.345703125
17139,-0.22598870056497175,1.3502198590705465,1.6568491615941472,1.380608332495119,0.900390625
17140,0.4293785310734463,-0.5000000000000001,-0.3439047461496699,-0.6037805746949155,-0.431640625
17141,0.9124293785310734,0.16096404744368117,-0.09359685550922,0.6707468237990215,0.087890625
17142,0.4067796610169492,0.16096404744368117,0.20461303438127584,0.3280281603386806,0.4375
17143,0.9096045197740112,-0.20751874963942185,0.008040310948018948,0.35798751915499055,-0.240234375
17144,-0.2655367231638418,-0.20751874963942185,0.06712124096735197,-0.04090675883341514,-0.26953125
17145,1.1779661016949152,0.16096404744368117,0.6804639587063499,0.789282449524909,-0.146484375
17146,0.02824858757062147,0.9036774610288021,1.0148658213717414,0.7747535224015276,0.681640625
17147,-0.2062146892655367,0.6609640474436815,0.6937644406939376,0.4710064154259565,0.88671875
17148,-0.12429378531073447,-0.5000000000000001,-1.0276005917409008,-0.925635107117065,-0.431640625
17149,1.0056497175141244,-0.5000000000000001,-0.9556906734627532,-1.1419776163564517,-0.431640625
17150,0.7937853107344632,0.4036774610288021,0.23801299501337614,0.20971344100017061,0.265625
17151,1.807909604519774,-0.5000000000000001,-0.7002943655786129,-1.346066098592327,-0.431640625
17152,0.2796610169491525,0.16096404744368117,0.4482164451832817,-0.925635107117065,0.01953125
17153,-0.20056497175141244,-0.5000000000000001,-0.743380667525238,-0.6796987429630209,-0.431640625
17154,-0.05649717514124294,-0.5000000000000001,-0.5143662621915843,-0.3946162996049949,-0.431640625
17155,-0.22033898305084745,0.5,0.014925786301029306,-0.02696238134501425,0.97265625
17156,1.11864406779661,-0.5000000000000001,-0.20324627576913398,-0.08477312416654154,-0.431640625
17157,-0.24858757062146894,1.1609640474436813,0.9470384016766666,0.3280281603386806,0.990234375
17158,-0.17796610169491525,0.29248125036057815,0.4385042093895596,0.29651178810473844,0.759765625
17159,-0.20903954802259886,0.29248125036057815,0.469686010921688,0.5610311196399013,0.787109375
17160,-0.1807909604519774,1.0849625007211563,1.3108072498064969,0.9381184116536173,0.943359375
17161,0.9858757062146892,-0.5000000000000001,-0.007231523602038245,0.08591864614335176,-0.431640625
17162,-0.18926553672316385,0.7297158093186489,0.3622538422702125,0.35063526299703285,0.109375
17163,-0.20903954802259886,0.16096404744368117,-0.11429204138420139,-0.3011156334059281,0.845703125
17164,-0.17796610169491525,0.5,0.5555084750133269,0.4269883927082576,0.0390625
17165,0.5338983050847458,0.4036774610288021,0.38614921875987557,0.3203012570369791,0.435546875
17166,-0.16101694915254236,-0.20751874963942185,-0.7621346442962097,-0.8150472910802568,-0.109375
17167,0.8022598870056498,0.0,-0.00038577333149119214,0.20971344100017061,-0.302734375
17168,1.1384180790960452,-0.5000000000000001,-0.4109858416930993,-0.44739337282027586,-0.431640625
17169,-0.10734463276836158,0.0,0.15276531806157062,0.20971344100017061,0.5859375
17170,0.788135593220339,-0.20751874963942185,-0.8383024133134254,-0.9895419184014743,-0.40234375
17171,0.5480225988700564,-0.20751874963942185,-0.4320970190955987,-0.3460660985923269,0.294921875
17172,-0.0480225988700565,0.0,0.05178936168839298,-0.08477312416654154,0.833984375
17173,-0.2542372881355932,0.5849625007211564,0.7804693779532119,-0.1320609861045676,-0.185546875
17174,0.3446327683615819,-0.5000000000000001,-1.4138567151277837,-1.346066098592327,-0.431640625
17175,-0.1440677966101695,0.16096404744368117,0.27055977786609753,-0.04090675883341514,0.060546875
17176,0.2994350282485876,0.0,0.02076423891507407,-0.11588526199269454,0.498046875
17177,1.1581920903954803,-0.5000000000000001,-1.0508363717394031,-0.25926775148775905,-0.431640625
17178,1.7966101694915255,-0.5000000000000001,-0.3692308412070756,-0.22012167228377744,-0.431640625
17179,0.2344632768361582,0.4036774610288021,0.2934671151950917,0.3045457294825673,0.318359375
17180,-0.11016949152542373,0.7924812503605783,0.5033388265238367,0.8603252690750651,0.80078125
17181,-0.10734463276836158,0.0,-0.5467159652334713,-0.27983086331062224,0.619140625
17182,0.923728813559322,-0.20751874963942185,-0.527473637117473,-1.346066098592327,0.146484375
17183,-0.24858757062146894,0.4036774610288021,0.717707082925252,-0.04090675883341514,-0.240234375
17184,1.3389830508474576,-0.20751874963942185,-0.7828795779012634,-0.6796987429630209,-0.1171875
17185,1.4011299435028248,0.0,-0.7058969278278104,-0.10012973443828277,-0.41796875
17186,-0.1384180790960452,-0.20751874963942185,-0.9523785447093752,-1.9018456381848245,-0.404296875
17187,0.3700564971751412,-0.20751874963942185,-0.32825273619131407,-0.44739337282027586,0.154296875
17188,-0.23728813559322035,0.9036774610288021,0.8859563951417817,0.6619560365022257,0.974609375
17189,0.031073446327683617,0.29248125036057815,0.05015357846816623,0.48301777240965205,0.80078125
17190,-0.10451977401129943,0.5,0.3656859430326128,0.7598680218283731,0.712890625
17191,-0.18926553672316385,1.0000000000000002,0.8521836061509787,1.0734669597708533,0.955078125
17192,1.2457627118644068,-0.5000000000000001,-1.2940705691445333,-0.4756102607271456,-0.431640625
17193,-0.1694915254237288,0.6609640474436815,0.5204775056663464,-0.27983086331062224,0.939453125
17194,0.5028248587570622,0.0,-0.034948741096171625,0.14060012816463935,0.0703125
17195,1.5819209039548023,-0.5000000000000001,-0.22982120936945413,-0.22012167228377744,-0.431640625
17196,0.9378531073446328,-0.5000000000000001,-0.5169329002785443,0.37242995637284404,-0.431640625
17197,-0.1864406779661017,-0.5000000000000001,0.08225446583833955,-0.25926775148775905,-0.431640625
17198,-0.2033898305084746,0.0,-0.120062026192337,0.40709960414154694,0.248046875
17199,1.3757062146892656,-0.5000000000000001,-0.9863096863404649,-0.9895419184014743,-0.431640625
17200,0.8248587570621468,0.16096404744368117,-0.4720219173350723,-0.3460660985923269,0.0859375
17201,-0.11864406779661017,0.16096404744368117,0.14646533943689233,0.736831568146711,0.767578125
17202,0.9180790960451978,-0.5000000000000001,-0.8945542976193356,-0.9895419184014743,-0.431640625
17203,-0.1694915254237288,0.7297158093186489,0.9879748102444547,0.8791833798977066,0.2578125
17204,0.22598870056497175,0.6609640474436815,0.9822662868892165,0.5343063695247384,0.294921875
17205,-0.11864406779661017,0.0,0.0750395435460426,-0.3011156334059281,0.56640625
17206,-0.11864406779661017,-0.5000000000000001,-0.7675499909676964,-1.0609836552343013,-0.431640625
17207,1.573446327683616,-0.5000000000000001,-0.5770506564297859,0.11931535806933405,-0.431640625
17208,0.847457627118644,-0.5000000000000001,-1.089037957581178,-0.44739337282027586,-0.431640625
17209,1.5649717514124293,0.0,-0.19982079399060057,-0.1320609861045676,-0.26171875
17210,0.8389830508474576,-0.5000000000000001,-0.6568473655382764,0.025814691870266956,-0.431640625
17211,-0.19491525423728814,0.9036774610288021,0.7814215855238204,0.9437088079684638,0.935546875
17212,0.4463276836158192,0.0,-0.04691164207902101,-0.25926775148775905,0.0234375
17213,-0.1553672316384181,0.9036774610288021,0.9170444182141976,0.6347923763412154,0.904296875
17214,-0.09887005649717515,0.4036774610288021,0.10591050878162071,0.33565786730872005,0.15234375
17215,1.0423728813559323,-0.5000000000000001,-0.8166339961648286,-0.8150472910802568,-0.431640625
17216,1.2966101694915255,-0.5000000000000001,-1.3824808821598995,-0.7215466248811899,-0.431640625
17217,0.3926553672316384,-0.20751874963942185,-0.7525742075837693,-0.3011156334059281,0.3203125
17218,-0.2570621468926554,1.1239637567217928,0.7978034819335883,1.0243548747842963,0.89453125
17219,-0.1807909604519774,-0.20751874963942185,-0.6414739819818108,-0.02696238134501425,0.3203125
17220,-0.20056497175141244,1.229715809318649,0.8700155417641106,1.325364587696384,0.865234375
17221,-0.24858757062146894,0.29248125036057815,0.06281281574595166,0.5610311196399013,0.740234375
17222,-0.0847457627118644,0.4036774610288021,0.31835814687707775,0.4398942775998032,0.8046875
17223,0.6073446327683616,0.0,-0.2345012933857427,0.19075709490216042,-0.3046875
17224,1.1468926553672316,-0.5000000000000001,-1.1402329768159296,-0.9895419184014743,-0.431640625
17225,1.3728813559322033,-0.5000000000000001,-1.0017426335371442,-1.2354782825555186,-0.431640625
17226,0.6016949152542372,0.0,0.01671491774315,0.07436489288293499,0.265625
17227,-0.2175141242937853,0.8502198590705463,0.41064678500945095,0.1509688200781701,0.88671875
17228,-0.22598870056497175,0.9036774610288021,0.6265532749389402,0.8914374069012179,0.783203125
17229,0.002824858757062147,-0.20751874963942185,-0.5316825676504444,-0.08477312416654154,-0.341796875
17230,0.4774011299435028,1.1239637567217928,1.2662328368767903,0.6836986405906643,0.48046875
17231,-0.2344632768361582,1.3502198590705465,1.1149826092188566,1.4592283034774116,0.974609375
17232,-0.2627118644067797,-0.20751874963942185,-0.38818495852317697,-0.23937896292104863,-0.408203125
17233,-0.1694915254237288,0.0,-0.23182462514731056,0.13005110216134985,0.9140625
17234,0.2457627118644068,-0.5000000000000001,-0.9311971881957636,-0.6796987429630209,-0.431640625
17235,-0.1977401129943503,0.5849625007211564,0.3127652343598132,0.08591864614335176,0.599609375
17236,-0.2344632768361582,0.8502198590705463,0.4247013351434725,0.6014830200294751,0.798828125
17237,-0.23728813559322035,0.16096404744368117,0.07225640065416379,0.31247464900809724,0.291015625
17238,-0.2627118644067797,1.5221970596792271,1.13470431786779,1.4312379106091848,1.005859375
17239,0.6129943502824858,0.16096404744368117,0.16759122980732702,-0.5363162534679564,-0.013671875
17240,1.4152542372881356,-0.5000000000000001,-1.0039612500489141,-1.0609836552343013,-0.431640625
17241,0.8192090395480226,0.8502198590705463,0.6105912841868618,0.5662376211910235,0.109375
17242,0.03672316384180791,0.29248125036057815,0.6394540772007951,-0.013331387333714908,0.693359375
17243,-0.2655367231638418,2.0646415084724836,1.6738858060085615,1.2479615870920706,1.0078125
17244,-0.11864406779661017,0.29248125036057815,0.39546596056949834,0.5288171582474838,0.896484375
17245,0.307909604519774,-0.20751874963942185,-0.4502841191292197,-0.3698555675245675,0.515625
17246,1.2740112994350283,-0.20751874963942185,-1.6385343161549217,-1.1419776163564517,-0.056640625
17247,-0.22598870056497175,-0.5000000000000001,-0.6002503652406487,0.09725642870309359,-0.431640625
17248,0.07062146892655367,-0.20751874963942185,-0.292239309415875,0.3795242326418465,0.2734375
17249,0.940677966101695,-0.5000000000000001,-1.347197490871386,-0.3011156334059281,-0.431640625
17250,-0.2598870056497175,-0.20751874963942185,-0.4357239274854478,0.11931535806933405,0.072265625
17251,0.7542372881355932,0.0,-0.04386401437696971,0.21897398280902985,0.275390625
17252,0.059322033898305086,-0.20751874963942185,-0.48374990455379563,0.38653649231868376,-0.294921875
17253,-0.2175141242937853,-0.5000000000000001,-0.8395473263655708,-0.5363162534679564,-0.431640625
17254,-0.2570621468926554,0.0,-0.3262476561644673,0.6301444324754325,0.34375
17255,-0.1553672316384181,0.16096404744368117,-0.0554806207027209,0.7710662544722947,0.361328125
17256,0.03389830508474576,0.29248125036057815,-0.2939497173254327,-0.4756102607271456,0.53125
17257,0.963276836158192,-0.20751874963942185,-0.806414723108866,-0.6796987429630209,-0.431640625
17258,0.8502824858757062,-0.20751874963942185,-0.3887823341735057,0.013044668488178479,0.09375
17259,0.1497175141242938,0.4036774610288021,0.2737536798018164,0.8275305956168089,0.55859375
17260,0.8926553672316384,-0.5000000000000001,-1.044473365019047,-1.1419776163564517,-0.431640625
17261,1.1694915254237288,-0.5000000000000001,-0.7243804050762711,-0.02696238134501425,-0.431640625
17262,-0.12146892655367232,0.7924812503605783,0.560102724749888,-0.7664970900675887,0.880859375
17263,0.3192090395480226,-0.5000000000000001,-1.3838000718271817,-0.3946162996049949,-0.431640625
17264,0.9293785310734464,-0.5000000000000001,-0.6230839030652053,0.2632676491154024,-0.431640625
17265,0.12146892655367232,-0.20751874963942185,-0.24219777027976813,0.5120450194302928,-0.349609375
17266,-0.2627118644067797,0.29248125036057815,-0.2909892017096598,0.44624568334552855,0.814453125
17267,0.0903954802259887,-0.20751874963942185,-0.5342841849078456,-0.11588526199269454,-0.431640625
17268,0.03389830508474576,0.7924812503605783,0.3679351962651304,-0.3231745627721683,0.787109375
17269,0.8192090395480226,-0.5000000000000001,-0.30158039852052637,0.5343063695247384,-0.431640625
17270,1.0564971751412429,-0.20751874963942185,-0.19471916288919852,0.0,0.08203125
17271,1.810734463276836,-0.5000000000000001,-0.7673944992842053,0.013044668488178479,-0.431640625
17272,-0.1497175141242938,0.16096404744368117,0.481962373729458,0.2632676491154024,-0.001953125
17273,0.9293785310734464,-0.5000000000000001,-0.9630507703427518,-0.7664970900675887,-0.431640625
17274,-0.1694915254237288,-0.20751874963942185,-0.22024916984584905,0.31247464900809724,0.271484375
17275,0.8135593220338984,-0.5000000000000001,-1.0752260421380129,-0.3946162996049949,-0.431640625
17276,0.867231638418079,-0.5000000000000001,-0.2901750345681931,0.06258678093439042,-0.431640625
17277,0.3728813559322034,-0.20751874963942185,0.10902754191863356,0.23708140825560817,-0.24609375
17278,0.4124293785310734,-0.20751874963942185,-0.6172683245226859,-0.5691109269262127,0.201171875
17279,-0.10734463276836158,-0.5000000000000001,-0.8118800000910892,-0.9895419184014743,-0.431640625
17280,0.9689265536723164,-0.5000000000000001,-1.0536692648951123,-1.1419776163564517,-0.431640625
17281,0.788135593220339,0.4036774610288021,-0.044615962045825866,-1.6559092740307801,0.15234375
17282,0.09887005649717515,0.29248125036057815,0.5201321185205321,0.789282449524909,0.384765625
17283,0.7994350282485876,-0.5000000000000001,-0.8101081479401613,-0.6405526637590393,-0.431640625
17284,-0.09887005649717515,0.5849625007211564,0.620490256358002,1.1083861667722217,0.3203125
17285,1.5056497175141244,-0.20751874963942185,-0.40082088601296234,-0.055179269251883704,-0.36328125
17286,-0.20903954802259886,0.0,-0.42580201288785224,0.40709960414154694,0.30859375
17287,-0.19491525423728814,1.229715809318649,0.7889104099936672,1.0955258891370931,0.955078125
17288,-0.24293785310734464,0.7924812503605783,0.5557411787817144,0.9866686126662854,0.3203125
17289,-0.1807909604519774,0.6609640474436815,0.45484592433163573,0.9004681499930124,0.759765625
17290,-0.2598870056497175,0.5849625007211564,0.28661608187128046,0.8441495449631917,0.98046875
17291,0.6016949152542372,-0.5000000000000001,-0.24143562483159442,-1.9018456381848245,-0.431640625
17292,1.0649717514124293,-0.20751874963942185,-0.6162727055602866,-0.6796987429630209,-0.22265625
17293,-0.2457627118644068,1.0849625007211563,0.7782097153928974,0.712885549024819,0.990234375
17294,1.6214689265536724,-0.20751874963942185,-0.32816194784579805,-0.5691109269262127,-0.431640625
17295,-0.18926553672316385,0.0,-0.24511168828856372,0.09725642870309359,-0.361328125
17296,1.7937853107344632,-0.5000000000000001,-0.5003963362784304,-0.20145700866623173,-0.431640625
17297,-0.22033898305084745,-0.5000000000000001,-1.0138346093595896,0.05057542395069435,-0.431640625
17298,0.01694915254237288,0.29248125036057815,0.05050452713788673,0.18105202855421326,0.623046875
17299,-0.23728813559322035,0.4036774610288021,0.07177507329530779,0.45253127023096074,0.486328125
17300,0.8333333333333334,-0.20751874963942185,-0.4197558358141216,-0.11588526199269454,-0.25390625
17301,-0.20903954802259886,-0.20751874963942185,-0.5738535043450734,0.5176874201783555,0.74609375
17302,-0.2288135593220339,0.29248125036057815,0.14298068537789893,0.24593636415404438,0.13671875
17303,0.751412429378531,-0.5000000000000001,-0.6603954880060001,0.09725642870309359,-0.431640625
17304,1.2401129943502824,-0.5000000000000001,-1.0873803819132999,-1.2354782825555186,-0.431640625
17305,1.5621468926553672,-0.5000000000000001,0.478693205680234,-0.925635107117065,-0.431640625
17306,-0.2401129943502825,1.229715809318649,1.2880917176053084,-0.5691109269262127,0.3359375
17307,0.847457627118644,0.7924812503605783,0.8124289904421519,-0.42043099147526186,0.142578125
17308,0.8418079096045198,-0.20751874963942185,0.8764731301908212,-1.2354782825555186,-0.31640625
17309,0.0,0.0,-0.5289777357262819,-0.1833495832196537,0.697265625
17310,0.8248587570621468,-0.20751874963942185,0.08855952535541849,-1.9018456381848245,-0.14453125
17311,-0.0480225988700565,0.4036774610288021,0.751447444292719,0.6063549635431924,0.732421875
17312,0.12146892655367232,0.0,-0.15816764177797216,-0.8150472910802568,-0.390625
17313,-0.1807909604519774,-0.5000000000000001,0.5247874461809647,-0.3698555675245675,-0.431640625
17314,-0.20056497175141244,1.0849625007211563,0.9208568294922764,0.8944626186907492,0.958984375
17315,-0.2655367231638418,1.729715809318649,1.2780597218436898,1.2902586017271234,0.421875
17316,0.9180790960451978,-0.5000000000000001,-1.0294208622720673,-0.1486799354509508,-0.431640625
17317,-0.1384180790960452,0.0,0.5834241812788985,-0.9895419184014743,-0.34765625
17318,1.7796610169491525,-0.5000000000000001,-0.9055936151406656,-0.5691109269262127,-0.431640625
17319,1.6214689265536724,-0.5000000000000001,-1.7887352708226953,-1.4814146467095628,-0.431640625
17320,0.014124293785310734,0.4036774610288021,0.5506371835498788,0.38653649231868376,0.71484375
17321,-0.2457627118644068,0.4036774610288021,0.34644792248900935,1.007058892544273,0.6796875
17322,0.7937853107344632,0.29248125036057815,0.03256923392817811,0.5610311196399013,0.271484375
17323,-0.22598870056497175,0.8502198590705463,0.30868845125972155,0.789282449524909,0.90234375
17324,-0.22033898305084745,0.8502198590705463,0.4874867535431241,0.5397463495445953,0.943359375
17325,0.5225988700564972,0.0,-0.18759709769251937,-0.08477312416654154,0.2734375
17326,0.884180790960452,-0.20751874963942185,-0.5424547844808638,0.35798751915499055,-0.1953125
17327,0.8870056497175142,-0.20751874963942185,-0.9225943916970599,-1.4814146467095628,-0.1328125
17328,1.6327683615819208,-0.5000000000000001,-1.1205473834805266,-1.1419776163564517,-0.431640625
17329,-0.2288135593220339,0.29248125036057815,0.07460330771966107,0.343192792857138,0.978515625
17330,-0.2062146892655367,0.16096404744368117,-0.38057968263701,-1.0609836552343013,0.7890625
17331,0.07909604519774012,-0.5000000000000001,-0.8487064265309813,-1.9018456381848245,-0.431640625
17332,1.2231638418079096,0.29248125036057815,-0.018358657093098852,0.35798751915499055,-0.181640625
17333,-0.02824858757062147,-0.5000000000000001,-0.2989530433747036,-0.27983086331062224,-0.431640625
17334,0.5847457627118644,0.0,-0.16576457308999765,-0.4756102607271456,-0.228515625
17335,0.8135593220338984,-0.20751874963942185,-0.29596462999369205,-0.16576708528869222,0.15625
17336,1.0649717514124293,-0.5000000000000001,-1.2548272298879706,-1.9018456381848245,-0.431640625
17337,0.15819209039548024,0.16096404744368117,0.43878877775431063,1.344343749002177,-0.12109375
17338,-0.22033898305084745,1.0849625007211563,1.3918476372225628,1.5486375294990873,0.783203125
17339,-0.002824858757062147,0.0,-0.5596906810327291,-0.8678243642955378,0.37890625
17340,-0.1864406779661017,1.1239637567217928,1.6582389796956698,1.1821798014972145,0.806640625
17341,0.17231638418079095,0.29248125036057815,0.20334439853915554,0.8944626186907492,0.318359375
17342,0.8022598870056498,0.16096404744368117,0.18434544877981604,-0.22012167228377744,0.134765625
17343,0.7344632768361582,0.4036774610288021,0.19819297771905783,0.18105202855421326,0.3125
17344,-0.1384180790960452,-0.20751874963942185,-0.340131117344613,0.20971344100017061,0.900390625
17345,-0.22598870056497175,0.7297158093186489,0.32074919187947365,0.8104434457790677,0.98046875
17346,-0.2598870056497175,1.3774437510817346,0.9309732513415683,1.468669018674329,0.734375
17347,-0.025423728813559324,-0.5000000000000001,-0.7070523145830202,-1.9018456381848245,-0.431640625
17348,-0.2288135593220339,0.6609640474436815,0.5500801018120326,1.189645172122508,0.7890625
17349,0.23728813559322035,0.29248125036057815,-0.06183234984561738,0.29651178810473844,0.451171875
17350,-0.2457627118644068,0.5,0.4148099125376677,0.6063549635431924,0.873046875
17351,-0.16666666666666666,0.8502198590705463,0.44070965413083646,0.0,0.921875
17352,1.6977401129943503,-0.5000000000000001,-1.6753597216122873,-1.2354782825555186,-0.431640625
17353,0.096045197740113,0.16096404744368117,0.7007071885469053,-1.0609836552343013,0.53515625
17354,-0.1271186440677966,0.16096404744368117,0.6826830000812978,0.3795242326418465,0.306640625
17355,0.8220338983050848,-0.5000000000000001,-0.6132387989755863,-0.27983086331062224,-0.431640625
17356,0.6101694915254238,0.29248125036057815,0.04614866517345994,0.2883700053706945,0.3046875
17357,-0.20056497175141244,-0.20751874963942185,-0.43237301223298136,-0.055179269251883704,-0.431640625
17358,0.5875706214689266,0.29248125036057815,-0.004136943778154081,0.6159830023075147,0.251953125
17359,-0.23728813559322035,-0.20751874963942185,-0.5920437665544184,-0.1320609861045676,0.8125
17360,-0.22033898305084745,0.4036774610288021,0.17251067016197955,0.8603252690750651,0.3828125
17361,-0.12994350282485875,0.29248125036057815,0.002474348046410455,0.07436489288293499,0.79296875
17362,0.4067796610169492,0.5,0.08800970351141357,0.4710064154259565,0.47265625
17363,0.847457627118644,0.0,0.03134099446617045,-0.16576708528869222,-0.41796875
17364,-0.268361581920904,1.4289904975637864,1.3955742966183948,1.4639670284114537,0.998046875
17365,-0.2344632768361582,1.0000000000000002,1.1932326747684308,1.305772329913598,0.865234375
17366,0.9519774011299436,-0.20751874963942185,0.11492620265135084,0.5866279010690111,-0.384765625
17367,0.403954802259887,-0.5000000000000001,-0.8723188110674924,-0.1833495832196537,-0.431640625
17368,-0.2033898305084746,0.9534452978042595,0.6147816441338285,0.8791833798977066,0.9375
17369,1.0169491525423728,-0.5000000000000001,0.06421484987892553,-1.9018456381848245,-0.431640625
17370,-0.06497175141242938,0.16096404744368117,-0.353267252935767,-0.22012167228377744,-0.2421875
17371,-0.22033898305084745,0.4036774610288021,-0.1491193085555843,0.6575123997308701,0.962890625
17372,-0.1553672316384181,1.4289904975637864,0.8567257735924851,1.331267833381805,0.927734375
17373,-0.1553672316384181,0.5,0.15769112679338484,0.21897398280902985,0.7578125
17374,0.3474576271186441,0.0,-0.09394013046849385,-0.16576708528869222,-0.0859375
17375,0.2937853107344633,0.16096404744368117,-0.1449375944511247,0.3203012570369791,0.021484375
17376,-0.07062146892655367,0.16096404744368117,-0.34446608594222383,-0.055179269251883704,0.451171875
17377,-0.2033898305084746,2.1518903740885515,1.6018359166915215,1.4544522653645489,0.962890625
17378,0.788135593220339,-0.5000000000000001,-2.280159405434404,-1.9018456381848245,-0.431640625
17379,-0.23728813559322035,-0.5000000000000001,-0.4250662975732814,0.2717510560243111,-0.431640625
17380,0.9576271186440678,0.0,-0.15759089879187127,-1.2354782825555186,-0.236328125
17381,-0.2457627118644068,1.6427011094311244,1.9870257218855605,0.06258678093439042,0.623046875
17382,-0.0847457627118644,0.5849625007211564,0.02074068249037351,-0.6037805746949155,0.552734375
17383,-0.2570621468926554,-0.20751874963942185,-0.5566656225988982,0.07436489288293499,0.4453125
17384,-0.21468926553672316,0.0,-0.284855570889114,-0.6405526637590393,0.443359375
17385,-0.2288135593220339,-0.5000000000000001,-0.6476859779502626,-0.04090675883341514,-0.431640625
17386,-0.24858757062146894,0.5,0.625182488670808,-0.20145700866623173,0.306640625
17387,-0.21468926553672316,-0.20751874963942185,-0.07973842205549042,0.2717510560243111,-0.404296875
17388,-0.05084745762711865,0.7924812503605783,0.5985503894881925,-0.055179269251883704,0.841796875
17389,-0.268361581920904,1.977098155193438,2.2276220297350036,0.20030931919148418,1.00390625
17390,0.9180790960451978,-0.5000000000000001,-0.9332813114951843,-0.7664970900675887,-0.431640625
17391,0.192090395480226,-0.20751874963942185,-0.2835496268917545,-1.6559092740307801,-0.4296875
17392,0.596045197740113,0.0,-0.2086119873816527,0.22809526306144287,-0.150390625
17393,0.8898305084745762,-0.20751874963942185,-0.43686416638861764,0.0,-0.279296875
17394,0.3502824858757062,-0.5000000000000001,-0.7685098619723904,-1.346066098592327,-0.431640625
17395,1.1666666666666667,-0.5000000000000001,-1.1580764897997173,-1.4814146467095628,-0.431640625
17396,-0.15819209039548024,0.9534452978042595,1.207664691816066,-0.25926775148775905,0.353515625
17397,-0.2062146892655367,0.0,0.1715224306711771,0.6439827598356785,0.337890625
17398,0.05367231638418079,0.0,-0.1507345778368031,-0.23937896292104863,-0.15625
17400,0.08757062146892655,0.5849625007211564,0.8894592735086114,1.2239024788104522,0.732421875
17401,1.2598870056497176,-0.5000000000000001,-1.0717709772056734,-0.8150472910802568,-0.431640625
17402,-0.2570621468926554,1.2924812503605785,0.8908700546011072,0.5063496376186134,0.97265625
17403,-0.16666666666666666,-0.20751874963942185,-0.43447525270460824,0.0,0.376953125
17404,-0.2570621468926554,1.2924812503605785,2.131768774900262,0.6159830023075147,0.9296875
17405,-0.2655367231638418,0.0,0.09182081317578412,0.3203012570369791,-0.140625
17406,0.672316384180791,0.9036774610288021,0.8367367813629051,0.740732248512241,0.349609375
17407,0.8926553672316384,-0.5000000000000001,-0.23941496179331342,-0.3946162996049949,-0.431640625
17408,0.192090395480226,0.0,-0.5361431138608317,-1.0609836552343013,0.25390625
17409,0.2514124293785311,0.7297158093186489,1.1671965802243556,0.06258678093439042,0.630859375
17410,-0.2231638418079096,0.29248125036057815,0.1787651687005252,0.14060012816463935,-0.04296875
17411,-0.2344632768361582,0.29248125036057815,0.263774590557061,0.2546639061865699,0.982421875
17412,-0.2627118644067797,1.04373142062517,0.8409461147569574,0.7636237843323993,1.00390625
17413,0.8728813559322034,-0.20751874963942185,-0.2325067504976141,-0.8678243642955378,-0.109375
17414,-0.14689265536723164,0.4036774610288021,0.5063611561832747,-1.1419776163564517,0.921875
17415,-0.04519774011299435,-0.5000000000000001,-0.28455230613757254,-0.6796987429630209,-0.431640625
17416,-0.1864406779661017,1.2617809780285068,1.5913067473691174,1.1859239720679302,0.927734375
17417,1.2796610169491525,-0.5000000000000001,-0.8830626825521705,-0.6037805746949155,-0.431640625
17418,-0.1497175141242938,0.0,-0.1373448949520624,-0.06979572847822901,0.2421875
17419,-0.23728813559322035,1.1239637567217928,1.0391671373747642,0.9034487638849139,0.880859375
17420,-0.1271186440677966,0.4036774610288021,0.050125715479766,-0.02696238134501425,0.25390625
17421,0.8220338983050848,0.0,0.10605600944378483,0.013044668488178479,0.25
17422,-0.2231638418079096,0.7924812503605783,0.7556358465946679,0.7169427795800003,0.580078125
17423,-0.1384180790960452,0.0,0.13511630317823556,-0.08477312416654154,0.24609375
17425,-0.21468926553672316,-0.20751874963942185,-0.07101786947535645,-0.04090675883341514,-0.3515625
17426,-0.2457627118644068,0.9036774610288021,1.1862514900176677,1.0243548747842963,0.841796875
17427,-0.06779661016949153,-0.5000000000000001,-1.14054641861664,-1.6559092740307801,-0.431640625
17428,-0.268361581920904,1.7617809780285068,1.909574239712607,1.3457793797467905,1.009765625
17429,0.09322033898305085,0.29248125036057815,0.2378211492090433,0.343192792857138,0.15625
17430,-0.17796610169491525,0.16096404744368117,-0.17638965885536892,-0.23937896292104863,0.44140625
17431,0.615819209039548,-0.5000000000000001,-0.40689125865158066,-0.055179269251883704,-0.431640625
17432,-0.2175141242937853,0.6609640474436815,0.3664306014478812,0.9324760109055547,0.970703125
17433,-0.01977401129943503,-0.20751874963942185,-0.22327787089979362,0.35063526299703285,0.1484375
17434,-0.2627118644067797,0.5,0.5349596682207463,0.4770418254852238,-0.26953125
17435,0.8926553672316384,-0.5000000000000001,-0.5111392666734669,-0.6405526637590393,-0.431640625
17436,-0.2655367231638418,0.29248125036057815,-0.25782368628475605,-0.9895419184014743,0.99609375
17437,1.2259887005649717,-0.5000000000000001,-0.45307522957604407,0.08591864614335176,-0.431640625
17438,0.4463276836158192,0.29248125036057815,0.2628003094030378,0.05057542395069435,0.326171875
17439,1.5819209039548023,-0.5000000000000001,-0.5201953418180914,-0.9895419184014743,-0.431640625
17440,0.17231638418079095,0.16096404744368117,-0.5237236971813586,-1.346066098592327,0.3359375
17441,1.7994350282485876,-0.5000000000000001,-0.5757297279441251,-0.44739337282027586,-0.431640625
17442,-0.16666666666666666,1.0000000000000002,0.8891163529611004,0.8571244505314667,0.791015625
17443,0.3502824858757062,-0.5000000000000001,-0.25764475825741495,-1.9018456381848245,-0.431640625
17444,0.14689265536723164,0.0,0.648715486942563,0.6439827598356785,-0.3828125
17446,0.2288135593220339,-0.20751874963942185,-1.0446915167386166,-1.1419776163564517,-0.169921875
17447,-0.1553672316384181,-0.20751874963942185,-0.2504482893883721,-0.1833495832196537,-0.37109375
17448,1.1355932203389831,1.7772944258388188,1.4983057237397535,1.5266926247043713,-0.142578125
17449,-0.2627118644067797,0.9036774610288021,0.9169078711037979,1.123053119543357,0.990234375
17450,-0.2457627118644068,1.8502198590705468,3.0008525081313664,0.6963796677571371,0.408203125
17451,-0.2655367231638418,0.5,0.36409158101460126,0.3652517222233779,-0.228515625
17453,-0.22033898305084745,-0.20751874963942185,-0.30710336220753287,-0.5052041156418035,-0.33984375
17454,0.2740112994350282,0.7297158093186489,0.30762486121556454,0.46491034696307426,0.546875
17455,0.3050847457627119,-0.5000000000000001,-0.9995332316192725,-0.9895419184014743,-0.431640625
17456,0.7627118644067796,-0.20751874963942185,0.0622357135407697,0.16116323998750257,-0.25390625
17457,0.08757062146892655,0.9534452978042595,1.0267434787790313,-0.23937896292104863,0.751953125
17458,-0.22598870056497175,-0.20751874963942185,-0.26229650656993453,0.35063526299703285,0.283203125
17459,-0.14689265536723164,-0.20751874963942185,-0.14755741203137165,0.4003223972506149,-0.3984375
17460,-0.002824858757062147,1.04373142062517,0.48426871074647937,0.43347565996344034,0.724609375
17461,-0.2062146892655367,0.0,-0.08761429648665602,0.5006002703406138,-0.41796875
17462,-0.09887005649717515,-0.20751874963942185,-0.1329004966738186,-0.3460660985923269,0.005859375
17463,-0.2231638418079096,0.5,0.5699462922213682,0.9892551995559381,0.6875
17464,0.17796610169491525,0.0,0.023595179175311398,-0.1486799354509508,0.46875
17465,0.9322033898305084,0.5,0.5715233176553088,0.4947958843581966,0.17578125
17466,-0.2401129943502825,-0.20751874963942185,-0.06814946045450342,-0.055179269251883704,-0.298828125
17467,0.847457627118644,-0.5000000000000001,-1.1312225837353762,-1.346066098592327,-0.431640625
17468,-0.2401129943502825,0.0,-0.7925981563849265,-0.9895419184014743,0.28125
17469,-0.2231638418079096,1.0849625007211563,0.9365449139475942,0.7784185106302525,0.94921875
17470,-0.1440677966101695,0.7924812503605783,0.5887409963384213,0.5397463495445953,0.474609375
17471,1.0706214689265536,-0.5000000000000001,-0.5268962681601037,-0.5052041156418035,-0.431640625
17472,0.2711864406779661,0.16096404744368117,0.03243098242970979,0.8408619829505237,0.421875
17473,0.884180790960452,-0.20751874963942185,-0.1898409521055872,-0.1833495832196537,-0.337890625
17474,1.423728813559322,-0.5000000000000001,0.0997937202486253,-1.1419776163564517,-0.431640625
17475,-0.04519774011299435,-0.5000000000000001,-0.7937676947710232,-0.6796987429630209,-0.431640625
17476,0.847457627118644,-0.20751874963942185,-0.303689498385782,-0.25926775148775905,0.236328125
17477,1.46045197740113,-0.20751874963942185,0.1470230013669338,-0.013331387333714908,-0.36328125
17478,0.884180790960452,-0.20751874963942185,0.20359085077329356,-0.06979572847822901,0.0078125
17479,1.5169491525423728,-0.5000000000000001,-0.4256929538006545,-0.5363162534679564,-0.431640625
17480,-0.05084745762711865,-0.20751874963942185,0.008799741544369145,0.06258678093439042,0.28515625
17481,-0.2598870056497175,0.16096404744368117,0.19635463523095686,0.2546639061865699,-0.255859375
17482,1.1073446327683616,-0.20751874963942185,-0.059615333813722145,0.06258678093439042,-0.25390625
17483,-0.0847457627118644,0.16096404744368117,-0.20337190804788965,-0.3946162996049949,0.25
17484,1.3587570621468927,-0.20751874963942185,-0.7539114642899638,-0.6796987429630209,-0.337890625
17486,0.4689265536723164,-0.5000000000000001,-0.41541961323750554,-0.3698555675245675,-0.431640625
17487,1.7881355932203389,-0.5000000000000001,-0.8948834826302828,-0.9895419184014743,-0.431640625
17488,1.5423728813559323,-0.5000000000000001,-0.5029593361551997,-0.5363162534679564,-0.431640625
17489,-0.10451977401129943,-0.20751874963942185,-0.4431795459828005,-0.27983086331062224,-0.130859375
17490,-0.268361581920904,0.6609640474436815,0.6132776876324183,0.43347565996344034,0.6796875
17491,-0.2655367231638418,1.0849625007211563,0.9964695114915804,0.5063496376186134,0.71875
17492,0.4322033898305085,0.0,0.13676196389921896,-0.20145700866623173,0.095703125
17493,0.8192090395480226,-0.5000000000000001,-1.139971916320571,-0.9895419184014743,-0.431640625
17494,1.1468926553672316,-0.5000000000000001,-1.4613360200398273,-1.4814146467095628,-0.431640625
17495,-0.24858757062146894,0.0,-0.03874188322431458,-0.10012973443828277,0.31640625
17496,0.7429378531073446,0.16096404744368117,0.25909597887023444,0.1083861667722219,0.224609375
17497,0.8333333333333334,-0.20751874963942185,-0.5868697644954798,-1.0609836552343013,-0.001953125
17498,-0.05649717514124294,-0.5000000000000001,-0.6153568213421152,-0.5691109269262127,-0.431640625
17499,0.5480225988700564,-0.20751874963942185,0.23149073792278332,0.22809526306144287,0.099609375
17500,-0.22033898305084745,0.0,0.1440887325320709,-1.4814146467095628,-0.408203125
17501,0.3531073446327684,-0.20751874963942185,-0.5843841668367946,-0.5363162534679564,-0.431640625
17502,-0.24293785310734464,0.16096404744368117,-0.1224616549865327,-0.3460660985923269,-0.392578125
17503,-0.2627118644067797,-0.20751874963942185,-0.23362657303877235,-0.1320609861045676,-0.361328125
17504,0.3135593220338983,1.1239637567217928,1.2719625642031878,1.014531928014943,0.47265625
17505,0.1864406779661017,0.29248125036057815,0.5485953309665679,0.3652517222233779,0.435546875
17506,-0.05649717514124294,-0.5000000000000001,-0.5599713262308579,-0.6796987429630209,-0.431640625
17507,0.4689265536723164,-0.20751874963942185,-0.19108481870702304,0.33565786730872005,-0.337890625
17508,0.5225988700564972,0.5849625007211564,0.8843676070719887,0.8914374069012179,0.451171875
17509,-0.10734463276836158,0.5849625007211564,1.0354548481641204,0.3045457294825673,-0.419921875
17510,-0.20056497175141244,-0.20751874963942185,-0.27757291844709187,-0.27983086331062224,0.341796875
17511,-0.2627118644067797,1.9653686687814436,2.8135436643905867,1.6137746732670752,1.00390625
17512,-0.18926553672316385,1.1239637567217928,0.9786919044057935,0.4889354164834149,0.9375
17513,-0.06497175141242938,0.0,0.15371560877756044,-0.5363162534679564,0.36328125
17514,0.09322033898305085,-0.20751874963942185,-0.2699510725565695,0.2801174466877641,0.625
17515,-0.1807909604519774,0.6609640474436815,0.32604362681321886,0.42043099147526186,0.58203125
17516,-0.22598870056497175,0.4036774610288021,0.04672665101019723,0.7209730515935905,0.27734375
17517,0.6016949152542372,-0.5000000000000001,-0.917107164688966,-0.8150472910802568,-0.431640625
17518,0.9322033898305084,-0.20751874963942185,-0.5142374498026223,0.2717510560243111,-0.048828125
17519,-0.22033898305084745,1.0000000000000002,0.9065400148809521,0.6879551752969598,0.9765625
17520,-0.11864406779661017,-0.5000000000000001,-0.24529615998265109,-0.23937896292104863,-0.431640625
17521,-0.1864406779661017,0.29248125036057815,0.20578300320866605,0.21897398280902985,0.359375
17522,-0.2655367231638418,0.29248125036057815,0.11169475185919878,0.16116323998750257,-0.0078125
17523,-0.23728813559322035,0.16096404744368117,-0.1512551054979081,-0.3460660985923269,-0.416015625
17524,0.751412429378531,0.0,-0.2527969155465058,-0.11588526199269454,-0.28125
17525,0.7457627118644068,0.0,0.15513558222001161,-0.5052041156418035,-0.296875
17526,-0.2570621468926554,0.8502198590705463,0.8043031491808654,0.23708140825560817,0.970703125
17527,-0.11864406779661017,0.16096404744368117,0.04214731460476099,0.0,-0.109375
17528,-0.2655367231638418,0.5849625007211564,0.7606041275311483,0.8408619829505237,-0.294921875
17529,1.4548022598870056,-0.20751874963942185,0.18982065834680398,0.3280281603386806,-0.26171875
17530,-0.2655367231638418,0.8502198590705463,0.6211821633117814,1.2479615870920706,0.998046875
17531,0.268361581920904,0.0,0.2010876092382443,0.1083861667722219,0.404296875
17532,0.8192090395480226,-0.5000000000000001,-1.3683420393205272,-1.346066098592327,-0.431640625
17533,0.9576271186440678,-0.5000000000000001,-1.6964808063574852,-1.9018456381848245,-0.431640625
17534,-0.11864406779661017,0.29248125036057815,0.34760240905009315,0.31247464900809724,0.73828125
17535,0.5225988700564972,-0.5000000000000001,-0.8823546429331092,-0.7215466248811899,-0.431640625
17536,0.23163841807909605,0.0,-0.4600814009885247,-0.6037805746949155,0.5546875
17537,-0.1864406779661017,-0.20751874963942185,0.012066164704525102,0.29651178810473844,0.103515625
17538,-0.1977401129943503,-0.5000000000000001,-1.1531309618209067,-0.925635107117065,-0.431640625
17539,1.4745762711864407,0.16096404744368117,0.1619262847812781,0.6439827598356785,-0.21875
17540,-0.20056497175141244,0.4036774610288021,0.3220777488267541,-0.055179269251883704,0.69140625
17541,1.1694915254237288,-0.5000000000000001,-1.0492494740937812,-0.22012167228377744,-0.431640625
17542,0.4915254237288136,0.0,-0.4961467343869401,0.14060012816463935,0.294921875
17543,1.2824858757062148,-0.5000000000000001,-1.0484138494125432,-0.7215466248811899,-0.431640625
17544,0.8333333333333334,0.0,0.04522145475413947,0.343192792857138,-0.431640625
17545,-0.14689265536723164,0.4036774610288021,0.2579547462732495,0.9064148025895307,0.611328125
17547,0.7909604519774012,-0.20751874963942185,-0.09339975513247994,-0.42043099147526186,0.134765625
17548,0.3898305084745763,0.16096404744368117,-0.09091671553991194,-0.42043099147526186,-0.11328125
17549,-0.2033898305084746,-0.20751874963942185,-0.9348409055141637,-1.2354782825555186,-0.376953125
17550,0.288135593220339,0.6609640474436815,0.5639093195086561,1.0292073303156686,0.4921875
17551,0.7457627118644068,-0.5000000000000001,-0.5811975440546582,-0.08477312416654154,-0.431640625
17552,-0.09887005649717515,0.8502198590705463,0.6202441551745121,0.3280281603386806,0.67578125
17553,0.096045197740113,0.16096404744368117,0.779197110692563,-1.6559092740307801,0.5078125
17554,-0.2655367231638418,0.29248125036057815,0.43105421302255287,0.1509688200781701,-0.14453125
17555,-0.21468926553672316,0.29248125036057815,0.09915376167492293,0.951998964897582,0.67578125
17556,0.3107344632768362,-0.20751874963942185,-0.5626624997582064,-0.7215466248811899,-0.091796875
17557,-0.2288135593220339,0.16096404744368117,-0.21817804922637404,-0.27983086331062224,0.970703125
17558,0.8418079096045198,-0.5000000000000001,-0.6413921887145784,-0.27983086331062224,-0.431640625
17559,1.1779661016949152,-0.5000000000000001,-0.8720979289736814,-0.7664970900675887,-0.431640625
17560,-0.002824858757062147,0.5849625007211564,0.41539918977978074,-0.11588526199269454,0.673828125
17561,-0.21468926553672316,0.16096404744368117,-0.11183822155388037,0.7710662544722947,0.962890625
17562,-0.2288135593220339,0.5,0.13674302272205066,0.03832139694718311,-0.12109375
17563,1.3644067796610169,-0.20751874963942185,-0.42145699543371,-0.3011156334059281,-0.3671875
17564,-0.20056497175141244,0.0,-0.34403333421063603,-0.10012973443828277,-0.322265625
17565,1.387005649717514,-0.5000000000000001,-0.9990123474222448,-0.23937896292104863,-0.431640625
17566,-0.2457627118644068,-0.20751874963942185,0.0012417369961242087,0.5504820936366117,-0.3984375
17567,-0.24858757062146894,0.6609640474436815,0.9136124861812968,0.6254605967958908,0.416015625
17568,1.5197740112994351,-0.5000000000000001,-0.4462734714577098,0.18105202855421326,-0.431640625
17569,0.6694915254237288,-0.5000000000000001,-0.4910515466239252,-0.25926775148775905,-0.431640625
17570,0.807909604519774,-0.5000000000000001,-1.144743386822357,-1.9018456381848245,-0.431640625
17571,-0.1271186440677966,0.29248125036057815,0.3353828384902196,1.1188986258602671,0.529296875
17572,-0.06779661016949153,0.7297158093186489,-0.15168655334921735,-0.6796987429630209,0.84375
17573,-0.1864406779661017,0.0,-0.43763033248739225,-0.3698555675245675,-0.306640625
17574,0.4152542372881356,-0.5000000000000001,-0.8180571188988582,-0.9895419184014743,-0.431640625
17575,1.615819209039548,-0.5000000000000001,-0.8593795868667405,-1.2354782825555186,-0.431640625
17576,-0.2457627118644068,1.6961587113893808,1.226452351985625,1.3385670033718542,0.990234375
17577,1.5536723163841808,-0.20751874963942185,-0.4839932058006815,-0.4756102607271456,-0.38671875
17578,0.3474576271186441,0.5,0.09996120130216765,0.14060012816463935,0.17578125
17579,-0.2570621468926554,0.16096404744368117,-0.07515571177657429,0.40709960414154694,0.689453125
17580,0.4435028248587571,0.29248125036057815,-0.25094859113557066,0.3280281603386806,-0.099609375
17581,-0.268361581920904,1.729715809318649,1.6110086817990676,1.2933932531814845,1.005859375
17582,0.3983050847457627,0.29248125036057815,0.2717588209451872,0.4269883927082576,0.32421875
17583,1.3135593220338984,-0.5000000000000001,-0.9827631235557007,-1.0609836552343013,-0.431640625
17584,-0.24858757062146894,0.4036774610288021,0.9630564794550949,0.3795242326418465,0.888671875
17585,0.03954802259887006,0.5,0.4607786823148324,1.1292319883212176,0.2890625
17586,1.4802259887005649,-0.5000000000000001,-0.8727924389017612,-0.9895419184014743,-0.431640625
17587,1.5056497175141244,-0.5000000000000001,-0.8441670298202052,-0.04090675883341514,-0.431640625
17588,0.014124293785310734,0.5,0.6486268504169456,-0.1486799354509508,0.6171875
17589,-0.09887005649717515,1.1239637567217928,1.4725788111453373,1.5598232459454815,0.705078125
17590,-0.2627118644067797,0.0,0.27944395622143164,0.7673564343054562,-0.357421875
17591,-0.062146892655367235,0.5849625007211564,0.5271749366250904,0.43347565996344034,0.775390625
17592,1.8163841807909604,-0.5000000000000001,-0.936832479293757,-0.7215466248811899,-0.431640625
17593,-0.2598870056497175,0.7924812503605783,1.1872087024950688,1.161163239987503,0.998046875
17594,-0.02824858757062147,0.16096404744368117,0.5620477468827914,0.2632676491154024,0.58203125
17595,-0.2344632768361582,-0.20751874963942185,-0.4292077035467884,0.24593636415404438,-0.3828125
17596,-0.2033898305084746,0.9036774610288021,0.8740747731502355,1.0845966978399815,0.9375
17597,0.3333333333333333,0.29248125036057815,0.7390058839896306,0.5288171582474838,0.291015625
17598,0.807909604519774,-0.5000000000000001,-0.39817378220004407,-0.8678243642955378,-0.431640625
17599,1.07909604519774,-0.5000000000000001,-1.4872667045060213,-1.4814146467095628,-0.431640625
17600,-0.22033898305084745,-0.5000000000000001,-0.8912081949494297,-0.7215466248811899,-0.431640625
17601,0.4067796610169492,-0.20751874963942185,-0.3941762718650256,0.2546639061865699,-0.15625
17602,-0.2627118644067797,0.9534452978042595,1.136352929557033,1.3846565368863197,0.7734375
17603,-0.0480225988700565,0.16096404744368117,0.38438624675175365,0.5006002703406138,0.83984375
17604,0.3446327683615819,0.4036774610288021,0.04384733836003172,0.6879551752969598,0.474609375
17605,1.3983050847457628,-0.5000000000000001,-0.8942253161860211,-0.7215466248811899,-0.431640625
17606,1.8135593220338984,-0.5000000000000001,-1.2162287871791972,-1.1419776163564517,-0.431640625
17607,0.7937853107344632,-0.5000000000000001,-0.5072162652522146,-0.42043099147526186,-0.431640625
17608,-0.1751412429378531,0.16096404744368117,-0.30564380977087846,0.6530359682955913,0.689453125
17609,-0.1553672316384181,0.7924812503605783,0.4131789855956478,1.1727169932479196,0.6796875
17610,1.2570621468926553,0.29248125036057815,0.29511519453274554,0.5557795395924977,-0.0546875
17611,-0.24858757062146894,1.4289904975637864,1.20308668600983,1.6709146350344088,0.99609375
17612,-0.11864406779661017,1.1239637567217928,0.9715471746854887,0.9324760109055547,0.875
17613,-0.2062146892655367,0.9534452978042595,0.8803244317406819,0.9267806290938753,0.12109375
17614,-0.10734463276836158,-0.5000000000000001,-0.42971563585841865,0.45875238842244526,-0.431640625
17615,0.09887005649717515,0.4036774610288021,-0.09783387430220322,0.025814691870266956,0.26171875
17616,0.22033898305084745,0.16096404744368117,-0.08864048501617705,-1.9018456381848245,0.111328125
17617,1.307909604519774,-0.5000000000000001,-0.4312698977897046,-0.5363162534679564,-0.431640625
17618,-0.2542372881355932,0.7924812503605783,0.8126616215926787,0.9004681499930124,0.89453125
17619,0.6129943502824858,-0.5000000000000001,-0.7419213703328845,0.2717510560243111,-0.431640625
17620,-0.1016949152542373,-0.5000000000000001,-1.2527583387601668,-1.346066098592327,-0.431640625
17621,-0.20903954802259886,0.4036774610288021,0.6896218777097911,0.18105202855421326,0.369140625
17622,1.4180790960451977,-0.20751874963942185,0.14043796213763446,-0.5052041156418035,-0.4296875
17623,-0.17796610169491525,0.5,0.5331533939759878,0.6347923763412154,0.921875
17624,-0.2288135593220339,0.16096404744368117,0.31468352922422294,0.42043099147526186,0.9453125
17625,-0.2175141242937853,0.5849625007211564,1.0262179936463518,1.355734763709606,0.947265625
17626,1.4322033898305084,-0.5000000000000001,-0.6520695994329231,-0.5363162534679564,-0.431640625
17627,1.0819209039548023,-0.5000000000000001,-0.570317541827622,-0.8678243642955378,-0.431640625
17628,-0.03954802259887006,-0.5000000000000001,-1.290802930411189,-1.2354782825555186,-0.431640625
17629,-0.2542372881355932,0.7297158093186489,0.5529528201720053,0.6301444324754325,0.380859375
17630,0.20903954802259886,-0.20751874963942185,-0.28900355359917806,-0.3698555675245675,-0.30859375
17631,-0.2655367231638418,0.5,0.07458201876964428,0.22809526306144287,0.9921875
17633,-0.1807909604519774,0.5,0.4588902834100469,0.37242995637284404,0.267578125
17634,-0.16666666666666666,0.6609640474436815,0.5315371408779889,0.9210312618158757,0.15625
17635,0.9293785310734464,0.0,0.2005670646328764,0.17118914935083235,-0.107421875
17636,-0.21468926553672316,-0.5000000000000001,-0.5899978241814657,-0.4756102607271456,-0.431640625
17637,-0.1807909604519774,-0.20751874963942185,-0.24505344735709167,-0.1486799354509508,-0.267578125
17638,1.5593220338983051,-0.20751874963942185,-0.01574731744891997,-1.6559092740307801,-0.287109375
17639,0.5112994350282486,0.4036774610288021,-0.18274030118623466,0.16116323998750257,-0.02734375
17640,-0.025423728813559324,0.4036774610288021,0.6885857916543607,0.03832139694718311,0.623046875
17642,0.06779661016949153,0.29248125036057815,0.3950144693354198,0.4003223972506149,0.76953125
17643,0.7853107344632768,-0.20751874963942185,-0.36103222385737993,-0.23937896292104863,-0.173828125
17644,-0.2655367231638418,1.1961587113893803,1.030620959645011,0.7598680218283731,0.857421875
17646,0.3502824858757062,0.8502198590705463,0.7988138608244022,0.6063549635431924,0.552734375
17647,-0.0847457627118644,0.0,-0.5106433086284244,-0.7664970900675887,0.748046875
17648,-0.09887005649717515,0.29248125036057815,0.4984670962326602,0.5557795395924977,0.203125
17649,0.12146892655367232,0.0,0.31814942833520077,0.4003223972506149,0.220703125
17650,-0.20903954802259886,-0.5000000000000001,-0.8769786481055768,-0.9895419184014743,-0.431640625
17651,-0.23728813559322035,1.04373142062517,1.001138598606656,0.8883970310794748,0.57421875
17652,-0.1977401129943503,0.8502198590705463,0.9168608907942942,0.5765184386087194,0.068359375
17653,-0.16666666666666666,0.16096404744368117,0.17562290305998673,-0.013331387333714908,-0.267578125
17654,0.5141242937853108,-0.5000000000000001,-1.0595153157487451,-0.42043099147526186,-0.431640625
17655,-0.2401129943502825,0.6609640474436815,0.6552482362034489,0.3045457294825673,0.361328125
17656,-0.062146892655367235,0.29248125036057815,0.3494659795191691,0.23708140825560817,-0.32421875
17657,0.9463276836158192,-0.5000000000000001,-1.022888456247824,-1.0609836552343013,-0.431640625
17658,-0.1977401129943503,-0.20751874963942185,-0.20007047488059457,-0.5691109269262127,-0.068359375
17659,-0.22033898305084745,0.9534452978042595,0.7544850955756053,0.7209730515935905,0.2890625
17660,0.12994350282485875,-0.20751874963942185,-0.49401909713030157,0.3045457294825673,0.732421875
17662,1.5988700564971752,-0.20751874963942185,-0.3943818614176191,-0.6796987429630209,-0.3125
17663,-0.1977401129943503,1.0849625007211563,0.9495031120655089,0.732905640483359,0.779296875
17664,-0.2175141242937853,0.16096404744368117,0.157112641243526,0.24593636415404438,0.744140625
17665,1.1242937853107344,-0.5000000000000001,-0.2297080337870016,-0.5052041156418035,-0.431640625
17666,-0.2598870056497175,0.29248125036057815,0.45640608664082766,-0.23937896292104863,0.591796875
17667,-0.08192090395480225,0.6609640474436815,0.8058480924558418,0.6794120241174847,0.716796875
17668,-0.2655367231638418,-0.20751874963942185,-0.4855163649249516,-0.6796987429630209,-0.359375
17669,-0.1497175141242938,0.7297158093186489,1.040563093331657,0.3795242326418465,0.69140625
17670,0.3728813559322034,-0.5000000000000001,-0.7637792031118401,-0.8150472910802568,-0.431640625
17671,-0.22598870056497175,0.29248125036057815,0.4462775464409666,0.1083861667722219,0.271484375
17672,-0.1271186440677966,0.5,1.0080971123332094,0.8275305956168089,0.802734375
17673,-0.2655367231638418,0.9036774610288021,0.8350740041553356,0.8791833798977066,0.796875
17674,-0.059322033898305086,-0.20751874963942185,-0.24120430305926613,-0.5052041156418035,0.142578125
17675,-0.2655367231638418,2.074873559752341,2.00489999977075,1.2239024788104522,0.990234375
17676,-0.2570621468926554,0.7297158093186489,0.5514608559601614,0.3795242326418465,0.76953125
17677,-0.2655367231638418,1.8906798567623302,1.9670698325388007,1.2256529957727533,0.978515625
17678,0.4745762711864407,-0.20751874963942185,-0.1962135287851163,-0.3011156334059281,0.232421875
17679,-0.12146892655367232,0.5,0.7530925759928627,0.2632676491154024,0.904296875
17680,-0.2033898305084746,0.0,-0.29552688385233444,-0.4756102607271456,0.521484375
17681,1.4180790960451977,0.29248125036057815,-0.09096030536504993,-0.7664970900675887,-0.244140625
17682,-0.2401129943502825,0.7924812503605783,0.8210530357641407,0.3795242326418465,0.80078125
17683,0.8192090395480226,0.0,-0.0307086725217184,-0.055179269251883704,-0.1015625
17684,-0.14689265536723164,-0.5000000000000001,-0.6834116580469201,-0.6405526637590393,-0.431640625
17685,-0.2231638418079096,0.8502198590705463,0.9774385386193147,0.6063549635431924,0.837890625
17686,-0.24858757062146894,0.6609640474436815,1.2004825585372447,1.1041296320659262,0.595703125
17687,0.9180790960451978,-0.5000000000000001,-0.3695741855299997,-0.3231745627721683,-0.431640625
17688,0.8418079096045198,-0.5000000000000001,-0.5564738582694403,-0.5052041156418035,-0.431640625
17689,0.827683615819209,-0.20751874963942185,-0.5344848373125811,-0.5691109269262127,-0.263671875
17690,-0.18361581920903955,1.1961587113893803,1.107323751135531,0.9969494300839813,0.826171875
17691,0.7429378531073446,0.16096404744368117,-0.16376141530489824,-0.11588526199269454,-0.064453125
17692,0.0903954802259887,0.8502198590705463,0.6551445985847706,0.4138019232360459,0.375
17693,0.11864406779661017,-0.5000000000000001,-0.7774123391020706,-0.6037805746949155,-0.431640625
17694,0.12994350282485875,0.0,0.3561789728409664,0.1083861667722219,0.390625
17695,0.1016949152542373,0.29248125036057815,0.3716477213336641,0.013044668488178479,0.640625
17696,-0.16101694915254236,1.4036774610288023,1.159364344540541,0.8666766748207905,0.91796875
17697,0.3983050847457627,-0.5000000000000001,-0.4991116280266828,-0.5052041156418035,-0.431640625
17698,0.4661016949152542,-0.5000000000000001,-0.9136507364954091,-0.9895419184014743,-0.431640625
17699,1.076271186440678,-0.20751874963942185,-0.35826314482069826,-0.5691109269262127,-0.265625
17700,-0.2231638418079096,0.9534452978042595,1.0851910569995866,1.0505754239506944,0.978515625
17701,0.4435028248587571,-0.5000000000000001,-0.38795635389537225,-0.3698555675245675,-0.431640625
17702,-0.18361581920903955,0.4036774610288021,0.6843907043007058,0.5866279010690111,0.291015625
17703,-0.1694915254237288,0.16096404744368117,0.12353927359810656,0.20030931919148418,0.31640625
17704,0.2062146892655367,-0.20751874963942185,0.010579547167179116,-0.3011156334059281,-0.29296875
17705,-0.2598870056497175,0.7924812503605783,0.46569769034258496,0.29651178810473844,0.6875
17706,-0.2570621468926554,1.5000000000000004,1.6756881173095493,1.325364587696384,0.90625
17707,0.2542372881355932,0.5849625007211564,-0.18783238892210952,-0.925635107117065,0.63671875
17708,0.2598870056497175,0.16096404744368117,0.009972917667360267,0.14060012816463935,0.029296875
17709,0.20903954802259886,0.29248125036057815,-0.1365923431164003,-0.11588526199269454,0.416015625
17710,0.9265536723163842,-0.5000000000000001,-0.575458710042,-0.4756102607271456,-0.431640625
17711,-0.2401129943502825,-0.20751874963942185,-0.4313938840297982,-0.42043099147526186,0.11328125
17712,-0.1440677966101695,-0.5000000000000001,-0.2690262816649586,-0.25926775148775905,-0.431640625
17713,0.8107344632768362,0.16096404744368117,0.17143814595885376,0.11931535806933405,-0.107421875
17714,0.635593220338983,0.29248125036057815,0.2580753881834698,0.2546639061865699,-0.0546875
17715,0.2966101694915254,-0.20751874963942185,-0.30397134455989266,-1.9018456381848245,0.333984375
17716,-0.2062146892655367,1.3219280948873624,1.5483686557926055,1.2043057941292026,0.96484375
17717,0.9209039548022598,-0.5000000000000001,-0.44278526985431615,-0.3231745627721683,-0.431640625
17718,0.3870056497175141,-0.20751874963942185,-0.3616602793739175,-0.42043099147526186,0.373046875
17719,-0.1638418079096045,1.0000000000000002,0.971663494913814,0.5397463495445953,-0.005859375
17720,-0.19491525423728814,0.7297158093186489,0.5968661924001526,0.35063526299703285,0.646484375
17721,1.5932203389830508,-0.5000000000000001,-0.5512531368480087,-0.8150472910802568,-0.431640625
17722,0.002824858757062147,0.29248125036057815,0.7444923646450118,0.7710662544722947,0.11328125
17723,0.0903954802259887,0.5,0.7226237176138227,-1.1419776163564517,0.052734375
17724,-0.06779661016949153,0.0,0.09263945156261078,-0.10012973443828277,-0.30078125
17725,-0.2231638418079096,0.7924812503605783,0.7320908219701349,0.5610311196399013,0.05859375
17726,0.847457627118644,0.5,0.12218803980402969,0.08591864614335176,0.12890625
17727,-0.22598870056497175,-0.5000000000000001,0.10647723519187706,0.22809526306144287,-0.431640625
17728,-0.2598870056497175,0.29248125036057815,0.8432774307692469,0.882270173869781,0.447265625
17729,1.4152542372881356,-0.5000000000000001,-0.3623011768274756,-0.3946162996049949,-0.431640625
17730,-0.2598870056497175,1.1961587113893803,1.1658497002975108,0.8207533887258768,0.712890625
17731,-0.04519774011299435,0.4036774610288021,0.3602448799643802,0.35798751915499055,0.71875
17732,0.7824858757062146,0.5849625007211564,0.48634669850712187,0.4138019232360459,-0.20703125
17733,-0.16101694915254236,-0.20751874963942185,-0.12008504808171175,-0.1833495832196537,0.00390625
17734,-0.11864406779661017,0.4036774610288021,0.27005507787486,0.31247464900809724,0.71875
17735,-0.2627118644067797,1.3774437510817346,1.5754478530505673,1.2996143713729684,0.53515625
17736,-0.24293785310734464,0.0,-0.4420538171514907,-0.3698555675245675,-0.228515625
17737,-0.24293785310734464,-0.20751874963942185,-0.8701455380078036,-0.9895419184014743,-0.3359375
17738,-0.21468926553672316,0.9036774610288021,0.8363060014569091,0.8069674837939456,0.76171875
17739,-0.23728813559322035,1.1239637567217928,1.162884963949554,0.13005110216134985,0.9765625
17740,0.8305084745762712,0.4036774610288021,-0.3767117514922679,-1.2354782825555186,0.169921875
17741,0.8785310734463276,-0.20751874963942185,-1.1389810532083862,-1.1419776163564517,-0.130859375
17742,0.05084745762711865,0.7924812503605783,0.4694048351793114,0.08591864614335176,0.7890625
17743,0.9971751412429378,-0.5000000000000001,-0.7064974157558812,-1.4814146467095628,-0.431640625
17744,-0.2598870056497175,0.5,0.5933111235332149,0.5916201408260943,0.3046875
17745,1.07909604519774,-0.20751874963942185,-0.19570019621518528,-0.3011156334059281,-0.279296875
17746,0.4096045197740113,0.16096404744368117,0.02185846225574243,-0.20145700866623173,0.291015625
17747,0.0480225988700565,-0.5000000000000001,-1.3218414196010577,-1.9018456381848245,-0.431640625
17748,1.2203389830508475,-0.5000000000000001,-0.46988474217180853,-0.5691109269262127,-0.431640625
17749,0.2344632768361582,0.0,0.08911913734263477,0.08591864614335176,0.287109375
17750,-0.2542372881355932,0.6609640474436815,0.3606988794323147,0.48301777240965205,-0.12109375
17751,0.9209039548022598,-0.5000000000000001,-0.9038158754163962,-0.22012167228377744,-0.431640625
17752,0.7457627118644068,-0.5000000000000001,-1.2579457319935032,-1.9018456381848245,-0.431640625
17753,1.0423728813559323,0.16096404744368117,-0.4355989280293307,0.20030931919148418,0.033203125
17754,-0.268361581920904,0.9036774610288021,0.8692883897461737,0.8474193841835195,0.990234375
17756,0.7909604519774012,0.0,-0.09274328080723172,0.1083861667722219,-0.39453125
17757,-0.2655367231638418,1.916445007082371,1.2481130672341494,1.2529952566983167,0.923828125
17758,-0.21468926553672316,0.8502198590705463,0.9272811253790645,1.3179038084357475,0.640625
17759,-0.22033898305084745,0.29248125036057815,0.19901079225975143,0.5557795395924977,0.673828125
17760,-0.20903954802259886,0.4036774610288021,-0.08003727765925803,0.1509688200781701,0.794921875
17761,-0.17796610169491525,-0.5000000000000001,-0.10451414127268799,-0.5052041156418035,-0.431640625
17762,1.0197740112994351,-0.5000000000000001,-1.0074083253208326,-0.6037805746949155,-0.431640625
17763,0.4745762711864407,0.16096404744368117,-1.2232024681813285,-0.8150472910802568,0.341796875
17764,-0.1271186440677966,0.29248125036057815,0.2956880083036319,0.6159830023075147,0.908203125
17765,0.17796610169491525,0.16096404744368117,-0.2679206771118522,0.2717510560243111,0.134765625
17766,0.807909604519774,-0.20751874963942185,-0.5645349887021225,-0.44739337282027586,-0.431640625
17767,-0.22598870056497175,-0.20751874963942185,-0.3942148138543953,-0.1486799354509508,0.33984375
17768,-0.2457627118644068,0.5,0.7089642292415551,0.6530359682955913,0.9921875
17769,-0.2344632768361582,1.0849625007211563,1.1141221360044995,1.1970197761133603,0.890625
17770,0.2909604519774011,0.29248125036057815,0.14654437709556475,-0.1833495832196537,-0.267578125
17771,-0.11016949152542373,0.16096404744368117,-0.42822068269484664,0.20030931919148418,0.609375
17772,-0.2401129943502825,0.0,-0.4660475672658506,0.4398942775998032,0.314453125
17773,1.1836158192090396,-0.20751874963942185,-0.21826110859603218,0.03832139694718311,-0.087890625
17774,0.002824858757062147,0.6609640474436815,0.705902941012791,1.110503284825406,0.6875
17775,0.4491525423728814,-0.5000000000000001,-1.4453430023939808,-1.4814146467095628,-0.431640625
17776,0.8220338983050848,-0.20751874963942185,-0.5124052543444191,0.29651178810473844,0.2265625
17777,-0.20056497175141244,0.0,-0.1554869762937441,0.6836986405906643,-0.283203125
17778,1.5988700564971752,-0.5000000000000001,-0.7847770137985824,-0.8678243642955378,-0.431640625
17779,-0.20903954802259886,0.0,-0.15322796780378659,0.2883700053706945,-0.193359375
17780,1.615819209039548,0.0,-0.4873346255834436,0.31247464900809724,-0.3984375
17781,0.1807909604519774,-0.20751874963942185,-0.8113450101688726,-0.7664970900675887,-0.248046875
17782,0.8107344632768362,-0.20751874963942185,-0.1302891203052791,-0.25926775148775905,-0.431640625
17783,-0.06497175141242938,0.0,-0.44272896854075167,0.42043099147526186,0.427734375
17784,1.2853107344632768,-0.5000000000000001,-1.0809881011928888,-0.5052041156418035,-0.431640625
17785,-0.11864406779661017,0.0,-0.4067860080283525,0.03832139694718311,0.568359375
17786,-0.02824858757062147,-0.20751874963942185,-0.6259163973629897,0.14060012816463935,0.021484375
17787,0.16101694915254236,0.16096404744368117,0.39298531641417905,0.4398942775998032,-0.00390625
17788,-0.062146892655367235,-0.20751874963942185,0.13461733169760615,-1.4814146467095628,-0.322265625
17789,0.5254237288135594,-0.20751874963942185,-0.41504537732598734,-0.3011156334059281,0.310546875
17790,-0.19491525423728814,1.1961587113893803,0.6188378609559212,0.8571244505314667,0.580078125
17791,-0.1864406779661017,-0.5000000000000001,-1.1135477698513316,-0.8678243642955378,-0.431640625
17792,1.0508474576271187,-0.20751874963942185,-0.4549873452997576,0.0,-0.41015625
17793,-0.1977401129943503,-0.5000000000000001,-0.56324473817734,0.05057542395069435,-0.431640625
17794,1.6694915254237288,-0.20751874963942185,-0.9404075126463651,-1.0609836552343013,-0.427734375
17795,0.23728813559322035,-0.20751874963942185,-0.4930744861375008,-0.02696238134501425,-0.265625
17796,-0.1553672316384181,0.5,0.1881637991915298,0.7169427795800003,0.3125
17797,-0.2062146892655367,0.5849625007211564,0.4363165476981953,0.9574634496626779,0.939453125
17798,1.3728813559322033,-0.5000000000000001,-0.8401114598291839,-0.02696238134501425,-0.431640625
17799,-0.2062146892655367,1.1961587113893803,1.0495426349769965,1.4211912427213598,0.943359375
17800,-0.1638418079096045,0.6609640474436815,0.16658932336904428,0.07436489288293499,0.1484375
17801,1.0056497175141244,0.0,-0.06347187336053736,0.22809526306144287,0.037109375
17802,-0.03672316384180791,0.7297158093186489,0.9253694967325241,1.1041296320659262,0.826171875
17803,0.8389830508474576,-0.5000000000000001,-0.8208861837768094,-0.3011156334059281,-0.431640625
17804,0.7937853107344632,0.0,-0.4332156767716948,0.35798751915499055,0.275390625
17805,-0.062146892655367235,-0.20751874963942185,0.035120427015893414,-0.8678243642955378,0.6171875
17806,-0.23728813559322035,-0.5000000000000001,-0.24604441142766167,-0.02696238134501425,-0.431640625
17807,0.847457627118644,0.0,-0.3632457909930872,0.4003223972506149,0.171875
17808,1.2796610169491525,0.16096404744368117,-0.6343440663927147,-0.25926775148775905,-0.3671875
17809,-0.2231638418079096,1.1961587113893803,1.3043456329282606,0.16116323998750257,0.9765625
17810,1.61864406779661,-0.20751874963942185,-0.4481043779203897,0.07436489288293499,-0.40234375
17811,-0.2570621468926554,1.7924812503605787,1.2736206854065655,1.4927736623117323,0.4296875
17812,-0.2344632768361582,0.5,0.02642861386599757,0.7673564343054562,0.580078125
17813,-0.2288135593220339,0.29248125036057815,0.35683686989747343,1.133316540500081,-0.3203125
17814,0.7909604519774012,-0.20751874963942185,0.3283145712496053,0.5451379735468534,-0.33984375
17815,0.8418079096045198,-0.5000000000000001,-0.20316552782624805,-0.7215466248811899,-0.431640625
17816,-0.16666666666666666,0.4036774610288021,-1.1656368493064948,-0.055179269251883704,0.912109375
17817,-0.2570621468926554,0.4036774610288021,-0.05111483471160229,0.5610311196399013,0.384765625
17818,1.8135593220338984,-0.5000000000000001,-1.0280233549839377,-0.04090675883341514,-0.431640625
17819,-0.06779661016949153,0.8502198590705463,1.029954441636469,0.22809526306144287,0.84765625
17820,0.788135593220339,-0.5000000000000001,-0.832618899900789,-0.08477312416654154,-0.431640625
17821,0.8785310734463276,-0.5000000000000001,-0.505930850793327,-1.1419776163564517,-0.431640625
17822,0.9180790960451978,0.29248125036057815,0.4854894363903785,0.7289541365636965,-0.158203125
17823,0.9209039548022598,-0.20751874963942185,-0.3496276762335191,0.4003223972506149,-0.431640625
17824,-0.12429378531073447,-0.5000000000000001,-0.5666805397930563,-0.7215466248811899,-0.431640625
17825,1.42090395480226,0.16096404744368117,-0.11263976933002899,-0.3698555675245675,-0.18359375
17826,0.788135593220339,-0.5000000000000001,-0.9929991526489735,-0.1833495832196537,-0.431640625
17827,-0.2542372881355932,0.4036774610288021,0.5354858111880464,1.0045472794051025,0.771484375
17828,-0.2062146892655367,0.16096404744368117,0.3937307250253729,0.1083861667722219,-0.115234375
17829,0.5734463276836158,0.29248125036057815,0.9045947275053887,0.5916201408260943,0.265625
17830,-0.2655367231638418,0.0,-0.41297846342881084,-0.5363162534679564,0.12890625
17831,-0.1751412429378531,-0.5000000000000001,-1.6876391131654638,-1.6559092740307801,-0.431640625
17832,-0.12994350282485875,-0.5000000000000001,-0.9122199950879919,0.18105202855421326,-0.431640625
17833,1.7740112994350283,-0.5000000000000001,-0.4998789464233649,-0.27983086331062224,-0.431640625
17834,0.9011299435028248,-0.20751874963942185,-0.12202245236070533,0.1083861667722219,-0.37109375
17835,-0.2627118644067797,0.0,-0.4939880996673252,0.0,-0.390625
17836,-0.13559322033898305,-0.5000000000000001,-1.093515465955249,-0.3946162996049949,-0.431640625
17837,-0.1497175141242938,0.5849625007211564,0.30531539452639,0.5343063695247384,-0.1953125
17838,-0.19491525423728814,0.9036774610288021,0.9918369021230793,0.6836986405906643,0.748046875
17839,-0.1497175141242938,-0.5000000000000001,-0.5326983523607633,0.06258678093439042,-0.431640625
17840,0.9830508474576272,-0.5000000000000001,-0.8465972531505167,-0.013331387333714908,-0.431640625
17841,-0.2655367231638418,2.8639602272816,2.3237314335423473,2.3225632130372285,1.005859375
17842,1.4322033898305084,-0.5000000000000001,-0.37202078792630844,-0.5363162534679564,-0.431640625
17843,0.5875706214689266,-0.20751874963942185,-0.5289611840387712,0.1509688200781701,-0.220703125
17844,0.031073446327683617,-0.5000000000000001,-1.4922030499504115,-1.2354782825555186,-0.431640625
17845,1.2994350282485876,0.16096404744368117,-0.19947321935509604,-0.04090675883341514,-0.390625
17846,-0.02824858757062147,-0.5000000000000001,0.4525755302658367,-1.9018456381848245,-0.431640625
17847,1.1864406779661016,-0.20751874963942185,-1.0076524943707352,-0.925635107117065,-0.177734375
17848,-0.03954802259887006,1.4770981551934377,0.7503354047340538,0.5063496376186134,0.841796875
17849,0.3474576271186441,0.5849625007211564,0.1082337572106838,-0.3698555675245675,0.3828125
17850,0.7824858757062146,2.642701109431125,2.1686235816016115,0.4770418254852238,0.275390625
17851,0.923728813559322,0.4036774610288021,0.30913726543112974,0.8474193841835195,0.181640625
17852,-0.23728813559322035,0.29248125036057815,-0.147145447770947,0.35798751915499055,0.974609375
17853,0.8813559322033898,0.0,0.32397613507324685,0.37242995637284404,0.2109375
17854,0.2542372881355932,0.4036774610288021,0.11059664512455385,0.5504820936366117,0.634765625
17855,0.7824858757062146,-0.5000000000000001,-0.7554294078530013,-0.5691109269262127,-0.431640625
17856,-0.2655367231638418,0.16096404744368117,0.26102634938439984,-0.7664970900675887,0.115234375
17857,-0.2570621468926554,1.3219280948873624,1.8349299061917974,-0.44739337282027586,0.8125
17858,-0.2542372881355932,1.4770981551934377,1.4192830658476783,0.8069674837939456,0.990234375
17859,0.5903954802259888,-0.5000000000000001,-0.9600647228686935,-0.3946162996049949,-0.431640625
17860,0.7711864406779662,0.16096404744368117,-0.10108946722035855,0.6207403106667461,0.271484375
17861,-0.2598870056497175,1.1239637567217928,0.9404307134766456,1.1951845138767896,0.986328125
17862,0.6440677966101694,0.16096404744368117,0.19605821569158896,0.4138019232360459,0.037109375
17863,-0.1016949152542373,0.8502198590705463,0.968146901224167,0.736831568146711,0.7265625
17864,-0.2344632768361582,0.29248125036057815,0.005379795238182601,0.43347565996344034,0.37890625
17865,-0.18361581920903955,1.7772944258388188,1.8144096859072179,1.2996143713729684,0.951171875
17866,0.1327683615819209,0.0,0.14266233810380308,-0.4756102607271456,0.70703125
17867,-0.18361581920903955,1.0000000000000002,0.3192123656752409,0.5815942314627645,0.94921875
17868,0.8220338983050848,-0.5000000000000001,-0.7112559249349277,-0.5363162534679564,-0.431640625
17869,0.03389830508474576,0.5,-0.03420379548422252,0.2801174466877641,0.427734375
17870,-0.2627118644067797,0.9036774610288021,0.613816820722287,0.9381184116536173,0.30859375
17871,0.307909604519774,0.29248125036057815,0.11082042538195841,0.20971344100017061,0.5234375
17872,0.807909604519774,-0.5000000000000001,-0.6913029730578528,-0.6405526637590393,-0.431640625
17873,-0.0423728813559322,1.1239637567217928,1.051106950490762,0.21897398280902985,0.82421875
17874,0.2542372881355932,0.4036774610288021,-0.12682710711057435,-0.11588526199269454,-0.294921875
17875,1.6751412429378532,-0.5000000000000001,-0.8737409615198676,-0.3460660985923269,-0.431640625
17876,0.8587570621468926,0.0,0.7297568792629516,-1.4814146467095628,0.107421875
17877,0.211864406779661,-0.5000000000000001,-0.6874095614169142,-0.7664970900675887,-0.431640625
17878,-0.14689265536723164,0.0,0.24616289658763596,0.35798751915499055,0.255859375
17879,0.22033898305084745,-0.5000000000000001,-0.8387763224411741,-1.1419776163564517,-0.431640625
17880,0.7598870056497176,0.0,-0.026888443703582725,-0.02696238134501425,0.283203125
17881,0.5903954802259888,-0.5000000000000001,-0.992959555867481,-0.9895419184014743,-0.431640625
17882,0.8022598870056498,-0.20751874963942185,-0.5789745752021505,0.025814691870266956,-0.431640625
17883,-0.2598870056497175,0.5,0.06919523627164637,0.740732248512241,0.8359375
17884,-0.2598870056497175,1.1961587113893803,0.6031221103820368,1.1493851280389582,0.998046875
17885,-0.2344632768361582,-0.5000000000000001,-0.9089302962174077,0.06258678093439042,-0.431640625
17886,-0.1807909604519774,0.4036774610288021,0.31601039939210335,0.6707468237990215,0.658203125
17887,0.096045197740113,-0.5000000000000001,-1.0880901391376225,-0.8678243642955378,-0.431640625
17888,-0.20903954802259886,1.3502198590705465,0.3900226092632688,0.700548438163026,0.9296875
17889,0.3305084745762712,0.5,-0.08001592526153031,0.45875238842244526,0.361328125
17890,0.6412429378531074,-0.20751874963942185,-0.20773354033208472,0.4003223972506149,-0.35546875
17891,0.18926553672316385,-0.5000000000000001,-0.7685358284850119,-0.16576708528869222,-0.431640625
17892,-0.11016949152542373,0.0,-0.6731338722390945,-0.3011156334059281,-0.23828125
17893,0.3672316384180791,-0.5000000000000001,-1.108062802895133,-0.6405526637590393,-0.431640625
17894,-0.06779661016949153,1.1239637567217928,0.5192192175162591,0.9381184116536173,0.345703125
17895,-0.1440677966101695,-0.5000000000000001,-1.169264633092157,-0.6405526637590393,-0.431640625
17896,-0.2033898305084746,-0.5000000000000001,-0.6472516633575852,-1.6559092740307801,-0.431640625
17897,0.2175141242937853,0.6609640474436815,0.4697619788608357,0.9267806290938753,0.357421875
17898,-0.02824858757062147,0.16096404744368117,-0.5652964664636249,0.03832139694718311,0.509765625
17899,0.1807909604519774,-0.5000000000000001,-0.9150169342561962,-0.25926775148775905,-0.431640625
17900,0.268361581920904,-0.20751874963942185,-1.0840806453916219,-1.346066098592327,-0.431640625
17901,-0.1864406779661017,0.0,-0.6395347813819894,-0.42043099147526186,0.529296875
17902,1.2740112994350283,-0.5000000000000001,-0.7369307622476813,-0.3698555675245675,-0.431640625
17903,0.844632768361582,-0.5000000000000001,-0.4369476945413143,-0.013331387333714908,-0.431640625
17904,-0.20903954802259886,-0.5000000000000001,-0.8312731943771177,-0.1833495832196537,-0.431640625
17905,-0.06779661016949153,0.9036774610288021,0.48939363439929684,0.6301444324754325,0.7578125
17906,0.4293785310734463,-0.5000000000000001,-1.3109327059529652,-0.7664970900675887,-0.431640625
17907,1.53954802259887,-0.5000000000000001,-0.5786110386878207,-0.7215466248811899,-0.431640625
17908,0.7853107344632768,0.29248125036057815,0.1461723327322025,0.824151457593332,0.255859375
17909,1.8135593220338984,-0.5000000000000001,-1.0942813625485828,-0.9895419184014743,-0.431640625
17910,1.7824858757062148,-0.5000000000000001,-0.6362441527046238,-0.3460660985923269,-0.431640625
17911,-0.24293785310734464,-0.5000000000000001,-0.458049509873323,-0.08477312416654154,-0.431640625
17912,0.6073446327683616,0.4036774610288021,-0.4461318035578806,0.03832139694718311,-0.3046875
17913,-0.10451977401129943,0.9534452978042595,0.7305747694401207,0.9628791437340447,0.892578125
17914,-0.2598870056497175,-0.5000000000000001,-0.5143340561700389,0.2801174466877641,-0.431640625
17915,1.2881355932203389,-0.5000000000000001,-0.7144598967955839,-0.3011156334059281,-0.431640625
17916,1.5056497175141244,-0.20751874963942185,-1.5763521184840812,-0.6405526637590393,-0.2265625
17917,-0.14124293785310735,0.0,-0.5052813909824604,0.3203012570369791,0.1875
17918,1.1440677966101696,0.0,-0.4160617736684355,-0.16576708528869222,-0.421875
17919,-0.01977401129943503,-0.20751874963942185,0.39960757668687225,-0.11588526199269454,0.251953125
17920,-0.2570621468926554,1.8906798567623302,1.7561312552550028,1.6650134405438557,0.9921875
17921,-0.08757062146892655,0.7297158093186489,0.539540873434425,0.9788420046374029,0.443359375
17922,1.265536723163842,-0.5000000000000001,-0.8633990878208065,-0.9895419184014743,-0.431640625
17923,0.5282485875706214,0.0,-0.29600735622645385,-1.6559092740307801,0.080078125
17924,-0.23728813559322035,0.5849625007211564,0.7032763119197242,-0.3011156334059281,0.35546875
17925,0.7824858757062146,-0.5000000000000001,-0.673177281840548,-1.9018456381848245,-0.431640625
17926,0.10734463276836158,0.29248125036057815,0.09391894425347774,-0.3011156334059281,0.439453125
17927,1.768361581920904,-0.5000000000000001,-0.5745563129456797,-0.8678243642955378,-0.431640625
17928,-0.14124293785310735,0.0,-0.4955401897008449,-0.3011156334059281,0.595703125
17929,-0.23728813559322035,0.8502198590705463,0.673809416092906,-1.1419776163564517,0.97265625
17930,-0.1694915254237288,0.9036774610288021,0.8478325114658026,-0.08477312416654154,0.759765625
17931,0.11016949152542373,0.9534452978042595,0.7263632789672745,1.0845966978399815,0.59765625
17932,-0.1864406779661017,0.0,0.22758496008569698,0.37242995637284404,-0.076171875
17933,1.5169491525423728,-0.5000000000000001,-1.0725061770610957,-0.7664970900675887,-0.431640625
17934,-0.12429378531073447,0.0,0.10088393855127634,-0.1320609861045676,0.26171875
17935,0.12146892655367232,0.5,-0.12474827574716951,0.17118914935083235,0.734375
17936,-0.2542372881355932,-0.5000000000000001,-0.4382859317772638,0.24593636415404438,-0.431640625
17937,-0.2457627118644068,0.5,0.8510571255750857,-0.5052041156418035,0.259765625
17938,0.9180790960451978,-0.5000000000000001,-0.9513156812974225,-0.25926775148775905,-0.431640625
17939,0.1807909604519774,-0.5000000000000001,-1.1492923669757473,-0.7664970900675887,-0.431640625
17940,-0.12994350282485875,1.04373142062517,1.8895943734887644,-0.8150472910802568,0.91015625
17941,0.09887005649717515,0.16096404744368117,0.2667127363507488,-1.2354782825555186,0.685546875
17942,-0.24858757062146894,-0.5000000000000001,-1.278809698683888,-1.6559092740307801,-0.431640625
17944,0.9265536723163842,-0.5000000000000001,-1.2960968309837384,-0.3698555675245675,-0.431640625
17945,1.6977401129943503,0.0,-0.4666361033078648,0.22809526306144287,-0.431640625
17946,0.3898305084745763,-0.20751874963942185,-0.9322912179562436,-0.5363162534679564,-0.380859375
17947,-0.1638418079096045,-0.5000000000000001,-0.8442568403880847,-0.925635107117065,-0.431640625
17948,0.14689265536723164,-0.5000000000000001,-0.4692778079770632,-1.9018456381848245,-0.431640625
17949,-0.2655367231638418,2.4474088816539723,2.609584181092124,0.1509688200781701,1.005859375
17950,-0.06497175141242938,0.5,0.1571399854321814,0.6485262545367048,0.802734375
17951,-0.15819209039548024,0.16096404744368117,0.23116965384862365,-0.3698555675245675,0.28125
17952,0.7994350282485876,0.16096404744368117,-0.05090590594523003,0.3795242326418465,-0.11328125
17953,1.2570621468926553,-0.5000000000000001,-0.8994471615324824,-0.4756102607271456,-0.431640625
17954,-0.2542372881355932,1.1609640474436813,0.7857771240156035,1.4224562144132882,0.984375
17955,0.2909604519774011,0.4036774610288021,0.04807098267827447,-0.6037805746949155,0.48046875
17956,0.4350282485875706,-0.5000000000000001,-2.2055209879944835,-1.9018456381848245,-0.431640625
17957,-0.08192090395480225,-0.5000000000000001,-1.0865299213633088,-0.22012167228377744,-0.431640625
17958,0.059322033898305086,-0.20751874963942185,0.06131977659698335,-0.1486799354509508,0.763671875
17959,1.4039548022598871,-0.5000000000000001,-0.9644375065736082,-1.6559092740307801,-0.431640625
17960,0.21468926553672316,0.0,-0.9861532956409071,-0.11588526199269454,0.486328125
17961,-0.20903954802259886,2.3291057413758978,0.6352892752790312,1.4312379106091848,0.96875
17962,0.1327683615819209,0.16096404744368117,-0.13980802190234973,0.7046887525764891,0.6484375
17963,1.0621468926553672,0.16096404744368117,-0.15910824937063323,0.46491034696307426,-0.005859375
17964,-0.1807909604519774,-0.20751874963942185,-0.3333846915338367,0.37242995637284404,0.234375
17965,-0.1638418079096045,1.4534452978042598,1.1105865553434966,1.5465814132710816,0.912109375
17966,-0.1638418079096045,0.7297158093186489,0.43416858588023177,0.35798751915499055,0.84375
17967,0.7796610169491526,-0.20751874963942185,-0.7200248083036658,0.16116323998750257,-0.34375
17968,0.7853107344632768,0.16096404744368117,-0.2045309181406634,0.5120450194302928,-0.16015625
17969,0.20056497175141244,1.1961587113893803,0.530566833525406,0.5504820936366117,0.67578125
17970,0.327683615819209,-0.5000000000000001,-0.23000045329949706,-0.3011156334059281,-0.431640625
17971,1.2796610169491525,-0.5000000000000001,-0.890325973688947,-0.44739337282027586,-0.431640625
17972,0.4124293785310734,-0.5000000000000001,-0.985723458135031,-0.23937896292104863,-0.431640625
17973,-0.12429378531073447,-0.5000000000000001,-0.5021088756052086,-0.6405526637590393,-0.431640625
17974,-0.20056497175141244,0.4036774610288021,0.36952726842696354,1.0955258891370931,0.31640625
17975,-0.22598870056497175,1.3219280948873624,1.0864921069649025,1.0120511323013561,0.49609375
17976,0.7824858757062146,-0.5000000000000001,-0.5266654959251379,0.13005110216134985,-0.431640625
17977,-0.1864406779661017,-0.20751874963942185,0.294942878333492,0.4398942775998032,0.29296875
17978,0.7627118644067796,0.16096404744368117,0.154261143684838,0.19075709490216042,0.283203125
17979,-0.1694915254237288,0.16096404744368117,-0.09008193345340897,0.5662376211910235,0.005859375
17980,0.1977401129943503,0.16096404744368117,0.0821023062710804,-0.055179269251883704,0.013671875
17981,0.8898305084745762,-0.5000000000000001,-0.6840537377394946,-0.5691109269262127,-0.431640625
17982,1.652542372881356,-0.5000000000000001,-0.9741707707278385,-0.7215466248811899,-0.431640625
17983,0.847457627118644,-0.5000000000000001,-0.8593487850392967,-0.3946162996049949,-0.431640625
17984,0.14124293785310735,0.29248125036057815,0.15067514189902584,0.9210312618158757,0.7265625
17985,-0.2062146892655367,-0.5000000000000001,-0.16895174738658691,-0.4756102607271456,-0.431640625
17986,-0.11016949152542373,-0.5000000000000001,-1.960354608828988,-1.9018456381848245,-0.431640625
17987,0.2542372881355932,0.29248125036057815,0.056694268513648165,0.6750948976618313,0.28125
17988,-0.23728813559322035,0.9534452978042595,-0.30403640719658637,0.5610311196399013,0.9765625
17989,0.8022598870056498,-0.5000000000000001,-0.7596006903091385,-0.3231745627721683,-0.431640625
17990,0.3983050847457627,0.4036774610288021,0.3005965664307328,-0.06979572847822901,0.537109375
17991,0.3672316384180791,0.0,-0.5633153558544269,-0.11588526199269454,0.283203125
17992,0.8305084745762712,-0.5000000000000001,-0.654411210335385,0.05057542395069435,-0.431640625
17993,1.4745762711864407,-0.5000000000000001,-0.7139675229950883,0.17118914935083235,-0.431640625
17994,0.07344632768361582,0.7924812503605783,0.511187215900119,0.9709130851118736,0.54296875
17995,0.5254237288135594,0.0,-0.29763350120661936,-0.27983086331062224,-0.224609375
17996,0.8022598870056498,0.0,-0.3119132758221717,0.20030931919148418,-0.10546875
17997,-0.059322033898305086,0.5849625007211564,0.4337731730340182,0.6485262545367048,-0.255859375
17998,0.8050847457627118,0.0,-0.16235537064237343,0.14060012816463935,0.267578125
17999,-0.1638418079096045,0.0,-0.2634206127125392,0.6111880863774223,0.234375
18000,1.3248587570621468,-0.5000000000000001,-1.0302696266495195,-1.1419776163564517,-0.431640625
18001,-0.2344632768361582,0.4036774610288021,0.03346124388345446,0.5866279010690111,0.984375
18002,0.7909604519774012,0.16096404744368117,-0.6725481890621346,0.08591864614335176,0.263671875
18003,0.7937853107344632,-0.5000000000000001,-0.4768021620040665,-0.3946162996049949,-0.431640625
18004,0.7542372881355932,-0.5000000000000001,-0.9036149957007305,-0.20145700866623173,-0.431640625
18005,-0.2598870056497175,-0.20751874963942185,-0.7128438055453991,0.08591864614335176,-0.345703125
18006,-0.2033898305084746,0.16096404744368117,0.058929837254778066,0.14060012816463935,0.93359375
18007,0.8389830508474576,-0.5000000000000001,-0.7398260062084605,0.013044668488178479,-0.431640625
18008,-0.07062146892655367,1.2924812503605785,1.6620519864700622,0.3203012570369791,0.802734375
18009,0.3954802259887006,0.5849625007211564,0.48087240206750514,0.700548438163026,0.3828125
18010,0.4548022598870056,-0.5000000000000001,-0.8499154337802862,-0.6796987429630209,-0.431640625
18011,0.7853107344632768,-0.20751874963942185,-0.3971263688588052,0.20030931919148418,-0.052734375
18012,1.7740112994350283,-0.5000000000000001,-1.0697086586000963,-0.7215466248811899,-0.431640625
18013,0.1694915254237288,-0.20751874963942185,-0.8134034419404452,-0.22012167228377744,-0.431640625
18014,-0.18926553672316385,-0.5000000000000001,-0.8894126203311401,-0.25926775148775905,-0.431640625
18015,-0.2570621468926554,-0.5000000000000001,-1.048501748117422,0.013044668488178479,-0.431640625
18016,-0.17796610169491525,0.5,0.43162849753761984,0.5610311196399013,0.8359375
18017,-0.03954802259887006,0.16096404744368117,-0.12331026550191203,-1.9018456381848245,0.251953125
18018,0.03672316384180791,0.16096404744368117,-0.5674095120286345,-0.02696238134501425,0.177734375
18019,-0.12429378531073447,-0.5000000000000001,-1.6448345684922376,-1.2354782825555186,-0.431640625
18020,1.265536723163842,-0.5000000000000001,-0.8044664445093024,-0.7664970900675887,-0.431640625
18021,1.1694915254237288,-0.20751874963942185,-0.7369062934930158,-0.20145700866623173,-0.42578125
18022,-0.1694915254237288,0.29248125036057815,0.29346358818566215,1.1513640978415478,0.56640625
18024,0.16101694915254236,-0.20751874963942185,-0.424984614201034,-0.44739337282027586,-0.431640625
18025,0.8022598870056498,0.4036774610288021,0.16232358205118766,0.3652517222233779,0.037109375
18026,1.1440677966101696,-0.20751874963942185,0.4631836310408495,-0.7664970900675887,-0.421875
18027,0.00847457627118644,-0.5000000000000001,-1.0696629199851577,-0.44739337282027586,-0.431640625
18028,1.3785310734463276,-0.5000000000000001,-0.8001225104119298,-1.346066098592327,-0.431640625
18029,1.5451977401129944,-0.5000000000000001,-0.3682388411079751,-0.5363162534679564,-0.431640625
18030,-0.2570621468926554,-0.20751874963942185,-0.7031571588439971,-0.9895419184014743,-0.357421875
18031,0.7994350282485876,-0.5000000000000001,-0.34721113212004384,0.05057542395069435,-0.431640625
18032,0.6751412429378532,-0.5000000000000001,-1.3066310952301556,-1.2354782825555186,-0.431640625
18033,-0.0847457627118644,-0.5000000000000001,-1.1783316129394152,-0.20145700866623173,-0.431640625
18034,-0.20903954802259886,0.0,-0.07450726862468418,0.8375565049801386,0.259765625
18035,-0.1694915254237288,0.29248125036057815,0.1983153082989059,0.08591864614335176,0.251953125
18036,-0.17796610169491525,0.7924812503605783,0.3067827749620178,0.9547373610000003,0.9140625
18037,0.16666666666666666,1.0000000000000002,-0.8727292641542589,-0.22012167228377744,0.708984375
18038,1.3022598870056497,-0.5000000000000001,-0.9617049743624422,-0.3460660985923269,-0.431640625
18039,0.788135593220339,0.16096404744368117,-0.24392870751984158,0.6663673556293063,0.087890625
18040,-0.21468926553672316,-0.20751874963942185,-0.4712937199598321,-0.5363162534679564,0.009765625
18041,-0.23728813559322035,1.6427011094311244,1.182352259999918,1.4031989237760167,0.90234375
18042,-0.11864406779661017,-0.20751874963942185,-0.5982480876890601,-0.7215466248811899,0.521484375
18043,-0.20056497175141244,0.0,-0.26258734194552275,0.5120450194302928,0.236328125
18044,-0.2570621468926554,1.1239637567217928,0.7422805894449241,0.6254605967958908,0.654296875
18045,-0.14124293785310735,-0.5000000000000001,-0.839309975347371,-0.02696238134501425,-0.431640625
18046,1.5649717514124293,-0.5000000000000001,-0.8068331413371301,-0.3231745627721683,-0.431640625
18047,0.807909604519774,-0.20751874963942185,-0.5196258144056612,0.29651178810473844,-0.431640625
18048,0.3050847457627119,0.0,-0.41801979010439905,0.13005110216134985,0.134765625
18049,0.9661016949152542,-0.20751874963942185,-0.2918364115729419,0.35798751915499055,-0.1328125
18050,0.7457627118644068,-0.20751874963942185,-0.39548826861279285,-0.42043099147526186,-0.365234375
18051,1.5225988700564972,0.5,0.5140489279856603,-0.055179269251883704,-0.244140625
18052,1.3248587570621468,-0.5000000000000001,1.344520745589118,-0.6037805746949155,-0.431640625
18053,-0.07062146892655367,0.0,-0.22224468879257092,-0.25926775148775905,0.4609375
18054,0.8389830508474576,-0.5000000000000001,-0.8447960224429651,-0.8150472910802568,-0.431640625
18055,-0.24858757062146894,0.9534452978042595,1.3073301298451507,1.1784123750595992,0.361328125
18056,0.5451977401129944,-0.20751874963942185,-0.237784790110714,-0.27983086331062224,0.212890625
18057,0.8418079096045198,0.0,0.16714865562470235,0.5916201408260943,0.1484375
18058,-0.24293785310734464,0.0,-0.06069866405592094,-0.7664970900675887,0.853515625
18059,-0.2033898305084746,0.0,-0.5525491961586512,-0.5691109269262127,-0.345703125
18060,0.884180790960452,-0.20751874963942185,0.16580526886902683,0.29651178810473844,-0.126953125
18061,-0.20903954802259886,1.4289904975637864,1.0354697105783348,-0.23937896292104863,0.962890625
18062,0.22033898305084745,0.4036774610288021,0.33595624652279615,0.013044668488178479,0.396484375
18063,0.8333333333333334,-0.20751874963942185,-0.8153564327365201,-1.6559092740307801,0.04296875
18064,0.10734463276836158,0.7924812503605783,0.8729332378288145,0.09725642870309359,0.62890625
18065,-0.2542372881355932,1.4534452978042598,1.0161356778556192,0.8729622617062226,0.984375
18066,-0.05649717514124294,0.0,0.26934695435826705,-0.11588526199269454,0.232421875
18067,-0.1553672316384181,-0.5000000000000001,-0.41614209825496573,-0.1320609861045676,-0.431640625
18068,0.5480225988700564,-0.5000000000000001,-1.1358640738176744,-1.9018456381848245,-0.431640625
18069,-0.19491525423728814,0.7924812503605783,0.8709227884648966,1.5608299743200553,0.78515625
18070,1.6214689265536724,-0.5000000000000001,-0.5394921380094848,-0.925635107117065,-0.431640625
18071,0.4576271186440678,0.4036774610288021,0.15868265338825924,0.08591864614335176,0.5
18072,0.2542372881355932,-0.5000000000000001,-0.6659337125211283,-0.5363162534679564,-0.431640625
18073,0.05367231638418079,0.8502198590705463,0.7934712986220912,-0.3946162996049949,-0.26953125
18074,0.7853107344632768,-0.20751874963942185,0.08561707806947774,-0.11588526199269454,-0.173828125
18075,-0.2033898305084746,1.1961587113893803,1.0085258506038164,0.8308910125579702,0.49609375
18076,0.8050847457627118,-0.5000000000000001,-0.9255860824634585,-0.9895419184014743,-0.431640625
18077,-0.2457627118644068,1.1239637567217928,0.8228175249444275,0.6836986405906643,0.982421875
18078,0.3446327683615819,0.16096404744368117,-0.09509574534016996,0.21897398280902985,0.37109375
18079,-0.14124293785310735,0.29248125036057815,0.8388892590337309,0.5176874201783555,0.439453125
18080,-0.2175141242937853,-0.20751874963942185,0.18605738775073546,-1.6559092740307801,0.005859375
18081,-0.16666666666666666,0.0,-0.49211610546436846,-0.6796987429630209,-0.2421875
18082,-0.1977401129943503,-0.5000000000000001,-0.1288672808138726,0.19075709490216042,-0.431640625
18083,0.8531073446327684,-0.5000000000000001,-0.3330181128268461,-0.1320609861045676,-0.431640625
18084,-0.2231638418079096,0.0,-0.046363516037479166,-1.0609836552343013,0.294921875
18085,0.6638418079096046,0.16096404744368117,0.23167299572046415,-0.04090675883341514,0.150390625
18086,0.5056497175141242,-0.5000000000000001,-1.1377320689663497,-1.0609836552343013,-0.431640625
18087,0.00847457627118644,1.0849625007211563,1.5069463732552075,-0.013331387333714908,0.818359375
18088,-0.096045197740113,-0.5000000000000001,-0.8771378660172484,-0.1486799354509508,-0.431640625
18089,0.9915254237288136,-0.5000000000000001,-0.3747882815268009,-0.925635107117065,-0.431640625
18090,0.9209039548022598,-0.5000000000000001,-0.5264842450888396,0.025814691870266956,-0.431640625
18091,1.4067796610169492,-0.5000000000000001,-0.46590053493746403,-0.3460660985923269,-0.431640625
18092,-0.2627118644067797,1.1239637567217928,1.504497593096183,-0.04090675883341514,1.0
18093,-0.005649717514124294,0.5849625007211564,0.8694663890834381,-0.02696238134501425,0.59375
18094,-0.03954802259887006,0.9036774610288021,1.0617130686915408,0.11931535806933405,0.779296875
18095,0.6129943502824858,0.29248125036057815,0.5188753209513988,-0.11588526199269454,0.12890625
18096,-0.23728813559322035,0.4036774610288021,0.34409933871121773,1.1373737710552623,0.548828125
18097,-0.24858757062146894,0.7924812503605783,0.8899927772358852,0.38653649231868376,0.96484375
18098,0.8502824858757062,-0.5000000000000001,-0.26394332768198175,0.3795242326418465,-0.431640625
18099,0.0903954802259887,-0.5000000000000001,-0.869925556275234,-0.5052041156418035,-0.431640625
18100,1.2853107344632768,-0.5000000000000001,-0.3469054265443912,-0.23937896292104863,-0.431640625
18101,-0.23728813559322035,0.29248125036057815,-0.1768676053618747,0.40709960414154694,0.86328125
18102,-0.268361581920904,2.594912279440009,3.4606540952392644,1.2855260390467167,1.009765625
18103,1.2824858757062148,-0.5000000000000001,-1.1150399530477393,-0.8678243642955378,-0.431640625
18104,-0.1638418079096045,-0.5000000000000001,-0.07419742283117597,-0.10012973443828277,-0.431640625
18105,-0.1638418079096045,-0.5000000000000001,-1.0780992700973204,-0.5363162534679564,-0.431640625
18106,0.6610169491525424,0.4036774610288021,0.26959047815273873,0.6159830023075147,0.279296875
18107,0.980225988700565,-0.5000000000000001,-0.8776158058781381,-0.10012973443828277,-0.431640625
18108,0.4491525423728814,0.0,-0.011719584482535484,-0.02696238134501425,0.51171875
18109,-0.2655367231638418,1.6427011094311244,1.2756233380043693,0.9034487638849139,0.59375
18110,-0.21468926553672316,-0.20751874963942185,-0.42159224140111184,0.1509688200781701,0.333984375
18111,1.3954802259887005,-0.5000000000000001,-0.4035465997881867,-0.3011156334059281,-0.431640625
18112,-0.2344632768361582,0.16096404744368117,-0.06117932662363709,0.16116323998750257,0.62109375
18113,0.7711864406779662,-0.5000000000000001,-1.2868667939664364,-1.9018456381848245,-0.431640625
18114,0.5508474576271186,-0.5000000000000001,-0.7279532951170549,-0.27983086331062224,-0.431640625
18115,1.7005649717514124,-0.5000000000000001,-2.338934682691008,-1.4814146467095628,-0.431640625
18116,-0.07909604519774012,0.9036774610288021,0.4784516279086018,1.161163239987503,0.240234375
18117,-0.1977401129943503,-0.5000000000000001,-0.5368817882078011,0.24593636415404438,-0.431640625
18118,-0.2401129943502825,1.4534452978042598,1.0473320118153615,1.3765329283183745,0.29296875
18119,0.768361581920904,-0.5000000000000001,-0.8323553416863513,-0.25926775148775905,-0.431640625
18120,0.3361581920903955,-0.5000000000000001,-1.089037957581178,-0.5691109269262127,-0.431640625
18121,0.15254237288135594,-0.20751874963942185,-0.1507996159468225,-0.27983086331062224,-0.421875
18122,-0.2457627118644068,0.4036774610288021,0.3857757429183468,1.0020252229380262,-0.154296875
18123,-0.20056497175141244,0.0,-0.14006293078328155,0.09725642870309359,0.5234375
18124,1.0649717514124293,-0.5000000000000001,-1.1309659067891582,-0.4756102607271456,-0.431640625
18125,-0.1864406779661017,0.16096404744368117,0.1411616702295214,0.7747535224015276,0.12890625
18126,-0.09887005649717515,-0.5000000000000001,-0.7762254805700225,0.08591864614335176,-0.431640625
18127,-0.21468926553672316,0.16096404744368117,-0.236321894632348,0.13005110216134985,0.318359375
18128,1.2485875706214689,-0.5000000000000001,-0.4121938081113029,-0.04090675883341514,-0.431640625
18129,0.4180790960451977,-0.5000000000000001,-1.082438421055419,-0.7215466248811899,-0.431640625
18130,-0.22598870056497175,0.0,0.10604597619292232,0.1509688200781701,-0.349609375
18131,1.5141242937853108,-0.5000000000000001,-0.7211163067994922,-1.346066098592327,-0.431640625
18132,1.155367231638418,-0.5000000000000001,-0.7278811205072547,0.17118914935083235,-0.431640625
18133,0.3305084745762712,-0.5000000000000001,0.03767655780615815,-1.9018456381848245,-0.431640625
18134,1.42090395480226,-0.20751874963942185,-0.35467282999490896,-0.3011156334059281,-0.244140625
18135,-0.1864406779661017,0.7297158093186489,0.19382128152100064,-0.3946162996049949,0.75
18136,-0.0903954802259887,0.29248125036057815,0.3355295073220493,0.3203012570369791,0.326171875
18137,1.2881355932203389,-0.20751874963942185,-0.9451274560936793,-0.3231745627721683,-0.431640625
18138,0.5649717514124294,-0.5000000000000001,-0.9215547243419286,-0.9895419184014743,-0.431640625
18139,-0.22033898305084745,0.4036774610288021,1.2094793724994364,-0.1486799354509508,-0.4296875
18140,1.0677966101694916,-0.5000000000000001,-0.25549240436835813,0.05057542395069435,-0.431640625
18141,0.864406779661017,-0.20751874963942185,0.008944272150988248,-0.10012973443828277,-0.064453125
18142,0.1751412429378531,-0.20751874963942185,0.08565878102973068,-0.925635107117065,-0.318359375
18143,0.059322033898305086,-0.20751874963942185,0.0754701084912114,0.16116323998750257,-0.3828125
18144,-0.24858757062146894,1.1609640474436813,0.9196104368464616,0.07436489288293499,0.966796875
18145,-0.2344632768361582,0.7924812503605783,0.9923206609270094,1.0292073303156686,0.97265625
18146,0.1271186440677966,-0.20751874963942185,-0.8955424643939779,-0.8678243642955378,-0.275390625
18147,-0.14124293785310735,-0.20751874963942185,-0.8363519886293176,-1.0609836552343013,-0.30859375
18148,1.5564971751412429,-0.5000000000000001,-1.0810348240387069,-0.925635107117065,-0.431640625
18149,-0.1271186440677966,0.5,0.30968834331161443,0.1083861667722219,0.7109375
18150,-0.17796610169491525,0.0,-0.22643637229532,-0.25926775148775905,-0.1015625
18151,0.11016949152542373,0.4036774610288021,0.4107910799121485,0.4710064154259565,0.56640625
18152,1.5564971751412429,-0.5000000000000001,-0.37697288643772897,-0.8678243642955378,-0.431640625
18153,1.5932203389830508,-0.5000000000000001,-0.6685524274575065,-0.5691109269262127,-0.431640625
18154,-0.2598870056497175,0.29248125036057815,0.03830370460918202,-0.16576708528869222,0.51953125
18155,-0.05649717514124294,0.0,-0.4502983952234365,-0.5052041156418035,-0.009765625
18156,-0.2344632768361582,-0.20751874963942185,-0.13293980437858843,0.4770418254852238,0.265625
18157,1.344632768361582,-0.5000000000000001,-0.7430835368375384,-0.3460660985923269,-0.431640625
18158,-0.24293785310734464,-0.20751874963942185,-0.3447469781219692,-0.3698555675245675,-0.27734375
18159,0.5819209039548022,-0.5000000000000001,-0.26172532761344103,-0.3946162996049949,-0.431640625
18160,-0.10734463276836158,0.0,0.07744305467594773,0.13005110216134985,0.2109375
18161,-0.22598870056497175,0.4036774610288021,0.3887444391335405,0.14060012816463935,0.279296875
18162,1.7994350282485876,-0.5000000000000001,-0.45045545755109373,0.0,-0.431640625
18163,1.38135593220339,-0.5000000000000001,-0.09267767790980859,-0.1833495832196537,-0.431640625
18164,-0.1638418079096045,-0.5000000000000001,-0.41171560330506546,-0.3698555675245675,-0.431640625
18165,0.23163841807909605,-0.5000000000000001,-0.5595153529402038,-0.8678243642955378,-0.431640625
18166,1.4915254237288136,-0.5000000000000001,-0.8478014708933206,-0.8678243642955378,-0.431640625
18167,-0.2033898305084746,0.0,0.24844401351323234,-0.3698555675245675,-0.271484375
18168,0.2288135593220339,1.04373142062517,0.7315369339701657,0.9210312618158757,0.662109375
18169,-0.09887005649717515,-0.5000000000000001,-0.7716871690390782,-0.925635107117065,-0.431640625
18170,-0.1751412429378531,0.6609640474436815,0.6373739043393424,0.16116323998750257,0.87109375
18171,-0.10451977401129943,0.6609640474436815,0.5489947296130077,0.31247464900809724,0.828125
18172,-0.2288135593220339,1.8639602272816003,1.5964719299607975,0.8173361757074759,0.962890625
18173,-0.025423728813559324,0.29248125036057815,0.6027061469722944,-0.16576708528869222,0.595703125
18174,-0.24858757062146894,-0.20751874963942185,-0.8885008324671229,-1.9018456381848245,0.732421875
18175,1.6384180790960452,-0.5000000000000001,-0.8459961649953588,-1.0609836552343013,-0.431640625
18176,0.7429378531073446,-0.5000000000000001,-0.3185360421818321,-0.23937896292104863,-0.431640625
18177,-0.1807909604519774,0.6609640474436815,0.4984551007389337,0.22809526306144287,0.921875
18178,0.09322033898305085,0.7924812503605783,1.037209238494352,0.9064148025895307,0.60546875
18179,-0.24293785310734464,0.5849625007211564,0.5725178091584204,0.48301777240965205,0.845703125
18180,-0.2570621468926554,0.4036774610288021,0.400597592330577,0.5232778164932019,-0.162109375
18181,-0.20056497175141244,0.29248125036057815,0.16709498524018906,0.6750948976618313,0.95703125
18182,1.03954802259887,-0.5000000000000001,-0.5797570209917042,-0.8678243642955378,-0.431640625
18183,0.3728813559322034,-0.20751874963942185,-0.16834639363360832,-0.1320609861045676,-0.33984375
18184,-0.22598870056497175,-0.5000000000000001,-1.5103211868515891,-1.9018456381848245,-0.431640625
18185,0.4350282485875706,-0.5000000000000001,-0.5563867155121458,-0.5691109269262127,-0.431640625
18186,1.771186440677966,-0.5000000000000001,-0.5139799185609379,-0.8150472910802568,-0.431640625
18187,1.5141242937853108,-0.5000000000000001,-0.09556455782814585,0.03832139694718311,-0.431640625
18188,-0.22598870056497175,0.4036774610288021,0.706999902735415,0.44624568334552855,0.755859375
18189,-0.05084745762711865,0.0,0.2556384018470242,0.33565786730872005,0.638671875
18190,0.2740112994350282,0.29248125036057815,-0.08058561604523788,-0.16576708528869222,0.59375
18191,0.4689265536723164,-0.20751874963942185,-0.26247700636040633,-0.6405526637590393,-0.009765625
18192,-0.06779661016949153,-0.5000000000000001,0.05256654168721279,0.0,-0.431640625
18193,0.1977401129943503,0.0,0.1755304608738637,0.22809526306144287,0.109375
18194,-0.03672316384180791,0.4036774610288021,0.833563208731926,-0.3946162996049949,0.736328125
18195,0.8248587570621468,-0.5000000000000001,-1.1386685321219183,-1.2354782825555186,-0.431640625
18196,0.0,0.16096404744368117,0.2755076584146027,0.923912757526915,0.6171875
18197,1.3559322033898304,-0.5000000000000001,-0.7044216851159096,-0.925635107117065,-0.431640625
18198,-0.2570621468926554,1.0849625007211563,0.9745652254910311,0.35063526299703285,0.216796875
18199,1.6610169491525424,-0.5000000000000001,-0.49011218582739724,-0.4756102607271456,-0.431640625
18200,0.031073446327683617,-0.5000000000000001,-0.9295779243599256,-0.25926775148775905,-0.431640625
18201,1.771186440677966,-0.5000000000000001,-0.3516637193350466,-0.3011156334059281,-0.431640625
18202,0.2937853107344633,0.0,0.25307986066783084,0.11931535806933405,-0.212890625
18203,0.1751412429378531,0.16096404744368117,-0.3008145417234211,-0.06979572847822901,0.689453125
18204,-0.06779661016949153,0.0,0.437254065275055,0.7560888587839819,-0.1953125
18205,-0.16666666666666666,-0.20751874963942185,-0.2746916511704138,-0.23937896292104863,-0.357421875
18206,1.2937853107344632,-0.5000000000000001,-0.5385475653153674,-0.5052041156418035,-0.431640625
18207,1.1412429378531073,-0.5000000000000001,-0.24757333550752333,-0.22012167228377744,-0.431640625
18208,1.3276836158192091,-0.5000000000000001,-0.46703373354492767,-0.5691109269262127,-0.431640625
18209,-0.18926553672316385,-0.5000000000000001,-0.9706659891884678,-0.9895419184014743,-0.431640625
18210,-0.2655367231638418,0.5,0.6168097775067777,0.5662376211910235,0.3125
18211,-0.1977401129943503,0.29248125036057815,-0.19593909975359072,-0.11588526199269454,0.0625
18212,0.652542372881356,-0.20751874963942185,-0.27776899958486134,-0.06979572847822901,0.25390625
18213,0.3983050847457627,-0.5000000000000001,-0.6989712441914343,-0.6405526637590393,-0.431640625
18214,1.228813559322034,0.16096404744368117,0.38199065738482,-0.10012973443828277,-0.384765625
18215,-0.01694915254237288,0.29248125036057815,0.50232041016368,0.09725642870309359,0.611328125
18216,-0.1807909604519774,-0.5000000000000001,-0.3125520191028202,-0.3231745627721683,-0.431640625
18217,-0.1864406779661017,0.16096404744368117,0.04534517622600846,-0.1833495832196537,0.5390625
18218,0.327683615819209,0.16096404744368117,0.13648725079915736,-0.3460660985923269,0.4453125
18219,-0.2627118644067797,1.0849625007211563,0.7185627309999159,0.39346861013024786,0.994140625
18220,0.3700564971751412,0.4036774610288021,0.4226303740561482,-0.5691109269262127,0.541015625
18221,-0.2062146892655367,0.4036774610288021,0.2636104689265488,0.2717510560243111,0.287109375
18222,-0.00847457627118644,-0.5000000000000001,-0.35706367878666406,-0.5052041156418035,-0.431640625
18223,-0.2570621468926554,1.3774437510817346,1.4788044301059047,0.8698276102518614,0.99609375
18224,0.4745762711864407,-0.5000000000000001,-0.9001783365279975,-0.8678243642955378,-0.431640625
18225,-0.2598870056497175,1.3774437510817346,1.4399575903842947,1.066689752879921,0.998046875
18226,-0.1440677966101695,1.3774437510817346,1.3913799078000961,1.1373737710552623,0.740234375
18227,0.3446327683615819,-0.20751874963942185,-0.42638858885309117,-1.1419776163564517,0.08984375
18228,-0.11016949152542373,-0.20751874963942185,-0.056705401659838214,-0.3946162996049949,-0.38671875
18229,-0.23728813559322035,1.4289904975637864,1.307742696267244,0.2883700053706945,0.984375
18230,-0.24293785310734464,0.6609640474436815,0.8497993713016204,-0.04090675883341514,0.576171875
18231,0.2740112994350282,1.4289904975637864,1.0988837439961807,0.9464848023170704,0.556640625
18232,-0.03954802259887006,0.16096404744368117,-0.2022601960543613,-0.22012167228377744,-0.205078125
18233,0.6497175141242938,-0.5000000000000001,-0.3606702211481291,-1.9018456381848245,-0.431640625
18234,1.2881355932203389,-0.5000000000000001,-0.8355855986824637,-0.23937896292104863,-0.431640625
18235,-0.06779661016949153,0.0,0.3867888536594432,0.4770418254852238,-0.146484375
18236,-0.1864406779661017,0.8502198590705463,0.38645432577948335,0.343192792857138,0.689453125
18237,-0.2627118644067797,0.29248125036057815,0.06848506270836127,-0.06979572847822901,-0.173828125
18238,1.1864406779661016,-0.5000000000000001,-0.6178939793560124,-0.6796987429630209,-0.431640625
18239,0.3474576271186441,0.4036774610288021,0.3612611769982662,0.3795242326418465,-0.033203125
18240,-0.1384180790960452,-0.5000000000000001,-0.38210964623689425,-1.1419776163564517,-0.431640625
18241,-0.24293785310734464,1.229715809318649,0.6571405355796048,0.48301777240965205,0.755859375
18242,-0.06497175141242938,0.5849625007211564,0.7571795955524538,0.5504820936366117,0.7890625
18243,0.9011299435028248,-0.5000000000000001,-0.27631559021375196,-0.3231745627721683,-0.431640625
18244,0.9463276836158192,-0.20751874963942185,-0.224509137639454,-0.5052041156418035,-0.291015625
18245,-0.24858757062146894,1.1961587113893803,1.0561468245019938,1.2079162435181259,0.806640625
18246,-0.2033898305084746,0.0,-0.07126285403386158,-1.4814146467095628,0.712890625
18247,0.9011299435028248,0.0,-0.017434054571469793,-0.27983086331062224,-0.0078125
18248,0.07627118644067797,-0.20751874963942185,-0.04052307713758181,-0.08477312416654154,-0.306640625
18249,-0.22033898305084745,-0.5000000000000001,-1.1698716763208368,-0.9895419184014743,-0.431640625
18250,0.6073446327683616,-0.5000000000000001,-0.48320288326574773,-0.44739337282027586,-0.431640625
18251,-0.022598870056497175,0.6609640474436815,1.8137354398669419,0.39346861013024786,0.798828125
18252,-0.1271186440677966,0.5,0.3027082362301337,0.6111880863774223,0.87890625
18253,1.5451977401129944,-0.5000000000000001,-0.5331485819987642,-1.0609836552343013,-0.431640625
18254,1.3728813559322033,-0.5000000000000001,-0.6238351236927479,-0.6037805746949155,-0.431640625
18255,-0.01694915254237288,-0.20751874963942185,-0.5583071614993923,-0.6037805746949155,0.28515625
18256,0.8248587570621468,-0.5000000000000001,-1.0911767438647462,-0.8678243642955378,-0.431640625
18257,-0.15819209039548024,0.8502198590705463,0.8867917926295025,0.9492481497227456,0.779296875
18258,1.0423728813559323,0.4036774610288021,0.4594791923719469,-0.23937896292104863,-0.220703125
18259,-0.20056497175141244,0.5,0.8046621486478821,0.07436489288293499,0.94921875
18260,0.2175141242937853,1.2924812503605785,1.2969838510402412,0.9296350047447086,0.646484375
18261,-0.14689265536723164,-0.20751874963942185,-0.5226431035560481,-0.5052041156418035,-0.330078125
18262,0.1271186440677966,0.0,-0.21626205934855303,-0.06979572847822901,0.470703125
18263,-0.1977401129943503,0.0,0.17808212070413718,0.16116323998750257,0.01171875
18264,1.1384180790960452,-0.5000000000000001,-0.19313213373615978,-0.1320609861045676,-0.431640625
18265,-0.06497175141242938,-0.20751874963942185,-0.042184294180474396,-0.013331387333714908,-0.263671875
18266,0.9576271186440678,-0.5000000000000001,-0.658154038021432,-0.6796987429630209,-0.431640625
18267,1.6299435028248588,-0.5000000000000001,-0.6209349531320772,-0.5691109269262127,-0.431640625
18268,0.11016949152542373,0.4036774610288021,0.2874264705742545,-0.1320609861045676,0.728515625
18269,0.7655367231638418,-0.5000000000000001,-0.8690151712393296,-1.0609836552343013,-0.431640625
18270,-0.16101694915254236,0.0,-0.35520983487999763,-0.5691109269262127,0.337890625
18271,1.4519774011299436,-0.20751874963942185,-0.12885947899732028,-0.5052041156418035,-0.193359375
18272,-0.2627118644067797,0.6609640474436815,0.8614356669263955,0.700548438163026,0.82421875
18273,-0.2627118644067797,0.16096404744368117,-0.47159082298945704,-1.9018456381848245,0.716796875
18274,-0.18361581920903955,-0.5000000000000001,-0.8465371137619827,-0.8150472910802568,-0.431640625
18275,1.3644067796610169,-0.20751874963942185,-0.08327852646927185,-0.5052041156418035,-0.1328125
18276,-0.14689265536723164,0.4036774610288021,0.34366624728552125,0.35063526299703285,0.908203125
18277,-0.10451977401129943,0.29248125036057815,0.1633740862115643,0.09725642870309359,0.419921875
18278,-0.062146892655367235,-0.20751874963942185,-0.3927393654443849,-0.42043099147526186,0.21484375
18279,1.1977401129943503,-0.5000000000000001,-0.7015749923599327,-0.7215466248811899,-0.431640625
18280,0.5141242937853108,-0.20751874963942185,-0.30554592349574444,-0.27983086331062224,-0.203125
18281,0.2401129943502825,-0.20751874963942185,-0.7756462009436196,-0.5691109269262127,0.34375
18282,-0.24858757062146894,-0.20751874963942185,-0.8401708771151514,-0.7664970900675887,-0.19921875
18283,-0.2598870056497175,1.2617809780285068,0.5964652611327654,1.2360513139693596,0.84765625
18284,0.9491525423728814,-0.5000000000000001,-0.33514089576329853,-0.27983086331062224,-0.431640625
18285,1.5960451977401129,-0.5000000000000001,-0.37658744655871623,-0.7664970900675887,-0.431640625
18286,1.076271186440678,-0.20751874963942185,0.2133687692563409,0.23708140825560817,0.05078125
18287,-0.1497175141242938,0.5,0.8362335351663153,0.5866279010690111,0.6015625
