CustomerID,Recency,Frequency,MonetaryValue,UniqueProducts,CustomerLifetimeDays
12346,0.5929850504276071,0.4389978859295803,5.166377919750525,-0.47211230203453136,0.48893676874894443
12347,-0.949987805006197,0.1315018840832344,0.13612722007702077,0.377858105743737,0.4966605022120999
12348,-0.6012663856666685,-0.09912011730152501,-0.06485654163436883,-0.48928342138358727,0.3460476996805683
12349,-0.8735557130961633,-0.1759941177631115,0.10199613803664309,0.4808848218380726,1.1493159798487367
12350,0.5213299642619506,-0.4066161191478709,-0.18154932882298253,-0.557967898779811,-1.0558099238821486
12351,0.8318353376464622,-0.4066161191478709,-0.18386725617443828,-0.5236256600816991,-1.0558099238821486
12352,-0.7875696096973754,0.28524988500640736,-0.007345349828486107,-0.10293323602982893,0.3190146325595242
12353,0.014967355357977748,-0.32974211868628445,-0.1765381180924377,-0.5064545407326432,-0.2679891106402911
12354,0.14872351620053662,-0.4066161191478709,-0.12995518849329873,-0.20595995212416449,-1.0558099238821486
12355,0.06273741280174877,-0.32974211868628445,-0.13908215729067996,-0.4034278246383076,0.307429032364791
12356,-0.8544476901186548,-0.022246116839938542,0.23655919632682942,0.18897579290412184,0.4966605022120999
12357,-0.8019006269305068,-0.25286811822469796,1.0617835783116472,1.536908661805012,0.3151527658279465
12358,-0.954764810750574,-0.09912011730152501,0.06448685174756481,-0.22313107147322042,1.763352790169596
12359,-0.6872524890654563,0.28524988500640736,0.40980885685992574,1.9146732874842425,1.5586738533959763
12360,-0.7111375177873418,0.1315018840832344,0.08982130599643051,0.6697671346776878,1.272895715259224
12361,0.4114588321412772,-0.1759941177631115,-0.1693017802091509,-0.549382339105283,0.46962743509105576
12362,-0.9452107992618198,0.36212388546799384,0.16623188155529398,1.0217750813333344,1.7826621238274847
12363,-0.43884819035784695,-0.32974211868628445,-0.16647968461393664,-0.5064545407326432,-0.5421816485823101
12364,-0.9261027762843114,-0.1759941177631115,-0.11377055682209457,-0.10293323602982893,-0.6503139170664866
12365,0.4305668551187856,-0.32974211868628445,-0.16028977285196733,-0.5150401004071712,-1.0558099238821486
12366,2.0643028196957545,-0.4066161191478709,-0.170064265423956,-0.6781657342232025,-1.0558099238821486
12367,-0.9404337935174427,-0.4066161191478709,-0.19301084590293244,-0.6094812568269787,-1.0558099238821486
12368,2.040417790973869,-0.4066161191478709,-0.14115354083062742,-0.549382339105283,-1.0558099238821486
12369,1.0133615559327922,-0.25286811822469796,-0.08066373966155048,0.06877795746073034,-0.17530430908242553
12370,-0.7159145235317189,0.05462788362164793,0.09423070051292845,0.7384516120739115,1.3269618495013122
12371,-0.7493535637423586,-0.09912011730152501,0.07697401878494103,0.44654258313996076,1.2651719817960685
12372,-0.6203744086441768,-0.25286811822469796,-0.11481352024943019,-0.41201338431283563,-0.1868899092771587
12373,0.5261069700063277,-0.25286811822469796,-0.12661368880080578,-0.39484226496377967,0.3421858329489906
12374,-0.8401166728855235,-0.1759941177631115,0.002307255915341157,-0.025663198959077253,1.1184210459961148
12375,-0.9117717590511801,-0.32974211868628445,-0.17302417623964822,-0.5837245778033949,-0.715965651503308
12376,0.8987134180677416,-0.32974211868628445,-0.16986273663421186,-0.6094812568269787,-0.947677655397972
12377,0.5452149929838361,-0.1759941177631115,0.03257812670474359,0.40361478476732093,0.002341560570150162
12378,-0.3433080754703049,-0.32974211868628445,0.17039334718269092,1.7086198552955714,0.6163783708910096
12379,-0.5726043512004059,-0.1759941177631115,-0.09250130530793015,-0.20595995212416449,0.6936157055225642
12380,-0.859224695863032,0.36212388546799384,0.46541348935939747,0.635424895979576,1.4196466510591779
12381,-0.9404337935174427,-0.09912011730152501,-0.07691294954040193,-0.10293323602982893,-0.6116952497507092
12383,-0.0805727595295643,-0.09912011730152501,-0.07654936667230684,0.017264599413562565,-0.40701631297708946
12384,-0.8257856556523923,-0.32974211868628445,-0.16417560803840836,-0.4806978617090593,-0.6966563178454194
12385,0.8509433606239707,-0.4066161191478709,-0.07046610588497874,-0.14586103440246875,-1.0558099238821486
12386,0.6503091193601324,-0.32974211868628445,-0.17687469194747427,-0.6180668165015067,-0.9438157886663943
12387,1.0229155674215462,-0.4066161191478709,-0.19473942273867592,-0.6266523761760346,-1.0558099238821486
12388,-0.8878867303292945,0.1315018840832344,0.06545917621767053,0.008679039739034602,1.1338685129224257
12389,0.960814492744644,-0.25286811822469796,-0.10544416287331888,-0.35191446659113984,-0.07875764079298221
12390,-0.58215836268916,-0.4066161191478709,-0.1666292729939529,-0.42918450366189154,-1.0558099238821486
12391,-0.859224695863032,-0.022246116839938542,-0.016002084783131042,1.3651974683144528,1.4196466510591779
12392,1.8636685784319162,-0.4066161191478709,-0.1884504779288255,-0.6438234955250907,-1.0558099238821486
12393,-0.6155974028997997,-0.022246116839938542,-0.03853660467826638,-0.16303215375152466,0.3190146325595242
12394,-0.6585904545991936,-0.32974211868628445,-0.11658364941295599,-0.4806978617090593,-0.4610824472191777
12395,-0.8687787073517862,0.6696198873143396,0.12225151275291953,0.5409837395597683,1.1956583806276695
12396,2.260160055215216,-0.4066161191478709,-0.14020268506320924,-0.14586103440246875,-1.0558099238821486
12397,-0.7923466154417526,-0.32974211868628445,-0.03781290163605805,0.24048915095128962,-0.6696232507243752
12398,-0.7445765579979815,-0.4066161191478709,-0.0914320254063324,0.02585015908809053,-1.0558099238821486
12399,-0.39107813291407595,0.05462788362164793,-0.06881093816165064,-0.12868991505341282,0.9716701101961609
12400,1.0181385616771692,-0.4066161191478709,-0.1904934673781217,-0.6094812568269787,-1.0558099238821486
12401,0.48789092405131085,-0.4066161191478709,-0.19886972412023612,-0.6609946148741466,-1.0558099238821486
12402,0.583431038938853,-0.022246116839938542,-0.11766262485770293,-0.33474334724208393,0.2842578319753246
12403,-0.7254685350204731,-0.32974211868628445,-0.1341131914267138,-0.6609946148741466,0.7669911734225411
12404,2.298376101170233,-0.4066161191478709,-0.20032821082539473,-0.6953368535722584,-1.0558099238821486
12405,-0.25254496632713996,-0.4066161191478709,-0.08625668298104747,-0.24030219082227633,-1.0558099238821486
12406,-0.8544476901186548,-0.09912011730152501,0.23784939610446973,0.27483138964940146,1.5509501199328208
12407,-0.7254685350204731,-0.09912011730152501,-0.08641388928782384,-0.21454551179869244,-0.22550857659293605
12408,-0.8066776326748838,0.1315018840832344,0.09590733693894408,0.18897579290412184,0.7438199730330748
12409,-0.5869353684335371,0.05462788362164793,1.4171688646740839,0.8157216491446632,0.8249191743962071
12410,0.5117759527731964,-0.25286811822469796,-0.13450447584666375,-0.39484226496377967,-0.3066077779560684
12411,0.9942535329552837,-0.4066161191478709,-0.18068365532751804,-0.5150401004071712,-1.0558099238821486
12412,-0.6060433914110456,-0.022246116839938542,-0.02486034852752013,9.34800645066384e-05,0.739958106301497
12413,-0.6442594373660624,-0.1759941177631115,-0.13549203617028963,-0.35191446659113984,0.24177729792796956
12414,0.07706843003488008,-0.022246116839938542,-0.13874973866842163,-0.5236256600816991,-0.10579070791402634
12415,-0.8448936786299006,1.6689818933149638,9.7995947423866,3.5716863046681397,0.8867090421014509
12416,2.174173951816428,-0.4066161191478709,-0.19067976031434566,-0.6094812568269787,-1.0558099238821486
12417,-0.9452107992618198,1.053989889622272,0.2660391878107755,1.6141786988757638,1.763352790169596
12418,-0.42451717312471565,-0.1759941177631115,-0.06473188465102193,0.06877795746073034,0.9446370430751168
12419,0.8796053950902333,-0.32974211868628445,-0.1698724321773611,-0.5064545407326432,-0.947677655397972
12420,-0.6585904545991936,-0.4066161191478709,-0.1631284893782945,-0.45494118268547545,-1.0558099238821486
12421,-0.8878867303292945,-0.022246116839938542,-0.12862551400426528,-0.326157787567556,0.8365047745909403
12422,-0.5057262707791264,0.8233678882375126,0.15761462131204226,0.4722992621635446,1.3617186500855119
12423,-0.9595418164949511,0.28524988500640736,-0.023097144751958048,0.395029225092793,0.739958106301497
12424,-0.18566688590586056,-0.1759941177631115,0.026602209430853098,-0.034248758633605214,0.43487063450685615
12425,-0.5869353684335371,-0.32974211868628445,-0.08410842763470279,0.043021278437146454,0.37308076680161245
12426,-0.03280270208579327,-0.32974211868628445,-0.11154681474694537,-0.07717655700624504,0.7515437064962301
12427,-0.859224695863032,-0.25286811822469796,-0.1475179723692824,-0.4806978617090593,0.2958434321700578
12428,-0.8401166728855235,0.20837588454482087,0.3463078970042252,1.5111519827814281,-0.05944830713509355
12429,-0.9165487647955571,0.1315018840832344,0.22497163718593993,0.3606869863946811,1.0180125109750937
12430,-0.7541305694867357,-0.4066161191478709,-0.18695113143468098,-0.6094812568269787,-1.0558099238821486
12431,-0.7923466154417526,1.5921078928533774,0.517763882054719,1.3909541473380367,1.4852983854959994
12432,-0.7589075752311129,-0.09912011730152501,0.145669712152225,0.21473247192770573,-0.5537672487770433
12433,-0.9595418164949511,0.28524988500640736,0.9583515239959567,1.7429620939936832,0.782438640348852
12434,-0.5582733339672745,-0.25286811822469796,-0.1282910177656178,-0.17161771342605264,0.091164495396438
12435,-0.58215836268916,-0.022246116839938542,0.7597168538818595,0.05160683811167442,1.4852983854959994
12436,-0.486618247801618,-0.4066161191478709,-0.16945690889953816,-0.5665534584543389,-1.0558099238821486
12437,-0.954764810750574,2.514595898392415,0.6736668308162997,1.6399353778993477,1.7865239905590624
12438,-0.8926637360736717,-0.32974211868628445,-0.0033971861503716617,0.017264599413562565,-0.5692147157033542
12439,2.298376101170233,-0.32974211868628445,-0.12555895221393185,-0.11151879570435688,-0.889749654424306
12440,1.2474348374072701,-0.32974211868628445,-0.14520489278940124,-0.5236256600816991,-0.07103390732982674
12441,0.7888422859470683,-0.4066161191478709,-0.19268881536261964,-0.6094812568269787,-1.0558099238821486
12442,-0.9452107992618198,-0.4066161191478709,-0.19279200364327903,-0.6008956971524508,-1.0558099238821486
12443,2.5372263883890875,-0.4066161191478709,-0.17109822584693882,-0.5236256600816991,-1.0558099238821486
12444,-0.859224695863032,-0.09912011730152501,0.1419396981949676,0.4808848218380726,-0.4765299141454886
12445,-0.8544476901186548,-0.32974211868628445,-0.17458377360907704,-0.4978689810581152,0.48121303528578896
12446,-0.6872524890654563,-0.4066161191478709,-0.13529397007452737,-0.21454551179869244,-1.0558099238821486
12447,0.20127057938868473,-0.4066161191478709,-0.17170904506533854,-0.4806978617090593,-1.0558099238821486
12448,-0.7493535637423586,-0.4066161191478709,-0.17358166997072735,-0.5150401004071712,-1.0558099238821486
12449,-0.8544476901186548,-0.022246116839938542,0.1301963178248945,0.36927254606920906,0.5507266364541882
12450,-0.21432892037212317,-0.09912011730152501,-0.1570473062073555,-0.4377700633364195,0.17226369675957037
12451,-0.9117717590511801,0.1315018840832344,0.6727305183636053,2.318194592187057,0.9484989098066945
12452,-0.8831097245849174,-0.32974211868628445,-0.1748891832182769,-0.5236256600816991,-1.0558099238821486
12453,-0.3194230467484194,-0.4066161191478709,-0.15573910042100958,-0.33474334724208393,-1.0558099238821486
12454,-0.6920294948098333,-0.09912011730152501,0.950431650320651,-0.4978689810581152,0.3537714331437238
12455,-0.6108203971554227,0.28524988500640736,0.20250152339886715,1.0046039619842784,1.446679718180222
12456,-0.7493535637423586,-0.25286811822469796,0.015591535107341098,0.1975613525786498,-0.2448179102508247
12457,-0.6442594373660624,0.1315018840832344,0.0027705643701137574,-0.16303215375152466,0.3692189000700347
12458,-0.6203744086441768,-0.1759941177631115,-0.08160974765739408,-0.09434767635530096,0.5507266364541882
12459,1.9305466588531957,-0.4066161191478709,-0.1732416334217089,-0.5064545407326432,-1.0558099238821486
12460,1.2187728029410074,-0.4066161191478709,-0.18208604639017054,-0.549382339105283,-1.0558099238821486
12461,-0.5105032765235035,-0.32974211868628445,-0.14744317817927424,-0.4034278246383076,-0.8240979199874845
12462,-0.8735557130961633,-0.32974211868628445,-0.12232410349608014,-0.26605886984586025,0.04482209461750521
12463,-0.7063605120429647,-0.1759941177631115,-0.11157659391518936,-0.14586103440246875,-0.3297789783455348
12464,-0.9117717590511801,0.1315018840832344,-0.12076866135942954,-0.6524090551996186,0.09888822885959346
12465,-0.8783327188405403,-0.32974211868628445,-0.15330828924574527,-0.30898666821850007,-0.46880618068233315
12466,2.298376101170233,-0.4066161191478709,-0.20077905358183262,-0.6953368535722584,-1.0558099238821486
12467,1.0611316133765631,-0.4066161191478709,-0.19551091095783388,-0.6266523761760346,-1.0558099238821486
12468,-0.066241742296433,-0.09912011730152501,0.04950515996565808,0.38644366541826497,0.855814108248829
12469,1.5340551820698962,-0.32974211868628445,0.007938981407434976,-0.05141987798266114,-1.0017437896400603
12470,2.3318151413808725,-0.4066161191478709,-0.19002946638455273,-0.5064545407326432,-1.0558099238821486
12471,-0.949987805006197,5.589555916855874,2.5597816994196143,1.4853953037578442,1.763352790169596
12472,-0.8066776326748838,0.9771158891606855,0.9206185476756504,2.7045447775408156,1.6204637211012198
12473,-0.8210086499080151,-0.09912011730152501,0.06732487573509562,0.49805594118712854,-0.43018751336655586
12474,-0.8783327188405403,1.8996038946997231,0.6521531131070162,2.464149106654032,1.4505415849117997
12475,-0.7063605120429647,-0.32974211868628445,-0.12509079598758466,-0.24030219082227633,0.3190146325595242
12476,-0.8878867303292945,1.2846118910070314,0.770657581786938,2.3697079502342246,0.8210573076646294
12477,-0.8544476901186548,0.20837588454482087,1.1995094612848627,1.8288176907389628,1.2651719817960685
12478,-0.9452107992618198,-0.4066161191478709,-0.15754662667953942,-0.39484226496377967,-1.0558099238821486
12479,-0.906994753306803,-0.4066161191478709,-0.16819718082893817,-0.4377700633364195,-1.0558099238821486
12480,-0.8257856556523923,0.05462788362164793,0.17375423796148232,0.8157216491446632,0.7940242405435852
12481,-0.8544476901186548,0.6696198873143396,0.6391860166837544,1.4252963860361485,1.203382114090825
12482,1.7920134922662598,1.7458558937765503,1.4360135378621515,-0.3433289069166119,-0.7584461855506631
12483,-0.8783327188405403,0.9771158891606855,0.14829166403528787,-0.12010435537888485,1.4930221189591548
12484,-0.8066776326748838,0.4389978859295803,0.23533825042882636,2.1207267196729136,1.4505415849117997
12485,1.567494222280536,-0.4066161191478709,-0.15566915400257605,-0.41201338431283563,-1.0558099238821486
12486,1.0993476593315799,-0.4066161191478709,-0.1328721619036159,-0.28322998919491615,-1.0558099238821486
12487,2.527672376900333,-0.4066161191478709,-0.18494969431316707,-0.6867512938977305,-1.0558099238821486
12488,-0.9165487647955571,-0.25286811822469796,-0.11477058284405514,-0.30898666821850007,-0.8009267195980181
12489,0.6455321136157552,-0.4066161191478709,-0.18151262426677486,-0.5751390181288669,-1.0558099238821486
12490,-0.9356567877730656,1.1308638900838586,0.47561735598513655,0.9702617232861666,1.7749383903643292
12491,-0.7780155982086212,-0.4066161191478709,-0.17282333998870045,-0.48928342138358727,-1.0558099238821486
12492,-0.6585904545991936,-0.25286811822469796,-0.15517675891835583,-0.37767114561472376,0.2572247648542805
12493,-0.17133586867272924,-0.32974211868628445,-0.1746696484198271,-0.5322112197562271,-0.9322301884716611
12494,-0.8878867303292945,0.20837588454482087,-0.0789933360847022,0.008679039739034602,1.1106973125329593
12495,2.097741859906394,-0.4066161191478709,-0.17995648959132787,-0.557967898779811,-1.0558099238821486
12496,2.0022017450188523,-0.32974211868628445,-0.20156785527089985,-0.6180668165015067,-1.0558099238821486
12497,-0.5726043512004059,-0.25286811822469796,0.2280250407391423,-0.35191446659113984,1.1184210459961148
12498,-0.859224695863032,-0.25286811822469796,-0.17675003496412742,-0.5236256600816991,-0.9167827215453501
12499,1.7155814003562262,-0.4066161191478709,-0.17744118868290626,-0.47211230203453136,-1.0558099238821486
12500,-0.8496706843742777,0.9771158891606855,0.2077135703803598,0.05160683811167442,1.4544034516433775
12501,0.6455321136157552,-0.4066161191478709,-0.05446915222759129,0.5753259782578802,-1.0558099238821486
12502,-0.5057262707791264,-0.09912011730152501,0.05318461859078037,0.1718046735550659,-0.22937044332451376
12503,1.8302295382212765,-0.4066161191478709,-0.1267279577022071,-0.6867512938977305,-1.0558099238821486
12504,-0.8735557130961633,-0.1759941177631115,-0.1507555912423196,-0.6094812568269787,1.1763490469697808
12505,0.9894765272109066,-0.4066161191478709,-0.13855652034423394,-0.3433289069166119,-1.0558099238821486
12506,0.14872351620053662,-0.4066161191478709,-0.19961766602031744,-0.5064545407326432,-1.0558099238821486
12507,-0.3194230467484194,-0.1759941177631115,-0.07699951688994838,-0.30898666821850007,0.682030105327831
12508,-0.8353396671411465,-0.32974211868628445,-0.17715309254361566,-0.21454551179869244,-1.0442243236874154
12509,0.3971278149081459,-0.4066161191478709,-0.19248451641769002,-0.6438234955250907,-1.0558099238821486
12510,-0.2812070007934026,0.20837588454482087,0.15389014766515585,0.1031201961588422,1.2342770479434466
12511,1.0850166420984486,-0.4066161191478709,0.008872523704943888,0.9273339249135267,-1.0558099238821486
12512,-0.6442594373660624,-0.32974211868628445,-0.19555384836320894,-0.4377700633364195,-1.0558099238821486
12513,-0.42451717312471565,-0.4066161191478709,-0.1623043682106123,-0.4034278246383076,-1.0558099238821486
12514,0.3159187172537352,-0.32974211868628445,-0.09405674744458076,-0.05141987798266114,0.3885282337279234
12515,0.726741211270166,-0.4066161191478709,-0.1781351125568706,-0.5665534584543389,-1.0558099238821486
12516,-0.5917123741779142,-0.1759941177631115,-0.021280615489075352,-0.28322998919491615,0.9600845100014277
12517,-0.8257856556523923,-0.09912011730152501,-0.03284739846607373,1.2879274312437012,-0.43018751336655586
12518,-0.9595418164949511,-0.09912011730152501,-0.06226021368677173,0.017264599413562565,-0.6310045834085979
12519,-0.6585904545991936,-0.32974211868628445,-0.15508465125843843,-0.41201338431283563,0.539141036259455
12520,-0.58215836268916,-0.09912011730152501,-0.02227510120066494,0.3349303073710972,-0.3066077779560684
12521,-0.2812070007934026,-0.4066161191478709,-0.1631776596328369,-0.37767114561472376,-1.0558099238821486
12522,-0.7732385924642441,-0.32974211868628445,-0.1913612184899753,-0.6094812568269787,-1.0094675231032157
12523,-0.8687787073517862,1.2846118910070314,0.09670929686514239,0.8071360894701352,1.6977010557327745
12524,-0.9165487647955571,0.8233678882375126,0.5658184565961477,0.6440104556541039,1.4930221189591548
12525,1.4194070442048459,-0.25286811822469796,-0.13727324595455737,-0.22313107147322042,-0.48039178087706635
12526,-0.9595418164949511,-0.25286811822469796,-0.11352401301058627,-0.1544465940769967,-0.6927944511138416
12527,-0.5726043512004059,-0.09912011730152501,-0.1537709051617215,-0.4806978617090593,0.6743063718646756
12528,-0.9165487647955571,-0.022246116839938542,-0.07080683497279357,-0.2746444295203882,0.1143356957859044
12529,1.562717216536159,-0.4066161191478709,-0.18279035834608043,-0.5236256600816991,-1.0558099238821486
12530,-0.6776984775767021,0.20837588454482087,0.055635513391139466,0.1031201961588422,1.1956583806276695
12531,-0.8926637360736717,-0.32974211868628445,-0.07082622605909197,0.377858105743737,1.5393645197380876
12532,-0.816231644163638,-0.4066161191478709,-0.18048074146018117,-0.5665534584543389,-1.0558099238821486
12533,2.035640785229492,-0.32974211868628445,-0.10997613675677459,-0.16303215375152466,-0.6271427166770202
12534,-0.33853106972592784,-0.4066161191478709,-0.1292778855504473,-0.16303215375152466,-1.0558099238821486
12535,-0.5248342937566348,-0.32974211868628445,-0.15509780949556948,-0.4635267423600034,-0.6889325843822639
12536,-0.7541305694867357,-0.25286811822469796,0.6680177918542967,1.5283231021304842,-0.9940200561769047
12537,0.9894765272109066,-0.4066161191478709,-0.153948887632389,-0.33474334724208393,-1.0558099238821486
12538,-0.8210086499080151,-0.32974211868628445,-0.16035417896002988,-0.4205989439873636,0.2919815654384801
12539,-0.8544476901186548,0.05462788362164793,0.5719571204871855,1.6656920569229317,1.6243255878327976
12540,-0.8687787073517862,2.053351895622896,1.3365019456727207,2.335365711536113,1.6977010557327745
12541,-0.8210086499080151,-0.25286811822469796,-0.13675730455126056,-0.30898666821850007,-0.08648137425613768
12542,1.3525289637835665,-0.32974211868628445,-0.17133576665409425,-0.3690855859401958,-0.4533587137560222
12543,1.1805567569859907,-0.4066161191478709,-0.1368217106593231,-0.33474334724208393,-1.0558099238821486
12544,-0.7875696096973754,-0.4066161191478709,-0.17889690523287935,-0.5407967794307551,-1.0558099238821486
12545,-0.6012663856666685,-0.32974211868628445,-0.1354269375234307,-0.3433289069166119,-0.3452264452718457
12546,-0.7397995522536044,-0.32974211868628445,-0.12426944497508795,-0.19737439244963653,-0.9360920552032388
12547,-0.018471684852661967,-0.25286811822469796,-0.17814342302242706,-0.5923101374779228,0.1143356957859044
12548,-0.16655886292835215,-0.4066161191478709,-0.1981148568321911,-0.6609946148741466,-1.0558099238821486
12549,1.7872364865218826,-0.022246116839938542,-0.09558587310696923,-0.37767114561472376,-0.5846621826296651
12550,-0.58215836268916,-0.4066161191478709,-0.1378896054833281,-0.21454551179869244,-1.0558099238821486
12551,0.7458492342476744,-0.4066161191478709,-0.1930731743946059,-0.6180668165015067,-1.0558099238821486
12552,-0.7780155982086212,-0.32974211868628445,-0.1743870925909075,-0.5322112197562271,-1.0519480571505708
12553,-0.9213257705399343,0.4389978859295803,0.11446599160411006,0.23190359127676166,0.5468647697226104
12554,1.1805567569859907,-0.4066161191478709,-0.17226238356363946,-0.4806978617090593,-1.0558099238821486
12555,2.298376101170233,-0.4066161191478709,-0.19575814730813856,-0.6953368535722584,-1.0558099238821486
12556,-0.720691529276096,-0.32974211868628445,-0.16318597009839333,0.15463355420601,-0.6657613839927975
12557,-0.8831097245849174,0.1315018840832344,1.0485200752835382,-0.5751390181288669,1.6706679886117304
12558,-0.9261027762843114,-0.4066161191478709,-0.18601204882680109,-0.6094812568269787,-1.0558099238821486
12559,0.5213299642619506,-0.32974211868628445,-0.16580722944265983,-0.5236256600816991,-1.021053123297949
12560,-0.9356567877730656,-0.25286811822469796,-0.056919354489153966,0.07736351713525831,-0.5228723149244214
12561,0.4831139183069338,-0.4066161191478709,-0.18816653702231315,-0.5665534584543389,-1.0558099238821486
12562,-0.9213257705399343,0.20837588454482087,0.13927065367375147,0.2662458299748735,0.5932071705015431
12563,0.9894765272109066,-0.4066161191478709,-0.18744698921288303,-0.5923101374779228,-1.0558099238821486
12564,0.2872566827874726,-0.4066161191478709,-0.1730657285674305,-0.5236256600816991,-1.0558099238821486
12565,0.4162358378856543,-0.4066161191478709,-0.19460230005699436,-0.6266523761760346,-1.0558099238821486
12566,-0.5487193224785203,-0.4066161191478709,-0.18035469939924154,-0.5407967794307551,-1.0558099238821486
12567,-0.8544476901186548,0.6696198873143396,0.6102358173790327,2.4298068679559206,1.431232251253911
12568,2.1168498828839026,-0.4066161191478709,-0.19986005459904752,-0.6609946148741466,-1.0558099238821486
12569,-0.949987805006197,1.9764778951613096,0.08094295862694662,0.08594907680978628,-0.09034324098771541
12570,2.298376101170233,-0.4066161191478709,-0.19933926542417607,-0.6953368535722584,-1.0558099238821486
12571,-0.7732385924642441,-0.32974211868628445,-0.16872281777538423,-0.4377700633364195,-0.7391368518927744
12572,-0.9213257705399343,-0.32974211868628445,-0.1340397823142984,-0.2488877504968043,-0.889749654424306
12573,0.1248384874786511,-0.09912011730152501,-0.1550244003831541,0.21473247192770573,-0.13668564176664819
12574,0.5452149929838361,-0.4066161191478709,-0.1895793161669112,-0.6094812568269787,-1.0558099238821486
12575,1.2235498086853847,-0.32974211868628445,-0.161575124858033,-0.41201338431283563,-0.7893411194032849
12576,-0.7923466154417526,0.1315018840832344,-0.05631615319751434,0.27483138964940146,0.840366641322518
12577,-0.7923466154417526,0.1315018840832344,-0.09271737741239809,1.5197375424559563,1.6513586549538417
12578,-0.859224695863032,-0.1759941177631115,0.11679984734788232,0.5753259782578802,0.5738978368436545
12579,-0.5869353684335371,-0.4066161191478709,-0.1742070325038509,-0.45494118268547545,-1.0558099238821486
12580,0.21560159662181605,-0.32974211868628445,-0.13179041630368346,-0.2574733101713323,0.21860609753850316
12581,-0.7732385924642441,-0.4066161191478709,-0.19101564163058588,-0.5751390181288669,-1.0558099238821486
12582,0.17738555066679923,-0.1759941177631115,-0.06755744294021804,0.05160683811167442,0.25336289812270274
12583,-0.949987805006197,1.5921078928533774,0.7365618192251753,0.5066415008616565,1.7672146569011737
12584,-0.9452107992618198,0.20837588454482087,-0.04278186750002424,-0.326157787567556,0.013927160764883359
12585,0.15827752768929082,-0.32974211868628445,-0.06342298632587963,-0.04283431830813318,-0.6039715162875537
12586,-0.8783327188405403,-0.1759941177631115,-0.06185992626246894,9.34800645066384e-05,1.6706679886117304
12587,-0.9261027762843114,-0.4066161191478709,-0.1947352675058977,-0.6695801745486745,-1.0558099238821486
12588,-0.7732385924642441,-0.1759941177631115,-0.1383085914551329,-0.4377700633364195,1.0991117123382261
12589,-0.8257856556523923,0.1315018840832344,0.12048484628337558,0.3349303073710972,1.4968839856907326
12590,0.048406395568617464,-0.32974211868628445,0.47843044857599804,-0.12010435537888485,-1.0558099238821486
12591,0.5547690044725903,-0.25286811822469796,-0.111980344033474,-0.16303215375152466,-0.7043800513085748
12592,-0.5200572880122577,-0.09912011730152501,-0.025848601389942397,-0.3433289069166119,0.5932071705015431
12593,-0.44362519610222406,-0.25286811822469796,-0.1757527790973523,-0.5837245778033949,-0.6310045834085979
12594,-0.7827926039529983,0.6696198873143396,0.1478020391062531,-0.034248758633605214,1.2960669156486904
12595,1.4480690786711083,-0.4066161191478709,-0.18399953108454525,-0.5407967794307551,-1.0558099238821486
12596,-0.7159145235317189,-0.32974211868628445,-0.16189023001038208,-0.48928342138358727,-0.3181933781508016
12597,-0.8687787073517862,-0.1759941177631115,0.05923394497708624,0.8758205668663589,-0.09420510771929315
12598,-0.9165487647955571,0.36212388546799384,0.10929549695039974,0.4122003444418489,1.4119229175960224
12599,-0.8210086499080151,0.5158718863911668,-0.04565105573339178,-0.30040110854397206,1.0604930450224488
12600,-0.8257856556523923,1.1308638900838586,0.13930528061357006,-0.2488877504968043,1.662944255148575
12601,-0.056687730807678784,-0.022246116839938542,-0.15752792813203742,-0.4978689810581152,-0.22550857659293605
12602,-0.6824754833210792,-0.4066161191478709,-0.19410367212360682,-0.6008956971524508,-1.0558099238821486
12603,-0.859224695863032,-0.4066161191478709,-0.15351535834586036,-0.6867512938977305,-1.0558099238821486
12604,-0.58215836268916,-0.32974211868628445,-0.1871048750474755,-0.5751390181288669,-0.3529501787350012
12605,0.8366123433908393,-0.1759941177631115,-0.1193212552750129,-0.16303215375152466,-0.7391368518927744
12606,2.298376101170233,-0.4066161191478709,-0.20325349470126833,-0.6953368535722584,-1.0558099238821486
12607,-0.672921471832325,-0.4066161191478709,-0.0953206307479589,0.16321911388053795,-1.0558099238821486
12608,0.9703685042333982,-0.4066161191478709,-0.17591275555931413,-0.5665534584543389,-1.0558099238821486
12609,-0.5869353684335371,0.20837588454482087,0.033238808716482084,0.40361478476732093,1.4196466510591779
12610,-0.8544476901186548,-0.09912011730152501,-0.05930653572024687,0.02585015908809053,-0.6541757837980643
12611,-0.7111375177873418,-0.4066161191478709,-0.12206578652503354,-0.14586103440246875,-1.0558099238821486
12612,-0.6060433914110456,-0.4066161191478709,-0.1559503247539029,-0.5407967794307551,-1.0558099238821486
12613,-0.6872524890654563,0.28524988500640736,0.2674214952483332,1.1677295958003098,1.5239170528117767
12614,0.3636887746975062,-0.4066161191478709,-0.18285130176016115,-0.5322112197562271,-1.0558099238821486
12615,-0.949987805006197,0.1315018840832344,0.1928773117456911,0.9960184023097504,1.373304250280245
12616,-0.5057262707791264,-0.25286811822469796,-0.1263747629160576,-0.42918450366189154,0.07571702847012707
12617,-0.8210086499080151,-0.4066161191478709,-0.18026259173932413,-0.3690855859401958,-1.0558099238821486
12618,-0.859224695863032,-0.4066161191478709,-0.19242842077518393,-0.6094812568269787,-1.0558099238821486
12619,-0.8831097245849174,0.28524988500640736,0.057167409208713424,-0.23171663114774838,1.0450455780961379
12620,-0.8926637360736717,-0.25286811822469796,-0.11194848724884089,0.06019239778620238,-0.32205524488237935
12621,-0.954764810750574,2.2070998965460693,1.4789370924612628,2.249510114790833,1.520055186080199
12622,0.14872351620053662,-0.4066161191478709,-0.19223520245099626,-0.6094812568269787,-1.0558099238821486
12623,0.3589117689531291,0.05462788362164793,0.0548446340856831,0.25766027030034555,0.566174103380499
12624,-0.4531792075909783,-0.32974211868628445,-0.16030708632187662,-0.39484226496377967,-0.7816173859401294
12625,0.048406395568617464,-0.1759941177631115,0.15298015168672355,0.5323981798852404,0.4310087677752784
12626,-0.8496706843742777,0.20837588454482087,0.25378609888657283,1.2879274312437012,0.1143356957859044
12627,-0.9117717590511801,0.05462788362164793,0.10544775139775912,0.6869382540267437,-0.5537672487770433
12628,-0.9404337935174427,-0.25286811822469796,-0.15024241999420823,-0.41201338431283563,-0.8240979199874845
12629,0.8796053950902333,-0.32974211868628445,-0.09679504584543404,-0.36050002626566785,-0.9090589880821947
12630,-0.9165487647955571,-0.32974211868628445,-0.11669445562037543,-0.18878883277510855,-0.9245064550085056
12631,-0.6872524890654563,-0.022246116839938542,0.03640440355469665,0.42078590411637684,1.4003373174012892
12632,1.524501170581142,-0.32974211868628445,-0.14896676353129173,-0.42918450366189154,-0.8858877876927282
12633,-0.6824754833210792,0.05462788362164793,0.18852678302688475,1.1849007151493656,0.7476818397646525
12634,1.5961562567467986,-0.32974211868628445,-0.17077342515144053,-0.5322112197562271,-1.005605656371638
12635,-0.534388305245389,-0.1759941177631115,-0.0017655647461201883,0.6611815750031599,0.36149516660687925
12636,2.56588842285535,-0.4066161191478709,-0.19494302914480918,-0.6953368535722584,-1.0558099238821486
12637,-0.6394824316216853,0.4389978859295803,0.3689781545034493,1.8288176907389628,0.782438640348852
12638,-0.8019006269305068,-0.32974211868628445,-0.1408910686268026,-0.30040110854397206,1.2844813154539572
12639,0.17738555066679923,-0.25286811822469796,-0.1138211121542297,-0.20595995212416449,0.44645623470158935
12640,-0.8496706843742777,-0.25286811822469796,-0.1233636042294339,-0.30040110854397206,-0.83182165345064
12641,-0.41018615589158436,-0.4066161191478709,-0.19183352994910072,-0.6180668165015067,-1.0558099238821486
12642,-0.8401166728855235,-0.25286811822469796,-0.13453564009250046,-0.3690855859401958,-0.7391368518927744
12643,-0.348085081214682,0.4389978859295803,0.37043317851462604,-0.5837245778033949,0.8094717074698962
12644,-0.3433080754703049,-0.1759941177631115,-0.07184495062855459,0.20614691225317777,1.1261447794592703
12645,-0.8019006269305068,0.1315018840832344,0.04040243002614987,0.24907471062581757,1.3964754506697115
12646,-0.9404337935174427,-0.32974211868628445,-0.11142492791878397,-0.33474334724208393,-0.8820259209611505
12647,-0.8544476901186548,2.2839738970076557,0.9695297927081906,1.3566119086399249,1.5432263864696654
12648,-0.22388293186087738,-0.1759941177631115,-0.12769751201712734,-0.37767114561472376,1.056631178290871
12649,-0.4484022018466012,0.1315018840832344,-0.04579441126424068,0.1031201961588422,1.218829581017136
12650,-0.9452107992618198,-0.4066161191478709,-0.18293163626054024,-0.5322112197562271,-1.0558099238821486
12651,0.635978102127001,-0.1759941177631115,-0.17854717314071167,-0.44635562301094744,-0.5499053820454656
12652,0.6216470848938698,-0.32974211868628445,-0.13427455296626836,-0.26605886984586025,-0.658037650529642
12653,-0.25254496632713996,-0.25286811822469796,0.08344579383703357,-0.05141987798266114,0.4039757006542343
12654,-0.9117717590511801,-0.09912011730152501,-0.1630183757096714,-0.4377700633364195,0.04482209461750521
12655,1.0611316133765631,-0.4066161191478709,-0.18660832473047706,-0.5665534584543389,-1.0558099238821486
12656,-0.8783327188405403,0.1315018840832344,0.23905926138173092,0.7899649701210792,1.0489074448277156
12657,-0.906994753306803,-0.1759941177631115,-0.09091123623146097,-0.4034278246383076,-0.7970648528664404
12658,-0.8735557130961633,-0.4066161191478709,-0.15719620204857543,-0.39484226496377967,-1.0558099238821486
12659,-0.8210086499080151,-0.4066161191478709,-0.1983586304885139,-0.6609946148741466,-1.0558099238821486
12660,-0.906994753306803,-0.4066161191478709,-0.1877337002745809,-0.5923101374779228,-1.0558099238821486
12661,1.1232326880534655,-0.4066161191478709,-0.19348869767242885,-0.6094812568269787,-1.0558099238821486
12662,-0.9595418164949511,1.053989889622272,0.26113116536089004,0.6955238137012717,1.3269618495013122
12663,2.0213097679963608,-0.32974211868628445,-0.1881284473885127,-0.6266523761760346,-0.8858877876927282
12664,-0.9213257705399343,0.36212388546799384,0.2156659933790948,-0.6180668165015067,1.7170103893906632
12665,0.5882080446832301,-0.25286811822469796,-0.18298980951943547,-0.5923101374779228,0.27653409851216915
12666,0.9225984467896272,-0.4066161191478709,-0.11824989775702603,-0.4377700633364195,-1.0558099238821486
12667,-0.6824754833210792,-0.4066161191478709,-0.16176141779425696,-0.4205989439873636,-1.0558099238821486
12668,-0.906994753306803,0.28524988500640736,0.5836111633525267,1.554079781154068,1.5161933193486212
12669,-0.24299095483838576,-0.25286811822469796,-0.014673102832893947,0.13746243485695406,-0.6464520503349088
12670,-0.9117717590511801,0.05462788362164793,0.05570684488716572,-0.09434767635530096,1.4775746520328439
12671,1.9353236645975729,-0.4066161191478709,-0.023090911902790695,-0.317572227893028,-1.0558099238821486
12672,0.6120930734051155,-0.32974211868628445,-0.1744404180782281,-0.5150401004071712,-0.028553373282471695
12673,-0.9356567877730656,-0.25286811822469796,-0.11952416914234978,-0.12010435537888485,0.4734893018226335
12674,-0.7780155982086212,-0.1759941177631115,-0.06823613096066222,-0.2574733101713323,-0.4031544462455117
12675,1.6821423601455865,-0.32974211868628445,-0.13841454989097776,0.24907471062581757,-0.9592632555927052
12676,-0.8448936786299006,0.36212388546799384,-0.007812813516036934,-0.12868991505341282,0.7167869059120306
12677,1.6916963716343407,-0.32974211868628445,-0.17734561832900697,-0.5923101374779228,-0.6271427166770202
12678,-0.7589075752311129,1.1308638900838586,2.16939688736615,1.0046039619842784,1.489160252227577
12679,-0.6824754833210792,-0.1759941177631115,-0.12762687305989742,-0.33474334724208393,-0.1868899092771587
12680,-0.9595418164949511,-0.1759941177631115,-0.14370831645044224,-0.4205989439873636,-0.6194189832138647
12681,-0.8926637360736717,2.975839901161934,1.8614650518698912,3.2368494773615493,1.6938391890011968
12682,-0.9452107992618198,3.5139579043930396,1.3846839473526815,2.103555600323858,1.7826621238274847
12683,-0.9404337935174427,1.1308638900838586,0.6009710333611735,1.322269669941813,1.7324578563169741
12684,-0.9261027762843114,0.05462788362164793,-0.046557589017842176,-0.1802032731005806,-0.2602653771771356
12685,-0.8257856556523923,-0.022246116839938542,-0.006428428462090131,0.3005880686729854,-0.8047885863295958
12686,0.8127273146689539,-0.4066161191478709,-0.19853453534279228,-0.6438234955250907,-1.0558099238821486
12687,1.333420940806058,-0.32974211868628445,-0.056580010478931915,0.377858105743737,-1.0558099238821486
12688,-0.41974016738033854,-0.4066161191478709,0.13282242494073557,0.7642082910974954,-1.0558099238821486
12689,-0.8401166728855235,-0.32974211868628445,-0.11830599339953214,-0.21454551179869244,-0.6618995172612198
12690,0.019744361102354852,-0.4066161191478709,-0.17776737445599727,-0.5665534584543389,-1.0558099238821486
12691,-0.8257856556523923,0.05462788362164793,-0.12365308544631722,-0.4978689810581152,0.45804183489632255
12692,2.083410842673263,-0.4066161191478709,-0.19702410822790584,-0.5923101374779228,-1.0558099238821486
12693,-0.35286208695905913,0.05462788362164793,-0.08676708407397335,-0.16303215375152466,0.46962743509105576
12694,-0.6251514143885539,-0.25286811822469796,-0.07704868714449076,-0.11151879570435688,0.29970529890163555
12695,-0.9261027762843114,0.05462788362164793,-0.10725930705860884,-0.30898666821850007,1.4852983854959994
12696,1.1136786765647113,-0.32974211868628445,-0.14570975357195615,-0.33474334724208393,-0.7700317857453963
12697,-0.8257856556523923,-0.25286811822469796,-0.13839100357190112,-0.3862567052892517,-0.5112867147296882
12698,1.8588915726875392,-0.4066161191478709,-0.18117882056692375,-0.5665534584543389,-1.0558099238821486
12699,1.0324695789103004,-0.4066161191478709,-0.16051623303838083,-0.35191446659113984,-1.0558099238821486
12700,-0.9261027762843114,-0.1759941177631115,0.13740564669512273,0.9530906039371105,-0.25254164371398014
12701,-0.58215836268916,-0.022246116839938542,-0.03528444249050537,0.30917362834751333,1.0836642454119152
12702,-0.8687787073517862,-0.4066161191478709,-0.18954122653311076,-0.6008956971524508,-1.0558099238821486
12703,-0.6203744086441768,-0.1759941177631115,-0.13500171870245856,-0.22313107147322042,1.3115143825750013
12704,-0.9261027762843114,0.1315018840832344,-0.04259557456380028,-0.1544465940769967,-0.43018751336655586
12705,-0.8878867303292945,0.5927458868527532,0.6098632315065847,2.043456682602162,0.9446370430751168
12707,0.4305668551187856,-0.4066161191478709,-0.1629186501229939,-0.4205989439873636,-1.0558099238821486
12708,-0.8210086499080151,0.900241888699099,0.14970998349025688,0.4122003444418489,1.616601854369642
12709,-0.8878867303292945,2.1302258960844824,1.8931140748640731,0.9187483652389987,1.70542478919593
12710,-0.5009492650347493,-0.25286811822469796,-0.1251337333929597,-0.060005437657189103,-0.6503139170664866
12711,1.9592086933194583,-0.32974211868628445,-0.11197341864551028,-0.22313107147322042,-0.8047885863295958
12712,-0.8257856556523923,1.1308638900838586,0.26088808424336357,0.377858105743737,1.6552205216854194
12713,-0.9595418164949511,-0.4066161191478709,-0.14594244660753702,-0.37767114561472376,-1.0558099238821486
12714,-0.9165487647955571,0.4389978859295803,0.7713362698073821,3.039381604847406,1.747905323243285
12715,-0.4531792075909783,-0.4066161191478709,-0.18092881406143357,-0.5322112197562271,-1.0558099238821486
12716,-0.9452107992618198,-0.32974211868628445,-0.13174955651469752,-0.18878883277510855,-0.5537672487770433
12717,-0.23821394909400867,-0.25286811822469796,-0.11406073057777426,-0.18878883277510855,0.639549571280476
12718,-0.6203744086441768,-0.4066161191478709,-0.18820808935009542,-0.5407967794307551,-1.0558099238821486
12719,-0.9356567877730656,-0.32974211868628445,-0.16004253650166264,-0.41201338431283563,-0.8240979199874845
12720,-0.949987805006197,1.8227298942381367,0.33459152564721056,1.54549422147954,0.8905709088330286
12721,-0.8114546384192609,0.1315018840832344,0.07321353312064327,0.867235007191831,0.6434114380120537
12722,-0.5534963282228974,-0.1759941177631115,-0.13561807823122926,-0.2746444295203882,-0.8047885863295958
12723,-0.9452107992618198,-0.09912011730152501,-0.15449391566513343,-0.2488877504968043,-0.816374186524329
12724,-0.9356567877730656,0.05462788362164793,-0.04421057503693885,0.1031201961588422,0.9909794438540496
12725,0.8127273146689539,-0.1759941177631115,-0.04772590196732105,0.08594907680978628,-0.2332323100560915
12726,-0.8257856556523923,0.36212388546799384,0.07331879901769174,-0.16303215375152466,1.2458626481381798
12727,-0.9117717590511801,0.28524988500640736,0.18862166084198767,0.4293714637909048,1.431232251253911
12728,-0.6203744086441768,-0.09912011730152501,-0.1305944018023497,-0.2918155488694441,0.149092496370104
12729,-0.41974016738033854,-0.4066161191478709,-0.1733351261592191,-0.4806978617090593,-1.0558099238821486
12730,1.5292781763255192,-0.4066161191478709,-0.1472790464845342,-0.30040110854397206,-1.0558099238821486
12731,-0.8496706843742777,0.8233678882375126,1.580360091728679,0.4722992621635446,1.3539949166223564
12732,-0.1044577882514498,-0.4066161191478709,-0.1883459045705734,-0.6008956971524508,-1.0558099238821486
12733,0.15827752768929082,-0.1759941177631115,-0.03677617105788979,0.3005880686729854,0.7013394389857197
12734,0.7219642055257889,-0.25286811822469796,-0.16040958206373962,-0.557967898779811,-0.9013352546190392
12735,0.5452149929838361,-0.32974211868628445,-0.15071957922490825,-0.37767114561472376,-0.9708488557874383
12736,0.6264240906382469,-0.4066161191478709,-0.18850241833855336,-0.6695801745486745,-1.0558099238821486
12737,1.4194070442048459,-0.32974211868628445,0.05225869422003156,-0.6867512938977305,-1.0558099238821486
12738,0.8175043204133309,-0.4066161191478709,-0.19394923597201597,-0.6094812568269787,-1.0558099238821486
12739,-0.5869353684335371,-0.1759941177631115,-0.01587119495061682,0.02585015908809053,0.1645399632964149
12740,-0.6585904545991936,-0.4066161191478709,-0.17509486724079928,-0.47211230203453136,-1.0558099238821486
12741,1.567494222280536,-0.32974211868628445,-0.1765859032693873,-0.5665534584543389,-1.0403624569558376
12742,2.026086773740738,-0.4066161191478709,-0.12149790471200882,-0.12868991505341282,-1.0558099238821486
12743,-0.3194230467484194,-0.32974211868628445,-0.16730172816522973,0.27483138964940146,-1.0558099238821486
12744,-0.7159145235317189,0.36212388546799384,1.548596799833096,1.3995397070125646,1.029598111169827
12745,1.3620829752723205,-0.25286811822469796,-0.14061959341862493,-0.5236256600816991,-0.29888404449291295
12746,1.620041285468684,-0.4066161191478709,-0.1870792511120097,-0.557967898779811,-1.0558099238821486
12747,-0.949987805006197,1.5152338923917907,0.4115464367000221,0.02585015908809053,1.763352790169596
12748,-0.9595418164949511,25.346174035483596,3.5031199582032,18.92266700272414,1.7826621238274847
12749,-0.9452107992618198,0.20837588454482087,0.2729611130805096,1.5283231021304842,0.9446370430751168
12750,-0.348085081214682,-0.4066161191478709,-0.1856020658593491,-0.5751390181288669,-1.0558099238821486
12751,1.1614487340084823,-0.4066161191478709,-0.1861290878833879,-0.1802032731005806,-1.0558099238821486
12752,-0.5726043512004059,-0.4066161191478709,0.09770863034830655,-0.2488877504968043,-1.0558099238821486
12753,-0.8544476901186548,-0.022246116839938542,1.2793605695841002,0.4293714637909048,0.2572247648542805
12754,0.1630545334336679,-0.25286811822469796,0.0037975994051328275,-0.28322998919491615,-0.773893652476974
12755,0.3780197919306375,0.36212388546799384,0.157923493615224,-0.41201338431283563,0.539141036259455
12756,-0.5487193224785203,-0.4066161191478709,-0.19694585134391585,-0.6695801745486745,-1.0558099238821486
12757,-0.8878867303292945,0.5158718863911668,0.33787208192562274,1.330855229616341,-0.29888404449291295
12758,-0.40540915014720724,0.05462788362164793,0.48112996480425446,0.9015772458899428,1.346271183159201
12759,-0.7111375177873418,0.1315018840832344,0.14299789747582337,1.064702879705974,1.5818450537854427
12760,1.2139957971966304,-0.4066161191478709,-0.1806213268358446,-0.5236256600816991,-1.0558099238821486
12761,1.2235498086853847,-0.32974211868628445,-0.15048550111173464,-0.47211230203453136,-1.0287768567611044
12762,-0.9261027762843114,-0.32974211868628445,-0.07322795060490866,-0.17161771342605264,-0.9862963227137492
12763,-0.300315023770911,-0.32974211868628445,-0.17049086932252092,-0.5665534584543389,-0.16371870888769233
12764,0.5499919987282132,-0.4066161191478709,-0.08740006453385697,-0.317572227893028,-1.0558099238821486
12765,1.295204894851041,-0.022246116839938542,-0.10743521191288723,-0.28322998919491615,-0.4031544462455117
12766,-0.9452107992618198,0.20837588454482087,0.41296683377138027,1.4682241844087884,0.5043842356752554
12767,0.8318353376464622,-0.4066161191478709,-0.13892910621668184,-0.33474334724208393,-1.0558099238821486
12768,1.190110768474745,-0.4066161191478709,-0.19302538921765625,-0.6180668165015067,-1.0558099238821486
12769,0.17738555066679923,-0.4066161191478709,-0.1255090894205931,-0.42918450366189154,-1.0558099238821486
12770,0.04362938982424036,-0.32974211868628445,0.02012143137440769,-0.5407967794307551,-0.10579070791402634
12771,1.3573059695279435,-0.4066161191478709,-0.18515745595207855,-0.5751390181288669,-1.0558099238821486
12772,-0.6776984775767021,-0.4066161191478709,-0.14290081621387296,-0.23171663114774838,-1.0558099238821486
12773,1.7346894233337347,-0.4066161191478709,-0.1961030316287316,-0.6524090551996186,-1.0558099238821486
12774,1.5961562567467986,-0.4066161191478709,-0.19787246825346105,-0.6524090551996186,-1.0558099238821486
12775,-0.8783327188405403,0.05462788362164793,-0.08793747463984135,-0.23171663114774838,0.45804183489632255
12776,2.226721015004576,-0.4066161191478709,-0.20086423585378632,-0.6695801745486745,-1.0558099238821486
12777,1.2235498086853847,-0.4066161191478709,-0.16873389839612615,-0.4806978617090593,-1.0558099238821486
12778,-0.8687787073517862,0.20837588454482087,-0.08173509717953734,-0.04283431830813318,1.1956583806276695
12779,-0.7827926039529983,0.5927458868527532,0.24364940852408182,0.5152270605361845,1.6436349214906862
12780,1.897107618642556,-0.4066161191478709,-0.18134156718407107,-0.5322112197562271,-1.0558099238821486
12781,-0.6585904545991936,-0.32974211868628445,-0.14745287372242344,-0.48928342138358727,-0.20233737620346964
12782,-0.9404337935174427,0.36212388546799384,0.11512321092186668,0.5152270605361845,0.9330514428803837
12783,-0.949987805006197,-0.022246116839938542,-0.050554922950499036,-0.05141987798266114,-0.773893652476974
12784,-0.9165487647955571,-0.25286811822469796,-0.08260284829139095,0.3349303073710972,0.9523607765382722
12785,0.7792882744583141,-0.25286811822469796,-0.12850085702091837,-0.3433289069166119,0.36149516660687925
12786,1.9496546818307041,-0.4066161191478709,-0.154256374857978,-0.549382339105283,-1.0558099238821486
12787,-0.9165487647955571,-0.1759941177631115,-0.14499851622808252,-0.44635562301094744,0.5043842356752554
12788,1.2522118431516471,-0.1759941177631115,-0.1738967751230764,-0.5322112197562271,-0.8047885863295958
12789,-0.6490364431104395,-0.25286811822469796,-0.18577727817483114,-0.6609946148741466,1.3694423835486673
12790,-0.042356713574547476,-0.32974211868628445,-0.16371991751039586,-0.39484226496377967,-0.21392297639820285
12791,0.822281326157708,-0.022246116839938542,-0.1449064085681651,-0.557967898779811,-0.08648137425613768
12792,0.26337165406558705,-0.32974211868628445,-0.14743417517492144,-0.3690855859401958,0.01778902749646109
12793,0.635978102127001,-0.25286811822469796,-0.14338143813855483,-0.41201338431283563,-0.7970648528664404
12794,-0.7063605120429647,-0.32974211868628445,-0.1451210955950403,-0.33474334724208393,-0.8820259209611505
12795,-0.8735557130961633,-0.4066161191478709,-0.17489541606744427,-0.5837245778033949,-1.0558099238821486
12796,2.040417790973869,-0.4066161191478709,-0.17832209803189092,-0.6438234955250907,-1.0558099238821486
12797,0.7840652802026912,-0.32974211868628445,-0.16647414430356566,-0.47211230203453136,-0.8279597867190622
12798,-0.9117717590511801,-0.1759941177631115,0.384707095646641,-0.47211230203453136,0.5314173027962995
12799,1.567494222280536,-0.4066161191478709,-0.18951698767523775,-0.5751390181288669,-1.0558099238821486
12800,1.2856508833622868,-0.25286811822469796,-0.16424624699563825,-0.4377700633364195,-0.2602653771771356
12801,1.4289610556936,-0.4066161191478709,-0.1304801329009484,-0.2746444295203882,-1.0558099238821486
12802,-0.0710187480408101,0.05462788362164793,-0.03736136634082377,0.22331803160223368,0.4001138339226566
12803,0.9178214410452501,-0.4066161191478709,-0.12902649396736443,-0.23171663114774838,-1.0558099238821486
12804,1.2617658546404014,-0.32974211868628445,-0.1821746913561061,-0.18878883277510855,-0.9206445882769279
12805,0.8604973721127248,-0.1759941177631115,-0.10533197158830668,-0.326157787567556,0.07571702847012707
12806,1.1184556823090883,-0.1759941177631115,-0.0053286768534520305,-0.20595995212416449,-0.4649443139507554
12807,0.870051383601479,-0.4066161191478709,-0.18182980703551305,-0.5665534584543389,-1.0558099238821486
12808,-0.7875696096973754,-0.09912011730152501,-0.1509183378594669,-0.30898666821850007,0.5893453037699654
12809,-0.114011799740204,-0.25286811822469796,-0.08310216876357486,-0.060005437657189103,0.7592674399593856
12810,1.5913792510024214,-0.32974211868628445,-0.1676576931065647,-0.42918450366189154,-0.5074248479981105
12811,0.28247967704309546,-0.09912011730152501,-0.13310624001678947,-0.30040110854397206,-0.4108781797086672
12812,-0.7493535637423586,-0.4066161191478709,-0.18880436525377137,-0.5751390181288669,-1.0558099238821486
12813,1.433738061437977,-0.25286811822469796,-0.08782112812205091,-0.3862567052892517,-0.3143315114192239
12814,-0.47706423631286377,-0.4066161191478709,-0.19598737764973756,-0.6867512938977305,-1.0558099238821486
12815,-0.2573219720715171,-0.32974211868628445,-0.13105909533471505,-0.37767114561472376,-0.8588547205716841
12816,-0.5057262707791264,-0.32974211868628445,-0.165080756245266,-0.47211230203453136,-0.7429987186243522
12817,0.3827967976750146,-0.25286811822469796,-0.1568547804219642,-0.5665534584543389,-0.4649443139507554
12818,0.2872566827874726,-0.4066161191478709,-0.0979128034627778,-0.5837245778033949,-1.0558099238821486
12819,1.2283268144297617,-0.4066161191478709,-0.16727471915217124,-0.5407967794307551,-1.0558099238821486
12820,-0.9452107992618198,0.36212388546799384,-0.018448131811915524,0.42078590411637684,1.7672146569011737
12821,0.06273741280174877,-0.32974211868628445,-0.18941656954976385,-0.5923101374779228,0.4773511685542112
12822,-0.6251514143885539,-0.32974211868628445,-0.13899420486354078,-0.35191446659113984,-0.990158189445327
12823,-0.6060433914110456,0.900241888699099,0.24554627228734366,-0.6953368535722584,1.2806194487223794
12824,-0.6776984775767021,-0.4066161191478709,-0.17720572549213992,-0.48928342138358727,-1.0558099238821486
12825,1.5292781763255192,-0.32974211868628445,-0.16879068657742866,-0.5322112197562271,-0.5923859160928205
12826,-0.949987805006197,0.4389978859295803,-0.010745022779874276,0.09453463648431423,1.720872256122241
12827,-0.9356567877730656,-0.25286811822469796,-0.17491826984772452,-0.5407967794307551,-0.9051971213506169
12828,-0.949987805006197,-0.022246116839938542,-0.13415820644847795,-0.30898666821850007,-0.5614909822401988
12829,0.6455321136157552,-0.25286811822469796,-0.17802430634945113,-0.557967898779811,-0.22937044332451376
12830,-0.7827926039529983,-0.022246116839938542,0.26723243215692377,-0.5923101374779228,-0.5383197818507324
12831,0.2920336885318497,-0.25286811822469796,-0.17346670853052965,-0.5665534584543389,-0.2795747108350243
12832,-0.8066776326748838,-0.32974211868628445,-0.17818151265622748,-0.47211230203453136,-0.8009267195980181
12833,-0.26687598356027126,-0.4066161191478709,-0.17580264189069103,-0.4978689810581152,-1.0558099238821486
12834,0.38757380341939174,-0.4066161191478709,-0.18307429925259278,-0.549382339105283,-1.0558099238821486
12835,1.0802396363540716,2.6683438993155884,0.21059591685085838,0.4808848218380726,0.1375068961753708
12836,-0.6776984775767021,0.6696198873143396,0.24957892569861542,1.7000342956210435,1.5663975868591318
12837,-0.13311982271771242,-0.32974211868628445,-0.15881605029328857,0.008679039739034602,0.4734893018226335
12838,-0.8019006269305068,0.28524988500640736,0.0013854867773705679,1.2707563118946452,1.1029735790698039
12839,-0.949987805006197,1.5152338923917907,0.46491624650360275,0.635424895979576,1.763352790169596
12840,-0.2764299950490255,0.05462788362164793,0.0752142777033608,0.23190359127676166,0.9948413105856273
12841,-0.9404337935174427,2.591469898854002,0.27717451911763435,1.9318444068332985,0.9330514428803837
12842,-0.6251514143885539,-0.1759941177631115,-0.07187957756837317,-0.317572227893028,1.520055186080199
12843,-0.6490364431104395,1.8227298942381367,0.2512153948744415,0.4122003444418489,1.4968839856907326
12844,-0.8210086499080151,-0.1759941177631115,-0.15978975984098703,0.05160683811167442,1.1222829127276925
12845,0.3159187172537352,-0.1759941177631115,-0.18018571993292687,-0.4806978617090593,-0.9669869890558606
12846,2.298376101170233,-0.4066161191478709,-0.20362885072890174,-0.6953368535722584,-1.0558099238821486
12847,-0.8544476901186548,-0.32974211868628445,-0.09327833383745908,0.15463355420601,0.3537714331437238
12848,2.2649370609595927,-0.4066161191478709,-0.1903030192091195,-0.5665534584543389,-1.0558099238821486
12849,-0.8114546384192609,-0.022246116839938542,0.005995025006019898,0.35210142672015315,1.1068354458013816
12850,1.1662257397528595,-0.4066161191478709,-0.18185404589338605,-0.6867512938977305,-1.0558099238821486
12851,-0.5009492650347493,-0.32974211868628445,-0.1852641069267198,-0.09434767635530096,0.41556130084896753
12852,0.44489787235191697,-0.4066161191478709,-0.18313177997269162,-0.557967898779811,-1.0558099238821486
12853,-0.3194230467484194,0.36212388546799384,0.06590170850855197,0.24907471062581757,1.0218743777066714
12854,-0.5869353684335371,0.05462788362164793,0.0010433726119629962,0.9101628055644708,1.4544034516433775
12855,0.8175043204133309,-0.1759941177631115,-0.16226627857681186,-0.14586103440246875,-0.9399539219348165
12856,-0.9261027762843114,-0.022246116839938542,-0.05437288933489562,0.626839336305048,-0.8395453869137954
12857,0.04362938982424036,-0.022246116839938542,0.05070048192819547,-0.09434767635530096,0.7708530401541188
12858,0.870051383601479,-0.4066161191478709,-0.1945088073194842,-0.39484226496377967,-1.0558099238821486
12859,1.2283268144297617,-0.4066161191478709,-0.16487991999431825,-0.5236256600816991,-1.0558099238821486
12860,2.3509231643583806,-0.4066161191478709,-0.2009528808197219,-0.5665534584543389,-1.0558099238821486
12861,1.9974247392744753,-0.4066161191478709,-0.19998124888841254,-0.6695801745486745,-1.0558099238821486
12862,1.0706856248653174,-0.32974211868628445,-0.1365190712053087,0.3177591880220413,-0.7854792526717072
12863,-0.7111375177873418,-0.022246116839938542,-0.01131290459289897,-0.4978689810581152,1.0180125109750937
12864,-0.300315023770911,-0.32974211868628445,-0.1839614414507448,-0.6609946148741466,0.37308076680161245
12865,-0.8353396671411465,-0.1759941177631115,0.02545536518406171,0.635424895979576,0.682030105327831
12866,0.3923508091637688,-0.25286811822469796,-0.119709077000981,-0.20595995212416449,-0.2100611096666251
12867,-0.8353396671411465,0.5158718863911668,0.3374988035143785,2.4298068679559206,1.6359111880275308
12868,-0.0757957537851872,0.1315018840832344,-0.06316951712640763,0.03443571876261849,-0.25640351044555787
12869,2.2935990954258556,-0.4066161191478709,-0.18132286863656902,-0.4034278246383076,-1.0558099238821486
12870,0.8318353376464622,-0.25286811822469796,-0.0885725327161141,0.02585015908809053,-0.09420510771929315
12871,-0.5582733339672745,-0.25286811822469796,-0.15318155464600927,-0.5923101374779228,0.3151527658279465
12872,0.5977620561719842,0.4389978859295803,0.022719144399597557,1.1591440361257817,0.5275554360647218
12873,0.38757380341939174,-0.25286811822469796,-0.06430943598523528,-0.4205989439873636,0.4850749020173667
12874,0.8796053950902333,-0.32974211868628445,-0.13902606164817388,-0.326157787567556,-0.4031544462455117
12875,-0.2764299950490255,-0.09912011730152501,-0.11073100404481964,-0.6867512938977305,1.0836642454119152
12876,-0.6872524890654563,-0.1759941177631115,0.0779719671905125,0.3005880686729854,1.0025650440487828
12877,-0.9452107992618198,1.053989889622272,-0.0009532167379763063,0.5753259782578802,1.5972925207117536
12878,0.16783153917804502,-0.32974211868628445,-0.1454964516226737,-0.37767114561472376,-0.9399539219348165
12879,-0.7493535637423586,-0.25286811822469796,-0.16501011728803613,-0.6438234955250907,-0.874302187497995
12880,0.8604973721127248,-0.32974211868628445,-0.16037634020151378,-0.42918450366189154,-0.31046964468764615
12881,0.354134763208752,-0.4066161191478709,-0.18407017004177514,-0.6438234955250907,-1.0558099238821486
12882,-0.9165487647955571,-0.32974211868628445,-0.10338663010929888,-0.6008956971524508,-0.9631251223242829
12883,-0.8448936786299006,-0.1759941177631115,-0.15598979946529612,-0.3690855859401958,-0.8047885863295958
12884,-0.5391653109897661,-0.4066161191478709,-0.18330491467178453,-0.6438234955250907,-1.0558099238821486
12885,-0.6585904545991936,-0.25286811822469796,-0.12331928174646611,-0.13727547472794077,-0.8240979199874845
12886,-0.6394824316216853,-0.32974211868628445,-0.10924827848178804,-0.060005437657189103,-0.46880618068233315
12887,0.870051383601479,-0.4066161191478709,-0.1893057633423444,-0.5923101374779228,-1.0558099238821486
12888,0.06273741280174877,-0.32974211868628445,-0.18018364231653777,-0.6695801745486745,-0.8974733878874614
12889,0.8604973721127248,-0.1759941177631115,-0.17801322572870917,-0.48928342138358727,-0.5885240493612428
12890,-0.8448936786299006,-0.32974211868628445,-0.15581320207222135,0.3606869863946811,0.3460476996805683
12891,-0.0757957537851872,0.36212388546799384,-0.14649994033861613,-0.6867512938977305,0.7747149068856966
12892,0.9321524582783813,-0.4066161191478709,-0.1864677393548136,-0.549382339105283,-1.0558099238821486
12893,-0.816231644163638,-0.4066161191478709,-0.19248105372370816,-0.47211230203453136,-1.0558099238821486
12894,1.7872364865218826,-0.4066161191478709,-0.19381072821274165,-0.5236256600816991,-1.0558099238821486
12895,-0.7589075752311129,-0.32974211868628445,-0.17888997984491561,-0.5150401004071712,-0.8858877876927282
12897,0.014967355357977748,-0.1759941177631115,-0.16909401857023942,-0.6180668165015067,0.25336289812270274
12898,1.2522118431516471,-0.32974211868628445,-0.18419413448632566,-0.47211230203453136,-0.29888404449291295
12899,1.0133615559327922,-0.4066161191478709,-0.17933320467459343,-0.557967898779811,-1.0558099238821486
12900,1.0563546076321861,-0.4066161191478709,-0.1811386533167342,-0.5923101374779228,-1.0558099238821486
12901,-0.9213257705399343,1.6689818933149638,1.0179375620357687,-0.44635562301094744,-0.04400084020878262
12902,0.30158770002060387,-0.4066161191478709,-0.1951036981455674,-0.6180668165015067,-1.0558099238821486
12903,1.0850166420984486,-0.4066161191478709,-0.14698263987968713,-0.35191446659113984,-1.0558099238821486
12904,-0.8735557130961633,-0.32974211868628445,-0.17035374664083935,-0.19737439244963653,-0.4610824472191777
12905,1.7920134922662598,-0.32974211868628445,-0.1341782900735727,-0.2574733101713323,-0.6464520503349088
12906,-0.906994753306803,-0.09912011730152501,-0.0024996558702740724,-0.23171663114774838,-0.7970648528664404
12907,0.9273754525340043,-0.32974211868628445,-0.16946383428750186,-0.5064545407326432,-0.673485117455953
12908,-0.11878880548458111,-0.09912011730152501,-0.08171293593805344,-0.6953368535722584,0.697477572254142
12909,-0.7732385924642441,0.1315018840832344,0.01020012057758824,0.32634474769656924,1.315376249306579
12910,-0.8496706843742777,0.5158718863911668,0.196723672220739,-0.060005437657189103,1.2535863816013353
12911,1.6725883486568323,-0.4066161191478709,-0.09031980809935962,1.1849007151493656,-1.0558099238821486
12912,-0.949987805006197,-0.09912011730152501,-0.08958710205279848,-0.557967898779811,-0.9090589880821947
12913,-0.9404337935174427,0.5158718863911668,0.2304309205177372,-0.2574733101713323,1.778800257095907
12914,0.9512604812558898,-0.4066161191478709,-0.1891963422125177,-0.6266523761760346,-1.0558099238821486
12915,-0.25254496632713996,-0.1759941177631115,-0.13717836813945447,-0.30898666821850007,0.6472733047436314
12916,-0.300315023770911,0.05462788362164793,0.10553085605332371,9.34800645066384e-05,1.0527693115592933
12917,-0.348085081214682,-0.022246116839938542,0.09718368594065689,-0.317572227893028,1.2690338485276462
12918,2.0308637794851148,-0.4066161191478709,0.5538645444319776,-0.6953368535722584,-1.0558099238821486
12919,-0.9213257705399343,-0.022246116839938542,-0.1122407386209097,-0.41201338431283563,-0.4340493800981336
12920,-0.8783327188405403,-0.1759941177631115,-0.17100611818702138,-0.19737439244963653,1.6783917220748859
12921,-0.9165487647955571,5.2051859145479416,2.2353307360135037,2.060627801951218,1.7594909234380183
12922,-0.19044389165023765,-0.4066161191478709,-0.17663368844633695,-0.4635267423600034,-1.0558099238821486
12923,-0.6538134488548165,-0.25286811822469796,-0.15135325222358825,-0.24030219082227633,0.9176039759540727
12924,-0.5391653109897661,0.4389978859295803,-0.033692295797647064,-0.22313107147322042,1.4235085177907556
12925,-0.9404337935174427,-0.25286811822469796,-0.15419889413787916,-0.30898666821850007,1.2149677142855582
12926,1.003807544444038,-0.1759941177631115,-0.09916699122300675,1.0303606410078623,0.15681622983325944
12927,0.9225984467896272,-0.4066161191478709,-0.19104334318244073,-0.6094812568269787,-1.0558099238821486
12928,-0.7923466154417526,0.4389978859295803,0.0934225077375628,0.1031201961588422,0.9291895761488059
12929,0.5261069700063277,-0.4066161191478709,-0.19654625645840942,-0.6352379358505627,-1.0558099238821486
12930,-0.5869353684335371,-0.32974211868628445,-0.17591206302051776,-0.5322112197562271,-0.6966563178454194
12931,-0.859224695863032,3.8983279067009717,6.190703742998194,-0.3862567052892517,1.7131485226590855
12932,1.615264279724307,0.1315018840832344,-0.08707595637715508,-0.11151879570435688,-0.5614909822401988
12933,-0.8448936786299006,0.1315018840832344,-0.09136484914308435,1.2449996328710613,1.6668061218801526
12934,2.556334411366596,-0.4066161191478709,-0.19212785893755865,-0.6867512938977305,-1.0558099238821486
12935,-0.949987805006197,0.6696198873143396,0.0891959434633069,0.2662458299748735,1.2806194487223794
12936,-0.8783327188405403,-0.1759941177631115,-0.1310286236276747,-0.22313107147322042,-0.8202360532559068
12937,-0.8878867303292945,0.20837588454482087,0.009813683929212894,0.395029225092793,1.7285959895853964
12938,-0.8401166728855235,-0.4066161191478709,-0.1968031883518633,-0.6266523761760346,-1.0558099238821486
12939,-0.6538134488548165,1.053989889622272,1.544977592083258,-0.4978689810581152,1.3848898504749783
12940,-0.7015835062985876,-0.32974211868628445,-0.14240080320289267,0.043021278437146454,-0.9283683217400833
12941,2.4990103424340706,-0.4066161191478709,-0.17856517914941733,-0.47211230203453136,-1.0558099238821486
12942,-0.3337540639815507,-0.25286811822469796,-0.15791990509078374,-0.12010435537888485,-0.15213310869295912
12943,1.706027388867472,-0.32974211868628445,-0.170323274933799,-0.5150401004071712,-0.874302187497995
12944,-0.7923466154417526,-0.32974211868628445,-0.16284316339418942,-0.45494118268547545,0.1761255634911481
12945,0.4162358378856543,-0.32974211868628445,-0.14237171657344505,-0.30040110854397206,0.365357033338457
12946,1.1232326880534655,-0.4066161191478709,-0.1822384049253723,-0.5322112197562271,-1.0558099238821486
12947,-0.2764299950490255,-0.022246116839938542,-0.09362529577444124,0.008679039739034602,-0.16758057561927006
12948,-0.8831097245849174,0.20837588454482087,-0.044216807886106206,0.06019239778620238,1.7285959895853964
12949,-0.816231644163638,1.207737890545445,0.8705763867886354,2.275266793814417,1.6706679886117304
12950,-0.949987805006197,-0.25286811822469796,-0.07707292600236376,-0.5923101374779228,-0.9708488557874383
12951,-0.9213257705399343,0.6696198873143396,0.01785475189388346,0.24048915095128962,1.6088781209064866
12952,-0.9356567877730656,-0.1759941177631115,-0.10859798455199512,-0.1544465940769967,-0.773893652476974
12953,-0.9165487647955571,-0.32974211868628445,-0.14730951819157453,-0.317572227893028,0.9253277094172282
12954,2.08818784841764,-0.4066161191478709,-0.19345753342659214,-0.6180668165015067,-1.0558099238821486
12955,-0.954764810750574,0.36212388546799384,0.12474395988106088,-0.008492079610021325,-0.028553373282471695
12956,0.5022219412844422,-0.1759941177631115,-0.1685649189298115,-0.3433289069166119,0.5584503699173436
12957,-0.9165487647955571,0.5158718863911668,0.3982836262107097,2.7474725759134553,1.720872256122241
12958,0.9512604812558898,-0.32974211868628445,-0.17234271806401855,-0.317572227893028,-0.34908831200342344
12959,1.3525289637835665,-0.4066161191478709,-0.19425395304241946,-0.6352379358505627,-1.0558099238821486
12960,1.0133615559327922,-0.1759941177631115,-0.11314934952174925,-0.28322998919491615,-0.09806697445087087
12961,0.8509433606239707,-0.4066161191478709,-0.19002669622936721,-0.3862567052892517,-1.0558099238821486
12962,-0.9261027762843114,-0.32974211868628445,-0.18625928517710577,-0.5751390181288669,-0.6464520503349088
12963,-0.9213257705399343,0.4389978859295803,0.01938318501747558,0.40361478476732093,0.9176039759540727
12964,1.1280096937978425,-0.4066161191478709,-0.1955496931304307,-0.4806978617090593,-1.0558099238821486
12965,-0.534388305245389,-0.4066161191478709,-0.15139549709016695,0.22331803160223368,-1.0558099238821486
12966,-0.9165487647955571,-0.4066161191478709,-0.19361473973336848,-0.6180668165015067,-1.0558099238821486
12967,0.7506262399920515,-0.25286811822469796,-0.001203915782262816,-0.30040110854397206,-0.9592632555927052
12968,-0.42451717312471565,-0.4066161191478709,-0.19529276123697686,-0.6609946148741466,-1.0558099238821486
12969,1.9162156416200644,-0.4066161191478709,-0.1962276886120785,-0.6609946148741466,-1.0558099238821486
12970,-0.9261027762843114,0.28524988500640736,-0.10404038673307367,1.7000342956210435,1.7556290567064405
12971,-0.9452107992618198,8.433893933934574,0.882896651976086,0.1718046735550659,1.7285959895853964
12972,1.0133615559327922,-0.1759941177631115,-0.12429022113897908,-0.11151879570435688,-0.09806697445087087
12973,1.0133615559327922,-0.4066161191478709,-0.17800699287954183,-0.6524090551996186,-1.0558099238821486
12974,-0.018471684852661967,-0.32974211868628445,-0.17638645209603232,-0.47211230203453136,0.365357033338457
12975,1.1232326880534655,-0.022246116839938542,-0.05926844608644642,0.08594907680978628,0.091164495396438
12976,0.048406395568617464,0.1315018840832344,0.013883734435488756,0.20614691225317777,0.697477572254142
12977,-0.21432892037212317,-0.1759941177631115,-0.16911964250570516,-0.24030219082227633,0.3151527658279465
12978,0.8796053950902333,-0.09912011730152501,-0.03137783114017319,0.377858105743737,0.2726722317805914
12979,2.5228953711559563,-0.4066161191478709,-0.1688550926854912,-0.22313107147322042,-1.0558099238821486
12980,-0.20955191462774606,1.1308638900838586,0.920375466558124,-0.6438234955250907,1.1840727804329363
12981,-0.8210086499080151,-0.32974211868628445,-0.17893014709510519,-0.6008956971524508,-0.6541757837980643
12982,0.19649357364430764,0.1315018840832344,-0.01461908480677698,0.4894703815126006,0.34990956641214604
12983,1.897107618642556,-0.4066161191478709,-0.17076788484106956,-0.44635562301094744,-1.0558099238821486
12984,-0.8735557130961633,-0.4066161191478709,-0.19795557290902563,-0.6695801745486745,-1.0558099238821486
12985,-0.9595418164949511,-0.32974211868628445,-0.11887595282894596,-0.07717655700624504,-0.947677655397972
12986,1.0850166420984486,0.28524988500640736,-0.015655815384945242,-0.1802032731005806,-0.05558644040351582
12987,-0.6108203971554227,-0.09912011730152501,-0.11383219277497164,-0.1802032731005806,1.3192381160381568
12988,0.43534386086316273,-0.4066161191478709,-0.16967782877558066,-0.060005437657189103,-1.0558099238821486
12989,-0.9452107992618198,2.053351895622896,0.7338034371992272,-0.2746444295203882,1.747905323243285
12990,-0.8114546384192609,0.05462788362164793,-0.13853574418034278,-0.6266523761760346,1.2149677142855582
12991,-0.8496706843742777,-0.25286811822469796,-0.15174107394955635,-0.317572227893028,0.3576332998753015
12992,2.503787348178448,-0.4066161191478709,-0.19824297650951983,-0.6524090551996186,-1.0558099238821486
12993,-0.8496706843742777,0.1315018840832344,-0.11747356176629348,-0.21454551179869244,1.4003373174012892
12994,-0.9404337935174427,-0.25286811822469796,-0.13722546077760772,-0.2574733101713323,-0.03627710674562716
12995,-0.5534963282228974,-0.4066161191478709,-0.19007309632872413,-0.6781657342232025,-1.0558099238821486
12996,0.8318353376464622,-0.4066161191478709,-0.18008807196263849,-0.5150401004071712,-1.0558099238821486
12997,-0.8544476901186548,0.1315018840832344,-0.058519119108772374,-0.14586103440246875,1.2226914477487136
12998,1.3907450097385832,-0.25286811822469796,-0.140988716597091,-0.20595995212416449,-0.4340493800981336
12999,-0.02324869059703907,-0.25286811822469796,-0.1731363675246604,-0.48928342138358727,-0.8665784540348396
13000,-0.4531792075909783,-0.1759941177631115,-0.13320319544828152,-0.21454551179869244,1.3346855829644677
13001,-0.9404337935174427,2.053351895622896,1.4603389630847037,1.8717454891116028,1.7710765236327515
13002,0.5595460102169674,-0.25286811822469796,-0.1760277169995118,-0.5407967794307551,-0.6078333830191315
13003,-0.45795621333535536,-0.25286811822469796,-0.19438553541373005,-0.6695801745486745,-0.6348664501401756
13004,-0.906994753306803,2.2839738970076557,0.6021587373969508,2.876255971031375,1.6977010557327745
13005,-0.13311982271771242,-0.1759941177631115,-0.1354761077779731,-0.35191446659113984,0.040960227885927486
13006,-0.6920294948098333,-0.4066161191478709,-0.19905878721164555,-0.6695801745486745,-1.0558099238821486
13007,1.806344509499391,-0.4066161191478709,-0.19257108376723647,-0.6094812568269787,-1.0558099238821486
13008,0.583431038938853,-0.25286811822469796,-0.16231544883135424,-0.4377700633364195,0.48893676874894443
13009,2.2506060437264614,-0.4066161191478709,-0.18850241833855336,-0.6695801745486745,-1.0558099238821486
13010,0.8270583319020851,-0.32974211868628445,-0.18184573542782959,-0.6180668165015067,0.002341560570150162
13011,0.8175043204133309,-0.4066161191478709,-0.20120704255799024,-0.6781657342232025,-1.0558099238821486
13012,-0.9165487647955571,0.36212388546799384,0.00013337663353072963,0.11170575583337017,1.1956583806276695
13013,-0.954764810750574,1.7458558937765503,0.563832255328154,1.777304332691795,1.7401815897801296
13014,-0.9117717590511801,0.36212388546799384,0.16795284046427741,0.49805594118712854,0.5738978368436545
13015,-0.7063605120429647,0.36212388546799384,0.2509674659853405,1.5283231021304842,1.0682167784856043
13016,-0.6108203971554227,-0.25286811822469796,-0.1500048791870528,-0.3690855859401958,-0.8627165873032618
13017,-0.9261027762843114,-0.4066161191478709,-0.19058003472766813,-0.6953368535722584,-1.0558099238821486
13018,-0.8831097245849174,2.2070998965460693,0.4714288813446812,2.738887016238927,1.3848898504749783
13019,0.8509433606239707,-0.022246116839938542,-0.11952901691392437,-0.30898666821850007,0.31129089909636876
13020,1.7251354118449804,-0.32974211868628445,-0.16184244483343244,-0.37767114561472376,-0.6812088509191084
13021,-0.9404337935174427,0.8233678882375126,0.13375250454426257,0.7212804927248556,1.763352790169596
13022,1.0897936478428258,-0.4066161191478709,-0.20018554783334214,-0.6609946148741466,-1.0558099238821486
13023,-0.6538134488548165,-0.25286811822469796,-0.10435687696301549,-0.11151879570435688,0.7360962395699193
13024,1.2856508833622868,-0.32974211868628445,-0.16621167209974083,-0.4806978617090593,-0.6232808499454424
13025,2.5324493826447103,-0.4066161191478709,-0.18231181403778768,-0.5923101374779228,-1.0558099238821486
13026,-0.954764810750574,0.20837588454482087,-0.08468531245208033,-0.2574733101713323,1.7440434565117073
13027,-0.41974016738033854,0.9771158891606855,0.989173655667271,-0.6438234955250907,1.1647634467750476
13028,-0.8544476901186548,-0.32974211868628445,-0.15890885049200235,-0.36050002626566785,-0.9669869890558606
13029,-0.816231644163638,-0.09912011730152501,-0.07123482394895123,-0.5923101374779228,0.8480903747856735
13030,-0.906994753306803,-0.32974211868628445,-0.1525984369794644,-0.05141987798266114,0.3228764992911019
13031,0.9846995214665295,-0.09912011730152501,0.02333411885077554,1.6571064972484035,-0.4881155143402218
13032,-0.7111375177873418,0.20837588454482087,-0.009691671270593078,0.5581548589088242,0.5198317026015663
13033,0.7458492342476744,-0.32974211868628445,-0.18943388301967315,-0.6008956971524508,-0.7777555192085517
13034,-0.7015835062985876,-0.25286811822469796,-0.15229510498665363,-0.3433289069166119,0.2842578319753246
13035,-0.6108203971554227,-0.25286811822469796,-0.11023168357263571,-0.47211230203453136,0.32673836602267964
13036,2.307930112658987,-0.4066161191478709,-0.183439959737077,-0.6524090551996186,-1.0558099238821486
13037,-0.300315023770911,0.4389978859295803,0.0664176499118488,0.850063887842775,1.2535863816013353
13038,-0.5773813569447829,-0.25286811822469796,-0.14179344667847477,-0.4978689810581152,-0.2448179102508247
13039,1.8302295382212765,-0.1759941177631115,-0.13471085240798247,-0.3862567052892517,-0.5228723149244214
13040,-0.9213257705399343,-0.32974211868628445,-0.15782364219808806,-0.37767114561472376,-0.9592632555927052
13041,1.190110768474745,-0.1759941177631115,-0.14936497333920543,-0.5064545407326432,-0.5190104481928437
13042,1.897107618642556,-0.25286811822469796,-0.10161719348456946,0.7041093733757996,-0.5383197818507324
13043,0.3445807517199978,-0.4066161191478709,-0.16894373765142678,-0.5923101374779228,-1.0558099238821486
13044,0.4305668551187856,0.36212388546799384,0.13103844500128234,2.352536830885169,0.523693569333144
13045,-0.486618247801618,-0.25286811822469796,-0.14868697785755763,-0.35191446659113984,0.4387325012384339
13046,-0.816231644163638,-0.25286811822469796,-0.13896858092807504,-0.2746444295203882,0.5893453037699654
13047,-0.8114546384192609,1.3614858914686179,0.37900057596453907,0.9273339249135267,1.616601854369642
13048,-0.8926637360736717,0.20837588454482087,0.07571013548156287,0.36927254606920906,1.520055186080199
13049,-0.6538134488548165,-0.1759941177631115,-0.10718174271341521,-0.5407967794307551,0.2456391646595473
13050,-0.8926637360736717,2.2070998965460693,0.6254051871747561,3.7004696997860593,1.6861154555380413
13051,1.801567503755014,-0.32974211868628445,-0.19391807172617923,-0.6695801745486745,-0.8974733878874614
13052,0.053183401312994566,0.05462788362164793,0.011317878194931985,0.6783526943522158,0.6511351714752092
13053,2.0069787507632295,-0.4066161191478709,-0.19586756843796527,-0.557967898779811,-1.0558099238821486
13055,-0.5869353684335371,-0.1759941177631115,-0.04396195360904143,0.5409837395597683,0.29970529890163555
13056,1.6725883486568323,-0.4066161191478709,-0.1902005234672565,-0.549382339105283,-1.0558099238821486
13057,1.5722712280249131,-0.25286811822469796,-0.15556596572191667,-0.41201338431283563,-0.6657613839927975
13058,-0.8448936786299006,-0.25286811822469796,-0.18591232324012358,-0.6609946148741466,-0.5653528489717765
13059,0.22993261385494734,0.28524988500640736,-0.045993862437595706,0.626839336305048,0.3692189000700347
13060,0.24904063683245575,-0.4066161191478709,-0.18341018056883301,-0.5751390181288669,-1.0558099238821486
13061,-0.6155974028997997,-0.4066161191478709,-0.18749061915705445,-0.6180668165015067,-1.0558099238821486
13062,-0.04713371931892458,-0.4066161191478709,-0.1806781150171471,-0.6094812568269787,-1.0558099238821486
13063,1.333420940806058,-0.4066161191478709,-0.19166039525000783,-0.6008956971524508,-1.0558099238821486
13064,-0.9022177475624259,-0.022246116839938542,-0.08927268943924578,-0.20595995212416449,1.1802109137013586
13065,0.822281326157708,-0.09912011730152501,-0.13164152046246358,-0.28322998919491615,-0.38384511258762305
13066,-0.8448936786299006,-0.32974211868628445,-0.172103099640474,-0.2918155488694441,-1.0249149900295267
13067,-0.5678273454560288,-0.25286811822469796,-0.16949153583935672,-0.4978689810581152,0.34990956641214604
13068,-0.9117717590511801,-0.32974211868628445,-0.1808844915784658,-0.6953368535722584,0.1375068961753708
13069,-0.9595418164949511,2.4377218979308286,0.4382763566235766,4.215603280257737,1.0411837113645601
13070,-0.042356713574547476,-0.1759941177631115,-0.15264968485039587,-0.6008956971524508,1.029598111169827
13071,1.9639856990638354,-0.4066161191478709,-0.19575883984693493,-0.6008956971524508,-1.0558099238821486
13072,0.3111417115093581,-0.4066161191478709,-0.19243950139592586,-0.6438234955250907,-1.0558099238821486
13073,1.003807544444038,-0.32974211868628445,-0.17575416417494505,-0.48928342138358727,-0.9554013888611275
13074,1.481508118881748,-0.1759941177631115,-0.10922473216271142,-0.4806978617090593,-0.23709417678766923
13075,-0.3433080754703049,-0.4066161191478709,-0.14102126592052044,-0.5150401004071712,-1.0558099238821486
13076,1.2235498086853847,-0.4066161191478709,-0.19533085087077728,-0.6266523761760346,-1.0558099238821486
13077,-0.954764810750574,0.36212388546799384,-0.014907180946067553,1.0818739990550301,1.7517671899748628
13078,-0.9452107992618198,3.8983279067009717,1.8049054083702234,0.609668216955992,1.7826621238274847
13079,-0.9404337935174427,-0.022246116839938542,-0.17567798490734418,-0.6094812568269787,0.539141036259455
13080,-0.1044577882514498,-0.1759941177631115,-0.1852661845431089,-0.557967898779811,0.6047927706962763
13081,-0.906994753306803,1.6689818933149638,3.7315698085786875,5.632220626554851,1.7247341228538187
13082,-0.35763909270343625,1.1308638900838586,0.3033213213746439,0.146047994531482,1.2265533144802914
13083,-0.9404337935174427,-0.25286811822469796,-0.17732276454872672,-0.5407967794307551,0.5700359701120767
13084,1.3859680039942062,-0.4066161191478709,-0.19623115130606034,-0.6867512938977305,-1.0558099238821486
13085,-0.20955191462774606,0.1315018840832344,-0.036193745930141255,-0.2746444295203882,1.187934647164514
13086,0.8652743778571019,-0.4066161191478709,-0.1742825192326554,-0.30040110854397206,-1.0558099238821486
13087,2.508564353922825,-0.4066161191478709,-0.18298703936424998,-0.5751390181288669,-1.0558099238821486
13088,1.0324695789103004,-0.4066161191478709,-0.18835629265251894,-0.5407967794307551,-1.0558099238821486
13089,-0.949987805006197,15.121931974092597,7.649853207784901,6.653902227823679,1.7826621238274847
13090,-0.9213257705399343,1.3614858914686179,0.7019459600273374,0.6955238137012717,0.8210573076646294
13091,-0.8257856556523923,-0.25286811822469796,-0.04391278335449905,-0.35191446659113984,1.6513586549538417
13092,-0.6251514143885539,0.4389978859295803,-0.05648513266382898,-0.2574733101713323,1.2497245148697576
13093,0.354134763208752,3.744579905777799,3.5449915463706234,1.0046039619842784,0.7206487726436084
13094,-0.859224695863032,0.5158718863911668,-0.05169553434812304,-0.6609946148741466,0.365357033338457
13095,-0.6251514143885539,-0.4066161191478709,-0.199555337528644,-0.6524090551996186,-1.0558099238821486
13096,0.9225984467896272,-0.4066161191478709,-0.17564197288993286,-0.6953368535722584,-1.0558099238821486
13097,-0.8066776326748838,1.6689818933149638,0.7180377914998278,2.6444458598191196,1.6706679886117304
13098,-0.954764810750574,1.6689818933149638,1.7955131972138316,0.635424895979576,0.1645399632964149
13099,-0.486618247801618,-0.4066161191478709,-0.19034734169208728,-0.6953368535722584,-1.0558099238821486
13101,0.15827752768929082,-0.1759941177631115,-0.15654867827396796,-0.2918155488694441,0.6704445051330978
13102,-0.954764810750574,2.360847897469242,0.5834082494851899,1.116216237753142,1.187934647164514
13103,-0.7732385924642441,-0.25286811822469796,-0.15556250302793484,-0.47211230203453136,1.0218743777066714
13104,-0.9452107992618198,0.20837588454482087,-0.08634602048577943,-0.5751390181288669,1.4544034516433775
13105,1.1232326880534655,-0.4066161191478709,-0.1997215468397732,-0.6953368535722584,-1.0558099238821486
13106,-0.3242000524927965,-0.32974211868628445,-0.1629158799678084,-0.5751390181288669,0.025512760959616555
13107,-0.7493535637423586,0.20837588454482087,0.15908765133192462,0.5152270605361845,1.373304250280245
13108,0.8175043204133309,-0.32974211868628445,-0.15287406742042028,-0.47211230203453136,-0.8125123197927513
13109,-0.6776984775767021,-0.25286811822469796,-0.12617184904872072,-0.21454551179869244,0.8442285080540958
13110,-0.8114546384192609,0.4389978859295803,0.00010844523686134339,0.7298660523993835,1.6745298553433081
13111,2.470348307967808,-0.4066161191478709,-0.18241638739603977,-0.6008956971524508,-1.0558099238821486
13112,1.624818291213061,-0.4066161191478709,-0.2032811962531232,-0.6867512938977305,-1.0558099238821486
13113,-0.9595418164949511,2.360847897469242,1.0577952473833432,0.7212804927248556,1.3424093164276232
13114,2.527672376900333,-0.4066161191478709,-0.18847610186429123,-0.5665534584543389,-1.0558099238821486
13115,-0.906994753306803,0.28524988500640736,0.17582146626865147,0.8243072088191912,1.2149677142855582
13116,-0.300315023770911,-0.4066161191478709,-0.17000193693228258,-0.44635562301094744,-1.0558099238821486
13117,-0.859224695863032,0.900241888699099,-0.048494620031293546,0.3435158670456252,1.2690338485276462
13118,-0.8687787073517862,0.20837588454482087,-0.03743131275925732,0.24907471062581757,0.566174103380499
13119,2.231498020748953,-0.4066161191478709,-0.19536547781059585,-0.6094812568269787,-1.0558099238821486
13120,0.17738555066679923,-0.4066161191478709,-0.2025886574567516,-0.6953368535722584,-1.0558099238821486
13121,0.3254727287424894,-0.4066161191478709,-0.1850584229041974,-0.2746444295203882,-1.0558099238821486
13122,-0.5105032765235035,-0.32974211868628445,-0.14082874013512917,-0.24030219082227633,-0.49197738107179956
13123,1.295204894851041,-0.32974211868628445,-0.1696134226675181,-0.39484226496377967,-0.8356835201822177
13124,-0.534388305245389,-0.1759941177631115,0.11674513678296897,1.1505584764512538,0.08730262866486027
13125,1.5388321878142734,-0.4066161191478709,-0.19441531458197403,-0.5322112197562271,-1.0558099238821486
13126,-0.9404337935174427,0.5158718863911668,0.05671241121949728,0.867235007191831,1.4273703845223333
13127,-0.5917123741779142,-0.4066161191478709,-0.18675929818808604,-0.5751390181288669,-1.0558099238821486
13128,2.0547488082070005,-0.4066161191478709,-0.18645942888925715,-0.6953368535722584,-1.0558099238821486
13129,1.1996647799634992,-0.32974211868628445,-0.18855435874828122,-0.6180668165015067,-0.7584461855506631
13130,-0.5105032765235035,-0.4066161191478709,-0.20027557787687048,-0.6867512938977305,-1.0558099238821486
13131,-0.8496706843742777,0.05462788362164793,0.024783602551581276,0.21473247192770573,1.4350941179854888
13132,0.2872566827874726,-0.4066161191478709,-0.19935450127769624,-0.6781657342232025,-1.0558099238821486
13133,0.3445807517199978,-0.25286811822469796,-0.19082588600038006,-0.6008956971524508,-0.3375027118086903
13134,-0.5534963282228974,-0.022246116839938542,-0.03328854567936242,0.24048915095128962,0.2224679642700809
13135,-0.02324869059703907,-0.32974211868628445,0.028778166329052623,-0.549382339105283,0.08344076193328254
13136,-0.6920294948098333,0.5158718863911668,0.2298297968424867,1.047531760356918,1.5509501199328208
13137,-0.9117717590511801,0.7464938877759261,0.32071720340070203,4.6878090623567745,0.8442285080540958
13138,-0.8544476901186548,0.05462788362164793,-0.11647769097711114,-0.35191446659113984,0.3885282337279234
13139,-0.8831097245849174,0.1315018840832344,0.36338036341237767,1.1333873571021977,0.5700359701120767
13140,-0.44362519610222406,-0.09912011730152501,-0.13165052346681638,0.06019239778620238,0.42328503431212294
13141,-0.5582733339672745,0.8233678882375126,0.3255054166388152,1.7429620939936832,1.4389559847170665
13142,-0.8687787073517862,-0.4066161191478709,-0.18344065227587336,-0.5064545407326432,-1.0558099238821486
13143,1.8302295382212765,-0.4066161191478709,-0.17665307953263537,-0.5064545407326432,-1.0558099238821486
13144,0.6264240906382469,-0.32974211868628445,-0.19533431356475914,-0.6524090551996186,-0.673485117455953
13145,-0.7732385924642441,0.05462788362164793,-0.12655343792552146,-0.6609946148741466,1.1068354458013816
13146,-0.8353396671411465,-0.4066161191478709,-0.1888549205859065,-0.5665534584543389,-1.0558099238821486
13147,-0.9117717590511801,-0.1759941177631115,-0.1553436607682814,-0.6953368535722584,-0.7121037847717303
13148,-0.8210086499080151,1.5152338923917907,0.3837991772845978,3.1681649999653256,1.6590823884169972
13149,-0.8926637360736717,-0.1759941177631115,-0.08863416866899117,-0.05141987798266114,0.006203427301727894
13150,1.3525289637835665,-0.25286811822469796,-0.17354565795331603,-0.6438234955250907,-0.49197738107179956
13151,0.44967487809629403,-0.25286811822469796,-0.03398246955332676,0.42078590411637684,0.22632983100165863
13152,1.0324695789103004,0.05462788362164793,-0.05606268399804231,0.27483138964940146,0.013927160764883359
13153,-0.9356567877730656,-0.4066161191478709,-0.171035204816469,-0.5751390181288669,-1.0558099238821486
13154,0.9464834755115127,-0.25286811822469796,-0.09218135238400647,-0.034248758633605214,0.24177729792796956
13155,-0.8019006269305068,-0.022246116839938542,-0.10979676920851436,-0.025663198959077253,0.7129250391804529
13156,0.8796053950902333,-0.25286811822469796,-0.09483377597410968,0.1031201961588422,0.06799329500697161
13157,-0.7254685350204731,0.20837588454482087,0.1891639187195466,0.7813794104465513,1.2304151812118689
13158,-0.5105032765235035,-0.09912011730152501,-0.10026050998247749,-0.10293323602982893,0.0795788952017048
13159,-0.9213257705399343,-0.1759941177631115,-0.10571979331427478,0.27483138964940146,-0.6425901836033311
13160,-0.8544476901186548,-0.4066161191478709,-0.1983503200229574,-0.6695801745486745,-1.0558099238821486
13161,0.5356609814950819,-0.32974211868628445,-0.17201099198055655,-0.44635562301094744,-0.33364084507711256
13162,-0.37674711568094466,0.7464938877759261,0.4376558418620276,0.8929916862154148,1.3115143825750013
13163,1.9544316875750813,-0.4066161191478709,-0.2034854951980528,-0.6867512938977305,-1.0558099238821486
13164,1.7585744520556201,-0.32974211868628445,-0.17893153217269792,-0.6438234955250907,-0.6773469841875307
13165,-0.7397995522536044,-0.25286811822469796,-0.10420936619938832,-0.30040110854397206,0.36149516660687925
13166,0.3923508091637688,-0.32974211868628445,-0.14404627538307158,-0.23171663114774838,-0.5499053820454656
13167,-0.8735557130961633,-0.09912011730152501,-0.12678682349989867,-0.1544465940769967,0.3808045002647679
13168,-0.7875696096973754,-0.09912011730152501,-0.07723013230914011,0.38644366541826497,0.898294642296184
13169,-0.6585904545991936,-0.25286811822469796,-0.14652902696806375,-0.5665534584543389,0.8712615751751399
13170,-0.8353396671411465,-0.4066161191478709,-0.19717231153032935,-0.45494118268547545,-1.0558099238821486
13171,-0.859224695863032,-0.25286811822469796,-0.1722686164128068,-0.3862567052892517,0.01778902749646109
13172,0.9512604812558898,-0.4066161191478709,-0.19988775615090237,-0.6953368535722584,-1.0558099238821486
13173,-0.9404337935174427,0.36212388546799384,-0.03851098074280061,0.6697671346776878,1.7440434565117073
13174,-0.8831097245849174,0.4389978859295803,0.3490018729221107,4.464584510819048,1.720872256122241
13175,1.8206755267325223,-0.32974211868628445,-0.1471266879493324,-0.36050002626566785,-0.4649443139507554
13176,-0.7397995522536044,-0.4066161191478709,-0.17136277566715274,-0.13727547472794077,-1.0558099238821486
13177,-0.6538134488548165,-0.32974211868628445,-0.16923598902349557,-0.5064545407326432,0.3576332998753015
13178,-0.8353396671411465,1.1308638900838586,0.7689456258823074,0.9616761636116385,1.6359111880275308
13179,1.992647733530098,-0.4066161191478709,-0.16507313831850592,-0.41201338431283563,-1.0558099238821486
13180,1.9401006703419499,-0.4066161191478709,-0.19874506713688925,-0.6695801745486745,-1.0558099238821486
13181,0.8604973721127248,-0.4066161191478709,-0.17979789820695877,-0.5407967794307551,-1.0558099238821486
13182,-0.7445765579979815,-0.4066161191478709,-0.1963156410392177,-0.6094812568269787,-1.0558099238821486
13183,-0.9261027762843114,0.6696198873143396,0.2825749366517401,-0.1544465940769967,1.3694423835486673
13184,-0.8926637360736717,0.28524988500640736,-0.08912656375321136,0.4808848218380726,0.010065294033305626
13185,0.3159187172537352,-0.4066161191478709,-0.19976309916755547,-0.6953368535722584,-1.0558099238821486
13186,-0.7732385924642441,-0.25286811822469796,-0.09557132979224542,-0.11151879570435688,-0.7121037847717303
13187,0.6503091193601324,-0.1759941177631115,-0.1810673218207079,-0.26605886984586025,0.05254582808066068
13188,-0.906994753306803,-0.4066161191478709,-0.1967713315672302,-0.6867512938977305,-1.0558099238821486
13189,-0.8735557130961633,-0.32974211868628445,-0.18665472482983395,-0.45494118268547545,-0.6812088509191084
13190,1.6391493084461926,-0.25286811822469796,-0.16518740721990727,-0.5665534584543389,-0.3297789783455348
13191,2.183727963305182,-0.4066161191478709,-0.19330240473620489,-0.20595995212416449,-1.0558099238821486
13192,-0.5057262707791264,-0.022246116839938542,-0.02751623481160519,0.4551281428144887,1.2265533144802914
13193,-0.6681444660879479,-0.4066161191478709,-0.19694585134391585,-0.5150401004071712,-1.0558099238821486
13194,-0.3146460410040423,-0.32974211868628445,-0.1719659769587924,-0.6180668165015067,0.04868396134908295
13195,1.0181385616771692,-0.4066161191478709,-0.19523874321085985,-0.33474334724208393,-1.0558099238821486
13196,-0.906994753306803,0.05462788362164793,0.007821249812051819,0.5066415008616565,1.2844813154539572
13197,1.9496546818307041,-0.4066161191478709,-0.17887543653019183,-0.5407967794307551,-1.0558099238821486
13198,-0.9117717590511801,0.1315018840832344,0.13977689953389907,1.5712509005031239,0.5816215703068099
13199,-0.9452107992618198,4.6670679113168365,0.9008756516686889,-0.1802032731005806,1.7672146569011737
13200,-0.8687787073517862,-0.1759941177631115,-0.14445071804015258,-0.3433289069166119,-0.6425901836033311
13201,1.4385150671823541,-0.1759941177631115,-0.11931363734825282,-0.14586103440246875,-0.515148581461266
13202,0.9225984467896272,0.05462788362164793,-0.09526592018304555,-0.23171663114774838,0.24177729792796956
13203,-0.9165487647955571,0.28524988500640736,-0.021306239424541094,0.6525960153286319,1.6977010557327745
13204,2.5324493826447103,-0.4066161191478709,-0.1377628708835921,-0.21454551179869244,-1.0558099238821486
13205,1.1566717282641052,-0.4066161191478709,-0.010575350774763247,-0.6953368535722584,-1.0558099238821486
13206,0.9512604812558898,0.5158718863911668,0.3706665640890033,2.6702025388427035,0.22632983100165863
13207,-0.8878867303292945,-0.1759941177631115,-0.1675974422312804,-0.6180668165015067,1.2497245148697576
13208,-0.6824754833210792,0.20837588454482087,-0.06784138384673041,0.9960184023097504,1.562535720127554
13209,-0.816231644163638,0.5158718863911668,0.3846087551375562,1.7343765343191553,1.4698509185696884
13210,-0.5152802822678806,-0.4066161191478709,-0.18022796479950554,-0.5150401004071712,-1.0558099238821486
13211,-0.9117717590511801,0.28524988500640736,-0.023347843796244556,0.13746243485695406,1.7363197230485519
13212,-0.8687787073517862,-0.25286811822469796,-0.1502167960587425,0.395029225092793,-0.8936115211558837
13213,-0.6920294948098333,0.36212388546799384,0.062024876326463786,0.850063887842775,0.9214658426856505
13214,1.0324695789103004,0.05462788362164793,0.021352765354356398,1.073288439380502,-0.1714424423508478
13215,0.960814492744644,-0.4066161191478709,-0.19905670959525645,-0.6953368535722584,-1.0558099238821486
13216,0.3159187172537352,-0.4066161191478709,-0.18159503638354305,-0.6609946148741466,-1.0558099238821486
13217,-0.37674711568094466,-0.1759941177631115,-0.15855150047307462,-0.6781657342232025,1.0025650440487828
13218,-0.35286208695905913,-0.4066161191478709,-0.200369763153177,-0.6609946148741466,-1.0558099238821486
13219,1.992647733530098,-0.4066161191478709,-0.19942860292890802,-0.6094812568269787,-1.0558099238821486
13220,-0.5869353684335371,-0.09912011730152501,-0.11217841012923628,-0.30898666821850007,0.8635378417119844
13221,0.18693956215555343,-0.32974211868628445,-0.14602139603032338,-0.17161771342605264,-0.5962477828243983
13222,1.7967904980106368,-0.4066161191478709,-0.19857885782576007,-0.6953368535722584,-1.0558099238821486
13223,-0.004140667619530661,-0.022246116839938542,-0.1375925063396847,-0.6352379358505627,0.739958106301497
13224,-0.672921471832325,-0.32974211868628445,-0.05539992436991472,0.16321911388053795,-0.7043800513085748
13225,-0.9452107992618198,0.7464938877759261,0.9213651044981389,-0.18878883277510855,1.720872256122241
13226,0.3445807517199978,-0.32974211868628445,-0.18306875894222183,-0.4635267423600034,-0.5923859160928205
13227,0.0006363381248464415,-0.4066161191478709,-0.1868611013911527,-0.6266523761760346,-1.0558099238821486
13228,-0.5726043512004059,-0.4066161191478709,-0.17991493726354557,-0.6867512938977305,-1.0558099238821486
13229,0.1152844759898969,-0.4066161191478709,-0.19356141424604786,-0.6180668165015067,-1.0558099238821486
13230,-0.9404337935174427,1.8227298942381367,0.2191266097445637,4.902448054219974,1.3655805168170896
13232,-0.9022177475624259,0.05462788362164793,-0.11271443515762788,0.5581548589088242,-0.16371870888769233
13233,-0.6060433914110456,-0.1759941177631115,-0.12323340693571604,-0.06859099733171707,1.3385474496960454
13234,2.2506060437264614,-0.32974211868628445,-0.18071135687937293,-0.22313107147322042,-0.8240979199874845
13235,0.053183401312994566,-0.4066161191478709,-0.13330222849616266,-0.2488877504968043,-1.0558099238821486
13236,-0.8448936786299006,-0.32974211868628445,-0.15312407392591043,-0.41201338431283563,-0.7391368518927744
13237,0.8891594065789875,-0.4066161191478709,-0.16017758156695514,-0.4978689810581152,-1.0558099238821486
13238,-0.8783327188405403,-0.022246116839938542,-0.13499479331449482,-0.4978689810581152,1.1570397133118921
13239,0.2872566827874726,-0.09912011730152501,-0.09426935685506682,0.03443571876261849,-0.125100041571915
13240,-0.5009492650347493,0.1315018840832344,-0.1025036431439251,0.6697671346776878,1.0913879788750707
13241,1.003807544444038,-0.4066161191478709,-0.1969146870980791,-0.36050002626566785,-1.0558099238821486
13242,-0.42451717312471565,0.05462788362164793,-0.15627166275541932,-0.5407967794307551,1.0913879788750707
13243,0.010190349613600646,-0.09912011730152501,-0.12019177654205199,0.7126949330503276,0.5970690372331209
13244,-0.5200572880122577,-0.4066161191478709,-0.19627685886662088,-0.47211230203453136,-1.0558099238821486
13245,-0.720691529276096,-0.32974211868628445,-0.13620050335897776,-0.33474334724208393,0.4194231675805452
13246,-0.8735557130961633,0.36212388546799384,0.027413864900200594,1.2621707522201173,0.9021565090277618
13247,-0.8783327188405403,-0.1759941177631115,-0.17000332200987534,-0.549382339105283,-0.8047885863295958
13248,-0.3671931041921904,-0.32974211868628445,-0.17245767950421625,-0.48928342138358727,-0.8047885863295958
13249,-0.5200572880122577,0.20837588454482087,-0.09328318160903368,-0.5236256600816991,1.2304151812118689
13250,1.237880825918516,-0.32974211868628445,-0.18718036177627997,-0.557967898779811,-0.8936115211558837
13251,0.960814492744644,-0.4066161191478709,-0.18720875586693123,-0.48928342138358727,-1.0558099238821486
13252,0.9225984467896272,-0.32974211868628445,-0.1770547520345309,-0.5407967794307551,-0.16371870888769233
13253,-0.21432892037212317,-0.1759941177631115,-0.00033200943763096817,-0.07717655700624504,1.056631178290871
13254,0.8366123433908393,-0.4066161191478709,-0.2011474842215023,-0.6695801745486745,-1.0558099238821486
13255,-0.9165487647955571,-0.25286811822469796,-0.15770106283113033,-0.4806978617090593,0.8867090421014509
13257,1.1232326880534655,-0.4066161191478709,-0.19433705769798404,-0.6438234955250907,-1.0558099238821486
13258,-0.906994753306803,-0.09912011730152501,-0.13480088245151078,-0.45494118268547545,0.44645623470158935
13259,-0.6681444660879479,0.20837588454482087,-0.10757648982734702,1.305098550592757,1.404199184132867
13260,-0.6681444660879479,-0.4066161191478709,-0.1660904778103758,-0.6352379358505627,-1.0558099238821486
13261,0.3206957229981123,-0.32974211868628445,-0.13932523840820643,-0.6352379358505627,-0.990158189445327
13262,0.2968106942762268,-0.25286811822469796,-0.16499418889571954,-0.2918155488694441,0.2456391646595473
13263,-0.954764810750574,2.514595898392415,0.39615268433427436,3.6489563417388915,0.5352791695278772
13264,1.151894722519728,-0.4066161191478709,-0.15466774290302274,-0.37767114561472376,-1.0558099238821486
13265,-0.7063605120429647,-0.09912011730152501,-0.05978300241215054,-0.13727547472794077,-0.20619924293504738
13266,-0.906994753306803,0.9771158891606855,0.22016749555551018,0.6182537766305201,1.689977322269619
13267,-0.949987805006197,2.2839738970076557,0.44834310056763405,0.601082657281464,1.763352790169596
13268,-0.8783327188405403,0.36212388546799384,0.015155928204423368,1.5025664231069003,-0.09034324098771541
13269,-0.954764810750574,1.6689818933149638,0.3865347055302656,1.3394407892908688,1.7865239905590624
13270,0.7888422859470683,-0.4066161191478709,-0.1638480371877246,-0.6953368535722584,-1.0558099238821486
13271,-0.7827926039529983,-0.4066161191478709,-0.1900613231691858,-0.025663198959077253,-1.0558099238821486
13272,-0.8114546384192609,-0.32974211868628445,-0.18555497322119585,-0.5751390181288669,-0.83182165345064
13273,-0.41974016738033854,-0.4066161191478709,-0.19508292198167626,-0.5665534584543389,-1.0558099238821486
13274,0.9942535329552837,-0.4066161191478709,-0.17971756370657968,-0.5407967794307551,-1.0558099238821486
13275,0.870051383601479,-0.32974211868628445,-0.18816584448351675,-0.2918155488694441,-0.09420510771929315
13276,-0.6585904545991936,-0.09912011730152501,-0.07368571874931029,1.090459558729558,1.1802109137013586
13277,-0.8878867303292945,0.05462788362164793,-0.16846727095952313,-0.6180668165015067,0.9678082434645832
13278,-0.768461586719867,-0.1759941177631115,-0.10526964309663325,-0.01707763928454929,1.145454113117159
13279,-0.5869353684335371,-0.4066161191478709,-0.19516810425362996,-0.6266523761760346,-1.0558099238821486
13280,-0.37674711568094466,0.05462788362164793,-0.04588582638536174,0.6611815750031599,0.9600845100014277
13281,1.1375637052865968,-0.4066161191478709,-0.18041010250295128,-0.5150401004071712,-1.0558099238821486
13282,-0.8735557130961633,-0.1759941177631115,-0.11376432397292723,-0.3433289069166119,0.4425943679700116
13283,-0.6776984775767021,-0.1759941177631115,-0.1788511976723188,-0.5407967794307551,1.187934647164514
13284,0.6168700791494927,-0.4066161191478709,-0.19077463812944856,-0.5923101374779228,-1.0558099238821486
13285,-0.8496706843742777,-0.022246116839938542,0.028303084714741734,0.858649447517303,1.2651719817960685
13286,1.9066616301313102,-0.4066161191478709,-0.1538124574895038,-0.30898666821850007,-1.0558099238821486
13287,1.9209926473644416,-0.25286811822469796,-0.1505796863880412,-0.30898666821850007,-0.6657613839927975
13288,1.1566717282641052,-0.09912011730152501,-0.14046723488342316,-0.6438234955250907,-0.19461364274031417
13289,2.4942333366896934,-0.4066161191478709,-0.18338109393938543,-0.5665534584543389,-1.0558099238821486
13290,1.1327866995422198,-0.4066161191478709,-0.1902593892649481,-0.6953368535722584,-1.0558099238821486
13291,-0.21910592611650026,0.36212388546799384,0.02180707080477616,0.626839336305048,0.9176039759540727
13292,-0.7780155982086212,-0.09912011730152501,-0.1358341503356972,-0.23171663114774838,0.8287810411277848
13293,0.913044435300873,-0.022246116839938542,-0.12209210299929564,-0.26605886984586025,0.010065294033305626
13294,-0.056687730807678784,-0.25286811822469796,-0.08770131891027863,0.09453463648431423,0.7090631724488752
13295,0.7554032457364286,-0.1759941177631115,-0.12839212842988804,-0.22313107147322042,-0.21778484312978058
13296,-0.3050920295152881,-0.022246116839938542,-0.14982343402240345,-0.2746444295203882,0.6434114380120537
13297,-0.9261027762843114,0.05462788362164793,0.09783605748683895,0.22331803160223368,1.0102887775119382
13298,-0.954764810750574,-0.4066161191478709,-0.17977642950427125,-0.6867512938977305,-1.0558099238821486
13299,0.3206957229981123,-0.25286811822469796,-0.12030812305984241,-0.22313107147322042,-0.05172457367193809
13300,-0.15222784569522083,-0.25286811822469796,-0.1156812713612838,-0.326157787567556,0.5082461024068331
13301,-0.4675102248241096,-0.1759941177631115,-0.16190269570871677,-0.060005437657189103,-0.3259171116139571
13302,-0.21910592611650026,-0.32974211868628445,-0.1936826085354129,-0.6781657342232025,0.3769426335331902
13303,0.9512604812558898,-0.4066161191478709,-0.20043347672244322,-0.6695801745486745,-1.0558099238821486
13304,0.7171871997814118,-0.1759941177631115,-0.1203572933143848,-0.19737439244963653,0.17226369675957037
13305,-0.9404337935174427,0.7464938877759261,0.04574259668497121,0.609668216955992,1.3964754506697115
13306,1.0945706535872028,-0.4066161191478709,-0.20099235553111505,-0.6695801745486745,-1.0558099238821486
13307,-0.38630112716969883,-0.25286811822469796,-0.1857779707136275,-0.5751390181288669,0.7669911734225411
13308,-0.8544476901186548,-0.1759941177631115,-0.08902822324412661,-0.14586103440246875,1.1609015800434699
13309,-0.9261027762843114,-0.022246116839938542,-0.08653508357718886,0.11170575583337017,0.4310087677752784
13310,-0.8257856556523923,-0.09912011730152501,-0.09797374687685849,-0.01707763928454929,0.3885282337279234
13311,-0.9404337935174427,-0.32974211868628445,-0.1632545314392341,-0.48928342138358727,-0.49197738107179956
13312,1.194887774219122,-0.4066161191478709,-0.19606840468891304,-0.6609946148741466,-1.0558099238821486
13313,-0.8544476901186548,0.4389978859295803,0.033893950417849615,0.1975613525786498,1.70542478919593
13314,-0.954764810750574,-0.25286811822469796,-0.15097097080799116,-0.23171663114774838,-0.7777555192085517
13315,2.3318151413808725,-0.4066161191478709,-0.1832211174774236,-0.5150401004071712,-1.0558099238821486
13316,-0.7827926039529983,0.28524988500640736,0.6914941645124973,0.2834169493239294,1.2690338485276462
13317,-0.6442594373660624,0.9771158891606855,0.24447907000213503,1.2020718344984216,1.4930221189591548
13318,-0.954764810750574,-0.25286811822469796,-0.1603327102573424,-0.5837245778033949,-0.9167827215453501
13319,-0.9356567877730656,3.975201907162558,1.2720078851830232,2.2580956744653613,1.7556290567064405
13320,-0.5869353684335371,-0.022246116839938542,-0.051545945968106785,0.13746243485695406,0.48893676874894443
13321,-0.6155974028997997,-0.32974211868628445,-0.16541594502270987,-0.6180668165015067,-1.0017437896400603
13322,-0.8783327188405403,-0.4066161191478709,-0.1908930622636281,-0.48928342138358727,-1.0558099238821486
13323,-0.9452107992618198,-0.09912011730152501,-0.15014615710151258,-0.6524090551996186,-0.7429987186243522
13324,-0.7875696096973754,0.900241888699099,0.5233907597752383,-0.39484226496377967,0.9793938436593164
13325,-0.5726043512004059,-0.4066161191478709,-0.1579406812546749,-0.6008956971524508,-1.0558099238821486
13326,1.104124665075957,-0.4066161191478709,-0.18519485304708264,-0.5923101374779228,-1.0558099238821486
13327,-0.7780155982086212,1.053989889622272,0.42789035229439176,0.7985505297956073,1.5818450537854427
13328,0.5499919987282132,-0.4066161191478709,-0.11409050974601824,-0.557967898779811,-1.0558099238821486
13329,-0.8114546384192609,0.1315018840832344,0.12831815260913473,-0.12010435537888485,1.662944255148575
13330,-0.5200572880122577,-0.022246116839938542,-0.011067053320187073,-0.01707763928454929,1.114559179264537
13331,0.9560374870002669,-0.4066161191478709,-0.18653560815685802,-0.6008956971524508,-1.0558099238821486
13332,-0.8926637360736717,-0.4066161191478709,-0.1804066398089694,-0.5236256600816991,-1.0558099238821486
13333,1.003807544444038,-0.25286811822469796,-0.1343638904710003,-0.24030219082227633,-0.1019288411824486
13334,-0.5678273454560288,-0.09912011730152501,0.22479088456008697,1.9318444068332985,1.145454113117159
13336,-0.5917123741779142,-0.4066161191478709,-0.14964268139655043,-0.26605886984586025,-1.0558099238821486
13337,1.6487033199349468,-0.4066161191478709,-0.09561495973641684,0.043021278437146454,-1.0558099238821486
13338,-0.20955191462774606,-0.1759941177631115,-0.03533915305541873,0.2662458299748735,1.0527693115592933
13339,-0.004140667619530661,-0.4066161191478709,-0.14514117922013509,-0.24030219082227633,-1.0558099238821486
13340,-0.7445765579979815,0.4389978859295803,1.3258416959801727,0.9273339249135267,1.299928782380268
13341,0.28247967704309546,-0.4066161191478709,-0.1509772036571585,-0.3433289069166119,-1.0558099238821486
13343,-0.114011799740204,-0.4066161191478709,-0.18023142749348742,-0.5407967794307551,-1.0558099238821486
13344,-0.6394824316216853,-0.25286811822469796,-0.03076354922779159,0.2834169493239294,-0.2448179102508247
13345,0.4114588321412772,-0.4066161191478709,-0.17773344005497504,-0.5322112197562271,-1.0558099238821486
13346,1.2474348374072701,-0.022246116839938542,-0.18397321461028313,-0.6695801745486745,-0.5383197818507324
13347,-0.6251514143885539,-0.4066161191478709,-0.1810673218207079,-0.6352379358505627,-1.0558099238821486
13348,-0.6538134488548165,-0.4066161191478709,-0.1885190392696663,-0.5837245778033949,-1.0558099238821486
13349,-0.9117717590511801,-0.4066161191478709,-0.18757995666178637,-0.5665534584543389,-1.0558099238821486
13350,-0.8831097245849174,-0.32974211868628445,-0.1368999675433131,-0.39484226496377967,-0.8125123197927513
13351,-0.6442594373660624,-0.4066161191478709,-0.17881103042212926,-0.5665534584543389,-1.0558099238821486
13352,-0.672921471832325,-0.4066161191478709,-0.17714616715565196,-0.4978689810581152,-1.0558099238821486
13354,-0.6203744086441768,-0.4066161191478709,-0.15321548904703147,-0.26605886984586025,-1.0558099238821486
13355,-0.37674711568094466,-0.4066161191478709,-0.15798223358245717,-0.42918450366189154,-1.0558099238821486
13356,-0.5773813569447829,-0.4066161191478709,-0.15150422568119726,-0.3433289069166119,-1.0558099238821486
13357,0.26814865980996416,-0.09912011730152501,0.058838505324358095,1.7343765343191553,0.37308076680161245
13358,0.3206957229981123,-0.4066161191478709,-0.17430329539654654,-0.45494118268547545,-1.0558099238821486
13359,-0.6585904545991936,-0.32974211868628445,-0.13245456100940384,-0.2574733101713323,0.2572247648542805
13360,1.0993476593315799,-0.1759941177631115,-0.09711153607537584,-0.20595995212416449,-0.0169677730877385
13361,1.295204894851041,-0.32974211868628445,-0.10425507375994886,-0.45494118268547545,-0.4958392478033773
13362,-0.9165487647955571,0.05462788362164793,0.1688524483607641,0.8929916862154148,0.5507266364541882
13363,-0.8783327188405403,-0.25286811822469796,-0.08532383322233494,-0.034248758633605214,0.45804183489632255
13364,-0.6203744086441768,-0.4066161191478709,-0.19536132257781763,-0.6180668165015067,-1.0558099238821486
13365,-0.8019006269305068,-0.32974211868628445,-0.050592320045503104,0.3435158670456252,-0.3452264452718457
13366,-0.720691529276096,-0.4066161191478709,-0.2008185282932258,-0.6953368535722584,-1.0558099238821486
13367,1.0993476593315799,-0.4066161191478709,-0.16937449678276992,-0.5322112197562271,-1.0558099238821486
13368,0.26337165406558705,-0.1759941177631115,-0.12703960016057433,-0.317572227893028,-0.4108781797086672
13369,0.7840652802026912,-0.4066161191478709,-0.18335824015910512,-0.5837245778033949,-1.0558099238821486
13370,0.8127273146689539,-0.4066161191478709,-0.1524301500519461,-0.3690855859401958,-1.0558099238821486
13371,1.4528460844154856,-0.32974211868628445,-0.04558595708653285,-0.060005437657189103,-0.5653528489717765
13372,-0.534388305245389,-0.4066161191478709,-0.1784855371878346,-0.5064545407326432,-1.0558099238821486
13373,-0.672921471832325,-0.022246116839938542,0.32073451687061133,1.803061011715379,1.5432263864696654
13374,1.0181385616771692,-0.32974211868628445,-0.17542728586305764,-0.557967898779811,-0.9206445882769279
13375,-0.5391653109897661,-0.32974211868628445,-0.08058894547154234,-0.17161771342605264,0.3190146325595242
13376,-0.486618247801618,-0.25286811822469796,-0.13408548987485894,-0.317572227893028,-0.5344579151191546
13377,0.9321524582783813,-0.32974211868628445,-0.09716486156269646,-0.09434767635530096,-0.09420510771929315
13379,-0.8353396671411465,-0.25286811822469796,-0.16505582484859666,0.02585015908809053,-0.6310045834085979
13380,1.104124665075957,-0.4066161191478709,-0.2003863840842899,-0.6781657342232025,-1.0558099238821486
13381,-0.8114546384192609,0.4389978859295803,0.36486170389781664,0.6182537766305201,1.6745298553433081
13382,0.3780197919306375,-0.09912011730152501,-0.10861252786671893,-0.06859099733171707,0.6858919720594088
13383,1.6343723027018153,-0.4066161191478709,-0.1835660017980166,-0.6953368535722584,-1.0558099238821486
13384,-0.816231644163638,0.36212388546799384,0.25796557052267544,0.9445050442625826,0.7592674399593856
13385,0.6120930734051155,-0.4066161191478709,-0.16768677973601231,-0.4034278246383076,-1.0558099238821486
13386,1.0181385616771692,-0.32974211868628445,-0.14684897989198742,-0.4978689810581152,-0.9669869890558606
13387,1.0324695789103004,-0.4066161191478709,-0.19176150591427807,-0.09434767635530096,-1.0558099238821486
13388,-0.3337540639815507,-0.25286811822469796,-0.12259696378185053,-0.12010435537888485,0.7669911734225411
13389,-0.906994753306803,-0.25286811822469796,-0.1494460003783809,-0.2746444295203882,-0.20233737620346964
13390,-0.6060433914110456,-0.4066161191478709,-0.16702817534066294,-0.5923101374779228,-1.0558099238821486
13391,0.010190349613600646,-0.4066161191478709,-0.20056644417134653,-0.6953368535722584,-1.0558099238821486
13392,2.274491072448347,-0.4066161191478709,-0.19839602758351796,-0.6352379358505627,-1.0558099238821486
13393,1.8254525324768995,-0.1759941177631115,-0.1263505240581846,-0.2488877504968043,-0.48039178087706635
13394,-0.954764810750574,0.9771158891606855,0.2538705886197302,1.4768097440833163,1.7903858572906401
13395,-0.0757957537851872,-0.25286811822469796,-0.12297231980948395,-0.04283431830813318,-0.14440937522980365
13396,-0.8210086499080151,-0.32974211868628445,-0.110453988526271,-0.3433289069166119,0.06413142827539388
13397,-0.6155974028997997,0.28524988500640736,0.01634155462381153,-0.12010435537888485,1.3230999827697345
13398,-0.042356713574547476,-0.32974211868628445,-0.15828418049767518,-0.3862567052892517,-0.06717204059824902
13399,1.2569888488960244,-0.25286811822469796,-0.18563530772157494,-0.6180668165015067,-0.8434072536453732
13400,1.8206755267325223,-0.4066161191478709,-0.1831816427660304,-0.5064545407326432,-1.0558099238821486
13402,-0.35286208695905913,-0.1759941177631115,-0.11974370394079958,-0.23171663114774838,0.6318258378173205
13403,-0.8783327188405403,-0.25286811822469796,-0.18881406079692056,-0.6266523761760346,1.6706679886117304
13404,-0.954764810750574,-0.32974211868628445,-0.18722191410406225,-0.6094812568269787,-0.24095604351924696
13405,-0.6060433914110456,-0.022246116839938542,-0.12064677453126814,-0.4205989439873636,1.4544034516433775
13406,1.0802396363540716,-0.32974211868628445,-0.1653079089704759,-0.6438234955250907,-0.2679891106402911
13407,1.801567503755014,-0.25286811822469796,-0.04925364255211681,0.02585015908809053,-0.7352749851611967
13408,-0.954764810750574,7.665153929318708,3.2700903487673076,2.05204224227669,1.778800257095907
13410,-0.8448936786299006,0.20837588454482087,-0.052213553367808994,-0.48928342138358727,1.6745298553433081
13411,-0.4484022018466012,-0.4066161191478709,-0.18991866017713324,-0.557967898779811,-1.0558099238821486
13412,2.0022017450188523,-0.4066161191478709,-0.170956947932479,-0.4205989439873636,-1.0558099238821486
13413,2.0929648541620174,-0.022246116839938542,-0.1749674401022669,-0.37767114561472376,-0.8704403207664173
13414,-0.3242000524927965,-0.022246116839938542,-0.03197895481542375,-0.2918155488694441,0.7592674399593856
13415,1.295204894851041,-0.1759941177631115,-0.1504010113785773,0.02585015908809053,-0.06717204059824902
13416,-0.7541305694867357,-0.25286811822469796,-0.13955377621100903,-0.5665534584543389,1.6204637211012198
13417,-0.9404337935174427,-0.022246116839938542,-0.0890891666582073,-0.21454551179869244,1.5123314526170435
13418,-0.906994753306803,1.8996038946997231,0.5958434761128382,2.1121411599983855,1.7131485226590855
13419,-0.6585904545991936,-0.4066161191478709,-0.1893985635410582,-0.5665534584543389,-1.0558099238821486
13420,-0.24776796058276288,-0.32974211868628445,-0.19363759351364873,-0.6352379358505627,-0.974710722519016
13421,-0.768461586719867,0.1315018840832344,0.07637635780367234,0.7899649701210792,1.3501330498907786
13422,-0.6538134488548165,-0.4066161191478709,-0.022826362082576733,0.38644366541826497,-1.0558099238821486
13423,1.0850166420984486,-0.4066161191478709,-0.18967765667599593,-0.6008956971524508,-1.0558099238821486
13424,1.1853337627303677,-0.4066161191478709,-0.16504128153387285,-0.36050002626566785,-1.0558099238821486
13425,-0.44362519610222406,-0.09912011730152501,0.030092604964565912,0.3606869863946811,0.7631293066909633
13426,-0.9595418164949511,1.207737890545445,0.3609149252972949,0.6869382540267437,1.763352790169596
13427,-0.8687787073517862,-0.022246116839938542,-0.13500171870245856,-0.4034278246383076,1.6590823884169972
13428,-0.9117717590511801,-0.25286811822469796,-0.17156707461208237,0.3435158670456252,0.8905709088330286
13429,-0.9117717590511801,-0.1759941177631115,-0.13498302015495653,-0.23171663114774838,-0.8047885863295958
13430,-0.8735557130961633,-0.32974211868628445,-0.15765327765418066,-0.2918155488694441,-0.7932029861348626
13431,-0.6394824316216853,0.1315018840832344,0.024954659634285045,0.2662458299748735,1.2304151812118689
13432,1.7681284635443744,-0.32974211868628445,-0.17429844762497196,0.13746243485695406,-0.8974733878874614
13433,1.433738061437977,-0.1759941177631115,-0.15911661213091383,-0.5150401004071712,-0.3027459112244907
13434,-0.6060433914110456,-0.09912011730152501,-0.08927130436165304,-0.557967898779811,1.187934647164514
13435,-0.9356567877730656,0.20837588454482087,0.10328703035307976,0.12029131550789812,0.855814108248829
13436,-0.954764810750574,-0.4066161191478709,-0.19107242981188835,-0.6008956971524508,-1.0558099238821486
13437,-0.8926637360736717,0.05462788362164793,0.03131355086256904,0.5238126202107124,-0.3761213791244676
13438,1.6534803256793238,-0.4066161191478709,-0.20148752077052076,-0.6953368535722584,-1.0558099238821486
13439,0.25859464832121,-0.25286811822469796,-0.13638125598483075,0.4293714637909048,-0.009244039624583035
13440,1.0611316133765631,0.05462788362164793,-0.11500673857361786,-0.28322998919491615,-0.947677655397972
13441,-0.5248342937566348,-0.32974211868628445,-0.1547827043432204,-0.4205989439873636,0.2572247648542805
13442,2.226721015004576,-0.25286811822469796,-0.17563019973039454,-0.4205989439873636,-0.7816173859401294
13443,1.1805567569859907,-0.022246116839938542,-0.11653655677480271,0.8071360894701352,-0.1714424423508478
13444,0.8270583319020851,-0.32974211868628445,-0.161834134367876,-0.26605886984586025,-0.5460435153138878
13445,2.0308637794851148,-0.4066161191478709,-0.18795531268941978,-0.6438234955250907,-1.0558099238821486
13446,1.0945706535872028,0.36212388546799384,0.06412811665104431,0.2662458299748735,-0.15599497542453686
13447,-0.8496706843742777,-0.25286811822469796,-0.12651050052014642,-0.23171663114774838,-1.0094675231032157
13448,-0.8831097245849174,0.5158718863911668,0.4009817573613735,2.05204224227669,1.7131485226590855
13449,-0.8496706843742777,-0.4066161191478709,-0.18449400378515457,-0.5407967794307551,-1.0558099238821486
13450,-0.8353396671411465,0.5158718863911668,0.08062092808663385,-0.21454551179869244,1.172487180238203
13451,-0.8353396671411465,0.36212388546799384,0.2863063356865903,4.112576564163401,1.2690338485276462
13452,0.2777026712987184,-0.25286811822469796,-0.1541663448144497,-0.6867512938977305,-0.2332323100560915
13453,-0.17133586867272924,-0.25286811822469796,-0.1505727610000775,-0.4205989439873636,-0.14054750849822592
13454,2.1025188656507714,-0.4066161191478709,-0.18948097565782643,-0.5064545407326432,-1.0558099238821486
13455,-0.8448936786299006,-0.022246116839938542,-0.051449683075411146,-0.025663198959077253,1.6706679886117304
13456,-0.8783327188405403,-0.022246116839938542,-0.08235561194108629,-0.33474334724208393,-0.32205524488237935
13457,2.3270381356364953,-0.32974211868628445,-0.19444301613382892,-0.6266523761760346,-0.8665784540348396
13458,-0.9261027762843114,0.7464938877759261,0.6235180189546435,1.7858898923663231,0.41556130084896753
13459,2.0213097679963608,-0.32974211868628445,-0.12434493170389244,-0.21454551179869244,-0.83182165345064
13460,-0.8210086499080151,-0.32974211868628445,-0.19200389449300814,-0.5665534584543389,-0.9785725892505938
13461,-0.7780155982086212,-0.022246116839938542,0.08338831311693475,-0.44635562301094744,1.1029735790698039
13462,0.24426363108807866,-0.09912011730152501,-0.12479923715431222,-0.1544465940769967,0.7708530401541188
13464,-0.6824754833210792,-0.022246116839938542,0.009815761545601992,0.395029225092793,1.1068354458013816
13465,1.1710027454972365,-0.32974211868628445,-0.14022415376589675,-0.41201338431283563,-0.515148581461266
13466,-0.0805727595295643,-0.09912011730152501,-0.13452940724333312,-0.28322998919491615,0.6588589049383646
13467,-0.9117717590511801,-0.32974211868628445,-0.13047390005178106,0.06019239778620238,-0.9554013888611275
13468,-0.954764810750574,5.051437913624769,0.6812764471108309,1.7858898923663231,1.7826621238274847
13469,2.159842934583297,-0.4066161191478709,-0.19900130649154674,-0.6524090551996186,-1.0558099238821486
13470,-0.486618247801618,-0.32974211868628445,-0.19328093603351737,-0.6438234955250907,-0.9940200561769047
13471,-0.954764810750574,-0.1759941177631115,-0.0314456999422176,1.1333873571021977,-0.8781640542295728
13472,1.2522118431516471,-0.32974211868628445,-0.16369290849733734,-0.4978689810581152,-0.7005181845769971
13473,-0.672921471832325,0.1315018840832344,-0.020647635029191695,-0.14586103440246875,1.5084695858854658
13474,0.16783153917804502,-0.25286811822469796,-0.15992896013905772,0.2920025089984574,-0.05558644040351582
13475,-0.04713371931892458,-0.1759941177631115,-0.10555150638675648,-0.1544465940769967,-0.6425901836033311
13476,-0.1092347939958269,-0.09912011730152501,-0.06194303091803355,0.03443571876261849,0.7438199730330748
13477,-0.7827926039529983,0.36212388546799384,-0.009469366316957793,0.25766027030034555,1.4389559847170665
13478,1.2808738776179098,-0.09912011730152501,-0.05125646475122344,0.27483138964940146,-0.25254164371398014
13479,-0.004140667619530661,-0.1759941177631115,-0.14574715066696023,-0.317572227893028,0.013927160764883359
13480,1.0276925731659234,-0.32974211868628445,-0.1612288554598472,-0.36050002626566785,-0.040138973477204895
13481,-0.7445765579979815,0.36212388546799384,0.060592706095567335,0.6869382540267437,1.6088781209064866
13482,0.14872351620053662,-0.32974211868628445,-0.18143228976639572,-0.5322112197562271,0.46962743509105576
13483,-0.6490364431104395,-0.4066161191478709,-0.1949887367053697,-0.6180668165015067,-1.0558099238821486
13484,0.19171656789993052,-0.25286811822469796,-0.14994739846695396,-0.37767114561472376,0.48121303528578896
13485,0.1535005219449137,0.36212388546799384,0.004384872304455941,0.42078590411637684,0.8867090421014509
13486,-0.5869353684335371,-0.25286811822469796,-0.1269765791301045,-0.11151879570435688,-0.7584461855506631
13487,-0.6872524890654563,-0.09912011730152501,-0.14605879312532744,-0.4377700633364195,1.5586738533959763
13488,-0.8783327188405403,1.2846118910070314,0.7791100177966532,2.4727346663285603,1.5161933193486212
13489,-0.45795621333535536,-0.1759941177631115,-0.17357682219915274,-0.6094812568269787,-0.3259171116139571
13490,2.1646199403276736,-0.4066161191478709,-0.19402541523961683,-0.6352379358505627,-1.0558099238821486
13491,-0.7159145235317189,1.5921078928533774,0.10469496172610321,0.5323981798852404,1.5741213203222872
13492,-0.3098690352596652,-0.25286811822469796,-0.1167664796551981,-0.37767114561472376,-0.7545843188190854
13493,0.354134763208752,-0.32974211868628445,-0.1618652986137127,-0.6524090551996186,-1.0094675231032157
13494,0.5261069700063277,-0.4066161191478709,-0.18280559419960063,-0.549382339105283,-1.0558099238821486
13495,-0.9261027762843114,0.28524988500640736,0.1320952592045454,-0.19737439244963653,1.7440434565117073
13496,-0.9117717590511801,-0.32974211868628445,-0.1594621889903033,-0.4635267423600034,0.2919815654384801
13497,0.38757380341939174,-0.022246116839938542,-0.12390032179662189,-0.2574733101713323,0.4387325012384339
13498,2.527672376900333,-0.4066161191478709,-0.1820354910580354,-0.557967898779811,-1.0558099238821486
13499,-0.8783327188405403,-0.09912011730152501,-0.12443496174742076,-0.4377700633364195,-0.08261950752455995
13500,-0.8496706843742777,-0.1759941177631115,-0.10316086246168174,-0.04283431830813318,0.4039757006542343
13501,0.4162358378856543,-0.25286811822469796,-0.004902765493683493,0.06877795746073034,0.03323649442277202
13502,-0.8831097245849174,-0.09912011730152501,-0.1506551731168457,-0.4635267423600034,0.998703177317205
13503,-0.6203744086441768,-0.022246116839938542,-0.0759482429970563,0.6525960153286319,1.2226914477487136
13504,-0.6538134488548165,-0.4066161191478709,-0.18421352557262408,-0.5150401004071712,-1.0558099238821486
13505,-0.6155974028997997,-0.1759941177631115,0.09956809701656431,0.858649447517303,-0.43791124682971133
13506,0.5499919987282132,-0.09912011730152501,-0.11204059490875833,-0.23171663114774838,-0.499701114534955
13507,-0.9452107992618198,-0.1759941177631115,-0.0330163779323884,0.5495692992342963,-0.5074248479981105
13508,0.20127057938868473,-0.32974211868628445,-0.18482850002380202,-0.47211230203453136,0.4850749020173667
13509,-0.9213257705399343,0.1315018840832344,-0.12750914146451425,-0.47211230203453136,0.8712615751751399
13510,-0.954764810750574,0.36212388546799384,0.11097144083761898,0.8071360894701352,1.7131485226590855
13511,2.26971406670397,-0.4066161191478709,-0.18512559916744548,-0.6609946148741466,-1.0558099238821486
13512,0.28247967704309546,-0.1759941177631115,-0.1553028009792955,-0.4377700633364195,0.19157303041745904
13513,-0.35763909270343625,-0.25286811822469796,-0.14760176956364332,-0.42918450366189154,0.9871175771224718
13514,-0.6108203971554227,-0.1759941177631115,-0.14820358577769024,-0.5751390181288669,1.2960669156486904
13515,-0.6155974028997997,-0.022246116839938542,-0.11704488025133947,-0.1544465940769967,1.1531778465803144
13516,-0.859224695863032,-0.1759941177631115,-0.0879970329763293,-0.23171663114774838,0.4734893018226335
13517,-0.6776984775767021,-0.25286811822469796,-0.0573064836763257,0.36927254606920906,-0.5923859160928205
13518,-0.5534963282228974,-0.4066161191478709,-0.16127456302040774,-0.39484226496377967,-1.0558099238821486
13519,-0.5869353684335371,-0.32974211868628445,-0.18093920214337916,-0.5407967794307551,0.34990956641214604
13520,-0.6824754833210792,0.36212388546799384,0.25278330270942684,-0.008492079610021325,1.5084695858854658
13521,-0.954764810750574,-0.25286811822469796,-0.13048636575011574,1.9833577648804661,-1.021053123297949
13522,-0.816231644163638,-0.4066161191478709,-0.195995688115294,-0.6609946148741466,-1.0558099238821486
13523,-0.8019006269305068,-0.022246116839938542,0.10932873881262554,0.8157216491446632,0.3692189000700347
13524,-0.768461586719867,-0.09912011730152501,-0.15760272232204556,-0.557967898779811,-0.3645357789297344
13525,-0.8926637360736717,-0.32974211868628445,-0.16116237173539552,-0.6609946148741466,-0.15213310869295912
13526,2.56588842285535,-0.32974211868628445,-0.12284974044252617,-0.45494118268547545,-1.0558099238821486
13527,-0.8019006269305068,0.4389978859295803,0.10979412488378727,1.579836460177652,1.4698509185696884
13529,-0.5869353684335371,-0.32974211868628445,-0.18339425217651648,-0.5751390181288669,-0.5692147157033542
13530,2.0690798254401317,-0.4066161191478709,-0.17679989775746616,-0.549382339105283,-1.0558099238821486
13531,0.019744361102354852,-0.022246116839938542,-0.10546216888202455,-0.326157787567556,0.9948413105856273
13532,-0.8019006269305068,-0.4066161191478709,-0.19014304274715765,-0.13727547472794077,-1.0558099238821486
13533,-0.09012677101831851,-0.25286811822469796,-0.18607229970208541,-0.1802032731005806,-0.7275512516980412
13534,-0.949987805006197,2.2070998965460693,0.32999445311689585,0.6955238137012717,0.9446370430751168
13535,0.960814492744644,-0.4066161191478709,-0.1985096039461229,-0.6953368535722584,-1.0558099238821486
13536,-0.954764810750574,0.05462788362164793,0.03382954430978704,0.07736351713525831,-0.7700317857453963
13537,1.0706856248653174,-0.32974211868628445,-0.15499392867611375,-0.37767114561472376,-0.9554013888611275
13538,-0.7541305694867357,0.4389978859295803,0.010195965344810013,0.1975613525786498,1.3848898504749783
13539,-0.5534963282228974,0.05462788362164793,-0.09602355762627608,-0.11151879570435688,0.8944327755646063
13540,1.2713198661291556,-0.25286811822469796,-0.1609123652299054,-0.4806978617090593,-0.3297789783455348
13541,1.0802396363540716,-0.32974211868628445,-0.1503262171885692,-0.6180668165015067,-0.5035629812665328
13542,0.8366123433908393,0.8233678882375126,0.06950221771088788,0.13746243485695406,0.307429032364791
13543,2.0690798254401317,-0.32974211868628445,-0.10500924850919753,-0.3862567052892517,-0.8511309871085286
13544,-0.7732385924642441,-0.022246116839938542,-0.14998341048436523,1.1763151554748377,1.2806194487223794
13545,0.9034904238121187,-0.32974211868628445,-0.17943500787766006,-0.24030219082227633,-0.4610824472191777
13546,-0.9022177475624259,-0.09912011730152501,-0.12948149195658057,0.11170575583337017,0.5352791695278772
13547,0.9894765272109066,-0.4066161191478709,-0.19313688796387207,-0.326157787567556,-1.0558099238821486
13548,-0.5009492650347493,-0.25286811822469796,-0.14227960891352764,0.7470371717484394,0.3923901004595011
13549,-0.8401166728855235,0.1315018840832344,-0.1350522740345937,-0.326157787567556,0.3421858329489906
13550,0.870051383601479,-0.4066161191478709,-0.18098490970393968,-0.36050002626566785,-1.0558099238821486
13551,0.5643230159613445,-0.32974211868628445,-0.18779602876625434,-0.6609946148741466,0.2842578319753246
13552,-0.6442594373660624,1.207737890545445,0.27653184311460155,0.6869382540267437,1.2304151812118689
13553,2.260160055215216,-0.4066161191478709,-0.1701085879069238,0.02585015908809053,-1.0558099238821486
13554,0.8557203663683477,0.05462788362164793,-0.09186901738684289,0.635424895979576,-0.8009267195980181
13555,-0.6108203971554227,0.5158718863911668,0.4110865909392314,1.562665340828596,1.3230999827697345
13556,1.0897936478428258,-0.32974211868628445,-0.1908002620649143,-0.6352379358505627,-1.0326387234926822
13557,-0.8257856556523923,0.5158718863911668,0.00528794289492453,0.377858105743737,1.6590823884169972
13558,-0.9356567877730656,-0.1759941177631115,-0.16353500965176462,0.35210142672015315,-0.8125123197927513
13559,1.4862851246261253,-0.32974211868628445,-0.1361464853328608,-0.6953368535722584,-0.9360920552032388
13560,-0.9261027762843114,-0.4066161191478709,-0.1928363261262468,-0.42918450366189154,-1.0558099238821486
13561,0.06751441854612587,0.36212388546799384,-0.07981537963599528,0.42078590411637684,0.6202402376225873
13562,-0.5726043512004059,0.1315018840832344,0.13035490920926357,0.05160683811167442,1.3115143825750013
13563,-0.5582733339672745,-0.32974211868628445,-0.15086085713936806,-0.28322998919491615,-0.8395453869137954
13564,-0.2716529893046484,2.360847897469242,0.9379098563434565,3.4514884692247483,1.2342770479434466
13565,-0.8687787073517862,-0.25286811822469796,-0.17598131690015492,-0.317572227893028,0.45804183489632255
13566,-0.768461586719867,-0.09912011730152501,-0.08776572501834119,1.554079781154068,1.257448248332913
13567,1.0850166420984486,-0.1759941177631115,-0.12996280642005884,0.8414783281682471,-0.6194189832138647
13568,-0.13311982271771242,-0.4066161191478709,-0.19175388798751797,-0.35191446659113984,-1.0558099238821486
13569,-0.8783327188405403,-0.1759941177631115,-0.15439211246206683,0.49805594118712854,0.5314173027962995
13570,0.20127057938868473,-0.4066161191478709,-0.18812221453934533,-0.47211230203453136,-1.0558099238821486
13571,-0.9022177475624259,1.5152338923917907,0.10951503174884954,1.554079781154068,1.720872256122241
13572,0.019744361102354852,-0.4066161191478709,-0.10884314328591067,-0.42918450366189154,-1.0558099238821486
13573,-0.720691529276096,-0.022246116839938542,-0.1420663069642452,-0.07717655700624504,1.2111058475539804
13574,1.003807544444038,-0.4066161191478709,-0.17669809455439953,0.017264599413562565,-1.0558099238821486
13575,-0.8496706843742777,-0.09912011730152501,-0.15400913850767334,-0.35191446659113984,-0.4649443139507554
13576,-0.9117717590511801,1.6689818933149638,0.5711149933107976,0.5409837395597683,1.7285959895853964
13577,-0.8401166728855235,0.36212388546799384,0.03693835096669915,0.1718046735550659,1.647496788222264
13578,0.9942535329552837,-0.4066161191478709,-0.1944817983064257,-0.6266523761760346,-1.0558099238821486
13579,-0.8926637360736717,-0.09912011730152501,-0.10952944923311493,-0.08576211668077299,1.4350941179854888
13580,0.9799225157221524,-0.4066161191478709,-0.19724572064274473,-0.6609946148741466,-1.0558099238821486
13581,0.5165529585175734,-0.32974211868628445,-0.1852800353190363,-0.42918450366189154,-0.6503139170664866
13582,0.8987134180677416,-0.32974211868628445,-0.18797054854293999,-0.6180668165015067,-0.17530430908242553
13583,-0.21910592611650026,-0.32974211868628445,-0.10463389248156411,0.09453463648431423,0.9678082434645832
13584,0.5022219412844422,-0.25286811822469796,-0.17799660479759627,-0.06859099733171707,0.3692189000700347
13585,1.5722712280249131,-0.25286811822469796,-0.15730077540682752,-0.45494118268547545,-0.25254164371398014
13586,1.624818291213061,-0.4066161191478709,-0.195893192373431,-0.5322112197562271,-1.0558099238821486
13587,-0.6585904545991936,-0.1759941177631115,-0.08881145860086229,-0.47211230203453136,1.2613101150644908
13588,-0.8878867303292945,0.20837588454482087,-0.033030921247112204,0.42078590411637684,-0.12896190830349274
13589,-0.8926637360736717,-0.022246116839938542,-0.12709223310909856,-0.2918155488694441,1.720872256122241
13590,-0.906994753306803,0.900241888699099,0.23408752536257924,1.4853953037578442,1.7517671899748628
13591,-0.6538134488548165,0.05462788362164793,-0.05969435744621496,0.06019239778620238,1.4968839856907326
13592,-0.7923466154417526,-0.1759941177631115,-0.1875356341788186,-0.5751390181288669,-0.1714424423508478
13593,-0.44362519610222406,0.5927458868527532,0.1757238182983631,1.116216237753142,1.0257362444382492
13594,-0.7111375177873418,-0.32974211868628445,-0.16777334708555877,-0.4377700633364195,0.6163783708910096
13595,1.5053931476036337,-0.25286811822469796,-0.1503795426758898,0.27483138964940146,-0.5537672487770433
13596,-0.9356567877730656,-0.32974211868628445,-0.15871563216781467,0.4379570234654328,-1.0287768567611044
13597,0.9512604812558898,-0.32974211868628445,-0.17723411958279114,-0.557967898779811,-1.048086190418993
13598,-0.7350225465092273,-0.09912011730152501,-0.15193914004531864,-0.034248758633605214,1.2767575819908017
13599,-0.954764810750574,2.053351895622896,0.47474475710170844,1.3136841102672852,1.7903858572906401
13600,0.5308839757507048,-0.32974211868628445,-0.16880522989215246,-0.4034278246383076,0.1877111636858813
13601,-0.7445765579979815,-0.1759941177631115,-0.12437401833334005,0.6697671346776878,0.8789853086382954
13602,-0.6538134488548165,-0.1759941177631115,-0.13371082638602189,-0.28322998919491615,0.8596759749804067
13603,-0.8353396671411465,-0.4066161191478709,-0.19332664359407786,-0.47211230203453136,-1.0558099238821486
13604,2.183727963305182,-0.4066161191478709,-0.1550098570684303,-0.5236256600816991,-1.0558099238821486
13605,0.8891594065789875,-0.32974211868628445,-0.16851090090369453,-0.2746444295203882,-0.3452264452718457
13606,-0.8210086499080151,-0.25286811822469796,-0.1855418149840648,-0.36050002626566785,0.03323649442277202
13607,-0.768461586719867,-0.32974211868628445,-0.13020380992119615,0.24048915095128962,0.3421858329489906
13608,1.620041285468684,-0.4066161191478709,-0.1886374634038458,-0.4377700633364195,-1.0558099238821486
13609,1.8732225899206705,-0.4066161191478709,-0.19311818941637005,-0.6438234955250907,-1.0558099238821486
13610,-0.9022177475624259,0.5927458868527532,-0.05901774704215991,1.9490155261823543,1.6127399876380644
13611,-0.534388305245389,0.28524988500640736,0.02368662109812866,0.7556227314229674,1.4428178514486443
13612,2.0595258139513777,-0.4066161191478709,-0.14803806900535746,-0.2746444295203882,-1.0558099238821486
13613,1.1996647799634992,-0.09912011730152501,-0.1326941794329484,-0.2746444295203882,-0.25254164371398014
13614,-0.8448936786299006,-0.022246116839938542,-0.0431565309888613,1.2449996328710613,0.9793938436593164
13615,0.5595460102169674,0.1315018840832344,0.22968921146682322,1.5197375424559563,0.3421858329489906
13616,1.753797446311243,-0.32974211868628445,-0.18505011243864097,-0.4377700633364195,-0.5808003158980874
13617,-0.768461586719867,0.1315018840832344,-0.116149427587631,-0.2918155488694441,0.7013394389857197
13618,-0.13311982271771242,-0.4066161191478709,-0.1924263431587948,-0.5923101374779228,-1.0558099238821486
13619,1.6391493084461926,-0.32974211868628445,-0.18912985848806602,-0.3690855859401958,-0.5537672487770433
13620,1.562717216536159,-0.4066161191478709,-0.19692784533521016,-0.6609946148741466,-1.0558099238821486
13621,-0.40540915014720724,-0.4066161191478709,-0.18989788401324212,-0.5407967794307551,-1.0558099238821486
13622,2.3652541815915122,-0.4066161191478709,-0.15907298218674243,-0.42918450366189154,-1.0558099238821486
13623,-0.816231644163638,0.28524988500640736,-0.0292835938199455,1.107630678078614,1.6745298553433081
13624,0.8939364123233645,-0.4066161191478709,-0.17270699347091004,-0.5150401004071712,-1.0558099238821486
13625,1.8875536071538017,-0.4066161191478709,-0.18384440239415803,-0.5236256600816991,-1.0558099238821486
13626,0.24426363108807866,-0.32974211868628445,-0.15574256311499143,-0.326157787567556,-0.5653528489717765
13627,-0.6776984775767021,0.05462788362164793,-0.0491705378965522,0.30917362834751333,1.187934647164514
13628,2.26971406670397,-0.4066161191478709,-0.18322942794298006,-0.5665534584543389,-1.0558099238821486
13629,-0.8496706843742777,0.9771158891606855,0.7212761029116614,-0.4635267423600034,1.4273703845223333
13630,-0.9356567877730656,0.05462788362164793,-0.0639991786044608,-0.26605886984586025,0.025512760959616555
13631,-0.486618247801618,0.36212388546799384,0.007930670941878526,-0.6524090551996186,-0.40701631297708946
13632,-0.8448936786299006,0.1315018840832344,0.04777866074630371,0.7212804927248556,1.2111058475539804
13634,-0.8019006269305068,0.7464938877759261,0.1439002755274956,1.605593139201236,1.5123314526170435
13635,-0.6394824316216853,-0.1759941177631115,0.0029956394789345257,0.4551281428144887,1.53550265300651
13636,-0.7875696096973754,-0.09912011730152501,-0.13897758393242787,-0.21454551179869244,-0.09420510771929315
13637,-0.7111375177873418,-0.25286811822469796,-0.14900693078148133,-0.025663198959077253,-0.38384511258762305
13638,-0.8878867303292945,-0.4066161191478709,-0.19621453037494743,-0.6352379358505627,-1.0558099238821486
13639,-0.6060433914110456,-0.32974211868628445,-0.11147340563452998,-0.28322998919491615,0.3421858329489906
13640,1.9592086933194583,-0.4066161191478709,-0.17666000492059908,-0.6695801745486745,-1.0558099238821486
13641,2.097741859906394,-0.09912011730152501,-0.13431333513886518,-0.35191446659113984,-0.6927944511138416
13642,0.06751441854612587,-0.1759941177631115,-0.17200614420898197,0.09453463648431423,-0.21778484312978058
13643,-0.8114546384192609,0.28524988500640736,-0.05534313618861224,-0.09434767635530096,1.647496788222264
13644,-0.8831097245849174,-0.1759941177631115,-0.022967639997036535,0.5323981798852404,-0.7121037847717303
13645,-0.38630112716969883,-0.4066161191478709,-0.18724892311712077,-0.6609946148741466,-1.0558099238821486
13646,0.9464834755115127,-0.32974211868628445,-0.1821137479420254,-0.20595995212416449,-1.0558099238821486
13647,-0.9165487647955571,0.1315018840832344,0.005940314441106545,0.13746243485695406,1.2381389146750243
13648,0.9512604812558898,0.1315018840832344,-0.08254259741610662,0.11170575583337017,0.24950103139112503
13649,0.26337165406558705,-0.022246116839938542,-0.10403484642270268,0.1288768751824261,-0.009244039624583035
13650,-0.8831097245849174,0.28524988500640736,0.02299893007333168,0.38644366541826497,1.5161933193486212
13651,-0.7923466154417526,-0.25286811822469796,-0.18899758357795904,-0.5837245778033949,0.2803959652437469
13652,-0.7445765579979815,-0.09912011730152501,-0.04805208774041207,0.2920025089984574,1.288343182185535
13653,1.3668599810166977,-0.4066161191478709,-0.194167385692873,-0.6266523761760346,-1.0558099238821486
13654,-0.7541305694867357,0.36212388546799384,0.2321456465775533,1.54549422147954,1.6243255878327976
13655,-0.4149631616359615,-0.022246116839938542,-0.04677366112231011,0.18039023322959388,0.7863005070804298
13656,-0.17611287441710635,-0.1759941177631115,-0.12999327812709918,-0.008492079610021325,0.6086546374278541
13657,-0.9117717590511801,-0.32974211868628445,-0.17824314860910456,-0.5665534584543389,-0.3181933781508016
13658,-0.9165487647955571,0.20837588454482087,0.21258142558005574,0.7041093733757996,1.504607719153888
13659,0.019744361102354852,0.4389978859295803,0.1335752146123915,1.2192429538474774,0.7013394389857197
13660,0.9512604812558898,-0.4066161191478709,-0.1834718165217101,-0.3690855859401958,-1.0558099238821486
13661,1.9209926473644416,-0.4066161191478709,-0.18218369436045892,-0.557967898779811,-1.0558099238821486
13662,-0.5534963282228974,0.36212388546799384,-0.05002166807729289,0.377858105743737,1.1570397133118921
13663,-0.1044577882514498,-0.09912011730152501,-0.06290981507776827,0.043021278437146454,0.7476818397646525
13665,0.8843824008346104,-0.25286811822469796,-0.08616873055390828,0.1288768751824261,-0.600109649555976
13666,-0.672921471832325,-0.09912011730152501,-0.19585025496805597,-0.5407967794307551,1.5509501199328208
13667,-0.24776796058276288,-0.4066161191478709,-0.18399745346815613,9.34800645066384e-05,-1.0558099238821486
13668,-0.949987805006197,2.2070998965460693,0.692024649230518,2.824742612984207,1.747905323243285
13669,-0.720691529276096,-0.25286811822469796,-0.17606788424970135,-0.5923101374779228,0.3228764992911019
13670,-0.6012663856666685,-0.4066161191478709,-0.18048974446453403,-0.48928342138358727,-1.0558099238821486
13671,0.9225984467896272,-0.4066161191478709,-0.19275460654827495,-0.1802032731005806,-1.0558099238821486
13672,0.47833691256255667,-0.25286811822469796,-0.17562673703641266,-0.5923101374779228,0.6009309039646986
13673,-0.8735557130961633,-0.32974211868628445,-0.1778761030470276,-0.30040110854397206,-1.0017437896400603
13674,1.104124665075957,-0.4066161191478709,-0.18803980242257715,-0.5837245778033949,-1.0558099238821486
13675,-0.23821394909400867,-0.32974211868628445,-0.1709936524886867,-0.48928342138358727,-0.5421816485823101
13676,1.615264279724307,-0.32974211868628445,-0.18781680493014546,-0.5923101374779228,-0.7468605853559299
13677,0.9703685042333982,-0.32974211868628445,-0.16653231756246087,0.13746243485695406,-0.6078333830191315
13678,-0.23821394909400867,-0.4066161191478709,-0.18859937377004538,-0.5665534584543389,-1.0558099238821486
13679,1.3955220154829604,-0.25286811822469796,-0.1852294799869012,-0.326157787567556,-0.12123817484033726
13680,-0.954764810750574,0.4389978859295803,0.5861486255024322,2.335365711536113,1.778800257095907
13681,-0.8783327188405403,-0.1759941177631115,-0.14737738699361894,-0.3862567052892517,-0.5228723149244214
13682,-0.066241742296433,-0.4066161191478709,-0.20058722033523768,-0.6781657342232025,-1.0558099238821486
13683,1.2235498086853847,-0.4066161191478709,-0.18679877289947924,-0.6180668165015067,-1.0558099238821486
13684,0.40190482065252303,-0.1759941177631115,-0.16351007825509523,-0.008492079610021325,0.24177729792796956
13685,-0.949987805006197,0.05462788362164793,0.011325496121692081,-0.45494118268547545,-0.83182165345064
13686,-0.09012677101831851,-0.25286811822469796,-0.17638021924686495,-0.47211230203453136,-0.2100611096666251
13687,1.1327866995422198,-0.4066161191478709,0.618086437174701,-0.317572227893028,-1.0558099238821486
13688,2.073856831184509,-0.4066161191478709,-0.17870299436989528,-0.6609946148741466,-1.0558099238821486
13689,-0.6585904545991936,-0.32974211868628445,-0.11748256477064631,-0.6524090551996186,0.41556130084896753
13690,-0.6776984775767021,-0.4066161191478709,-0.19277884540614795,-0.6266523761760346,-1.0558099238821486
13691,0.9321524582783813,-0.4066161191478709,-0.18997198566445386,-0.24030219082227633,-1.0558099238821486
13692,-0.8448936786299006,-0.09912011730152501,0.0109764565683208,0.008679039739034602,0.4734893018226335
13693,0.8270583319020851,0.20837588454482087,-0.0653814860420185,-0.034248758633605214,0.32673836602267964
13694,-0.9452107992618198,10.509491946397407,13.34416897121718,6.988739055130269,1.7710765236327515
13695,-0.8114546384192609,0.7464938877759261,-0.012824024246581802,-0.30040110854397206,1.0527693115592933
13696,1.051577601887809,-0.25286811822469796,-0.06478728775473167,-0.4978689810581152,-0.10965257464560407
13697,-0.7780155982086212,-0.4066161191478709,-0.19422971418454643,-0.6008956971524508,-1.0558099238821486
13698,1.8875536071538017,-0.32974211868628445,-0.1734237711251546,-0.4377700633364195,-0.7275512516980412
13699,-0.21910592611650026,-0.32974211868628445,-0.15178747404891324,-0.4205989439873636,0.46962743509105576
13700,-0.8353396671411465,0.5158718863911668,-0.024857578372334647,0.6955238137012717,1.431232251253911
13701,1.1710027454972365,-0.4066161191478709,-0.193557951552066,-0.6266523761760346,-1.0558099238821486
13702,1.1662257397528595,-0.4066161191478709,-0.19534608672429746,-0.6609946148741466,-1.0558099238821486
13703,0.5595460102169674,-0.32974211868628445,-0.1752361451552591,-0.39484226496377967,-0.6812088509191084
13704,-0.9356567877730656,0.20837588454482087,-0.04486571673830638,0.24907471062581757,-0.7352749851611967
13705,-0.9261027762843114,0.05462788362164793,-0.08578575659951479,-0.23171663114774838,1.3269618495013122
13706,0.4831139183069338,-0.32974211868628445,-0.16099685496306274,-0.37767114561472376,0.19543489714903678
13707,0.3159187172537352,-0.09912011730152501,0.028391037141880925,0.5152270605361845,-0.0169677730877385
13708,0.3350267402312436,-0.4066161191478709,-0.18494761669677798,-0.28322998919491615,-1.0558099238821486
13709,-0.9452107992618198,0.900241888699099,0.3196375354171587,1.8374032504134907,1.6243255878327976
13710,-0.8114546384192609,-0.25286811822469796,-0.16942158942092317,-0.5923101374779228,1.187934647164514
13711,0.08184543577925718,0.20837588454482087,-0.08058686785515323,-0.01707763928454929,0.898294642296184
13712,0.21560159662181605,-0.32974211868628445,-0.1516302677421369,-0.42918450366189154,0.34990956641214604
13713,0.9894765272109066,-0.25286811822469796,-0.15340732229362644,-0.10293323602982893,-0.3799832458560453
13714,1.2617658546404014,-0.4066161191478709,-0.193533712694193,-0.44635562301094744,-1.0558099238821486
13715,0.3827967976750146,0.8233678882375126,0.35992182466329803,1.6742776165974596,0.3228764992911019
13716,0.3254727287424894,-0.4066161191478709,-0.19513139969742224,-0.5236256600816991,-1.0558099238821486
13717,-0.8066776326748838,0.1315018840832344,-0.08259246020944537,0.24048915095128962,0.6936157055225642
13718,0.21560159662181605,-0.32974211868628445,-0.18347804937087742,-0.6266523761760346,-0.8665784540348396
13719,-0.8878867303292945,0.36212388546799384,-0.011968738833062889,0.9616761636116385,1.0913879788750707
13720,-0.40540915014720724,-0.1759941177631115,-0.1493116478518848,-0.3433289069166119,-0.5228723149244214
13721,-0.7875696096973754,-0.32974211868628445,-0.15335330426750943,-0.35191446659113984,0.3306002327542574
13722,-0.3337540639815507,0.28524988500640736,0.1855661796723962,0.4722992621635446,0.9330514428803837
13723,0.07706843003488008,-0.022246116839938542,-0.1220131535765093,-0.26605886984586025,0.465765568359478
13724,2.083410842673263,-0.4066161191478709,-0.18995605727213735,-0.3690855859401958,-1.0558099238821486
13725,-0.7254685350204731,0.1315018840832344,-0.06754636231947611,0.11170575583337017,-0.05558644040351582
13726,-0.7780155982086212,-0.32974211868628445,-0.12993718248459307,-0.3690855859401958,-0.816374186524329
13727,-0.8257856556523923,0.1315018840832344,-0.1303187713613938,-0.06859099733171707,1.6552205216854194
13728,-0.7875696096973754,0.7464938877759261,-0.006976226650020052,-0.060005437657189103,1.6243255878327976
13729,1.1184556823090883,-0.25286811822469796,-0.1545174619842101,-0.39484226496377967,-0.09420510771929315
13730,-0.3146460410040423,-0.32974211868628445,-0.15258735635872245,-0.37767114561472376,-0.9554013888611275
13731,0.08662244152363428,-0.32974211868628445,-0.16242209980599545,-0.39484226496377967,-0.9515395221295497
13732,-0.8257856556523923,-0.4066161191478709,-0.1706446129353154,-0.4205989439873636,-1.0558099238821486
13733,0.9990305386996609,-0.32974211868628445,-0.1709791091739629,-0.4635267423600034,0.1992967638806145
13734,1.4671771016486168,-0.1759941177631115,0.25899468317408364,-0.4978689810581152,-0.6927944511138416
13735,-0.8448936786299006,0.5158718863911668,0.47140187233162273,2.4040501889323367,1.6552205216854194
13736,-0.9356567877730656,0.05462788362164793,-0.01408860008875635,2.0863844809748016,1.7556290567064405
13737,-0.004140667619530661,-0.4066161191478709,-0.1811892086488693,-0.45494118268547545,-1.0558099238821486
13738,0.9321524582783813,-0.4066161191478709,-0.17459762438500445,0.05160683811167442,-1.0558099238821486
13739,-0.8735557130961633,-0.32974211868628445,-0.1844718425436707,-0.6524090551996186,0.9098802424909173
13740,0.18693956215555343,-0.09912011730152501,-0.09509486310034178,0.008679039739034602,0.8635378417119844
13741,-0.6203744086441768,-0.25286811822469796,-0.15841645540778218,-0.41201338431283563,-0.49197738107179956
13742,-0.8831097245849174,0.4389978859295803,0.010524228734290134,1.0131895216588063,0.11819756251748213
13743,-0.949987805006197,0.05462788362164793,-0.11179682125243552,-0.6352379358505627,-0.06331017386667129
13744,-0.5057262707791264,-0.32974211868628445,-0.1298776241481051,-0.24030219082227633,-0.2950221777613352
13745,-0.18566688590586056,-0.32974211868628445,-0.15087263029890638,-0.30898666821850007,0.4271469010437007
13746,1.0133615559327922,-0.4066161191478709,-0.19247135818055897,-0.6266523761760346,-1.0558099238821486
13747,0.822281326157708,-0.32974211868628445,-0.19294851741125899,-0.6695801745486745,-0.8588547205716841
13748,-0.5057262707791264,0.20837588454482087,-0.06174357974467852,-0.36050002626566785,1.4273703845223333
13750,-0.7063605120429647,0.36212388546799384,0.04475711397773443,-0.26605886984586025,1.1222829127276925
13751,0.4162358378856543,-0.4066161191478709,-0.18419136433114017,-0.6266523761760346,-1.0558099238821486
13752,-0.3671931041921904,0.05462788362164793,-0.09529846950647503,-0.060005437657189103,0.5005223689436776
13753,0.4114588321412772,-0.1759941177631115,-0.05965072750204354,-0.1544465940769967,0.6781682385962533
13754,-0.23821394909400867,-0.25286811822469796,-0.1737478792818565,-0.5665534584543389,0.04868396134908295
13755,-0.9452107992618198,0.20837588454482087,-0.05871649266573827,1.2879274312437012,-0.8240979199874845
13756,-0.949987805006197,1.2846118910070314,0.3947502932716219,0.5152270605361845,1.7324578563169741
13757,2.260160055215216,-0.4066161191478709,-0.19116523001060212,-0.6352379358505627,-1.0558099238821486
13758,-0.906994753306803,0.6696198873143396,0.39767142191471716,1.1248017974276698,1.7517671899748628
13759,-0.8019006269305068,-0.32974211868628445,-0.15904112540210935,-0.4978689810581152,-0.9090589880821947
13760,-0.7015835062985876,-0.09912011730152501,-0.11027046574523253,0.11170575583337017,1.0257362444382492
13761,-0.720691529276096,-0.022246116839938542,-0.06951247996237506,0.30917362834751333,1.2844813154539572
13762,0.08184543577925718,-0.09912011730152501,-0.03347899384836461,-0.5064545407326432,0.797886107275163
13763,-0.6585904545991936,-0.25286811822469796,0.15662013560045263,-0.2746444295203882,0.3808045002647679
13764,-0.6251514143885539,-0.022246116839938542,-0.0025128141074051364,1.8288176907389628,1.1531778465803144
13765,2.159842934583297,-0.4066161191478709,-0.18027367236006606,-0.557967898779811,-1.0558099238821486
13766,1.4050760269717144,-0.4066161191478709,-0.19152535018471536,-0.5665534584543389,-1.0558099238821486
13767,-0.949987805006197,5.128311914086355,2.1432459298763624,0.3005880686729854,1.7865239905590624
13768,2.508564353922825,-0.32974211868628445,-0.14404350522788611,-0.44635562301094744,-1.0403624569558376
13769,-0.949987805006197,1.053989889622272,0.17467323694426737,0.3349303073710972,1.7285959895853964
13770,1.0563546076321861,-0.1759941177631115,-0.15031790672301273,-0.2918155488694441,0.13364502944379306
13771,-0.6538134488548165,0.20837588454482087,0.19203518456930324,0.858649447517303,1.2149677142855582
13772,-0.8019006269305068,0.1315018840832344,0.00998058577913844,2.6787880985172317,1.3424093164276232
13773,0.9321524582783813,-0.32974211868628445,-0.1838250113078596,-0.5407967794307551,-0.040138973477204895
13774,-0.5726043512004059,-0.4066161191478709,-0.18081523769882865,-0.5150401004071712,-1.0558099238821486
13775,1.8588915726875392,-0.4066161191478709,-0.13201479887370784,-0.16303215375152466,-1.0558099238821486
13776,1.0850166420984486,-0.32974211868628445,-0.1614947903576539,-0.6953368535722584,-1.0558099238821486
13777,-0.9595418164949511,4.205823908547318,3.2329342572643793,-0.326157787567556,1.7903858572906401
13778,-0.4675102248241096,-0.1759941177631115,-0.12683253106045922,-0.4205989439873636,0.7283725061067639
13779,1.5006161418592565,-0.4066161191478709,-0.19354894854771315,-0.47211230203453136,-1.0558099238821486
13780,-0.9261027762843114,-0.25286811822469796,-0.15400913850767334,0.06877795746073034,0.48893676874894443
13781,0.23470961959932446,-0.25286811822469796,-0.15077082709583978,-0.22313107147322042,0.7631293066909633
13782,-0.9022177475624259,0.5158718863911668,-0.08101485683131088,0.9015772458899428,1.7285959895853964
13783,1.3668599810166977,-0.1759941177631115,-0.09791211092398143,-0.6695801745486745,-0.3375027118086903
13784,-0.9165487647955571,0.5927458868527532,-0.003163108037198055,-0.5923101374779228,0.6472733047436314
13785,1.0850166420984486,-0.1759941177631115,-0.167138289009286,-0.4806978617090593,-0.9322301884716611
13786,0.7936192916914454,-0.022246116839938542,0.011917616792589776,-0.01707763928454929,0.3692189000700347
13787,-0.6012663856666685,-0.022246116839938542,-0.12004495831722121,-0.09434767635530096,1.3346855829644677
13788,1.4528460844154856,-0.4066161191478709,-0.20444812412500932,-0.6953368535722584,-1.0558099238821486
13789,0.8939364123233645,-0.4066161191478709,-0.18812429215573445,-0.549382339105283,-1.0558099238821486
13790,-0.9404337935174427,-0.4066161191478709,-0.18055207295620743,-0.317572227893028,-1.0558099238821486
13791,-0.35286208695905913,-0.32974211868628445,-0.0997189446437149,-0.6438234955250907,-0.8974733878874614
13792,-0.6442594373660624,-0.25286811822469796,-0.1781177990869613,-0.5064545407326432,0.3190146325595242
13793,2.126403894372657,-0.4066161191478709,-0.19805945372848135,-0.6438234955250907,-1.0558099238821486
13794,1.6487033199349468,-0.4066161191478709,-0.19597975972297746,-0.6266523761760346,-1.0558099238821486
13795,0.8939364123233645,-0.1759941177631115,-0.1467908066330922,-0.5064545407326432,-0.09420510771929315
13796,1.4241840499492229,-0.4066161191478709,-0.18464497724276357,-0.5150401004071712,-1.0558099238821486
13797,1.1232326880534655,-0.25286811822469796,-0.12302633783560092,-0.09434767635530096,-0.24095604351924696
13798,-0.954764810750574,7.972649931165054,5.0190340579733,0.7384516120739115,1.763352790169596
13799,-0.40540915014720724,0.20837588454482087,-0.010549726839297474,-0.1544465940769967,0.9832557103908941
13800,0.5165529585175734,-0.25286811822469796,-0.08839178009026111,-0.07717655700624504,0.5932071705015431
13801,-0.6442594373660624,-0.4066161191478709,-0.18221416606749927,-0.5064545407326432,-1.0558099238821486
13802,-0.300315023770911,0.9771158891606855,1.6138374171452823,1.116216237753142,0.9639463767330054
13803,0.25859464832121,-0.25286811822469796,-0.11198311418865947,-0.07717655700624504,0.3460476996805683
13804,-0.816231644163638,0.20837588454482087,0.014211997824968877,0.5753259782578802,0.5121079691384108
13805,-0.7111375177873418,-0.32974211868628445,-0.14067568906113104,-0.6180668165015067,-0.7584461855506631
13806,-0.6585904545991936,-0.4066161191478709,-0.1869525165122737,-0.6180668165015067,-1.0558099238821486
13807,0.7936192916914454,-0.25286811822469796,-0.17546883819083994,-0.4978689810581152,0.365357033338457
13808,-0.9356567877730656,-0.09912011730152501,-0.08367559088697055,-0.10293323602982893,-0.7043800513085748
13809,0.4974449355400651,-0.25286811822469796,-0.15763596418427137,-0.5064545407326432,-0.45722058048759995
13810,-0.8257856556523923,-0.25286811822469796,-0.10089556805875025,-0.42918450366189154,-0.947677655397972
13811,-0.0853497652739414,-0.25286811822469796,-0.1483005412091823,-0.6438234955250907,-0.8395453869137954
13812,-0.7589075752311129,-0.25286811822469796,-0.16737998504921972,-0.4205989439873636,-0.8125123197927513
13813,-0.7732385924642441,0.1315018840832344,-0.013188299653473276,0.017264599413562565,1.6243255878327976
13814,-0.5200572880122577,-0.25286811822469796,-0.04837965859109584,-0.22313107147322042,0.624102104354165
13815,-0.8544476901186548,0.1315018840832344,0.31301617198504983,1.0389462006823902,1.4273703845223333
13816,-0.8496706843742777,-0.32974211868628445,-0.16511746080147371,-0.48928342138358727,-0.8974733878874614
13817,-0.8210086499080151,-0.32974211868628445,-0.17818497535020933,-0.5322112197562271,0.1877111636858813
13818,1.0897936478428258,-0.4066161191478709,-0.20046394842948353,-0.6609946148741466,-1.0558099238821486
13819,0.47833691256255667,-0.022246116839938542,-0.021714837314400343,-0.30040110854397206,0.6318258378173205
13820,1.0372465846546777,-0.25286811822469796,-0.15950235624049283,-0.12010435537888485,-0.04400084020878262
13821,-0.2716529893046484,-0.022246116839938542,-0.1092011858436348,0.6525960153286319,1.1068354458013816
13822,-0.9356567877730656,-0.32974211868628445,-0.1609393742429639,0.06877795746073034,-0.9206445882769279
13823,-0.8735557130961633,0.05462788362164793,0.030994290477441726,0.22331803160223368,1.6706679886117304
13824,-0.8066776326748838,0.4389978859295803,0.02485216389242208,-0.19737439244963653,1.2806194487223794
13825,2.0069787507632295,-0.32974211868628445,-0.18700722707718706,-0.37767114561472376,-0.6348664501401756
13826,-0.11878880548458111,-0.4066161191478709,-0.19158421598240696,-0.6180668165015067,-1.0558099238821486
13827,-0.6872524890654563,-0.25286811822469796,-0.1763275862983407,0.008679039739034602,-0.7236893849664635
13828,-0.8544476901186548,-0.4066161191478709,-0.19019983092846013,-0.5751390181288669,-1.0558099238821486
13829,1.051577601887809,-0.4066161191478709,-0.1976439304506584,-0.6953368535722584,-1.0558099238821486
13830,1.8158985209881453,-0.4066161191478709,-0.1938453551525602,-0.6094812568269787,-1.0558099238821486
13831,-0.8831097245849174,0.900241888699099,0.2513663683320505,0.3349303073710972,1.6977010557327745
13832,-0.8687787073517862,-0.32974211868628445,-0.1624705775217415,-0.24030219082227633,0.5005223689436776
13833,-0.19999790313899185,-0.32974211868628445,-0.15620171633698582,-0.33474334724208393,-0.10965257464560407
13834,1.7920134922662598,-0.32974211868628445,-0.18225641093407793,-0.5751390181288669,-0.6966563178454194
13835,-0.8401166728855235,0.05462788362164793,-0.128856129423457,-0.18878883277510855,1.3385474496960454
13836,0.9464834755115127,-0.32974211868628445,-0.16174479686314405,-0.45494118268547545,-0.9978819229084824
13837,0.048406395568617464,-0.32974211868628445,-0.18624543440117833,-0.557967898779811,-0.6464520503349088
13838,-0.9356567877730656,0.28524988500640736,-0.08766392181527456,2.1121411599983855,1.1609015800434699
13839,1.3620829752723205,-0.4066161191478709,-0.19501574571842822,-0.6438234955250907,-1.0558099238821486
13840,1.0276925731659234,-0.4066161191478709,-0.159595848978003,-0.36050002626566785,-1.0558099238821486
13841,0.24426363108807866,-0.4066161191478709,-0.19882124640449012,-0.6953368535722584,-1.0558099238821486
13842,-0.6824754833210792,0.900241888699099,0.1636771059354792,1.1333873571021977,1.272895715259224
13843,0.8604973721127248,-0.4066161191478709,-0.18256389815966692,-0.549382339105283,-1.0558099238821486
13844,-0.906994753306803,-0.4066161191478709,-0.17966423821925906,-0.5322112197562271,-1.0558099238821486
13845,-0.6538134488548165,-0.4066161191478709,-0.1830327469248105,-0.6266523761760346,-1.0558099238821486
13846,-0.8448936786299006,-0.1759941177631115,-0.11413829492296788,-0.008492079610021325,0.3923901004595011
13847,2.475125313712185,-0.4066161191478709,-0.18318926069279048,-0.5407967794307551,-1.0558099238821486
13848,-0.5200572880122577,0.1315018840832344,0.004092620932387141,-0.6781657342232025,1.4080610508644447
13849,-0.7159145235317189,-0.09912011730152501,0.035554658451548704,0.9187483652389987,1.1570397133118921
13850,-0.3433080754703049,-0.4066161191478709,-0.09421464629015347,0.09453463648431423,-1.0558099238821486
13851,-0.5057262707791264,0.1315018840832344,0.11430740021974096,0.24907471062581757,1.1995202473592472
13852,1.9544316875750813,-0.4066161191478709,-0.19173311182362685,-0.6094812568269787,-1.0558099238821486
13853,-0.6872524890654563,-0.4066161191478709,-0.12921140182599564,-0.5064545407326432,-1.0558099238821486
13854,-0.9213257705399343,2.514595898392415,0.6224992943851808,-0.1802032731005806,1.616601854369642
13855,1.4289610556936,-0.1759941177631115,-0.11396169752989313,-0.1544465940769967,-0.16371870888769233
13856,-0.15700485143959794,0.36212388546799384,-0.12561781801162344,-0.4205989439873636,0.6858919720594088
13857,0.9178214410452501,-0.022246116839938542,-0.13538400011805568,0.146047994531482,-0.3683976456613121
13858,-0.6872524890654563,-0.4066161191478709,-0.18973721501248392,-0.6094812568269787,-1.0558099238821486
13859,0.5977620561719842,-0.32974211868628445,-0.16898251982402357,-0.41201338431283563,-0.2718509773718688
13860,-0.954764810750574,-0.09912011730152501,-0.11842441753371168,-0.20595995212416449,-0.7275512516980412
13861,1.0897936478428258,-0.32974211868628445,-0.18578351102399848,-0.5236256600816991,-0.6657613839927975
13862,-0.8735557130961633,0.20837588454482087,-0.027688676971901704,0.2662458299748735,0.3769426335331902
13863,0.22037860236619314,-0.1759941177631115,-0.11886417966940765,-0.19737439244963653,0.2803959652437469
13864,0.8843824008346104,-0.4066161191478709,-0.15883405630199424,-0.6953368535722584,-1.0558099238821486
13865,-0.6824754833210792,-0.1759941177631115,-0.16997285030283496,-0.4806978617090593,-0.16371870888769233
13866,-0.6060433914110456,-0.4066161191478709,-0.19461961352690366,-0.6438234955250907,-1.0558099238821486
13867,-0.8114546384192609,-0.25286811822469796,-0.13510144428913604,-0.26605886984586025,-0.33364084507711256
13868,-0.9261027762843114,-0.32974211868628445,0.01638795472316843,-0.42918450366189154,-0.9360920552032388
13869,-0.37197010993656754,0.28524988500640736,0.34910644628036286,3.6060285433662513,1.1377303796540035
13870,-0.949987805006197,0.6696198873143396,0.1908758746241772,0.6611815750031599,1.520055186080199
13871,-0.8544476901186548,0.8233678882375126,0.34141788056304534,0.867235007191831,1.6359111880275308
13872,1.5579402107917817,-0.25286811822469796,-0.14102403607570593,-0.26605886984586025,-0.2911603110297575
13873,-0.39107813291407595,0.1315018840832344,-0.13275858554101094,-0.23171663114774838,0.9793938436593164
13874,0.7506262399920515,0.05462788362164793,-0.06279623871516334,-0.30898666821850007,0.16067809656483717
13875,-0.7063605120429647,0.5927458868527532,0.12870597433510278,0.6611815750031599,1.5277789195433544
13876,-0.6585904545991936,-0.4066161191478709,-0.1962103751421692,-0.6438234955250907,-1.0558099238821486
13877,-0.5487193224785203,-0.25286811822469796,-0.17356574157841081,-0.5064545407326432,1.272895715259224
13878,-0.7015835062985876,-0.1759941177631115,-0.037328124478597936,0.09453463648431423,1.0682167784856043
13879,2.12162688862828,-0.4066161191478709,-0.1773179167771521,-0.48928342138358727,-1.0558099238821486
13880,-0.859224695863032,0.8233678882375126,0.09265863744516488,0.5667404185833522,1.0334599779014046
13881,-0.9452107992618198,2.822091900238761,2.924120127341543,0.858649447517303,1.4235085177907556
13882,-0.949987805006197,-0.09912011730152501,-0.1222174525214389,-0.24030219082227633,-0.816374186524329
13883,-0.9117717590511801,0.6696198873143396,0.24959900932371026,1.0131895216588063,1.7285959895853964
13884,-0.9261027762843114,0.28524988500640736,-0.07831741821944352,0.22331803160223368,0.7322343728383416
13885,-0.056687730807678784,-0.32974211868628445,-0.16960995997353623,-0.4635267423600034,-1.0133293898347935
13886,-0.6203744086441768,-0.4066161191478709,-0.1878403512492221,-0.5665534584543389,-1.0558099238821486
13887,0.014967355357977748,-0.4066161191478709,-0.18050013254647956,-0.5407967794307551,-1.0558099238821486
13888,-0.39107813291407595,0.05462788362164793,-0.06608995323070664,0.3606869863946811,0.7052013057172974
13889,-0.5200572880122577,-0.022246116839938542,-0.06680742342374761,-0.21454551179869244,1.2381389146750243
13890,-0.954764810750574,0.5927458868527532,-0.0019754040014207637,0.15463355420601,1.7710765236327515
13891,0.8461663548795936,-0.25286811822469796,-0.14520420025060488,0.1288768751824261,-0.2679891106402911
13892,-0.8353396671411465,-0.022246116839938542,-0.11691814565160345,-0.4205989439873636,1.0643549117540265
13893,0.45922888958504826,-0.4066161191478709,-0.14784346560357703,-0.5236256600816991,-1.0558099238821486
13894,-0.8496706843742777,-0.25286811822469796,-0.1656057006529157,-0.48928342138358727,0.05254582808066068
13895,-0.8257856556523923,-0.022246116839938542,0.07289773542949782,0.6182537766305201,1.6783917220748859
13896,2.026086773740738,-0.4066161191478709,-0.17779923124063035,-0.5236256600816991,-1.0558099238821486
13897,-0.720691529276096,-0.25286811822469796,-0.12432346300120492,-0.20595995212416449,1.3655805168170896
13898,0.5929850504276071,-0.32974211868628445,-0.1571719631907024,-0.33474334724208393,-0.7236893849664635
13899,-0.8831097245849174,-0.32974211868628445,-0.17780130885701947,-0.5407967794307551,-0.05944830713509355
13900,-0.0853497652739414,-0.022246116839938542,-0.093168220168836,-0.01707763928454929,0.6472733047436314
13901,-0.6155974028997997,0.6696198873143396,0.18840074096594514,1.7000342956210435,1.3810279837434005
13902,2.0595258139513777,-0.09912011730152501,2.1565212060640095,-0.20595995212416449,-0.7005181845769971
13903,0.9512604812558898,-0.4066161191478709,-0.19324977178768066,-0.6180668165015067,-1.0558099238821486
13904,-0.7827926039529983,-0.32974211868628445,-0.18167121565114394,-0.4978689810581152,-0.06331017386667129
13905,2.5372263883890875,-0.4066161191478709,-0.18305560070509075,-0.6008956971524508,-1.0558099238821486
13906,0.9942535329552837,-0.4066161191478709,-0.20179916322888797,-0.6953368535722584,-1.0558099238821486
13907,2.3413691528696265,-0.4066161191478709,-0.19523389543928524,-0.6695801745486745,-1.0558099238821486
13908,-0.58215836268916,-0.1759941177631115,-0.04060729567941743,0.18897579290412184,-0.2950221777613352
13909,1.0611316133765631,-0.32974211868628445,-0.18511936631827813,-0.4034278246383076,-0.6773469841875307
13911,-0.6872524890654563,1.053989889622272,0.08858166155092531,0.8243072088191912,1.2265533144802914
13912,1.0611316133765631,-0.4066161191478709,-0.1960545539129856,-0.6438234955250907,-1.0558099238821486
13913,1.4576230901598626,-0.4066161191478709,-0.20178392737536782,-0.6781657342232025,-1.0558099238821486
13914,-0.906994753306803,-0.32974211868628445,-0.1613237332749501,-0.4635267423600034,-0.9592632555927052
13915,0.9225984467896272,-0.4066161191478709,-0.19980465149533777,-0.6867512938977305,-1.0558099238821486
13916,1.2522118431516471,-0.1759941177631115,-0.11635303399376425,-0.08576211668077299,-0.23709417678766923
13917,-0.7254685350204731,-0.32974211868628445,-0.18586800075715582,-0.5665534584543389,-0.5074248479981105
13918,-0.7254685350204731,-0.32974211868628445,-0.12071395079451618,-0.44635562301094744,-0.2679891106402911
13919,-0.6776984775767021,-0.1759941177631115,-0.11047545722895852,-0.14586103440246875,0.8017479740067407
13920,1.0993476593315799,-0.1759941177631115,-0.0818043510591745,-0.008492079610021325,-0.5499053820454656
13921,0.960814492744644,-0.1759941177631115,-0.15410401632277623,-0.39484226496377967,0.1761255634911481
13922,0.7171871997814118,-0.25286811822469796,-0.14478936951157828,-0.44635562301094744,-0.6078333830191315
13923,-0.7063605120429647,-0.4066161191478709,-0.18039071141665286,-0.5322112197562271,-1.0558099238821486
13924,-0.954764810750574,-0.022246116839938542,-0.07736032960285798,0.06877795746073034,-0.7816173859401294
13925,-0.5200572880122577,-0.1759941177631115,-0.15773638230974527,-0.4635267423600034,-0.8936115211558837
13926,-0.8496706843742777,-0.4066161191478709,-0.18920534521687052,-0.6094812568269787,-1.0558099238821486
13927,-0.6060433914110456,-0.32974211868628445,-0.15565807338183413,-0.3862567052892517,0.3460476996805683
13928,-0.9117717590511801,-0.1759941177631115,-0.1725345513106135,-0.5064545407326432,-0.5808003158980874
13929,-0.15222784569522083,0.36212388546799384,0.03727215466655024,-0.37767114561472376,0.9716701101961609
13930,-0.6872524890654563,-0.32974211868628445,-0.1813457224168493,-0.5751390181288669,-0.7507224520875077
13931,-0.5057262707791264,0.36212388546799384,0.1593861355531608,1.0561173200314462,1.4196466510591779
13932,0.44489787235191697,-0.4066161191478709,-0.18341918357318585,-0.5665534584543389,-1.0558099238821486
13933,-0.43884819035784695,-0.32974211868628445,-0.16254675678934236,-0.5064545407326432,-0.9051971213506169
13934,0.2968106942762268,-0.4066161191478709,-0.14084882376022392,-0.4377700633364195,-1.0558099238821486
13935,1.8875536071538017,-0.25286811822469796,0.21891261525648487,-0.12868991505341282,-0.8395453869137954
13936,-0.1044577882514498,-0.25286811822469796,-0.13963272563379542,-0.22313107147322042,-0.1482712419613814
13937,-0.15222784569522083,-0.32974211868628445,-0.1437554090885955,-0.24030219082227633,-0.15599497542453686
13938,-0.7923466154417526,-0.4066161191478709,-0.19974509315884983,-0.6438234955250907,-1.0558099238821486
13939,-0.8496706843742777,0.05462788362164793,-0.09660529021522822,0.07736351713525831,1.218829581017136
13940,-0.8783327188405403,-0.1759941177631115,-0.1465941256149227,-0.3690855859401958,-0.5653528489717765
13941,-0.859224695863032,0.6696198873143396,0.48971329064648406,-0.3433289069166119,1.6552205216854194
13942,1.5913792510024214,-0.4066161191478709,-0.18254658468975765,-0.6953368535722584,-1.0558099238821486
13943,1.7967904980106368,-0.4066161191478709,-0.18763397468790338,-0.5751390181288669,-1.0558099238821486
13944,2.159842934583297,-0.4066161191478709,-0.19082727107797282,-0.4034278246383076,-1.0558099238821486
13945,0.9225984467896272,-0.32974211868628445,-0.1455546248815689,-0.28322998919491615,-0.7275512516980412
13946,-0.58215836268916,-0.022246116839938542,-0.07477161958202096,-0.28322998919491615,1.4775746520328439
13947,-0.6490364431104395,-0.4066161191478709,-0.19843342467852204,-0.6609946148741466,-1.0558099238821486
13948,0.7601802514808057,-0.1759941177631115,-0.16670406718396105,-0.5064545407326432,0.3923901004595011
13949,-0.949987805006197,-0.022246116839938542,-0.036606499052778727,0.3606869863946811,-0.7005181845769971
13950,-0.906994753306803,-0.1759941177631115,-0.15310953061118665,-0.4205989439873636,-0.1482712419613814
13951,-0.11878880548458111,-0.25286811822469796,-0.15799954705236643,-0.37767114561472376,-0.600109649555976
13952,0.07706843003488008,0.5927458868527532,0.6833706844310586,1.3394407892908688,0.898294642296184
13953,-0.9261027762843114,0.4389978859295803,0.2551850272552435,-0.6352379358505627,1.7285959895853964
13954,-0.954764810750574,-0.32974211868628445,-0.17424165944366948,-0.4978689810581152,-0.7893411194032849
13955,-0.22388293186087738,-0.25286811822469796,-0.1670288678794593,9.34800645066384e-05,-0.20233737620346964
13956,-0.9356567877730656,-0.09912011730152501,-0.13411942427588114,0.35210142672015315,-0.028553373282471695
13957,1.0324695789103004,-0.25286811822469796,-0.17297223582992036,-0.5236256600816991,-0.125100041571915
13958,0.8509433606239707,0.1315018840832344,0.12142462143005181,0.7727938507720233,0.3151527658279465
13959,-0.58215836268916,-0.022246116839938542,-0.13096837275239037,0.32634474769656924,0.6125165041594318
13960,-0.859224695863032,-0.32974211868628445,-0.18876419800358182,-0.6094812568269787,-0.8627165873032618
13961,0.913044435300873,-0.4066161191478709,-0.167421537377002,-0.5407967794307551,-1.0558099238821486
13962,-0.859224695863032,-0.25286811822469796,-0.17958251864128721,-0.5064545407326432,0.5430029029910327
13963,0.5117759527731964,0.8233678882375126,-0.006602255699979385,0.40361478476732093,0.060269561543816144
13964,0.8891594065789875,-0.32974211868628445,-0.17431229840089937,-0.5150401004071712,-0.889749654424306
13965,1.3143129178285495,-0.25286811822469796,-0.13568871718845915,-0.5064545407326432,-0.17916617581400324
13966,1.1184556823090883,-0.4066161191478709,-0.17809633038427378,-0.5236256600816991,-1.0558099238821486
13967,-0.26687598356027126,-0.32974211868628445,-0.19319090598998903,-0.6695801745486745,-0.08648137425613768
13968,1.0611316133765631,-0.4066161191478709,-0.19614389141771754,-0.6352379358505627,-1.0558099238821486
13969,-0.9261027762843114,2.2070998965460693,0.6937546111438542,3.3484617531304126,1.3269618495013122
13970,0.8843824008346104,-0.32974211868628445,-0.14608095436681134,-0.6180668165015067,-0.8588547205716841
13971,-0.8735557130961633,0.5927458868527532,0.11853950480436776,0.8758205668663589,1.5084695858854658
13972,-0.6251514143885539,-0.32974211868628445,-0.19153227557267907,-0.5751390181288669,-0.5499053820454656
13973,0.4114588321412772,-0.4066161191478709,-0.18637632423369258,-0.6094812568269787,-1.0558099238821486
13974,-0.7254685350204731,-0.32974211868628445,-0.15777308686595296,-0.33474334724208393,1.0025650440487828
13975,-0.8114546384192609,0.4389978859295803,0.15931826675111635,3.0222104854983503,1.431232251253911
13976,0.02452136684673195,-0.1759941177631115,-0.12213227024948521,-0.28322998919491615,0.7283725061067639
13977,1.003807544444038,-0.4066161191478709,-0.1687089669994568,-0.5923101374779228,-1.0558099238821486
13978,-0.8926637360736717,-0.32974211868628445,-0.19107935519985206,-0.5837245778033949,-0.9360920552032388
13979,-0.6108203971554227,0.05462788362164793,0.02936543922837574,2.352536830885169,1.504607719153888
13980,-0.672921471832325,-0.09912011730152501,-0.15146405843100771,-0.21454551179869244,1.2458626481381798
13981,1.0229155674215462,-0.4066161191478709,-0.1817750964705997,-0.5150401004071712,-1.0558099238821486
13982,-0.7732385924642441,0.20837588454482087,0.06914209753677467,0.35210142672015315,1.4505415849117997
13983,-0.8210086499080151,1.1308638900838586,0.26302525896896634,1.3394407892908688,1.6513586549538417
13984,-0.8353396671411465,0.4389978859295803,-0.07355482891679606,-0.2488877504968043,1.6706679886117304
13985,-0.9404337935174427,1.207737890545445,0.48927560612717724,0.5753259782578802,1.5084695858854658
13986,-0.8783327188405403,-0.4066161191478709,-0.18251472790512455,-0.6008956971524508,-1.0558099238821486
13987,0.8509433606239707,-0.32974211868628445,-0.15743928316610184,-0.30898666821850007,-0.974710722519016
13988,-0.8687787073517862,0.1315018840832344,0.12478828236402868,1.1677295958003098,1.2844813154539572
13989,-0.6490364431104395,-0.09912011730152501,-0.06439531079598536,-0.1802032731005806,0.8673997084435622
13990,0.05796040705737167,-0.4066161191478709,-0.1831490934426009,-0.5665534584543389,-1.0558099238821486
13991,-0.9022177475624259,-0.022246116839938542,-0.14564257730870808,-0.20595995212416449,-0.5499053820454656
13992,-0.816231644163638,-0.25286811822469796,-0.18950659959329216,-0.6180668165015067,0.6163783708910096
13993,-0.7589075752311129,0.9771158891606855,0.26453637862264917,0.24048915095128962,1.6243255878327976
13994,-0.9452107992618198,-0.022246116839938542,-0.04721480833559884,0.3435158670456252,-0.4958392478033773
13995,-0.8878867303292945,0.5927458868527532,0.06552150470934398,0.5495692992342963,1.6706679886117304
13996,0.8843824008346104,-0.32974211868628445,-0.14267297094986672,-0.45494118268547545,-1.005605656371638
13997,1.519724164836765,-0.25286811822469796,-0.1786365106454436,-0.39484226496377967,-0.9360920552032388
13998,1.1710027454972365,-0.25286811822469796,-0.1654616525832704,-0.44635562301094744,-0.5537672487770433
13999,-0.9117717590511801,1.7458558937765503,0.4533605441473463,0.7899649701210792,1.7401815897801296
14000,0.048406395568617464,-0.09912011730152501,-0.06299084211694377,-0.4635267423600034,0.9755319769277386
14001,-0.7445765579979815,0.20837588454482087,0.0881564427299532,-0.18878883277510855,0.6743063718646756
14002,-0.3194230467484194,-0.32974211868628445,-0.1680219685134562,-0.30040110854397206,-0.9708488557874383
14003,2.5372263883890875,-0.4066161191478709,-0.1902053712388311,-0.5665534584543389,-1.0558099238821486
14004,-0.7541305694867357,0.36212388546799384,0.22871411684153203,0.38644366541826497,0.45804183489632255
14005,-0.9165487647955571,-0.09912011730152501,-0.005622313303113603,-0.2488877504968043,-0.2602653771771356
14006,-0.41018615589158436,0.05462788362164793,-0.052579906391089566,-0.23171663114774838,1.0180125109750937
14007,1.4862851246261253,-0.4066161191478709,-0.19920352782008724,-0.6609946148741466,-1.0558099238821486
14008,1.104124665075957,-0.4066161191478709,-0.169454831283149,-0.42918450366189154,-1.0558099238821486
14009,-0.013694679108284865,-0.25286811822469796,-0.1285347914219406,-0.09434767635530096,-0.03627710674562716
14010,1.7394664290781117,-0.32974211868628445,-0.17387946165316712,-0.5322112197562271,-1.0558099238821486
14011,1.333420940806058,-0.32974211868628445,-0.1730020149981643,-0.42918450366189154,-0.5653528489717765
14012,0.3636887746975062,-0.4066161191478709,-0.18193715054895063,-0.6094812568269787,-1.0558099238821486
14013,-0.4340711846134699,-0.09912011730152501,-0.12959714593557461,-0.22313107147322042,0.9253277094172282
14014,-0.5917123741779142,-0.25286811822469796,-0.06978672532573821,-0.05141987798266114,0.8712615751751399
14015,-0.7111375177873418,-0.4066161191478709,-0.1411784722272968,-0.5322112197562271,-1.0558099238821486
14016,-0.19044389165023765,0.36212388546799384,0.585022557419532,2.335365711536113,1.0257362444382492
14017,1.7681284635443744,-0.4066161191478709,-0.1887967473270113,-0.5837245778033949,-1.0558099238821486
14018,2.12162688862828,-0.4066161191478709,-0.17928126426486557,-0.5923101374779228,-1.0558099238821486
14019,-0.7397995522536044,-0.25286811822469796,-0.1062558183426664,-0.3862567052892517,-0.7005181845769971
14020,-0.8831097245849174,-0.1759941177631115,-0.11820903796804012,-0.16303215375152466,0.9253277094172282
14021,-0.21910592611650026,0.05462788362164793,-0.08582800146609347,0.017264599413562565,0.6318258378173205
14022,0.1152844759898969,-0.32974211868628445,-0.1498483654190728,-0.317572227893028,-0.04786270694036036
14023,-0.9261027762843114,-0.32974211868628445,-0.16425871269397294,-0.44635562301094744,-0.11737630810875954
14024,-0.3815241214253217,-0.25286811822469796,-0.1599878259367493,-0.4205989439873636,-0.0169677730877385
14025,1.2569888488960244,0.1315018840832344,0.07631749200598076,-0.18878883277510855,-0.5962477828243983
14026,1.2856508833622868,-0.32974211868628445,-0.15532219206559386,-0.33474334724208393,-0.45722058048759995
14027,-0.672921471832325,-0.4066161191478709,-0.1974486345100816,-0.6524090551996186,-1.0558099238821486
14028,1.667811342912455,-0.25286811822469796,0.5152901334740798,-0.6781657342232025,-1.0558099238821486
14029,-0.6585904545991936,-0.32974211868628445,-0.1723205568225347,-0.5751390181288669,-0.7429987186243522
14030,-0.8735557130961633,1.053989889622272,0.3162060056811375,4.37014335439924,1.689977322269619
14031,-0.9261027762843114,2.8989659007003477,2.497544622867292,1.7000342956210435,1.7594909234380183
14032,-0.949987805006197,0.7464938877759261,0.11014870474752952,-0.025663198959077253,1.7363197230485519
14033,1.6916963716343407,-0.4066161191478709,-0.19712868158615793,-0.6953368535722584,-1.0558099238821486
14034,-0.8544476901186548,-0.25286811822469796,-0.15976967621589228,9.34800645066384e-05,-0.5344579151191546
14035,-0.8257856556523923,0.20837588454482087,-0.011160546057697233,-0.10293323602982893,1.1995202473592472
14036,0.3971278149081459,-0.4066161191478709,-0.16130988249902267,-0.37767114561472376,-1.0558099238821486
14037,-0.11878880548458111,-0.022246116839938542,-0.14674579161132803,0.12029131550789812,1.0913879788750707
14038,-0.5869353684335371,-0.09912011730152501,0.00789327384687446,0.146047994531482,1.242000781406602
14039,-0.8019006269305068,-0.32974211868628445,-0.18619764922422868,-0.6180668165015067,1.0373218446329824
14040,-0.768461586719867,2.2070998965460693,0.6626146041650055,2.1722400777200814,1.6397730547591085
14041,0.3111417115093581,-0.4066161191478709,-0.19491463505415796,-0.5236256600816991,-1.0558099238821486
14042,2.503787348178448,-0.4066161191478709,-0.17479153524798852,-0.5236256600816991,-1.0558099238821486
14043,1.3859680039942062,-0.32974211868628445,-0.18375160219544423,-0.3862567052892517,-0.13668564176664819
14044,-0.8353396671411465,0.28524988500640736,0.008434839185637028,3.8721808932766186,1.4852983854959994
14045,-0.43884819035784695,0.7464938877759261,0.5561589254643566,-0.5665534584543389,1.2265533144802914
14046,0.3971278149081459,-0.4066161191478709,-0.1939741673686853,-0.5837245778033949,-1.0558099238821486
14047,-0.9213257705399343,0.5927458868527532,0.07009918615336022,0.07736351713525831,1.5239170528117767
14048,0.4974449355400651,-0.25286811822469796,-0.15285813902810375,0.377858105743737,-0.7584461855506631
14049,-0.8831097245849174,0.5158718863911668,0.6972131498929339,4.215603280257737,1.2651719817960685
14050,-0.8114546384192609,-0.32974211868628445,-0.1530195005676583,-0.28322998919491615,-0.7661699190138186
14051,-0.9595418164949511,2.360847897469242,1.3030170023293575,9.34800645066384e-05,1.7865239905590624
14052,-0.8687787073517862,-0.32974211868628445,-0.17238981070217185,0.2834169493239294,0.3769426335331902
14053,-0.3671931041921904,-0.1759941177631115,-0.16507383085730232,-0.6781657342232025,0.3421858329489906
14054,-0.6490364431104395,-0.4066161191478709,-0.19830461246239692,-0.6524090551996186,-1.0558099238821486
14055,-0.4531792075909783,-0.25286811822469796,-0.0993754454007146,-0.4205989439873636,1.3269618495013122
14056,-0.954764810750574,1.2846118910070314,0.35989897088301775,2.043456682602162,0.03709836115434975
14057,-0.8496706843742777,1.207737890545445,0.3733307608386448,1.3909541473380367,1.6977010557327745
14058,1.2474348374072701,-0.32974211868628445,-0.17221459838668982,-0.5064545407326432,-0.7932029861348626
14059,0.3111417115093581,-0.4066161191478709,-0.1919928138722662,-0.6352379358505627,-1.0558099238821486
14060,-0.9404337935174427,1.8227298942381367,0.4115298157689092,0.15463355420601,1.3926135839381337
14061,1.4624000959042398,-0.25286811822469796,-0.14117223937812948,-0.557967898779811,-0.16371870888769233
14062,-0.9165487647955571,1.3614858914686179,1.5671976993648409,0.5066415008616565,1.7247341228538187
14063,1.1327866995422198,0.20837588454482087,1.3680616311621705,-0.44635562301094744,0.07571702847012707
14064,-0.8210086499080151,0.6696198873143396,0.021076442374604116,0.42078590411637684,1.4852983854959994
14065,0.8987134180677416,-0.25286811822469796,-0.14300123433934683,-0.3433289069166119,-0.8936115211558837
14066,0.3111417115093581,-0.4066161191478709,-0.19414314683499997,-0.6438234955250907,-1.0558099238821486
14067,-0.6585904545991936,-0.32974211868628445,-0.17875839747360503,-0.26605886984586025,-0.9283683217400833
14068,0.5691000217057216,-0.1759941177631115,-0.09966908185037615,0.09453463648431423,0.3228764992911019
14069,1.4958391361148795,-0.32974211868628445,-0.1890696076127817,-0.3862567052892517,-0.874302187497995
14070,2.307930112658987,-0.4066161191478709,-0.1824357784823382,-0.36050002626566785,-1.0558099238821486
14071,-0.9452107992618198,0.1315018840832344,-0.10515052642365733,1.6227642585502917,-0.04786270694036036
14072,2.221944009260199,-0.4066161191478709,-0.1776399473174649,-0.5407967794307551,-1.0558099238821486
14073,-0.8066776326748838,-0.4066161191478709,-0.19424772019325212,-0.5923101374779228,-1.0558099238821486
14074,2.0165327622519835,-0.4066161191478709,-0.18951352498125587,-0.6524090551996186,-1.0558099238821486
14075,-0.9404337935174427,-0.022246116839938542,-0.08456134800752982,-0.19737439244963653,1.0180125109750937
14076,-0.3433080754703049,-0.4066161191478709,-0.19648946827710695,-0.33474334724208393,-1.0558099238821486
14077,-0.768461586719867,-0.022246116839938542,-0.16211114988642464,-0.33474334724208393,0.3151527658279465
14078,-0.47706423631286377,0.20837588454482087,-0.09712400177371054,0.21473247192770573,0.9523607765382722
14079,-0.3671931041921904,-0.32974211868628445,-0.161858373225749,-0.5923101374779228,1.0991117123382261
14080,-0.8066776326748838,-0.09912011730152501,-0.12744265774006258,-0.06859099733171707,1.6668061218801526
14081,0.4831139183069338,0.28524988500640736,0.13239028073179965,3.288362835408717,0.5932071705015431
14082,0.7792882744583141,-0.32974211868628445,-0.17608104248683243,-0.2918155488694441,-0.947677655397972
14083,-0.9404337935174427,0.36212388546799384,-0.12976197016911106,0.7470371717484394,1.7131485226590855
14084,1.4862851246261253,-0.4066161191478709,-0.19428511728825618,-0.6438234955250907,-1.0558099238821486
14085,-0.949987805006197,2.053351895622896,0.4684862839988983,3.4085606708521086,1.7594909234380183
14086,1.2474348374072701,-0.4066161191478709,-0.20194113368214417,-0.6953368535722584,-1.0558099238821486
14087,-0.949987805006197,-0.25286811822469796,-0.147263810631014,0.7985505297956073,1.7749383903643292
14088,-0.9117717590511801,0.7464938877759261,4.230089013375205,3.039381604847406,0.5314173027962995
14089,-0.6920294948098333,-0.4066161191478709,-0.1937137727812496,-0.5923101374779228,-1.0558099238821486
14090,0.5882080446832301,-0.4066161191478709,-0.19942237007974065,-0.6953368535722584,-1.0558099238821486
14091,2.1646199403276736,-0.32974211868628445,0.4552871870788521,-0.5923101374779228,-0.8858877876927282
14092,-0.9261027762843114,1.3614858914686179,0.29595963396921393,0.7470371717484394,1.7092866559275077
14093,-0.9022177475624259,-0.4066161191478709,-0.17466133795427066,0.11170575583337017,-1.0558099238821486
14094,1.1375637052865968,-0.4066161191478709,-0.18311654411917147,-0.35191446659113984,-1.0558099238821486
14095,2.4894563309453166,-0.4066161191478709,-0.20450352722871906,-0.6953368535722584,-1.0558099238821486
14096,-0.9404337935174427,0.8233678882375126,4.308206697067125,8.903318862550003,-0.6812088509191084
14097,1.338197946550435,-0.32974211868628445,-0.1754231306302794,-0.3690855859401958,-0.4224637799034004
14098,-0.7875696096973754,-0.4066161191478709,-0.19450326700911322,-0.5236256600816991,-1.0558099238821486
14099,-0.8831097245849174,1.053989889622272,0.1935650027704881,1.6399353778993477,1.6977010557327745
14100,-0.3050920295152881,-0.4066161191478709,-0.19141454397729593,-0.4978689810581152,-1.0558099238821486
14101,-0.6108203971554227,0.5158718863911668,0.4851944750001594,-0.5407967794307551,1.0604930450224488
14102,-0.9356567877730656,-0.09912011730152501,-0.12812134576050674,-0.4034278246383076,-0.9051971213506169
14104,-0.22388293186087738,-0.09912011730152501,-0.15321548904703147,0.3005880686729854,0.5121079691384108
14105,0.18216255641117632,-0.09912011730152501,0.2100418858137611,1.0131895216588063,0.8056098407383184
14106,2.561111417110973,-0.4066161191478709,-0.1898320928275868,-0.6953368535722584,-1.0558099238821486
14107,-0.7159145235317189,0.36212388546799384,0.13306412098066925,0.1718046735550659,1.5663975868591318
14108,-0.816231644163638,-0.1759941177631115,-0.1323402921080025,-0.28322998919491615,1.6783917220748859
14109,-0.6155974028997997,-0.4066161191478709,-0.1947214167299703,-0.6266523761760346,-1.0558099238821486
14110,-0.9452107992618198,2.053351895622896,0.6947580998597968,0.8157216491446632,1.7826621238274847
14111,-0.8926637360736717,-0.1759941177631115,-0.15672527566704272,-0.6180668165015067,-0.17916617581400324
14112,-0.8544476901186548,0.5158718863911668,0.19936016741852564,1.0046039619842784,1.3848898504749783
14113,-0.9452107992618198,0.7464938877759261,0.286482933079665,-0.05141987798266114,1.7556290567064405
14114,0.3445807517199978,0.05462788362164793,-0.11023930149939581,-0.08576211668077299,0.23019169773323636
14115,1.433738061437977,-0.32974211868628445,-0.16158551293997858,-0.5150401004071712,-0.41860191317182266
14116,-0.8687787073517862,-0.09912011730152501,-0.10894771664416278,-0.1802032731005806,-0.6618995172612198
14117,-0.2764299950490255,-0.4066161191478709,-0.19847497700630432,-0.6781657342232025,-1.0558099238821486
14118,1.0850166420984486,-0.4066161191478709,-0.1729583850539929,-0.5751390181288669,-1.0558099238821486
14119,0.8318353376464622,-0.32974211868628445,-0.19200874226458275,-0.6094812568269787,0.2688103650490137
14121,-0.9452107992618198,-0.1759941177631115,-0.012171652700399754,0.5667404185833522,-0.8395453869137954
14122,0.9799225157221524,-0.25286811822469796,-0.17960883511554934,-0.6008956971524508,0.2224679642700809
14123,2.5420033941334648,-0.4066161191478709,-0.17450066895351246,-0.4978689810581152,-1.0558099238821486
14124,-0.5582733339672745,-0.4066161191478709,-0.1756502833554893,-0.6695801745486745,-1.0558099238821486
14125,-0.9117717590511801,-0.25286811822469796,-0.016293643616403484,0.6611815750031599,-0.7932029861348626
14126,-0.9261027762843114,-0.1759941177631115,-0.12351042245426468,-0.3862567052892517,0.6318258378173205
14127,-0.37674711568094466,-0.022246116839938542,-0.0731199145526747,0.12029131550789812,0.1143356957859044
14128,-0.672921471832325,-0.25286811822469796,-0.1407026980741895,-0.2746444295203882,0.840366641322518
14129,-0.954764810750574,0.20837588454482087,-0.02524747771469183,-0.36050002626566785,1.1763490469697808
14130,0.5643230159613445,-0.1759941177631115,-0.07598079232048575,0.9187483652389987,0.523693569333144
14131,2.135957905861411,-0.4066161191478709,-0.19305793854108572,-0.317572227893028,-1.0558099238821486
14132,-0.949987805006197,0.36212388546799384,0.04363866382159433,0.15463355420601,-0.3568120454665789
14133,-0.3433080754703049,-0.1759941177631115,-0.1416078462810472,-0.4205989439873636,1.2767575819908017
14134,0.8652743778571019,0.6696198873143396,0.5656273158883491,0.4122003444418489,0.2842578319753246
14135,-0.954764810750574,1.3614858914686179,0.4074736160385608,0.4808848218380726,1.7865239905590624
14136,0.9512604812558898,-0.09912011730152501,-0.0959231395008022,0.03443571876261849,0.2224679642700809
14137,2.360477175847135,-0.4066161191478709,-0.18166706041836572,-0.6094812568269787,-1.0558099238821486
14138,-0.954764810750574,-0.32974211868628445,-0.13781688890970908,-0.36050002626566785,-0.816374186524329
14139,-0.7397995522536044,-0.1759941177631115,-0.12944270978398376,-0.2918155488694441,0.8596759749804067
14140,-0.9452107992618198,-0.32974211868628445,-0.1399519860189227,-0.18878883277510855,-0.947677655397972
14141,-0.949987805006197,-0.1759941177631115,-0.14133152330129492,-0.47211230203453136,-0.658037650529642
14142,0.822281326157708,-0.32974211868628445,-0.15821492661803802,-0.3433289069166119,-0.0015203061614275704
14143,-0.3242000524927965,-0.4066161191478709,-0.1966882269116656,-0.6438234955250907,-1.0558099238821486
14144,1.3620829752723205,-0.4066161191478709,-0.2025886574567516,-0.6953368535722584,-1.0558099238821486
14145,-0.7397995522536044,0.05462788362164793,0.3216251217627452,-0.6094812568269787,1.1222829127276925
14146,-0.9213257705399343,0.4389978859295803,0.4497621125613994,2.1894111970691372,1.5972925207117536
14147,-0.5869353684335371,0.20837588454482087,-0.025326427137478215,-0.4978689810581152,1.114559179264537
14148,0.1535005219449137,-0.32974211868628445,-0.1724154346376376,-0.5751390181288669,-0.3568120454665789
14149,0.09139944726801139,-0.4066161191478709,-0.17377765845010051,-0.4635267423600034,-1.0558099238821486
14150,-0.7923466154417526,-0.32974211868628445,-0.15909445088942997,-0.5064545407326432,0.19543489714903678
14151,2.2553830494708387,-0.32974211868628445,-0.15765327765418066,-0.326157787567556,-0.889749654424306
14152,-0.6012663856666685,0.05462788362164793,-0.06638428221916458,0.18897579290412184,1.1995202473592472
14153,1.3477519580391892,-0.4066161191478709,-0.18854397066633566,-0.557967898779811,-1.0558099238821486
14154,0.18216255641117632,0.1315018840832344,0.24272071399814754,1.322269669941813,0.7052013057172974
14155,0.3111417115093581,-0.4066161191478709,-0.19648392796673597,-0.6524090551996186,-1.0558099238821486
14156,-0.9165487647955571,11.508853952398033,21.50206338306408,11.710796876120648,1.7594909234380183
14157,-0.8687787073517862,-0.09912011730152501,-0.13692974671155705,-0.060005437657189103,1.3655805168170896
14158,-0.768461586719867,-0.4066161191478709,-0.1695504016370483,-0.35191446659113984,-1.0558099238821486
14159,-0.8687787073517862,1.053989889622272,0.33968307087813454,5.357482716969956,1.7131485226590855
14160,1.9544316875750813,0.05462788362164793,0.37851164357430067,-0.01707763928454929,-0.715965651503308
14161,0.06751441854612587,0.05462788362164793,0.0028412033273436587,1.0303606410078623,0.9176039759540727
14162,-0.13311982271771242,-0.32974211868628445,-0.1846685235618402,-0.48928342138358727,-0.5962477828243983
14163,-0.5439423167341432,-0.09912011730152501,-0.025020324989481965,-0.3433289069166119,0.3923901004595011
14164,-0.6251514143885539,-0.32974211868628445,-0.09170142299812097,-0.4635267423600034,-1.0171912565663712
14165,0.354134763208752,-0.4066161191478709,-0.19636688891014917,-0.5064545407326432,-1.0558099238821486
14166,1.4528460844154856,-0.32974211868628445,-0.18731471430277608,-0.3690855859401958,-0.5885240493612428
14167,-0.7732385924642441,0.1315018840832344,-0.11645829989081273,-0.2918155488694441,1.4235085177907556
14168,1.046800596143432,-0.32974211868628445,-0.17905272646206297,-0.6094812568269787,-0.499701114534955
14169,1.0945706535872028,-0.32974211868628445,-0.1616658474403577,-0.2746444295203882,-1.0017437896400603
14170,0.8318353376464622,-0.25286811822469796,-0.1652206490821331,0.35210142672015315,-0.9785725892505938
14171,-0.4913952535459951,-0.32974211868628445,-0.1701646835494299,-0.1802032731005806,1.3848898504749783
14172,1.9305466588531957,-0.25286811822469796,-0.17915175950994408,-0.37767114561472376,-0.9129208548137724
14173,-0.9117717590511801,-0.022246116839938542,-0.16412505270627323,-0.44635562301094744,1.7247341228538187
14174,-0.8019006269305068,-0.4066161191478709,-0.1953959495176362,-0.4806978617090593,-1.0558099238821486
14175,-0.6776984775767021,0.1315018840832344,0.3270844050945425,1.330855229616341,1.1377303796540035
14176,0.45922888958504826,-0.09912011730152501,-0.152320036383323,-0.4205989439873636,-0.731413118429619
14177,-0.5487193224785203,0.5158718863911668,-0.05167822087821375,0.5066415008616565,1.1261447794592703
14178,-0.9213257705399343,0.05462788362164793,-0.09388361274548786,0.9359194845880546,-0.38384511258762305
14179,-0.768461586719867,-0.32974211868628445,-0.15612138183660668,0.4551281428144887,-1.0094675231032157
14180,-0.9117717590511801,2.053351895622896,0.2189527825066744,0.36927254606920906,1.0218743777066714
14181,0.9990305386996609,-0.32974211868628445,-0.18335339238753057,-0.2918155488694441,-0.46880618068233315
14182,1.1566717282641052,-0.1759941177631115,-0.15770037029233394,-0.3433289069166119,-0.4649443139507554
14183,1.003807544444038,-0.32974211868628445,-0.1854317013154417,-0.47211230203453136,-0.7854792526717072
14184,-0.6442594373660624,-0.4066161191478709,-0.17334343662477553,-0.4978689810581152,-1.0558099238821486
14185,0.6216470848938698,-0.4066161191478709,-0.1910197968633641,-0.6781657342232025,-1.0558099238821486
14186,1.0802396363540716,-0.09912011730152501,-0.09732068279188007,-0.060005437657189103,-0.21778484312978058
14187,1.2999819005954183,-0.4066161191478709,-0.19615497203845947,-0.6352379358505627,-1.0558099238821486
14188,-0.816231644163638,-0.022246116839938542,-0.06243542600225373,-0.41201338431283563,0.025512760959616555
14189,-0.949987805006197,0.7464938877759261,0.17640666155158546,1.0046039619842784,0.43487063450685615
14190,2.221944009260199,-0.4066161191478709,-0.19917444119063962,-0.6953368535722584,-1.0558099238821486
14191,-0.954764810750574,0.6696198873143396,0.12893381959910902,0.5581548589088242,1.7517671899748628
14192,0.8939364123233645,-0.4066161191478709,-0.18436519156902942,-0.5837245778033949,-1.0558099238821486
14193,-0.6394824316216853,-0.25286811822469796,-0.12089747357555465,-0.28322998919491615,0.21474423080692542
14194,-0.9404337935174427,2.2839738970076557,1.0883029664411046,3.005039366149294,1.6397730547591085
14195,0.0006363381248464415,-0.022246116839938542,-0.02356737859469436,-0.6180668165015067,0.6163783708910096
14196,-0.4531792075909783,-0.4066161191478709,-0.18147176447778893,-0.6524090551996186,-1.0558099238821486
14197,0.9990305386996609,-0.4066161191478709,-0.1776953504211746,-0.5322112197562271,-1.0558099238821486
14198,-0.8735557130961633,0.20837588454482087,-0.09599793369081033,-0.20595995212416449,1.5895687872485982
14199,0.08184543577925718,-0.1759941177631115,-0.12910336577376166,-0.5751390181288669,0.149092496370104
14200,1.987870727785721,-0.4066161191478709,-0.17844675501523782,-0.5236256600816991,-1.0558099238821486
14201,-0.672921471832325,0.28524988500640736,-0.12205055067151335,-0.30040110854397206,0.9832557103908941
14202,0.8604973721127248,-0.25286811822469796,-0.14599715717245038,-0.47211230203453136,-0.11737630810875954
14203,0.9369294640227585,-0.4066161191478709,-0.18120721465757497,-0.5665534584543389,-1.0558099238821486
14204,-0.949987805006197,-0.1759941177631115,-0.13373437270509853,0.8929916862154148,1.7826621238274847
14205,-0.8831097245849174,0.20837588454482087,-0.03751510995361828,-0.025663198959077253,1.3617186500855119
14206,0.18216255641117632,-0.25286811822469796,-0.12264128626481832,-0.17161771342605264,-0.42632564663497813
14207,2.322261129892118,-0.4066161191478709,-0.1937795639669049,-0.6867512938977305,-1.0558099238821486
14208,-0.5105032765235035,-0.32974211868628445,-0.16543741372539741,-0.41201338431283563,0.7090631724488752
14209,-0.9117717590511801,0.6696198873143396,0.14109549340219066,0.4379570234654328,1.5548119866643986
14210,-0.45795621333535536,0.7464938877759261,0.18010620380180253,0.5238126202107124,1.2497245148697576
14211,-0.7063605120429647,0.900241888699099,0.1001678356142221,0.626839336305048,1.5586738533959763
14212,-0.534388305245389,-0.32974211868628445,-0.05303213422512023,-0.549382339105283,0.3190146325595242
14213,0.9703685042333982,-0.4066161191478709,-0.12214335087022714,-0.6609946148741466,-1.0558099238821486
14214,-0.816231644163638,-0.09912011730152501,-0.13515061454367844,-0.1544465940769967,-0.1019288411824486
14215,-0.906994753306803,0.20837588454482087,0.020390136427399876,0.7298660523993835,1.7247341228538187
14216,-0.9452107992618198,-0.09912011730152501,-0.05580921479857032,-0.14586103440246875,0.5314173027962995
14217,-0.954764810750574,1.2846118910070314,0.023732328658689208,0.3435158670456252,0.9755319769277386
14218,-0.7589075752311129,-0.4066161191478709,-0.1929706786527429,-0.6008956971524508,-1.0558099238821486
14219,-0.9404337935174427,-0.25286811822469796,-0.1608126396432279,-0.3690855859401958,0.8326429078593626
14220,0.22037860236619314,-0.1759941177631115,-0.09978819852335206,-0.4806978617090593,0.1877111636858813
14221,-0.7589075752311129,0.8233678882375126,0.24665364182274183,0.7212804927248556,1.145454113117159
14222,-0.114011799740204,-0.4066161191478709,-0.15739565322193044,-0.35191446659113984,-1.0558099238821486
14223,-0.5200572880122577,-0.25286811822469796,-0.1360682284488708,-0.2746444295203882,-0.3915688460507785
14224,-0.4340711846134699,0.20837588454482087,-0.0771622635070957,0.9187483652389987,0.6202402376225873
14225,1.1136786765647113,-0.1759941177631115,-0.06404834885900318,-0.10293323602982893,-0.04400084020878262
14226,-0.8257856556523923,-0.022246116839938542,0.002024007547625196,0.06019239778620238,0.539141036259455
14227,-0.8353396671411465,0.6696198873143396,0.23635004961032524,1.4081252666870927,1.4273703845223333
14228,1.1280096937978425,-0.25286811822469796,-0.15307905890414628,-0.37767114561472376,-0.6348664501401756
14229,-0.7159145235317189,0.05462788362164793,-0.025060492239671512,-0.35191446659113984,0.566174103380499
14230,1.1184556823090883,-0.25286811822469796,-0.13685287490515982,-0.47211230203453136,-0.6194189832138647
14231,-0.0853497652739414,-0.1759941177631115,-0.1191363474163817,-0.13727547472794077,-0.024691506550893964
14232,-0.7589075752311129,-0.09912011730152501,-0.06287103290517146,-0.008492079610021325,-0.1984755094718919
14233,-0.7254685350204731,0.05462788362164793,-0.003575861159835528,-0.3433289069166119,1.242000781406602
14234,-0.8544476901186548,-0.1759941177631115,-0.15248209046167396,0.3435158670456252,-0.9206445882769279
14235,-0.6012663856666685,0.20837588454482087,0.12203128541567335,0.21473247192770573,1.0450455780961379
14236,-0.5773813569447829,-0.09912011730152501,-0.09699449701878907,-0.3690855859401958,0.5854834370383877
14237,0.822281326157708,-0.32974211868628445,-0.17207955332139738,-0.4806978617090593,-0.21778484312978058
14238,0.5977620561719842,-0.25286811822469796,-0.1746357140188049,-0.5923101374779228,0.5198317026015663
14239,-0.7541305694867357,1.1308638900838586,0.09053323587910049,0.1288768751824261,1.6127399876380644
14240,-0.816231644163638,-0.25286811822469796,-0.1183143038650886,-0.30898666821850007,0.4619037016279003
14241,-0.0853497652739414,-0.32974211868628445,-0.18159780653872856,-0.6008956971524508,0.9253277094172282
14242,0.15827752768929082,-0.32974211868628445,-0.18527865024144358,-0.5923101374779228,-0.7043800513085748
14243,-0.9213257705399343,0.8233678882375126,0.2951493635774591,1.3136841102672852,0.7515437064962301
14244,2.1932819747939365,-0.4066161191478709,-0.1793318195970007,-0.5665534584543389,-1.0558099238821486
14245,0.08662244152363428,-0.32974211868628445,-0.08742984370210095,0.21473247192770573,-0.8858877876927282
14246,-0.4340711846134699,-0.25286811822469796,-0.10262345235569738,-0.21454551179869244,-0.5344579151191546
14247,0.36846578044188333,-0.09912011730152501,-0.15252087263427078,9.34800645066384e-05,-0.0015203061614275704
14248,0.5595460102169674,-0.25286811822469796,-0.13317203120244478,-0.35191446659113984,-0.2950221777613352
14249,0.9990305386996609,0.4389978859295803,0.16929498065164558,0.8243072088191912,-0.0169677730877385
14250,-0.9261027762843114,-0.25286811822469796,-0.07284497665051518,0.1031201961588422,-0.7391368518927744
14251,-0.954764810750574,-0.09912011730152501,-0.005277428982520547,-0.3862567052892517,-0.8395453869137954
14252,0.8604973721127248,-0.4066161191478709,-0.18040040695980206,-0.6180668165015067,-1.0558099238821486
14253,1.3955220154829604,-0.32974211868628445,-0.1795409663135049,-0.6094812568269787,-0.5537672487770433
14254,1.104124665075957,-0.4066161191478709,-0.1630841668953267,-0.5064545407326432,-1.0558099238821486
14255,1.6487033199349468,-0.4066161191478709,-0.13541031659231778,-0.6953368535722584,-1.0558099238821486
14256,0.28247967704309546,-0.09912011730152501,-0.03428857170132301,0.15463355420601,0.6202402376225873
14257,-0.6538134488548165,0.20837588454482087,0.20766093743183556,0.7298660523993835,1.1995202473592472
14258,-0.9165487647955571,1.4383598919302043,2.0149718163960264,0.1288768751824261,1.747905323243285
14259,-0.28598400653777967,-0.4066161191478709,-0.19639736061718954,-0.6609946148741466,-1.0558099238821486
14260,1.290427889106664,-0.25286811822469796,-0.14762323826633084,-0.2746444295203882,-0.7584461855506631
14261,-0.720691529276096,-0.32974211868628445,-0.12413439990979548,-0.2574733101713323,-0.947677655397972
14262,-0.9213257705399343,0.1315018840832344,-0.02338524089124862,0.043021278437146454,-0.1598568421561146
14263,1.0611316133765631,-0.4066161191478709,-0.18234367082242078,-0.5665534584543389,-1.0558099238821486
14264,-0.22388293186087738,-0.022246116839938542,-0.09962475936740837,-0.19737439244963653,0.7090631724488752
14265,-0.43884819035784695,-0.1759941177631115,-0.10959801057395571,-0.06859099733171707,0.8867090421014509
14266,1.0850166420984486,-0.4066161191478709,-0.20189888881556547,-0.6953368535722584,-1.0558099238821486
14267,-0.18566688590586056,-0.25286811822469796,-0.09970232371260199,-0.48928342138358727,-0.6773469841875307
14268,1.2856508833622868,-0.4066161191478709,-0.18013308698440264,-0.5407967794307551,-1.0558099238821486
14269,1.1375637052865968,-0.4066161191478709,-0.1842273763485515,-0.5665534584543389,-1.0558099238821486
14270,0.6216470848938698,-0.4066161191478709,-0.17058990237040206,-0.45494118268547545,-1.0558099238821486
14271,0.1152844759898969,-0.32974211868628445,-0.18987503023296187,-0.37767114561472376,-0.3452264452718457
14272,-0.6108203971554227,-0.1759941177631115,-0.14093816126495587,-0.17161771342605264,0.9098802424909173
14273,-0.7159145235317189,-0.1759941177631115,-0.16592773119322848,-0.5150401004071712,-0.3181933781508016
14274,2.317484124147741,-0.4066161191478709,-0.18693728065875356,-0.5751390181288669,-1.0558099238821486
14275,0.9273754525340043,-0.022246116839938542,-0.12233864681080393,-0.5837245778033949,-0.23709417678766923
14276,-0.4913952535459951,0.05462788362164793,-0.0590890785381862,-0.060005437657189103,1.114559179264537
14277,-0.8878867303292945,0.20837588454482087,0.9862933868131615,2.1636545180455533,1.689977322269619
14278,0.9942535329552837,-0.4066161191478709,-0.19045330012793213,-0.5923101374779228,-1.0558099238821486
14279,1.524501170581142,-0.32974211868628445,-0.19142077682646325,-0.6781657342232025,-0.4340493800981336
14280,-0.02324869059703907,-0.4066161191478709,-0.1954250361470838,-0.6352379358505627,-1.0558099238821486
14281,0.9894765272109066,-0.4066161191478709,-0.187730237580599,-0.6438234955250907,-1.0558099238821486
14282,-0.9452107992618198,1.4383598919302043,0.29743543414428175,0.15463355420601,1.489160252227577
14283,1.2522118431516471,-0.1759941177631115,-0.16118591805447216,-0.39484226496377967,-0.6464520503349088
14284,-0.816231644163638,-0.25286811822469796,-0.11470202150321436,-0.19737439244963653,1.3501330498907786
14285,-0.859224695863032,0.1315018840832344,0.02275100118423065,-0.2918155488694441,1.6861154555380413
14286,-0.8496706843742777,0.05462788362164793,0.3825484522183507,1.6141786988757638,1.6938391890011968
14287,-0.9213257705399343,-0.25286811822469796,-0.19247551341333718,-0.6266523761760346,-0.32205524488237935
14288,0.05796040705737167,-0.4066161191478709,-0.17516412112043644,-0.5665534584543389,-1.0558099238821486
14289,-0.9213257705399343,-0.022246116839938542,-0.14159953581549073,-0.4205989439873636,0.029374627691194286
14290,-0.906994753306803,0.1315018840832344,0.10808147644036036,0.32634474769656924,1.7247341228538187
14291,-0.954764810750574,1.2846118910070314,0.3426817638664235,1.3651974683144528,1.7594909234380183
14292,-0.9261027762843114,0.7464938877759261,0.4342457808286939,0.32634474769656924,1.3501330498907786
14293,-0.9452107992618198,0.20837588454482087,-0.0036631210481783325,0.05160683811167442,1.747905323243285
14294,0.9846995214665295,-0.4066161191478709,-0.1787140749906372,-0.5064545407326432,-1.0558099238821486
14295,-0.768461586719867,-0.09912011730152501,-0.04106714144020819,-0.13727547472794077,1.6127399876380644
14296,1.051577601887809,-0.32974211868628445,-0.1731003555072491,-0.47211230203453136,-0.4649443139507554
14297,-0.8783327188405403,-0.1759941177631115,-0.1143086594668753,-0.2918155488694441,-0.06331017386667129
14298,-0.9213257705399343,5.820177918240633,6.110864407858495,11.058294340856524,1.7247341228538187
14299,-0.9213257705399343,1.5921078928533774,0.7697115737910943,0.7041093733757996,1.7594909234380183
14300,-0.8735557130961633,-0.4066161191478709,-0.2017160585733234,-0.6781657342232025,-1.0558099238821486
14301,-0.4006321444028301,-0.1759941177631115,-0.0667416322380923,-0.3862567052892517,1.0643549117540265
14302,1.0945706535872028,-0.25286811822469796,-0.1532591189912029,-0.48928342138358727,0.12978316271221532
14303,0.9846995214665295,-0.32974211868628445,-0.18545940286729656,-0.5236256600816991,-0.9515395221295497
14304,0.10095345875676559,-0.25286811822469796,-0.08524419126075221,-0.11151879570435688,0.28811969870690235
14305,-0.6203744086441768,-0.25286811822469796,-0.07596763408335469,0.12029131550789812,-0.8086504530611736
14306,-0.7159145235317189,-0.022246116839938542,0.0135388501148957,-0.33474334724208393,1.3617186500855119
14307,-0.5391653109897661,0.28524988500640736,0.09224726940012018,1.0561173200314462,1.431232251253911
14308,1.663034337168078,-0.32974211868628445,-0.125272241152234,-0.6953368535722584,-1.0558099238821486
14309,-0.9213257705399343,0.36212388546799384,0.05712793449732023,0.36927254606920906,1.0373218446329824
14310,1.104124665075957,-0.4066161191478709,-0.1706279920042025,-0.5150401004071712,-1.0558099238821486
14311,0.19649357364430764,-0.32974211868628445,-0.16894166003503763,-0.4377700633364195,0.1992967638806145
14312,-0.7397995522536044,0.36212388546799384,0.009306745530268876,0.5667404185833522,0.7129250391804529
14314,-0.4531792075909783,-0.32974211868628445,-0.1887932846330294,-0.6180668165015067,0.19543489714903678
14315,-0.7493535637423586,0.1315018840832344,0.016753615207652648,0.008679039739034602,1.2226914477487136
14316,1.0563546076321861,-0.09912011730152501,-0.10980646475166357,-0.5236256600816991,-0.25254164371398014
14317,-0.6538134488548165,-0.4066161191478709,-0.1694866880677821,-0.4978689810581152,-1.0558099238821486
14318,1.237880825918516,-0.4066161191478709,-0.19376432811338473,-0.6266523761760346,-1.0558099238821486
14319,1.0659086191209401,-0.4066161191478709,-0.17043754383520032,-0.4806978617090593,-1.0558099238821486
14320,0.02452136684673195,-0.09912011730152501,-0.11144016377230415,-0.12010435537888485,0.8017479740067407
14321,-0.9117717590511801,0.05462788362164793,-0.051098565905650734,0.6869382540267437,0.7322343728383416
14322,1.0897936478428258,-0.1759941177631115,-0.17187456183767139,-0.6180668165015067,-0.16758057561927006
14323,-0.4149631616359615,-0.32974211868628445,-0.16280507376038897,-0.42918450366189154,-0.5769384491665097
14324,0.9942535329552837,-0.32974211868628445,-0.15611861168142122,-0.35191446659113984,0.040960227885927486
14325,1.7585744520556201,-0.4066161191478709,-0.18770738380031876,-0.549382339105283,-1.0558099238821486
14326,0.19649357364430764,-0.25286811822469796,-0.13954131051267435,-0.24030219082227633,0.06413142827539388
14327,-0.18088988016148344,-0.022246116839938542,-0.07347657203280607,0.146047994531482,1.0180125109750937
14328,1.1327866995422198,-0.4066161191478709,-0.17388638704113082,-0.6953368535722584,-1.0558099238821486
14329,-0.8783327188405403,0.6696198873143396,0.4800482192043221,2.2924379131634733,1.6706679886117304
14330,2.0165327622519835,-0.4066161191478709,-0.19081342030204537,-0.5923101374779228,-1.0558099238821486
14331,-0.3671931041921904,-0.32974211868628445,-0.1726668262207205,-0.47211230203453136,-1.0133293898347935
14332,-0.8544476901186548,-0.09912011730152501,-0.07191974481856273,-0.30040110854397206,0.465765568359478
14333,-0.6394824316216853,-0.4066161191478709,-0.17595361534830006,-0.5751390181288669,-1.0558099238821486
14334,-0.8831097245849174,0.4389978859295803,0.09436366796183174,0.5667404185833522,1.0759405119487597
14335,-0.8831097245849174,-0.32974211868628445,-0.1732070064818903,-0.23171663114774838,-0.7468605853559299
14336,-0.8831097245849174,-0.1759941177631115,-0.09286904340880346,-0.04283431830813318,-0.05172457367193809
14338,-0.19044389165023765,-0.25286811822469796,-0.14043330048240096,-0.33474334724208393,0.3923901004595011
14339,0.19649357364430764,-0.32974211868628445,-0.16175172225110776,-0.5236256600816991,-0.3375027118086903
14340,0.08184543577925718,-0.4066161191478709,-0.1953793285865233,-0.6524090551996186,-1.0558099238821486
14341,-0.7445765579979815,0.900241888699099,0.10361183104857807,0.8844061265408869,1.6204637211012198
14342,-0.859224695863032,-0.022246116839938542,-0.14110229295969592,-0.47211230203453136,0.6858919720594088
14343,1.051577601887809,-0.1759941177631115,-0.12993718248459307,0.9530906039371105,-0.0169677730877385
14344,-0.35286208695905913,1.053989889622272,0.002572498274351504,0.49805594118712854,0.8712615751751399
14345,-0.7780155982086212,-0.4066161191478709,-0.19716053837079103,-0.6524090551996186,-1.0558099238821486
14346,-0.38630112716969883,-0.09912011730152501,-0.04433315440389662,0.35210142672015315,0.4001138339226566
14347,2.556334411366596,-0.4066161191478709,-0.1989874557156193,-0.6524090551996186,-1.0558099238821486
14348,0.28247967704309546,-0.4066161191478709,-0.17634351469065726,-0.549382339105283,-1.0558099238821486
14349,-0.9117717590511801,-0.4066161191478709,-0.1954624332420879,-0.4377700633364195,-1.0558099238821486
14350,0.3493577574643749,-0.25286811822469796,-0.13739097754994056,-0.23171663114774838,-0.4533587137560222
14351,-0.17611287441710635,-0.4066161191478709,-0.20117587831215353,-0.6953368535722584,-1.0558099238821486
14352,-0.20955191462774606,-0.1759941177631115,-0.12998566020033908,-0.326157787567556,-0.6078333830191315
14353,0.06751441854612587,-0.25286811822469796,-0.17863374049025812,-0.549382339105283,-0.22164670986135832
14354,-0.9356567877730656,-0.32974211868628445,-0.19337650638741666,-0.6266523761760346,-0.9592632555927052
14355,0.7840652802026912,-0.25286811822469796,-0.14653110458445287,-0.21454551179869244,-0.04400084020878262
14356,-0.58215836268916,-0.32974211868628445,-0.15614492815568334,-0.4205989439873636,-1.048086190418993
14357,-0.7541305694867357,-0.4066161191478709,-0.18911739278973133,-0.3690855859401958,-1.0558099238821486
14358,0.8987134180677416,-0.32974211868628445,-0.17700211908600666,-0.5236256600816991,-0.9051971213506169
14359,-0.8687787073517862,-0.25286811822469796,-0.14153582224622455,-0.326157787567556,-0.7932029861348626
14360,-0.8114546384192609,-0.1759941177631115,-0.058026031485755775,0.18897579290412184,-0.8125123197927513
14361,1.801567503755014,-0.4066161191478709,-0.18983832567675415,-0.5837245778033949,-1.0558099238821486
14362,-0.8544476901186548,-0.4066161191478709,-0.19421586340861902,-0.3862567052892517,-1.0558099238821486
14363,0.960814492744644,-0.32974211868628445,-0.18895464617258403,-0.6352379358505627,-0.8665784540348396
14364,-0.44362519610222406,0.1315018840832344,0.052733083295546095,-0.1802032731005806,-0.658037650529642
14365,0.9225984467896272,-0.32974211868628445,-0.1607537738455363,-0.2746444295203882,0.05254582808066068
14366,1.5483861993030275,-0.4066161191478709,-0.19528929854299498,-0.6953368535722584,-1.0558099238821486
14367,-0.9213257705399343,0.7464938877759261,0.4343545094197242,1.6141786988757638,-0.02082963981931623
14368,0.5643230159613445,-0.4066161191478709,-0.19397347482988894,-0.6352379358505627,-1.0558099238821486
14369,2.1072958713951486,-0.32974211868628445,-0.17221875361946803,-0.4978689810581152,-0.9824344559821715
14370,1.190110768474745,-0.022246116839938542,-0.1232804995738693,-0.3862567052892517,-0.18302804254558097
14371,0.44967487809629403,-0.4066161191478709,-0.19774781127011415,-0.6695801745486745,-1.0558099238821486
14372,1.1566717282641052,-0.32974211868628445,-0.14514394937532055,-0.39484226496377967,-0.4533587137560222
14373,0.7506262399920515,-0.4066161191478709,-0.1994064416874241,-0.6695801745486745,-1.0558099238821486
14374,1.624818291213061,-0.4066161191478709,-0.19722840717283546,-0.6438234955250907,-1.0558099238821486
14375,-0.0757957537851872,-0.25286811822469796,-0.12805624711364783,0.8071360894701352,0.3190146325595242
14376,2.3031531069146096,-0.4066161191478709,-0.1897863852670263,-0.557967898779811,-1.0558099238821486
14377,-0.04713371931892458,-0.32974211868628445,-0.16197471974353944,-0.6094812568269787,-0.7816173859401294
14378,2.0069787507632295,-0.4066161191478709,-0.19561825447127149,-0.6266523761760346,-1.0558099238821486
14379,-0.7493535637423586,-0.1759941177631115,-0.11709058781189999,0.09453463648431423,0.6279639710857428
14380,2.298376101170233,-0.4066161191478709,-0.20131715622661334,-0.6953368535722584,-1.0558099238821486
14381,-0.7111375177873418,-0.32974211868628445,-0.16135905275356507,0.18897579290412184,0.4850749020173667
14382,-0.8353396671411465,-0.32974211868628445,-0.122044317822346,1.2449996328710613,0.34990956641214604
14383,-0.7780155982086212,-0.25286811822469796,-0.11830045308916116,-0.28322998919491615,-0.573076582434932
14384,1.4289610556936,-0.4066161191478709,-0.20065647421487484,-0.6781657342232025,-1.0558099238821486
14385,-0.9165487647955571,-0.25286811822469796,-0.19071092456018235,-0.5923101374779228,-1.0017437896400603
14386,0.45445188384067114,-0.4066161191478709,-0.19484607371331716,-0.6438234955250907,-1.0558099238821486
14387,-0.8066776326748838,-0.25286811822469796,-0.08506482371249197,0.36927254606920906,-0.7584461855506631
14388,-0.9117717590511801,0.7464938877759261,0.23769980772445345,0.8758205668663589,1.562535720127554
14389,-0.6490364431104395,-0.09912011730152501,-0.07326327008352362,-0.2918155488694441,0.9716701101961609
14390,-0.9117717590511801,0.5158718863911668,0.2212056112112712,0.9874328426352225,0.5468647697226104
14391,1.7920134922662598,-0.4066161191478709,-0.19531700009484984,-0.5837245778033949,-1.0558099238821486
14392,1.104124665075957,-0.4066161191478709,-0.18625859263830938,-0.5837245778033949,-1.0558099238821486
14393,0.08184543577925718,-0.4066161191478709,-0.2000020250523037,-0.6609946148741466,-1.0558099238821486
14394,1.7346894233337347,-0.4066161191478709,-0.1982118122636831,-0.6524090551996186,-1.0558099238821486
14395,-0.949987805006197,1.053989889622272,0.33560609498389493,2.043456682602162,1.2535863816013353
14396,-0.6490364431104395,0.05462788362164793,-0.06832062069381954,1.0303606410078623,1.5393645197380876
14397,-0.949987805006197,0.9771158891606855,-0.02375020883693645,-0.549382339105283,-0.24095604351924696
14398,0.9560374870002669,-0.32974211868628445,-0.15569062270526357,-0.2746444295203882,-0.5692147157033542
14399,0.9225984467896272,0.1315018840832344,-0.0587061045837927,0.3177591880220413,0.025512760959616555
14400,-0.24776796058276288,-0.25286811822469796,-0.084727557318659,-0.09434767635530096,0.8056098407383184
14401,-0.9404337935174427,1.207737890545445,0.26593461445252337,0.7642082910974954,1.7285959895853964
14402,2.1550659288389196,-0.4066161191478709,-0.18492891814927592,-0.6352379358505627,-1.0558099238821486
14403,-0.33853106972592784,-0.022246116839938542,-0.07447521297717391,-0.5322112197562271,0.9098802424909173
14404,-0.8019006269305068,0.5158718863911668,-0.016051255037673427,0.35210142672015315,1.593430653980176
14405,0.8843824008346104,-0.4066161191478709,-0.19120331964440257,-0.6867512938977305,-1.0558099238821486
14406,-0.39107813291407595,-0.4066161191478709,-0.19385228054052392,-0.6352379358505627,-1.0558099238821486
14407,-0.4484022018466012,-0.022246116839938542,-0.05527665246416056,-0.12868991505341282,-0.4031544462455117
14408,-0.9117717590511801,0.36212388546799384,0.07939028664548155,-0.16303215375152466,1.7324578563169741
14409,-0.6203744086441768,0.20837588454482087,0.03264530296799162,-0.05141987798266114,0.8596759749804067
14410,-0.5200572880122577,0.36212388546799384,-0.022438540356608645,1.9318444068332985,0.27653409851216915
14411,0.5213299642619506,-0.4066161191478709,-0.13109095211934815,-0.5837245778033949,-1.0558099238821486
14412,-0.7589075752311129,-0.25286811822469796,-0.1059386355739282,-0.060005437657189103,0.4194231675805452
14413,0.7697342629695599,-0.1759941177631115,-0.1517618501134475,0.09453463648431423,0.20702049734376995
14414,-0.5248342937566348,0.1315018840832344,-0.038544915143822835,0.146047994531482,0.03709836115434975
14415,-0.954764810750574,1.2846118910070314,0.6249598847286891,3.116651641918158,1.7324578563169741
14416,-0.8544476901186548,-0.32974211868628445,-0.17075818929792036,-0.5923101374779228,-0.9785725892505938
14417,0.8891594065789875,-0.4066161191478709,-0.16837377822201294,0.20614691225317777,-1.0558099238821486
14418,-0.9452107992618198,-0.25286811822469796,-0.07054574784656148,0.27483138964940146,-0.6503139170664866
14419,-0.9117717590511801,0.05462788362164793,-0.1178191386256829,0.30917362834751333,0.3808045002647679
14420,-0.486618247801618,-0.1759941177631115,-0.09118894428880597,0.02585015908809053,1.2304151812118689
14421,-0.6872524890654563,-0.022246116839938542,-0.03369437341403619,-0.08576211668077299,1.3926135839381337
14422,-0.9595418164949511,0.9771158891606855,0.5066347835970276,2.017700003578578,1.7324578563169741
14423,0.08184543577925718,-0.25286811822469796,-0.14122902755943192,-0.6008956971524508,0.782438640348852
14424,-0.8783327188405403,-0.4066161191478709,-0.18240253662011235,-0.6953368535722584,-1.0558099238821486
14425,1.1136786765647113,-0.25286811822469796,-0.1589040027204278,-0.4034278246383076,0.1143356957859044
14426,-0.8496706843742777,0.8233678882375126,0.6074975189781794,3.1767505596398533,1.346271183159201
14427,-0.720691529276096,-0.1759941177631115,-0.11720416417450494,-0.33474334724208393,1.187934647164514
14428,-0.9261027762843114,-0.09912011730152501,-0.11993692226498726,0.22331803160223368,0.17226369675957037
14429,0.965591498489021,-0.4066161191478709,-0.16895343319457595,-0.5150401004071712,-1.0558099238821486
14430,1.481508118881748,-0.25286811822469796,-0.12015576452464066,-0.45494118268547545,-0.6850707176506862
14431,0.4831139183069338,-0.1759941177631115,-0.02366433402618639,-0.08576211668077299,0.4310087677752784
14432,-0.9165487647955571,-0.022246116839938542,-0.04899047780949559,1.4939808634323724,-0.7468605853559299
14433,1.2617658546404014,-0.4066161191478709,-0.18526826215949802,-0.08576211668077299,-1.0558099238821486
14434,-0.859224695863032,-0.022246116839938542,-0.10963610020775615,-0.6781657342232025,-0.8588547205716841
14435,1.433738061437977,-0.4066161191478709,-0.1984458903768567,-0.6781657342232025,-1.0558099238821486
14436,-0.4913952535459951,-0.32974211868628445,-0.18589154707623246,-0.6094812568269787,0.7013394389857197
14437,0.7840652802026912,-0.09912011730152501,-0.1442256429313318,-0.41201338431283563,-0.21392297639820285
14438,0.5022219412844422,-0.4066161191478709,-0.19557323944950733,-0.6266523761760346,-1.0558099238821486
14439,0.5643230159613445,-0.09912011730152501,0.4492593293952338,0.1975613525786498,0.365357033338457
14440,-0.9213257705399343,0.5158718863911668,0.2095709594322284,-0.16303215375152466,1.7594909234380183
14441,-0.9595418164949511,0.36212388546799384,0.11466959801024328,0.18039023322959388,1.6088781209064866
14442,0.014967355357977748,0.05462788362164793,0.166979130916579,0.395029225092793,0.8210573076646294
14443,-0.7063605120429647,-0.09912011730152501,-0.060454072505834615,0.3177591880220413,0.20315863061219222
14444,1.2187728029410074,-0.4066161191478709,-0.19636688891014917,-0.6094812568269787,-1.0558099238821486
14445,1.2139957971966304,-0.4066161191478709,-0.18935770375207228,-0.42918450366189154,-1.0558099238821486
14446,-0.9595418164949511,-0.09912011730152501,-0.1215837795227589,1.5197375424559563,0.43487063450685615
14447,-0.8735557130961633,-0.022246116839938542,-0.08616388278233368,-0.008492079610021325,0.4194231675805452
14448,-0.9165487647955571,-0.32974211868628445,-0.17871338245184087,-0.5322112197562271,0.3151527658279465
14449,-0.8735557130961633,0.1315018840832344,-0.05020519085833137,1.8803310487861307,0.5584503699173436
14450,-0.0996807825070727,0.05462788362164793,-0.12655897823589243,-0.30040110854397206,0.6047927706962763
14451,-0.672921471832325,0.4389978859295803,0.02096840632237015,1.3995397070125646,1.3810279837434005
14452,-0.9117717590511801,-0.1759941177631115,-0.15907298218674243,0.22331803160223368,0.9176039759540727
14453,-0.05191072506330168,-0.4066161191478709,-0.19640220838876415,-0.5150401004071712,-1.0558099238821486
14454,0.8366123433908393,-0.09912011730152501,-0.13702600960425274,0.09453463648431423,0.3228764992911019
14455,1.104124665075957,-0.1759941177631115,-0.16192831964418253,-0.14586103440246875,-0.8125123197927513
14456,-0.9356567877730656,0.20837588454482087,0.004250519777959879,4.275702197979433,-0.5267341816559992
14457,0.5213299642619506,-0.4066161191478709,-0.19683781529168187,-0.6695801745486745,-1.0558099238821486
14458,0.8557203663683477,-0.4066161191478709,-0.1889130938448017,-0.30898666821850007,-1.0558099238821486
14459,-0.21910592611650026,-0.32974211868628445,0.16758302474701497,0.2662458299748735,0.8596759749804067
14460,-0.4340711846134699,0.20837588454482087,-0.1289787087904148,-0.4205989439873636,1.315376249306579
14461,-0.25254496632713996,0.5158718863911668,0.2576940953144978,3.717640819135115,1.0373218446329824
14462,-0.6442594373660624,0.4389978859295803,-0.04938453238463104,0.858649447517303,0.3576332998753015
14463,-0.4913952535459951,-0.1759941177631115,-0.15023480206744813,-0.6438234955250907,0.49279863548052216
14464,1.753797446311243,-0.32974211868628445,-0.19702064553392398,-0.6695801745486745,-0.8279597867190622
14465,0.21560159662181605,0.36212388546799384,0.06717251719989384,0.395029225092793,0.7013394389857197
14466,-0.8210086499080151,0.5158718863911668,0.09080886632005636,-0.04283431830813318,1.6359111880275308
14467,-0.8783327188405403,0.4389978859295803,-0.05212490840187345,0.5323981798852404,1.7247341228538187
14468,2.5420033941334648,-0.4066161191478709,-0.1905634137965552,-0.6008956971524508,-1.0558099238821486
14469,1.0276925731659234,-0.1759941177631115,-0.0597275993084408,0.32634474769656924,-0.040138973477204895
14470,-0.906994753306803,-0.25286811822469796,-0.15539629371680563,-0.22313107147322042,0.5623122366489213
14471,1.8636685784319162,-0.32974211868628445,-0.1769404831331296,-0.37767114561472376,-0.5112867147296882
14472,-0.4675102248241096,0.20837588454482087,-0.057978246308806165,0.7813794104465513,1.2072439808224027
14473,-0.6060433914110456,-0.32974211868628445,-0.18847887201947672,-0.6438234955250907,-0.25254164371398014
14474,-0.7397995522536044,-0.32974211868628445,-0.11752480963722498,0.3435158670456252,1.0025650440487828
14475,-0.6203744086441768,-0.1759941177631115,-0.12498622262933254,-0.36050002626566785,0.2456391646595473
14476,0.26814865980996416,-0.4066161191478709,-0.1913418274036769,-0.557967898779811,-1.0558099238821486
14477,-0.8687787073517862,0.05462788362164793,-0.06830538484029938,-0.6438234955250907,1.5895687872485982
14478,0.8652743778571019,-0.1759941177631115,-0.11629416819607265,-0.19737439244963653,0.3190146325595242
14479,0.24904063683245575,-0.1759941177631115,-0.12681729520693905,0.38644366541826497,0.797886107275163
14480,-0.906994753306803,-0.1759941177631115,-0.11471102450756719,-0.2574733101713323,1.6745298553433081
14481,-0.17611287441710635,-0.09912011730152501,-0.04648417990542679,0.27483138964940146,0.9253277094172282
14482,-0.8735557130961633,0.4389978859295803,0.09354924233729879,0.8844061265408869,0.6897538387909865
14483,0.3827967976750146,-0.32974211868628445,-0.18690265371893497,-0.5923101374779228,0.7013394389857197
14484,-0.720691529276096,-0.1759941177631115,-0.13053830615984363,-0.30040110854397206,1.5393645197380876
14485,-0.7780155982086212,-0.4066161191478709,-0.1934332945687191,-0.326157787567556,-1.0558099238821486
14486,1.481508118881748,-0.32974211868628445,-0.19255377029732718,-0.6695801745486745,-0.8936115211558837
14487,-0.8353396671411465,0.05462788362164793,-0.11701371600550274,0.40361478476732093,0.307429032364791
14488,-0.6394824316216853,-0.4066161191478709,-0.1310023071534126,-0.30898666821850007,-1.0558099238821486
14489,0.029298372591109054,-0.1759941177631115,-0.0956378135166971,-0.14586103440246875,0.5082461024068331
14490,0.9799225157221524,-0.32974211868628445,-0.11651508807211519,-0.08576211668077299,-0.9708488557874383
14491,-0.12356581122895821,-0.32974211868628445,-0.1810971009889519,-0.557967898779811,-0.2950221777613352
14492,1.0945706535872028,0.05462788362164793,-0.0716081023601955,-0.10293323602982893,-0.3259171116139571
14493,-0.9261027762843114,0.28524988500640736,0.1476462178770695,1.803061011715379,1.3926135839381337
14494,-0.8401166728855235,-0.25286811822469796,-0.17690516365451464,-0.557967898779811,1.6706679886117304
14495,-0.720691529276096,-0.25286811822469796,-0.19260224801307319,-0.6438234955250907,1.2960669156486904
14496,0.5261069700063277,0.05462788362164793,-0.040999272638163775,-0.1544465940769967,0.1877111636858813
14497,0.5165529585175734,-0.32974211868628445,-0.1564337168337703,-0.36050002626566785,0.34990956641214604
14498,-0.7589075752311129,0.28524988500640736,0.06543978513137211,1.6656920569229317,0.9060183757593395
14499,-0.8353396671411465,0.05462788362164793,-0.059150714491063267,1.0046039619842784,0.6549970382067869
14500,-0.5391653109897661,-0.25286811822469796,-0.17999457922512832,-0.6524090551996186,-0.6657613839927975
14501,-0.0853497652739414,-0.32974211868628445,-0.18731055906999783,-0.6266523761760346,-0.5305960483875769
14502,-0.8687787073517862,0.36212388546799384,-0.036432671814889475,2.4555635469795045,0.0795788952017048
14503,-0.9452107992618198,-0.022246116839938542,0.04067667538951302,0.2662458299748735,-0.3799832458560453
14504,-0.7350225465092273,-0.1759941177631115,-0.1580819591691347,0.02585015908809053,-0.16371870888769233
14505,-0.8783327188405403,0.9771158891606855,0.6179645503465396,7.005910174479325,1.6977010557327745
14506,-0.8783327188405403,0.05462788362164793,0.00030097102225266057,1.4510530650597324,1.1917965138960918
14507,-0.8496706843742777,0.36212388546799384,0.01806389861038768,0.858649447517303,1.6706679886117304
14508,-0.8544476901186548,-0.09912011730152501,-0.1477174235426374,0.5152270605361845,0.9446370430751168
14509,1.5913792510024214,-0.4066161191478709,-0.19702410822790584,-0.48928342138358727,-1.0558099238821486
14510,0.8318353376464622,-0.25286811822469796,-0.13684941221117797,-0.12868991505341282,-0.8202360532559068
14511,-0.906994753306803,-0.09912011730152501,-0.11365213268791503,-0.2488877504968043,-0.5846621826296651
14512,-0.066241742296433,0.05462788362164793,-0.12049718615125186,-0.23171663114774838,1.0489074448277156
14513,-0.4818412420572409,-0.022246116839938542,-0.15013507648077065,-0.5751390181288669,0.7515437064962301
14514,-0.6681444660879479,0.20837588454482087,0.09862693679229531,1.116216237753142,1.5123314526170435
14515,-0.8783327188405403,0.4389978859295803,0.053197776827911436,0.23190359127676166,1.0025650440487828
14516,1.5053931476036337,-0.4066161191478709,-0.19423871718889926,-0.4034278246383076,-1.0558099238821486
14517,-0.8019006269305068,-0.32974211868628445,-0.18182288164754934,-0.557967898779811,-0.6387283168717534
14518,-0.6538134488548165,-0.4066161191478709,-0.1926320271813172,-0.5665534584543389,-1.0558099238821486
14519,2.3031531069146096,-0.32974211868628445,-0.1906395930641561,-0.37767114561472376,-0.8820259209611505
14520,-0.954764810750574,-0.32974211868628445,-0.18596772634383332,-0.6781657342232025,0.060269561543816144
14521,1.3859680039942062,-0.4066161191478709,-0.19089513988001722,-0.557967898779811,-1.0558099238821486
14522,-0.8448936786299006,0.1315018840832344,-0.0836229579384463,-0.41201338431283563,1.4930221189591548
14523,-0.44362519610222406,-0.4066161191478709,-0.1880114083319259,-0.6008956971524508,-1.0558099238821486
14524,-0.8114546384192609,0.5158718863911668,-0.0031887319726637965,1.4424675053852045,0.4310087677752784
14525,-0.8687787073517862,0.8233678882375126,0.3511612088891974,2.2151678760927216,1.6745298553433081
14526,0.8987134180677416,-0.4066161191478709,-0.18679531020549736,-0.35191446659113984,-1.0558099238821486
14527,-0.949987805006197,8.895137936704092,1.6822443218344791,4.5075123091916875,1.7826621238274847
14528,-0.7827926039529983,-0.4066161191478709,-0.17948417813220247,-0.549382339105283,-1.0558099238821486
14529,-0.672921471832325,-0.25286811822469796,-0.1646368388767918,0.8157216491446632,-0.8627165873032618
14530,-0.8401166728855235,0.7464938877759261,0.21697004393266253,1.605593139201236,1.5007458524223103
14531,1.3286439350616808,-0.4066161191478709,-0.17864482111100008,-0.45494118268547545,-1.0558099238821486
14532,0.16783153917804502,0.36212388546799384,0.0616273590573465,1.090459558729558,0.7283725061067639
14533,-0.8448936786299006,0.36212388546799384,0.03535174458421181,-0.06859099733171707,1.2072439808224027
14534,-0.949987805006197,1.5152338923917907,0.2238116347020175,3.0479671645219337,1.3848898504749783
14535,-0.672921471832325,0.20837588454482087,0.2089615252914214,4.352972235050184,1.2342770479434466
14536,0.2777026712987184,-0.4066161191478709,-0.19286887544967626,-0.549382339105283,-1.0558099238821486
14537,-0.6872524890654563,-0.32974211868628445,-0.16028838777437457,-0.5064545407326432,1.130006646190848
14538,-0.6538134488548165,-0.09912011730152501,-0.10977183781184499,-0.317572227893028,1.3346855829644677
14539,-0.8878867303292945,-0.32974211868628445,-0.1674852509462682,-0.4377700633364195,-0.9438157886663943
14540,-0.9165487647955571,0.36212388546799384,0.05219913588354359,0.9874328426352225,1.7363197230485519
14541,-0.6824754833210792,0.5927458868527532,-0.032170095523222295,0.146047994531482,1.4273703845223333
14542,-0.0757957537851872,-0.4066161191478709,-0.19755736310111197,-0.6609946148741466,-1.0558099238821486
14543,-0.8257856556523923,2.514595898392415,0.805558766968881,0.20614691225317777,1.6861154555380413
14544,-0.8448936786299006,-0.25286811822469796,-0.0012032232434664293,0.5667404185833522,0.6665826384015201
14545,2.260160055215216,-0.4066161191478709,-0.18052090871037071,-0.5064545407326432,-1.0558099238821486
14546,-0.9356567877730656,0.36212388546799384,0.15436245912428126,2.816157053309679,1.7556290567064405
14547,-0.9452107992618198,0.1315018840832344,0.07055903191415094,0.9960184023097504,-0.8588547205716841
14548,-0.24299095483838576,0.20837588454482087,-0.028713634390531675,-0.13727547472794077,1.1956583806276695
14549,0.5261069700063277,-0.1759941177631115,-0.14143748173713977,0.3005880686729854,0.5893453037699654
14550,-0.9117717590511801,-0.1759941177631115,-0.11155720282889095,-0.04283431830813318,0.7708530401541188
14551,-0.8735557130961633,0.05462788362164793,-0.1438966870030553,-0.11151879570435688,1.504607719153888
14552,-0.23821394909400867,-0.25286811822469796,-0.16953170308954627,0.3606869863946811,0.6472733047436314
14553,-0.8687787073517862,0.20837588454482087,-0.07876272066551046,1.2965129909182291,0.8365047745909403
14554,-0.9117717590511801,-0.1759941177631115,-0.04684430007954004,0.5581548589088242,-0.8936115211558837
14555,-0.6872524890654563,-0.022246116839938542,-0.04514480987324412,0.1031201961588422,1.5084695858854658
14556,1.8875536071538017,-0.25286811822469796,-0.14821812909241405,0.6525960153286319,-0.7005181845769971
14557,-0.5534963282228974,-0.4066161191478709,-0.1501094525453049,-0.5665534584543389,-1.0558099238821486
14558,2.1646199403276736,-0.25286811822469796,-0.15931190807149065,-0.5923101374779228,-0.7584461855506631
14559,0.9034904238121187,-0.4066161191478709,-0.1994722328730794,-0.6867512938977305,-1.0558099238821486
14560,-0.9261027762843114,2.8989659007003477,0.21871247154433346,-0.18878883277510855,1.763352790169596
14561,-0.6012663856666685,-0.25286811822469796,-0.1298610032169922,-0.12868991505341282,-0.6348664501401756
14562,-0.9452107992618198,1.5152338923917907,0.2550098149397615,1.3995397070125646,1.520055186080199
14563,1.471954107392994,-0.32974211868628445,-0.16034794611086253,0.11170575583337017,-0.7352749851611967
14564,1.1136786765647113,-0.32974211868628445,-0.024258532313473212,0.21473247192770573,0.10661196232274893
14565,-0.5057262707791264,-0.09912011730152501,0.0625581311996699,0.4894703815126006,0.4039757006542343
14566,-0.4340711846134699,-0.1759941177631115,0.07867904930160789,-0.6266523761760346,0.5777597035752322
14567,-0.6920294948098333,-0.32974211868628445,-0.09872445893212531,-0.4205989439873636,-0.7700317857453963
14568,1.1184556823090883,-0.4066161191478709,-0.1410150330713531,-0.30040110854397206,-1.0558099238821486
14569,-0.954764810750574,-0.1759941177631115,-0.16334040624998422,-0.4377700633364195,1.2690338485276462
14570,0.3780197919306375,-0.25286811822469796,-0.16220325754634204,-0.1544465940769967,-0.42632564663497813
14571,1.0706856248653174,-0.4066161191478709,-0.19362720543170317,-0.44635562301094744,-1.0558099238821486
14572,-0.9452107992618198,0.36212388546799384,0.17805005611537528,2.1808256373946096,1.33082371623289
14573,-0.1044577882514498,0.5158718863911668,-0.05490337405291628,0.867235007191831,0.95622264326985
14574,2.5372263883890875,-0.4066161191478709,-0.19475604366978888,-0.6094812568269787,-1.0558099238821486
14575,1.3716369867610747,-0.4066161191478709,-0.17560596087252153,-0.09434767635530096,-1.0558099238821486
14576,0.8175043204133309,-0.4066161191478709,-0.20225623883449323,-0.6953368535722584,-1.0558099238821486
14577,-0.9022177475624259,0.05462788362164793,-0.11023514626661757,0.18897579290412184,1.7092866559275077
14578,-0.9452107992618198,-0.4066161191478709,-0.19302954445043446,-0.4978689810581152,-1.0558099238821486
14579,1.104124665075957,-0.4066161191478709,-0.19739738663915013,-0.4978689810581152,-1.0558099238821486
14580,1.5149471590923878,-0.4066161191478709,-0.20367940606103685,-0.6953368535722584,-1.0558099238821486
14581,-0.8831097245849174,-0.32974211868628445,-0.17633797438028628,-0.19737439244963653,0.9832557103908941
14582,-0.768461586719867,-0.4066161191478709,-0.1968052659682524,-0.6524090551996186,-1.0558099238821486
14583,-0.9356567877730656,0.1315018840832344,-0.08972630235086917,2.326780151861585,1.3230999827697345
14584,-0.15222784569522083,0.1315018840832344,-0.08433350274352355,0.38644366541826497,0.840366641322518
14585,-0.720691529276096,-0.09912011730152501,-0.12553194320087335,0.05160683811167442,0.3576332998753015
14586,0.3589117689531291,-0.4066161191478709,-0.18826972530297248,-0.5407967794307551,-1.0558099238821486
14587,-0.8735557130961633,0.20837588454482087,-0.09526661272184193,0.7556227314229674,0.15295436310168173
14588,1.801567503755014,-0.4066161191478709,-0.19533154340957365,-0.5665534584543389,-1.0558099238821486
14589,0.8127273146689539,-0.4066161191478709,-0.20195498445807158,-0.6781657342232025,-1.0558099238821486
14590,1.0659086191209401,1.053989889622272,0.002594659515835375,0.3606869863946811,0.13364502944379306
14591,-0.8878867303292945,-0.1759941177631115,-0.11327816173787436,0.4808848218380726,-0.2911603110297575
14592,-0.7923466154417526,-0.25286811822469796,-0.1660683165688919,0.4293714637909048,-0.9438157886663943
14593,-0.859224695863032,0.4389978859295803,0.04914434725274851,3.039381604847406,1.6822535888064636
14594,-0.9261027762843114,-0.32974211868628445,-0.17954581408507952,-0.2918155488694441,0.3576332998753015
14595,-0.8687787073517862,0.1315018840832344,-0.05481126639299886,0.3177591880220413,1.5277789195433544
14596,2.0308637794851148,-0.4066161191478709,-0.1893182290406791,-0.2746444295203882,-1.0558099238821486
14597,-0.906994753306803,-0.022246116839938542,-0.05341372310192096,-0.025663198959077253,0.5893453037699654
14598,-0.7493535637423586,-0.32974211868628445,-0.17811156623779395,0.008679039739034602,0.9716701101961609
14599,0.9034904238121187,-0.32974211868628445,-0.17299716722658973,-0.04283431830813318,-0.5962477828243983
14600,0.4974449355400651,-0.32974211868628445,-0.1447914471279674,-0.2488877504968043,-0.715965651503308
14601,-0.9117717590511801,-0.4066161191478709,-0.18989026608648202,-0.6438234955250907,-1.0558099238821486
14602,2.174173951816428,-0.4066161191478709,-0.1904858494513616,-0.4377700633364195,-1.0558099238821486
14603,0.3493577574643749,-0.4066161191478709,-0.15900026561312341,-0.6867512938977305,-1.0558099238821486
14604,2.0643028196957545,-0.4066161191478709,-0.1947449630490469,-0.5322112197562271,-1.0558099238821486
14605,0.8270583319020851,-0.1759941177631115,-0.14088622085522798,0.05160683811167442,0.3228764992911019
14606,-0.954764810750574,14.276317969015144,1.8695407467743805,10.131053896007503,1.7826621238274847
14607,-0.8878867303292945,1.207737890545445,1.4409811186485249,0.20614691225317777,1.6822535888064636
14608,-0.9404337935174427,0.36212388546799384,0.027496277016968818,-0.5751390181288669,1.7594909234380183
14609,-0.6155974028997997,0.28524988500640736,-0.10178271025690226,-0.6524090551996186,1.2458626481381798
14610,0.9273754525340043,-0.32974211868628445,-0.20302149420448384,-0.6180668165015067,-0.5962477828243983
14611,1.1566717282641052,-0.32974211868628445,-0.1628556290925241,-0.3862567052892517,-0.45722058048759995
14612,1.0229155674215462,-0.4066161191478709,-0.1439236960161138,-0.5837245778033949,-1.0558099238821486
14613,2.2888220896814784,-0.4066161191478709,-0.19942237007974065,-0.6953368535722584,-1.0558099238821486
14614,0.8843824008346104,-0.4066161191478709,-0.1842689286763338,-0.5407967794307551,-1.0558099238821486
14615,0.9225984467896272,-0.09912011730152501,-0.13879475369018576,-0.36050002626566785,-0.4610824472191777
14616,0.19649357364430764,-0.09912011730152501,-0.16815701357874863,-0.6781657342232025,0.1259212959806376
14617,0.960814492744644,-0.32974211868628445,-0.19151703971915893,-0.6438234955250907,-1.005605656371638
14618,-0.9165487647955571,0.05462788362164793,-0.11174695845909677,-0.36050002626566785,1.0180125109750937
14619,0.21082459087743893,-0.32974211868628445,-0.11528444663096288,-0.20595995212416449,0.08730262866486027
14620,0.019744361102354852,-0.32974211868628445,-0.17612120973702197,-0.4806978617090593,-0.7545843188190854
14621,-0.954764810750574,0.20837588454482087,0.003093287449222942,0.44654258313996076,1.577983187053865
14622,-0.0805727595295643,-0.4066161191478709,-0.18250641743956808,-0.5236256600816991,-1.0558099238821486
14623,-0.8066776326748838,0.28524988500640736,-0.06502413602309076,0.9530906039371105,1.145454113117159
14624,-0.6872524890654563,-0.022246116839938542,-0.14833032037742624,-0.3690855859401958,1.056631178290871
14625,-0.02324869059703907,0.36212388546799384,0.1067878139687382,0.7298660523993835,0.9793938436593164
14626,-0.8496706843742777,0.36212388546799384,0.17001937623265026,0.850063887842775,1.6706679886117304
14627,0.8509433606239707,-0.4066161191478709,-0.17266059337155312,-0.45494118268547545,-1.0558099238821486
14628,-0.5248342937566348,-0.09912011730152501,-0.06633857465860404,-0.14586103440246875,1.2304151812118689
14629,-0.9404337935174427,-0.32974211868628445,-0.13855236511145572,0.4379570234654328,-0.889749654424306
14630,1.3525289637835665,-0.4066161191478709,-0.18125499983452462,-0.5236256600816991,-1.0558099238821486
14631,-0.720691529276096,-0.022246116839938542,-0.0644209347314511,-0.14586103440246875,0.6318258378173205
14632,0.2920336885318497,-0.4066161191478709,-0.1967741017224157,-0.6352379358505627,-1.0558099238821486
14633,0.3111417115093581,-0.4066161191478709,-0.18082216308679236,-0.5322112197562271,-1.0558099238821486
14634,1.1280096937978425,-0.1759941177631115,-0.057580729039688854,0.1975613525786498,-0.6541757837980643
14635,1.2044417857078762,-0.4066161191478709,-0.18980300619813922,-0.5751390181288669,-1.0558099238821486
14636,-0.7875696096973754,-0.32974211868628445,-0.16247334767692698,-0.47211230203453136,-0.1598568421561146
14637,2.274491072448347,-0.4066161191478709,-0.1973198222939565,-0.6438234955250907,-1.0558099238821486
14638,-0.720691529276096,-0.4066161191478709,-0.17398680516660472,-0.5665534584543389,-1.0558099238821486
14639,-0.7111375177873418,0.20837588454482087,0.14010447038458287,1.0389462006823902,1.2960669156486904
14640,-0.8448936786299006,0.28524988500640736,0.048024512019015635,0.7126949330503276,1.5007458524223103
14641,-0.859224695863032,-0.4066161191478709,-0.19705804262892804,-0.6438234955250907,-1.0558099238821486
14642,-0.6824754833210792,-0.4066161191478709,-0.19805114326292492,-0.6867512938977305,-1.0558099238821486
14643,-0.14745083995084374,-0.09912011730152501,-0.08836892630998083,-0.21454551179869244,1.0991117123382261
14644,-0.6394824316216853,0.05462788362164793,-0.04904449583561259,-0.2746444295203882,1.5277789195433544
14645,-0.21432892037212317,-0.25286811822469796,-0.1439797916586199,-0.317572227893028,0.7901623738120075
14646,-0.954764810750574,11.124483950090099,36.40306746980554,7.546800433974587,1.7865239905590624
14647,0.0006363381248464415,-0.32974211868628445,-0.16966259292206048,-0.3433289069166119,0.1877111636858813
14648,1.0276925731659234,0.6696198873143396,0.10462501530766967,1.7515476536682113,0.15295436310168173
14649,-0.9404337935174427,0.20837588454482087,0.04815124661875163,2.5070769050266724,1.5857069205170204
14650,1.854114566943162,-0.4066161191478709,-0.2003794586963262,-0.6695801745486745,-1.0558099238821486
14651,-0.6394824316216853,0.20837588454482087,-0.06443270789098941,1.1505584764512538,1.1222829127276925
14652,-0.5917123741779142,-0.4066161191478709,-0.19680041819667782,-0.45494118268547545,-1.0558099238821486
14653,-0.954764810750574,0.4389978859295803,0.044125518595443544,1.6227642585502917,1.7865239905590624
14654,2.56588842285535,-0.4066161191478709,-0.18761181344641947,-0.47211230203453136,-1.0558099238821486
14655,-0.9213257705399343,0.05462788362164793,0.06389403853787073,-0.08576211668077299,1.2149677142855582
14656,-0.15222784569522083,-0.09912011730152501,-0.1499972612602927,0.5667404185833522,0.6202402376225873
14657,-0.8783327188405403,-0.022246116839938542,-0.10427654246263637,0.5238126202107124,0.5584503699173436
14658,-0.9356567877730656,-0.32974211868628445,-0.18759172982132472,-0.47211230203453136,-0.6232808499454424
14659,-0.9213257705399343,0.20837588454482087,-0.029500358463209815,0.5581548589088242,0.12978316271221532
14660,-0.5487193224785203,-0.32974211868628445,-0.1849192226061267,-0.4978689810581152,-1.0017437896400603
14661,-0.8353396671411465,-0.4066161191478709,-0.19723186986681732,-0.6695801745486745,-1.0558099238821486
14662,-0.8257856556523923,0.05462788362164793,-0.10938470862467325,1.0046039619842784,1.6783917220748859
14663,1.0945706535872028,-0.32974211868628445,-0.17073187282365823,-0.18878883277510855,-1.0558099238821486
14664,-0.8687787073517862,-0.32974211868628445,-0.16064573779330232,-0.034248758633605214,-1.0017437896400603
14665,-0.672921471832325,0.05462788362164793,-0.014283896029333118,0.1031201961588422,0.998703177317205
14666,-0.8448936786299006,-0.4066161191478709,-0.19118600617449327,-0.5837245778033949,-1.0558099238821486
14667,-0.9117717590511801,3.6677059053162124,1.2077485953452956,4.2585310786303765,1.7517671899748628
14668,1.1662257397528595,-0.4066161191478709,-0.19697701558975256,-0.6180668165015067,-1.0558099238821486
14669,0.19171656789993052,0.05462788362164793,0.018066668765573193,2.1636545180455533,0.8596759749804067
14670,0.3780197919306375,-0.25286811822469796,-0.16430996056490443,0.6611815750031599,0.6897538387909865
14671,1.663034337168078,-0.32974211868628445,-0.12662753957673323,-0.2918155488694441,-0.9824344559821715
14672,0.15827752768929082,-0.1759941177631115,-0.12761856259434096,0.09453463648431423,0.6665826384015201
14673,-0.9452107992618198,0.05462788362164793,0.005638367525888552,0.03443571876261849,0.5121079691384108
14674,1.471954107392994,-0.4066161191478709,-0.19268119743585957,-0.5837245778033949,-1.0558099238821486
14675,-0.8831097245849174,-0.32974211868628445,-0.13437497109174226,0.9788472829606945,0.3808045002647679
14676,-0.8114546384192609,0.4389978859295803,0.37403230263936926,-0.04283431830813318,1.2922050489171126
14677,1.8684455841762935,-0.4066161191478709,-0.1919020912899415,-0.5837245778033949,-1.0558099238821486
14678,1.806344509499391,-0.4066161191478709,-0.17677150366681493,-0.4978689810581152,-1.0558099238821486
14679,0.8604973721127248,-0.25286811822469796,-0.11540910361430975,-0.28322998919491615,0.2958434321700578
14680,-0.8401166728855235,3.975201907162558,3.6519368500003067,1.2020718344984216,1.6861154555380413
14681,-0.6203744086441768,-0.022246116839938542,-0.14410029340918856,-0.5407967794307551,1.1917965138960918
14682,-0.066241742296433,-0.022246116839938542,-0.09980135676048313,-0.025663198959077253,0.8171954409330516
14683,1.849337561198785,-0.4066161191478709,-0.1945579775740266,-0.5236256600816991,-1.0558099238821486
14684,-0.8401166728855235,-0.022246116839938542,-0.10567270067612151,1.6313498182248196,0.3537714331437238
14685,1.7920134922662598,0.1315018840832344,0.1094720943434745,0.23190359127676166,-0.4765299141454886
14686,1.0181385616771692,-0.09912011730152501,-0.1456668161665811,0.8844061265408869,-0.10965257464560407
14687,-0.4531792075909783,-0.25286811822469796,-0.10760973168957286,-0.41201338431283563,0.6627207716699424
14688,-0.9261027762843114,1.6689818933149638,0.2932566550469755,0.9874328426352225,0.6781682385962533
14689,0.034075378335486156,-0.4066161191478709,-0.19689598855057708,-0.5923101374779228,-1.0558099238821486
14690,-0.7493535637423586,-0.1759941177631115,-0.1508504690574225,-0.11151879570435688,0.3576332998753015
14691,-0.816231644163638,-0.09912011730152501,-0.058282270840413285,-0.2746444295203882,-0.3529501787350012
14692,-0.3050920295152881,0.4389978859295803,-0.08592772705277096,0.16321911388053795,0.797886107275163
14693,0.30158770002060387,0.05462788362164793,-0.12400212499968852,-0.33474334724208393,-0.04786270694036036
14694,1.987870727785721,-0.4066161191478709,-0.18778841083949424,-0.5751390181288669,-1.0558099238821486
14695,1.519724164836765,-0.25286811822469796,-0.09845713895672586,-0.05141987798266114,-0.2332323100560915
14696,-0.9404337935174427,0.1315018840832344,-0.033423590744654876,0.4722992621635446,0.5545885031857659
14697,0.08184543577925718,-0.32974211868628445,-0.19164585193528402,-0.5150401004071712,-1.0558099238821486
14698,-0.954764810750574,-0.09912011730152501,-0.12040715610772357,0.5667404185833522,-0.8627165873032618
14699,0.06273741280174877,-0.1759941177631115,-0.15605005034058042,-0.317572227893028,0.14523062963852626
14700,-0.8066776326748838,-0.09912011730152501,0.008321262823032095,0.24907471062581757,0.6936157055225642
14701,-0.9117717590511801,0.6696198873143396,0.10604194968504595,3.2025072386634372,1.547088253201243
14702,-0.954764810750574,1.7458558937765503,0.23635489738189983,2.1979967567436653,1.7556290567064405
14703,-0.8926637360736717,-0.4066161191478709,-0.18267331928949362,-0.5150401004071712,-1.0558099238821486
14704,-0.906994753306803,0.36212388546799384,-0.08331131548007908,2.034871122927634,1.3115143825750013
14705,-0.013694679108284865,-0.4066161191478709,-0.19231138171859713,-0.6953368535722584,-1.0558099238821486
14706,1.992647733530098,-0.4066161191478709,-0.17925425525180708,-0.48928342138358727,-1.0558099238821486
14707,1.1184556823090883,-0.32974211868628445,-0.1950676861281561,-0.6953368535722584,-0.5112867147296882
14708,-0.949987805006197,-0.09912011730152501,-0.08052038413070156,-0.47211230203453136,0.6936157055225642
14709,-0.8878867303292945,1.4383598919302043,0.41070500206243066,0.1975613525786498,1.720872256122241
14710,-0.8926637360736717,0.5158718863911668,-0.07313999817776948,1.9576010858568824,1.7324578563169741
14711,-0.9117717590511801,0.36212388546799384,-0.008053124478377895,1.1934862748238935,-0.08261950752455995
14712,-0.8210086499080151,-0.1759941177631115,-0.11273382624392629,-0.4978689810581152,0.44645623470158935
14713,-0.9165487647955571,1.1308638900838586,0.1495784011189463,1.2020718344984216,1.7517671899748628
14714,-0.8448936786299006,-0.1759941177631115,-0.14194719029126926,-0.1544465940769967,1.504607719153888
14715,-0.8448936786299006,0.1315018840832344,-0.0782883315899959,0.1718046735550659,1.5123314526170435
14716,-0.7541305694867357,-0.25286811822469796,-0.16708357844437266,0.02585015908809053,0.49279863548052216
14717,2.5420033941334648,-0.4066161191478709,-0.1990774857591476,-0.6094812568269787,-1.0558099238821486
14718,0.9990305386996609,-0.4066161191478709,-0.18902736274620302,-0.6094812568269787,-1.0558099238821486
14719,-0.954764810750574,-0.09912011730152501,-0.09515926920840434,0.8157216491446632,-0.09806697445087087
14720,-0.9356567877730656,-0.25286811822469796,-0.15873640833170585,-0.41201338431283563,-0.5885240493612428
14721,0.8509433606239707,-0.4066161191478709,-0.1971543055216237,-0.4978689810581152,-1.0558099238821486
14722,-0.2573219720715171,-0.25286811822469796,-0.17080666701366637,-0.08576211668077299,0.25336289812270274
14723,-0.9117717590511801,0.36212388546799384,-0.07983892595507192,1.7601332133427392,1.7440434565117073
14724,1.8588915726875392,-0.4066161191478709,-0.18102992472570384,-0.36050002626566785,-1.0558099238821486
14725,-0.8448936786299006,-0.1759941177631115,-0.11795072099699351,0.02585015908809053,0.913742109222495
14726,2.1646199403276736,-0.4066161191478709,-0.1966397491959196,-0.5751390181288669,-1.0558099238821486
14727,0.3493577574643749,-0.25286811822469796,-0.17259272456950872,-0.33474334724208393,-0.005382172893005303
14728,1.0133615559327922,-0.4066161191478709,-0.19150942179239883,-0.5837245778033949,-1.0558099238821486
14729,0.822281326157708,-0.25286811822469796,-0.1641084317751603,0.377858105743737,-0.08261950752455995
14730,-0.954764810750574,0.1315018840832344,-0.07329374179056397,2.017700003578578,0.006203427301727894
14731,-0.7350225465092273,-0.25286811822469796,-0.17838996683393532,-0.37767114561472376,-0.41860191317182266
14732,-0.9213257705399343,0.9771158891606855,0.17737067555613473,0.6869382540267437,1.7324578563169741
14733,-0.8831097245849174,0.6696198873143396,0.7880569265069779,0.49805594118712854,0.43487063450685615
14734,1.0706856248653174,-0.1759941177631115,-0.13154664264736066,-0.2918155488694441,-0.5692147157033542
14735,-0.9452107992618198,3.8214539062393853,0.6429707412059252,0.9960184023097504,1.7710765236327515
14736,1.3573059695279435,-0.32974211868628445,-0.17880341249536916,-0.10293323602982893,-1.0558099238821486
14737,-0.9452107992618198,-0.1759941177631115,0.04143223521635442,-0.4635267423600034,0.4773511685542112
14738,-0.7589075752311129,0.20837588454482087,-0.07853418286270782,-0.20595995212416449,1.6088781209064866
14739,-0.9404337935174427,1.4383598919302043,0.596810260272573,0.40361478476732093,1.7749383903643292
14740,-0.018471684852661967,0.36212388546799384,0.08346172222935015,0.7813794104465513,0.7013394389857197
14741,-0.906994753306803,0.05462788362164793,-0.08606969750602715,-0.2918155488694441,0.5121079691384108
14742,1.1184556823090883,-0.4066161191478709,-0.16455096406604175,-0.41201338431283563,-1.0558099238821486
14743,1.8684455841762935,-0.4066161191478709,-0.20121189032956485,-0.6781657342232025,-1.0558099238821486
14744,-0.8831097245849174,0.5927458868527532,0.04876691360872597,-0.21454551179869244,1.0836642454119152
14745,-0.42451717312471565,0.4389978859295803,-0.02801278512860363,-0.06859099733171707,0.9716701101961609
14746,0.9799225157221524,-0.1759941177631115,-0.16360564860899451,-0.6438234955250907,-0.990158189445327
14747,0.22993261385494734,-0.4066161191478709,-0.18197870287673296,-0.549382339105283,-1.0558099238821486
14748,-0.8210086499080151,0.28524988500640736,-0.018975846374750673,0.40361478476732093,1.3230999827697345
14749,1.3286439350616808,-0.4066161191478709,-0.18322873540418366,-0.549382339105283,-1.0558099238821486
14750,2.556334411366596,-0.4066161191478709,-0.19694931403789767,-0.42918450366189154,-1.0558099238821486
14751,2.307930112658987,-0.32974211868628445,-0.19595067309352987,-0.6438234955250907,-0.8936115211558837
14752,-0.7541305694867357,-0.4066161191478709,-0.17772374451182588,-0.6609946148741466,-1.0558099238821486
14753,-0.5439423167341432,-0.32974211868628445,-0.14449088529034215,-0.317572227893028,0.38466636699634565
14754,-0.7493535637423586,-0.022246116839938542,-0.09750766826690041,0.24048915095128962,1.4389559847170665
14755,-0.9165487647955571,1.4383598919302043,0.48592995120190596,1.1763151554748377,1.7517671899748628
14756,-0.8878867303292945,-0.25286811822469796,-0.020924650547740332,0.1718046735550659,0.523693569333144
14757,-0.6012663856666685,-0.4066161191478709,-0.1755865697862231,-0.5407967794307551,-1.0558099238821486
14758,-0.2716529893046484,0.05462788362164793,-0.006297538629575908,0.07736351713525831,0.7438199730330748
14759,-0.9404337935174427,-0.25286811822469796,-0.09210309550001648,0.08594907680978628,-0.17530430908242553
14760,0.45922888958504826,-0.4066161191478709,-0.19853038011001406,-0.6609946148741466,-1.0558099238821486
14761,-0.6824754833210792,-0.25286811822469796,-0.1736876284065722,-0.5236256600816991,0.43487063450685615
14762,0.2968106942762268,-0.32974211868628445,-0.17578948365355998,-0.4635267423600034,0.3460476996805683
14764,-0.7397995522536044,-0.4066161191478709,-0.18543447147062717,-0.6524090551996186,-1.0558099238821486
14765,-0.8210086499080151,-0.25286811822469796,-0.18710972281905006,-0.37767114561472376,-0.4881155143402218
14766,-0.9213257705399343,0.36212388546799384,0.23683621184537806,1.4510530650597324,1.0411837113645601
14767,1.3047589063397953,-0.4066161191478709,-0.17819674850974765,-0.549382339105283,-1.0558099238821486
14768,-0.8783327188405403,-0.32974211868628445,-0.19136952895553178,-0.6695801745486745,-0.6310045834085979
14769,-0.949987805006197,0.8233678882375126,0.8697044804440035,6.456434355309535,1.7285959895853964
14770,0.14872351620053662,0.1315018840832344,0.04721285654966811,0.601082657281464,0.566174103380499
14771,2.0069787507632295,-0.32974211868628445,-0.16352808426380092,-0.30898666821850007,-0.6116952497507092
14772,-0.42451717312471565,-0.4066161191478709,-0.19506353089537787,-0.6266523761760346,-1.0558099238821486
14773,1.8684455841762935,-0.4066161191478709,-0.1949741933906459,-0.6180668165015067,-1.0558099238821486
14774,1.562717216536159,-0.4066161191478709,-0.18798647693525652,-0.5923101374779228,-1.0558099238821486
14775,-0.6824754833210792,-0.25286811822469796,-0.134629825368807,-0.21454551179869244,0.15681622983325944
14776,-0.7159145235317189,0.6696198873143396,0.052106335684829815,-0.12010435537888485,0.46962743509105576
14777,0.965591498489021,-0.4066161191478709,-0.18340810295244392,-0.5665534584543389,-1.0558099238821486
14778,-0.35286208695905913,-0.32974211868628445,-0.15409293570203428,-0.41201338431283563,-0.3568120454665789
14779,0.3780197919306375,-0.25286811822469796,-0.17796544055175953,-0.36050002626566785,-0.889749654424306
14780,-0.7015835062985876,-0.32974211868628445,-0.17370424933768513,-0.4806978617090593,-0.9592632555927052
14782,0.5643230159613445,-0.4066161191478709,-0.19085012485825306,-0.6524090551996186,-1.0558099238821486
14783,2.1885049690495593,-0.4066161191478709,-0.18342610896114955,-0.557967898779811,-1.0558099238821486
14784,-0.8353396671411465,-0.25286811822469796,-0.17354842810850152,-0.48928342138358727,0.3460476996805683
14785,-0.9117717590511801,-0.32974211868628445,-0.1993475758897325,-0.6867512938977305,-1.0365005902242599
14786,1.667811342912455,-0.4066161191478709,-0.19840849328185264,-0.6438234955250907,-1.0558099238821486
14787,1.290427889106664,-0.4066161191478709,-0.19704488439179696,-0.5837245778033949,-1.0558099238821486
14788,-0.9261027762843114,-0.25286811822469796,-0.12462818007160843,-0.2488877504968043,1.218829581017136
14789,-0.8257856556523923,-0.4066161191478709,-0.1910204894021605,-0.6524090551996186,-1.0558099238821486
14790,-0.8831097245849174,0.28524988500640736,-0.02972958880480881,-0.14586103440246875,1.6938391890011968
14791,1.9353236645975729,-0.4066161191478709,-0.18368027069941795,-0.5407967794307551,-1.0558099238821486
14792,-0.6585904545991936,-0.4066161191478709,-0.20427845211989828,-0.6867512938977305,-1.0558099238821486
14793,-0.859224695863032,-0.32974211868628445,-0.16136182290875056,-0.3690855859401958,0.9291895761488059
14794,-0.949987805006197,0.28524988500640736,-0.06939267075060276,0.02585015908809053,0.8171954409330516
14795,-0.16655886292835215,-0.4066161191478709,-0.19560440369534407,-0.6524090551996186,-1.0558099238821486
14796,-0.954764810750574,1.5921078928533774,0.49955772963690626,3.477245148248332,1.7401815897801296
14797,1.4624000959042398,-0.4066161191478709,-0.1839101935798133,-0.5665534584543389,-1.0558099238821486
14798,-0.7111375177873418,0.1315018840832344,-0.15454654861365769,-0.44635562301094744,1.2458626481381798
14799,-0.7159145235317189,-0.32974211868628445,-0.18128962677434318,-0.5322112197562271,1.593430653980176
14800,-0.7350225465092273,0.8233678882375126,0.29331967607744536,2.1894111970691372,0.4425943679700116
14801,-0.6681444660879479,-0.4066161191478709,-0.1915952966031489,-0.22313107147322042,-1.0558099238821486
14802,1.1327866995422198,-0.32974211868628445,-0.10062063015659073,-0.6953368535722584,-1.0558099238821486
14803,-0.18566688590586056,-0.25286811822469796,-0.1461502082464485,-0.4034278246383076,-0.5537672487770433
14804,-0.9213257705399343,-0.4066161191478709,-0.18024250811422934,-0.6008956971524508,-1.0558099238821486
14805,-0.8878867303292945,0.05462788362164793,-0.1297370387724417,0.05160683811167442,1.2844813154539572
14806,-0.6012663856666685,-0.32974211868628445,-0.1836941214753454,-0.557967898779811,0.34990956641214604
14807,0.9034904238121187,-0.32974211868628445,-0.1697941752933711,-0.3862567052892517,-0.05558644040351582
14808,-0.7732385924642441,0.1315018840832344,-0.016434228992066934,0.8071360894701352,-0.5421816485823101
14809,2.0069787507632295,-0.32974211868628445,-0.15714703179403305,-0.549382339105283,-1.0558099238821486
14810,-0.768461586719867,0.5158718863911668,-0.041682115891386144,0.36927254606920906,0.44645623470158935
14811,0.8891594065789875,-0.4066161191478709,-0.19290003969551298,-0.4635267423600034,-1.0558099238821486
14812,1.897107618642556,-0.4066161191478709,-0.19232176980054272,-0.39484226496377967,-1.0558099238821486
14813,0.8031733031801996,-0.1759941177631115,-0.14314736002538125,0.24048915095128962,-0.125100041571915
14814,1.8158985209881453,-0.4066161191478709,-0.1940281853948023,-0.4635267423600034,-1.0558099238821486
14815,-0.7875696096973754,-0.32974211868628445,-0.15079368087612002,-0.2488877504968043,-0.9360920552032388
14816,-0.018471684852661967,-0.4066161191478709,-0.18588115899428687,-0.6695801745486745,-1.0558099238821486
14817,-0.004140667619530661,0.05462788362164793,0.06952784164635366,0.5152270605361845,0.5932071705015431
14818,-0.6108203971554227,-0.022246116839938542,-0.124819320779407,0.043021278437146454,1.1609015800434699
14819,-0.6538134488548165,-0.1759941177631115,-0.17309966296845272,-0.2574733101713323,1.4698509185696884
14820,-0.859224695863032,0.20837588454482087,-0.11642575056738326,-0.26605886984586025,1.4775746520328439
14821,0.7888422859470683,0.05462788362164793,-0.11951516613799694,-0.14586103440246875,0.14136876290694853
14822,1.3573059695279435,-0.4066161191478709,-0.19378648935486864,-0.6266523761760346,-1.0558099238821486
14823,-0.0996807825070727,-0.25286811822469796,-0.1824475516418765,-0.22313107147322042,-1.0017437896400603
14824,-0.9117717590511801,0.28524988500640736,0.07389429875747654,0.017264599413562565,1.3655805168170896
14825,-0.9452107992618198,1.3614858914686179,0.12321483421867241,0.9015772458899428,1.2960669156486904
14826,1.8158985209881453,-0.32974211868628445,-0.17803123173741486,-0.6180668165015067,-0.615557116482287
14828,-0.02324869059703907,0.5158718863911668,0.47671295236099637,-0.08576211668077299,1.014150644243516
14829,-0.8210086499080151,0.05462788362164793,-0.10388318042629732,-0.04283431830813318,0.5159698358699886
14830,-0.7063605120429647,-0.4066161191478709,-0.191627153387782,-0.3690855859401958,-1.0558099238821486
14831,2.2888220896814784,-0.25286811822469796,-0.08859884919037622,-0.12868991505341282,-0.8356835201822177
14832,2.0499718024626232,-0.4066161191478709,-0.1823602917535337,-0.6953368535722584,-1.0558099238821486
14833,1.4194070442048459,-0.4066161191478709,-0.19814255838404593,-0.6438234955250907,-1.0558099238821486
14834,-0.8783327188405403,0.05462788362164793,-0.05192268707333294,-0.23171663114774838,0.4503181014331671
14835,1.562717216536159,-0.32974211868628445,-0.1841394239214123,-0.6953368535722584,-0.7121037847717303
14836,-0.9117717590511801,-0.25286811822469796,-0.1976127662048217,-0.6609946148741466,-0.9785725892505938
14837,-0.534388305245389,0.20837588454482087,0.03493275861240701,0.7642082910974954,1.242000781406602
14838,1.0611316133765631,-0.32974211868628445,-0.15138787916340685,-0.11151879570435688,0.15295436310168173
14839,1.0372465846546777,-0.25286811822469796,-0.14132113521934936,-0.1802032731005806,0.04868396134908295
14840,0.3159187172537352,-0.32974211868628445,-0.17958875149045456,-0.5322112197562271,-0.005382172893005303
14841,-0.7063605120429647,0.5927458868527532,0.2913577136673246,0.9788472829606945,1.5857069205170204
14842,-0.7541305694867357,-0.1759941177631115,-0.009087084901360674,0.395029225092793,-0.032415240014049426
14843,1.1232326880534655,-0.4066161191478709,-0.1900398544664983,-0.6266523761760346,-1.0558099238821486
14844,-0.6585904545991936,0.28524988500640736,0.2594614543228381,0.6525960153286319,1.0411837113645601
14845,1.9018846243869332,-0.4066161191478709,-0.19431974422807474,-0.6953368535722584,-1.0558099238821486
14846,1.0802396363540716,-0.4066161191478709,-0.1744161792203551,-0.6008956971524508,-1.0558099238821486
14847,-0.25254496632713996,-0.25286811822469796,-0.1112878052371024,-0.22313107147322042,0.5507266364541882
14848,0.9703685042333982,-0.4066161191478709,-0.18320034131353244,-0.6094812568269787,-1.0558099238821486
14849,-0.859224695863032,2.822091900238761,0.862328942262646,1.6914487359465153,1.5586738533959763
14850,0.5261069700063277,0.05462788362164793,-0.08206197549142473,0.40361478476732093,-0.06331017386667129
14851,-0.8496706843742777,-0.25286811822469796,-0.14726796586379223,-0.37767114561472376,1.288343182185535
14852,-0.6824754833210792,0.900241888699099,0.21998674292965723,0.601082657281464,1.2072439808224027
14853,-0.8448936786299006,-0.09912011730152501,-0.10935423691763292,-0.4806978617090593,1.187934647164514
14854,-0.5869353684335371,0.36212388546799384,0.0932957731378268,0.7556227314229674,1.2922050489171126
14855,-0.39107813291407595,0.05462788362164793,0.24684824522452226,0.7384516120739115,0.840366641322518
14856,-0.7875696096973754,-0.25286811822469796,-0.11533361688550525,-0.14586103440246875,-0.9785725892505938
14857,-0.6776984775767021,0.05462788362164793,0.04819695417931215,0.7556227314229674,1.1647634467750476
14858,1.4528460844154856,-0.4066161191478709,-0.1921901874292321,-0.6094812568269787,-1.0558099238821486
14859,-0.9022177475624259,-0.09912011730152501,-0.08658563890932398,-0.26605886984586025,1.0373218446329824
14860,-0.8687787073517862,-0.4066161191478709,-0.19291250539384766,-0.6094812568269787,-1.0558099238821486
14861,-0.7111375177873418,0.28524988500640736,-0.10908691694223346,-0.17161771342605264,1.5663975868591318
14862,-0.8401166728855235,-0.32974211868628445,-0.1464514626228701,-0.30040110854397206,-0.5808003158980874
14863,-0.8210086499080151,-0.4066161191478709,-0.18623366124164004,-0.6094812568269787,-1.0558099238821486
14865,-0.9261027762843114,-0.1759941177631115,-0.19830045722961867,-0.6695801745486745,1.7672146569011737
14866,-0.9117717590511801,0.9771158891606855,1.232070557873866,-0.36050002626566785,0.7206487726436084
14867,-0.0757957537851872,0.7464938877759261,-0.0002662182519756793,-0.12868991505341282,1.0643549117540265
14868,-0.9452107992618198,0.4389978859295803,0.08505109876702295,0.4293714637909048,0.5545885031857659
14869,-0.9213257705399343,-0.022246116839938542,-0.01231085299847046,0.9015772458899428,1.70542478919593
14870,0.2872566827874726,-0.022246116839938542,-0.07735340421489426,-0.33474334724208393,0.5738978368436545
14871,-0.9452107992618198,0.20837588454482087,-0.11965228881967852,0.35210142672015315,1.7826621238274847
14872,1.3477519580391892,-0.25286811822469796,-0.14815510806194426,-0.41201338431283563,-0.4765299141454886
14873,0.04362938982424036,-0.32974211868628445,-0.14555600995916165,-0.2918155488694441,0.5777597035752322
14874,1.5961562567467986,-0.4066161191478709,-0.1966619104374035,-0.6524090551996186,-1.0558099238821486
14875,-0.4484022018466012,-0.25286811822469796,-0.006475521100243388,0.05160683811167442,0.2340535644648141
14876,1.5292781763255192,-0.32974211868628445,-0.18693035527078986,-0.6008956971524508,-0.9013352546190392
14877,1.0372465846546777,-0.32974211868628445,-0.1752160615301643,-0.21454551179869244,-0.19075177600873644
14878,-0.9022177475624259,1.4383598919302043,0.07760561416723193,0.6611815750031599,1.431232251253911
14879,2.307930112658987,-0.4066161191478709,-0.19189170320799595,-0.47211230203453136,-1.0558099238821486
14880,-0.5917123741779142,-0.25286811822469796,-0.1568817894350227,-0.317572227893028,-0.24095604351924696
14881,-0.8687787073517862,-0.4066161191478709,-0.18702038531431814,-0.557967898779811,-1.0558099238821486
14882,-0.8353396671411465,0.5927458868527532,0.04091144604148298,-0.42918450366189154,1.2342770479434466
14883,-0.8735557130961633,-0.022246116839938542,-0.15196476398078437,-0.3690855859401958,-0.31046964468764615
14884,2.23627502649333,-0.4066161191478709,-0.19635580828940724,-0.6352379358505627,-1.0558099238821486
14885,-0.3337540639815507,-0.25286811822469796,-0.09403181604791139,-0.4978689810581152,0.2340535644648141
14886,0.24426363108807866,-0.4066161191478709,-0.1794440108820129,-0.549382339105283,-1.0558099238821486
14887,-0.58215836268916,-0.4066161191478709,-0.07575710228925774,-0.6524090551996186,-1.0558099238821486
14888,0.029298372591109054,-0.4066161191478709,-0.1791392938116094,-0.5322112197562271,-1.0558099238821486
14889,0.6455321136157552,-0.4066161191478709,-0.1952962239309587,-0.6180668165015067,-1.0558099238821486
14890,0.24904063683245575,-0.25286811822469796,-0.14811009304018008,-0.23171663114774838,0.5121079691384108
14891,-0.25254496632713996,-0.1759941177631115,-0.12806247996281517,-0.23171663114774838,0.05640769481223841
14892,2.3365921471252493,-0.4066161191478709,-0.19069430362906947,-0.5923101374779228,-1.0558099238821486
14893,-0.9165487647955571,-0.25286811822469796,-0.07938531304344852,0.13746243485695406,1.2922050489171126
14894,-0.5534963282228974,-0.25286811822469796,-0.10132494211250063,-0.3690855859401958,1.462127185106533
14895,-0.9261027762843114,2.4377218979308286,1.5349177735271644,3.0823094032200458,1.7324578563169741
14896,0.014967355357977748,0.1315018840832344,-0.07825024195619547,0.5839115379324081,0.9871175771224718
14897,-0.9261027762843114,0.1315018840832344,0.01278675298203614,0.1031201961588422,1.7131485226590855
14898,-0.8496706843742777,0.5927458868527532,0.028397269991048246,0.8844061265408869,1.6977010557327745
14899,0.9273754525340043,-0.4066161191478709,-0.11250459590232728,0.377858105743737,-1.0558099238821486
14900,1.5340551820698962,-0.4066161191478709,-0.2037438121690994,-0.6953368535722584,-1.0558099238821486
14901,-0.906994753306803,0.4389978859295803,-0.07180963114993964,0.18039023322959388,0.8249191743962071
14902,-0.8401166728855235,-0.25286811822469796,-0.13298712334381357,-0.26605886984586025,0.9832557103908941
14903,-0.859224695863032,-0.09912011730152501,-0.011120378807507684,1.2449996328710613,-0.06331017386667129
14904,-0.949987805006197,-0.1759941177631115,-0.09179006796405652,0.38644366541826497,0.5854834370383877
14905,-0.20955191462774606,0.1315018840832344,-0.06818142039574886,-0.317572227893028,1.1802109137013586
14906,1.1662257397528595,-0.4066161191478709,-0.19996809065128146,-0.6953368535722584,-1.0558099238821486
14907,-0.9452107992618198,0.7464938877759261,0.1794933069670137,0.609668216955992,1.257448248332913
14908,-0.6060433914110456,-0.32974211868628445,-0.17825976954021747,-0.5837245778033949,0.44645623470158935
14909,1.1280096937978425,-0.25286811822469796,-0.10742828652492349,-0.1802032731005806,-0.18302804254558097
14910,-0.949987805006197,-0.1759941177631115,-0.17462740355324846,-0.48928342138358727,-0.8549928538401064
14911,-0.954764810750574,30.11236206410196,19.97731387332987,21.18925475679952,1.7903858572906401
14912,-0.8831097245849174,-0.022246116839938542,-0.07386993406914513,-0.326157787567556,1.5161933193486212
14913,-0.7923466154417526,0.1315018840832344,0.0773722285928547,0.8071360894701352,0.682030105327831
14915,-0.5248342937566348,0.36212388546799384,-0.07927173668084357,-0.14586103440246875,1.4350941179854888
14916,-0.6251514143885539,0.1315018840832344,0.006028266868245737,0.2662458299748735,1.056631178290871
14917,1.8875536071538017,-0.32974211868628445,-0.12688377893139072,-0.45494118268547545,-1.0558099238821486
14918,-0.41018615589158436,0.20837588454482087,0.20775512270814211,-0.025663198959077253,0.855814108248829
14919,1.615264279724307,-0.4066161191478709,-0.17982144452603543,-0.5923101374779228,-1.0558099238821486
14920,0.053183401312994566,-0.25286811822469796,-0.09340506843719508,0.06877795746073034,0.307429032364791
14921,-0.816231644163638,-0.32974211868628445,-0.11356487279957221,-0.034248758633605214,-0.39543071278235625
14922,0.9178214410452501,-0.32974211868628445,-0.14627555776859172,-0.28322998919491615,-0.615557116482287
14923,-0.720691529276096,-0.4066161191478709,-0.15282974493745252,-0.326157787567556,-1.0558099238821486
14924,0.21082459087743893,-0.25286811822469796,-0.14023177169265683,-0.44635562301094744,0.465765568359478
14926,0.8604973721127248,-0.32974211868628445,-0.17981798183205355,-0.6867512938977305,-0.21778484312978058
14927,0.9321524582783813,-0.4066161191478709,-0.18336378046947613,-0.5322112197562271,-1.0558099238821486
14928,2.035640785229492,-0.4066161191478709,-0.1892011899840923,-0.5236256600816991,-1.0558099238821486
14929,-0.8066776326748838,-0.32974211868628445,-0.14676379762003372,-0.41201338431283563,0.44645623470158935
14930,-0.44362519610222406,-0.022246116839938542,0.15795604293865342,1.1248017974276698,0.8673997084435622
14931,-0.9404337935174427,-0.09912011730152501,-0.11760860683158594,-0.44635562301094744,-0.14440937522980365
14932,0.7840652802026912,-0.32974211868628445,-0.15857573933094762,-0.45494118268547545,-0.9785725892505938
14933,1.1566717282641052,-0.1759941177631115,-0.0821284592158764,-0.6953368535722584,-1.0519480571505708
14934,-0.5726043512004059,-0.09912011730152501,0.037923141135139546,0.2834169493239294,0.3344620994858351
14935,0.45922888958504826,-0.32974211868628445,-0.007346042367282493,-0.48928342138358727,0.1877111636858813
14936,-0.8019006269305068,0.4389978859295803,0.6547889157660064,1.58842201985218,1.0682167784856043
14937,-0.6920294948098333,-0.25286811822469796,-0.09238634386773245,-0.4205989439873636,-0.7700317857453963
14938,1.7251354118449804,-0.32974211868628445,-0.043870538487920406,-0.09434767635530096,-1.0558099238821486
14940,1.0324695789103004,-0.32974211868628445,-0.16790008168529477,-0.42918450366189154,0.1645399632964149
14941,1.801567503755014,-0.4066161191478709,-0.19209669469172194,-0.6438234955250907,-1.0558099238821486
14942,0.9560374870002669,-0.1759941177631115,-0.1530056497917309,-0.6008956971524508,0.2108823640753477
14943,2.2076129920270677,-0.4066161191478709,-0.1972547236470976,-0.6609946148741466,-1.0558099238821486
14944,-0.8210086499080151,0.9771158891606855,0.4729185322956765,0.8758205668663589,1.3810279837434005
14945,1.0133615559327922,-0.4066161191478709,-0.19228368016674224,-0.6094812568269787,-1.0558099238821486
14946,-0.8926637360736717,-0.4066161191478709,-0.19772010971825926,-0.6781657342232025,-1.0558099238821486
14947,-0.6155974028997997,-0.022246116839938542,-0.13200579586935504,-0.30040110854397206,1.0759405119487597
14948,-0.8496706843742777,-0.022246116839938542,-0.12839212842988804,-0.22313107147322042,-0.29888404449291295
14949,1.2808738776179098,-0.1759941177631115,-0.16904207816051153,-0.5665534584543389,-0.08261950752455995
14950,-0.8687787073517862,-0.4066161191478709,-0.17900078605233508,-0.5407967794307551,-1.0558099238821486
14951,-0.58215836268916,-0.4066161191478709,-0.18312208442954242,-0.5322112197562271,-1.0558099238821486
14952,-0.6776984775767021,1.9764778951613096,1.0161930568077087,1.3566119086399249,1.5586738533959763
14953,-0.8401166728855235,-0.1759941177631115,-0.1374401478044829,1.0303606410078623,0.5275554360647218
14954,-0.9022177475624259,-0.32974211868628445,-0.17270422331572455,0.24907471062581757,1.6127399876380644
14955,2.5372263883890875,-0.4066161191478709,-0.19336611830547107,-0.44635562301094744,-1.0558099238821486
14956,1.051577601887809,-0.4066161191478709,-0.11294643565441237,-0.6695801745486745,-1.0558099238821486
14957,0.24904063683245575,-0.32974211868628445,-0.1865847784114004,-0.47211230203453136,0.4541799681647448
14958,-0.2573219720715171,-0.022246116839938542,-0.13947136409424082,-0.2574733101713323,1.218829581017136
14959,-0.6538134488548165,-0.1759941177631115,-0.15654729319637523,-0.3862567052892517,-0.1598568421561146
14960,-0.9213257705399343,-0.32974211868628445,-0.1893840202263344,-0.5064545407326432,-0.42632564663497813
14961,-0.9117717590511801,1.207737890545445,0.9317587267540839,2.1121411599983855,1.7440434565117073
14962,0.3302497344868665,-0.1759941177631115,-0.1792978851959785,-0.5837245778033949,0.15681622983325944
14963,-0.9165487647955571,0.4389978859295803,0.011611514644593557,1.9060877278097146,0.9369133096119614
14964,0.22037860236619314,-0.4066161191478709,-0.19042698365367,-0.5923101374779228,-1.0558099238821486
14965,-0.5009492650347493,-0.32974211868628445,-0.16342628106073426,-0.01707763928454929,-1.0558099238821486
14966,-0.8926637360736717,-0.022246116839938542,-0.13100369223100533,0.36927254606920906,1.6861154555380413
14967,-0.7254685350204731,-0.022246116839938542,-0.06740439186621994,-0.5150401004071712,1.5972925207117536
14968,-0.816231644163638,-0.32974211868628445,-0.16999501154431884,0.008679039739034602,0.5970690372331209
14969,2.398693221802152,-0.4066161191478709,-0.14194788283006565,-0.5923101374779228,-1.0558099238821486
14970,-0.6347054258773082,0.4389978859295803,0.13597624661941182,-0.09434767635530096,1.242000781406602
14971,-0.7923466154417526,-0.25286811822469796,-0.1286684514096403,0.5323981798852404,-1.0249149900295267
14972,-0.348085081214682,-0.32974211868628445,-0.19466116585468593,-0.5322112197562271,-0.07875764079298221
14973,-0.4484022018466012,-0.25286811822469796,-0.1136770640845844,-0.45494118268547545,-0.600109649555976
14974,-0.7827926039529983,-0.4066161191478709,-0.19847913223908253,-0.557967898779811,-1.0558099238821486
14975,-0.6872524890654563,-0.32974211868628445,-0.17199298597185092,-0.48928342138358727,0.34990956641214604
14976,-0.6872524890654563,0.05462788362164793,-0.14993770292380473,-0.30040110854397206,-0.0169677730877385
14977,2.503787348178448,-0.4066161191478709,-0.20249654979683418,-0.6695801745486745,-1.0558099238821486
14978,-0.6155974028997997,0.28524988500640736,0.010823405494322674,0.7985505297956073,0.9446370430751168
14979,2.5515574056222188,-0.4066161191478709,-0.17495220424874675,-0.3433289069166119,-1.0558099238821486
14980,2.561111417110973,-0.4066161191478709,-0.1942726515899215,-0.4978689810581152,-1.0558099238821486
14981,0.21560159662181605,-0.32974211868628445,-0.17888166937935915,-0.5322112197562271,-0.37225951239288985
14982,1.7729054692887514,-0.4066161191478709,-0.1882406386735249,-0.3690855859401958,-1.0558099238821486
14983,2.3318151413808725,-0.4066161191478709,-0.19202051542412107,-0.44635562301094744,-1.0558099238821486
14984,-0.8687787073517862,-0.022246116839938542,-0.11741261835221278,-0.2918155488694441,1.562535720127554
14985,-0.013694679108284865,-0.32974211868628445,-0.18448500078080174,-0.034248758633605214,-0.43791124682971133
14986,0.8366123433908393,-0.32974211868628445,-0.16571096654996417,0.043021278437146454,0.13364502944379306
14987,-0.8878867303292945,0.1315018840832344,-0.09731929771428732,-0.6695801745486745,1.7324578563169741
14988,0.048406395568617464,0.05462788362164793,-0.0635234044513535,0.7642082910974954,0.4541799681647448
14989,2.1980589805383133,-0.4066161191478709,-0.18099529778588527,-0.549382339105283,-1.0558099238821486
14990,1.9639856990638354,-0.32974211868628445,-0.18364287360441386,-0.35191446659113984,-0.600109649555976
14991,1.0945706535872028,-0.4066161191478709,-0.1829157078682237,-0.5236256600816991,-1.0558099238821486
14992,1.151894722519728,-0.4066161191478709,-0.1901298845100266,-0.47211230203453136,-1.0558099238821486
14993,1.7299124175893574,-0.4066161191478709,-0.2022056835023581,-0.6266523761760346,-1.0558099238821486
14994,0.8652743778571019,-0.09912011730152501,-0.13914379324355705,1.2965129909182291,-0.125100041571915
14995,-0.7780155982086212,-0.32974211868628445,-0.1886423111754204,-0.2488877504968043,-0.12123817484033726
14996,1.338197946550435,-0.32974211868628445,-0.1740775277489294,-0.3862567052892517,-1.0558099238821486
14997,-0.7397995522536044,-0.1759941177631115,-0.15092526324743064,-0.39484226496377967,1.2960669156486904
14998,-0.14745083995084374,-0.1759941177631115,-0.1525471891085329,0.24907471062581757,0.624102104354165
14999,1.8684455841762935,-0.4066161191478709,-0.19574083383822927,-0.6266523761760346,-1.0558099238821486
15000,-0.7350225465092273,-0.4066161191478709,-0.1707374131340292,-0.05141987798266114,-1.0558099238821486
15001,0.9225984467896272,-0.32974211868628445,-0.19091868619909383,-0.326157787567556,-1.0558099238821486
15002,-0.41018615589158436,0.20837588454482087,0.0818702680752882,1.1849007151493656,1.187934647164514
15003,1.2999819005954183,-0.022246116839938542,-0.1335820141698968,1.4682241844087884,-0.24867977698240243
15004,-0.2573219720715171,-0.4066161191478709,-0.12016476752899351,0.6182537766305201,-1.0558099238821486
15005,-0.8878867303292945,3.8214539062393853,0.7478502016060322,4.37014335439924,1.7363197230485519
15006,-0.7159145235317189,-0.32974211868628445,-0.15222862126220196,0.7126949330503276,0.4966605022120999
15007,-0.19999790313899185,-0.4066161191478709,-0.193841199919782,-0.6008956971524508,-1.0558099238821486
15008,1.333420940806058,-0.32974211868628445,-0.17977642950427125,-0.6524090551996186,-0.4494968470244445
15009,-0.9022177475624259,-0.25286811822469796,-0.1174874125422209,0.5667404185833522,-1.005605656371638
15010,-0.7923466154417526,-0.4066161191478709,-0.18331253259854463,-0.5322112197562271,-1.0558099238821486
15011,0.9273754525340043,-0.32974211868628445,-0.17585665991680804,-0.557967898779811,-0.974710722519016
15012,-0.7063605120429647,-0.25286811822469796,-0.15995181391933802,0.7126949330503276,0.9639463767330054
15013,1.3668599810166977,0.28524988500640736,-0.09315229177651946,0.8157216491446632,-0.32205524488237935
15014,-0.7541305694867357,-0.32974211868628445,-0.1868631790075418,-0.45494118268547545,-0.5421816485823101
15015,1.433738061437977,0.5158718863911668,-0.04161701724452724,0.6525960153286319,-0.19075177600873644
15016,-0.13789682846208953,-0.09912011730152501,-0.16170878484573273,0.09453463648431423,0.3769426335331902
15017,-0.8019006269305068,-0.4066161191478709,-0.1960109239688142,-0.5322112197562271,-1.0558099238821486
15018,-0.7780155982086212,-0.25286811822469796,-0.17034335855889376,-0.44635562301094744,0.21474423080692542
15019,0.3111417115093581,-0.4066161191478709,-0.1871997528625784,-0.1544465940769967,-1.0558099238821486
15020,0.8509433606239707,-0.4066161191478709,-0.19096300868206165,-0.47211230203453136,-1.0558099238821486
15021,-0.9213257705399343,0.4389978859295803,-0.03153226729176405,2.3439512712106407,0.8365047745909403
15022,-0.906994753306803,-0.09912011730152501,-0.12621270883770663,0.2834169493239294,1.5161933193486212
15023,-0.9452107992618198,1.053989889622272,0.5971586072871479,3.468659588573804,1.53550265300651
15024,-0.9165487647955571,0.7464938877759261,0.04179374046806038,0.7384516120739115,0.5468647697226104
15025,-0.8019006269305068,-0.32974211868628445,-0.1368535674439562,0.4293714637909048,1.0102887775119382
15026,-0.5773813569447829,-0.09912011730152501,-0.13206812436102847,0.23190359127676166,0.365357033338457
15027,-0.816231644163638,0.28524988500640736,0.016599871594858137,-0.11151879570435688,1.2381389146750243
15028,-0.9213257705399343,-0.022246116839938542,-0.13802049531584232,-0.14586103440246875,0.43487063450685615
15029,1.9974247392744753,-0.4066161191478709,-0.17942323471812174,-0.6180668165015067,-1.0558099238821486
15030,-0.6203744086441768,0.1315018840832344,-0.06759137734124025,-0.48928342138358727,1.1609015800434699
15031,-0.9404337935174427,0.5927458868527532,0.01018280710767895,1.330855229616341,1.7517671899748628
15032,0.26337165406558705,0.1315018840832344,0.557780851325459,-0.3690855859401958,0.7708530401541188
15033,-0.9404337935174427,0.28524988500640736,-0.02761319024309722,2.000528884229522,0.1992967638806145
15034,-0.8878867303292945,0.5927458868527532,0.3653347078957384,2.8676704113568467,1.114559179264537
15035,-0.534388305245389,-0.4066161191478709,-0.18720529317294934,-0.4806978617090593,-1.0558099238821486
15036,-0.6155974028997997,-0.25286811822469796,-0.17495912963671045,0.21473247192770573,-0.6425901836033311
15037,0.8366123433908393,-0.32974211868628445,-0.17716140300917213,-0.36050002626566785,-1.0558099238821486
15038,-0.6824754833210792,0.20837588454482087,-0.1253061755532562,0.9273339249135267,0.36149516660687925
15039,-0.9165487647955571,6.665791923318084,2.5059915185666366,4.121162123837929,1.7247341228538187
15040,1.624818291213061,-0.4066161191478709,-0.20418911461516637,-0.6953368535722584,-1.0558099238821486
15041,-0.14745083995084374,-0.32974211868628445,-0.18466575340665473,0.13746243485695406,0.002341560570150162
15042,-0.008917673363907763,-0.32974211868628445,-0.18286168984210674,-0.6266523761760346,0.4734893018226335
15043,-0.8114546384192609,-0.022246116839938542,-0.00592703037351708,-0.3690855859401958,0.8828471753698731
15044,-0.8687787073517862,2.2070998965460693,0.9050267292141403,2.249510114790833,1.662944255148575
15045,-0.23821394909400867,-0.32974211868628445,-0.15376051707977595,-0.6094812568269787,-0.6464520503349088
15046,-0.9165487647955571,1.4383598919302043,0.3232692088653314,1.4252963860361485,1.5895687872485982
15047,0.3254727287424894,-0.4066161191478709,-0.18091080805272794,-0.5150401004071712,-1.0558099238821486
15048,-0.6490364431104395,-0.1759941177631115,-0.17832209803189092,0.03443571876261849,0.1143356957859044
15049,0.3445807517199978,-0.4066161191478709,-0.19631633357801406,-0.6781657342232025,-1.0558099238821486
15050,-0.8401166728855235,-0.09912011730152501,0.07834593814055316,0.2920025089984574,0.7013394389857197
15051,-0.8496706843742777,0.20837588454482087,0.06724592631230923,1.2364140731965334,1.70542478919593
15052,0.5643230159613445,-0.4066161191478709,-0.19032171775662154,-0.47211230203453136,-1.0558099238821486
15053,-0.9404337935174427,-0.25286811822469796,-0.15664909639944183,-0.28322998919491615,0.013927160764883359
15054,-0.9022177475624259,-0.32974211868628445,-0.1837862291352628,0.1975613525786498,-0.947677655397972
15055,1.3047589063397953,-0.25286811822469796,-0.16667913578729168,-0.04283431830813318,-0.09420510771929315
15056,1.524501170581142,-0.4066161191478709,-0.19683712275288548,-0.6524090551996186,-1.0558099238821486
15057,0.354134763208752,-0.09912011730152501,0.02078003576975709,-0.17161771342605264,0.7167869059120306
15058,-0.8401166728855235,0.7464938877759261,0.029895231407600014,1.2879274312437012,1.3694423835486673
15059,-0.768461586719867,0.9771158891606855,0.03707131841560247,1.9404299665078264,1.6204637211012198
15060,-0.9213257705399343,-0.1759941177631115,-0.1843298720904145,-0.008492079610021325,-1.0519480571505708
15061,-0.9452107992618198,9.279507939012024,8.548222152364893,0.42078590411637684,1.7826621238274847
15062,-0.6203744086441768,0.1315018840832344,-0.025643609906216402,0.13746243485695406,1.0257362444382492
15063,0.05796040705737167,-0.4066161191478709,-0.17902848760418993,-0.6609946148741466,-1.0558099238821486
15064,0.9990305386996609,-0.1759941177631115,-0.11783506701799945,-0.060005437657189103,0.12978316271221532
15065,-0.7827926039529983,-0.09912011730152501,0.025690135836031705,0.635424895979576,0.38466636699634565
15066,-0.7063605120429647,-0.4066161191478709,-0.14282325186867934,-0.3433289069166119,-1.0558099238821486
15067,-0.5869353684335371,-0.09912011730152501,0.06281160039914192,0.7556227314229674,0.9871175771224718
15068,-0.7397995522536044,-0.1759941177631115,-0.12334144298795,0.8243072088191912,1.1647634467750476
15069,-0.1044577882514498,-0.4066161191478709,-0.12786856909983113,-0.10293323602982893,-1.0558099238821486
15070,0.8175043204133309,-0.25286811822469796,-0.1536642541870803,-0.4806978617090593,0.3035671656332133
15071,-0.5152802822678806,-0.1759941177631115,-0.10390464912898484,-0.35191446659113984,0.7863005070804298
15072,1.3286439350616808,-0.4066161191478709,-0.19172133866408853,-0.5923101374779228,-1.0558099238821486
15073,-0.9165487647955571,0.1315018840832344,-0.011626624667655317,0.2834169493239294,1.5393645197380876
15074,-0.45795621333535536,-0.25286811822469796,-0.09714754809278717,-0.16303215375152466,0.3421858329489906
15075,-0.5917123741779142,-0.4066161191478709,-0.15117249959773527,-0.47211230203453136,-1.0558099238821486
15076,-0.13789682846208953,-0.25286811822469796,-0.10444621446774742,-0.12010435537888485,0.2958434321700578
15077,1.4002990212273374,-0.32974211868628445,-0.036553866104254505,-0.4635267423600034,-0.14440937522980365
15078,-0.9261027762843114,3.590831904854626,0.992465292566425,0.30917362834751333,1.7556290567064405
15079,0.053183401312994566,0.36212388546799384,0.04636518906290929,0.3177591880220413,0.9484989098066945
15080,1.0802396363540716,-0.32974211868628445,-0.1668778944218503,-0.4377700633364195,-0.7700317857453963
15081,-0.8544476901186548,0.4389978859295803,-0.07627165861496184,-0.060005437657189103,0.9253277094172282
15082,2.231498020748953,-0.4066161191478709,-0.19824297650951983,-0.6524090551996186,-1.0558099238821486
15083,0.26337165406558705,-0.4066161191478709,-0.19859963398965122,-0.6609946148741466,-1.0558099238821486
15084,0.8509433606239707,-0.32974211868628445,-0.13786398154786234,-0.4377700633364195,-0.028553373282471695
15085,2.5228953711559563,-0.4066161191478709,-0.18063933284455028,-0.6266523761760346,-1.0558099238821486
15086,1.7346894233337347,-0.32974211868628445,-0.1895737758565402,-0.6180668165015067,-0.8202360532559068
15087,0.3827967976750146,-0.4066161191478709,-0.18345104035781895,-0.5751390181288669,-1.0558099238821486
15088,-0.859224695863032,-0.32974211868628445,-0.12436847802296909,-0.2488877504968043,-0.8781640542295728
15089,-0.9117717590511801,-0.022246116839938542,-0.03705526419282752,0.4894703815126006,-0.600109649555976
15090,0.5117759527731964,-0.4066161191478709,-0.178299936790407,-0.5064545407326432,-1.0558099238821486
15091,-0.6394824316216853,-0.25286811822469796,-0.1322260232066012,-0.23171663114774838,1.288343182185535
15092,0.06751441854612587,-0.25286811822469796,-0.15093495879057983,-0.3690855859401958,-0.1019288411824486
15093,-0.8735557130961633,1.2846118910070314,0.7442351490889725,0.18897579290412184,1.6977010557327745
15094,1.2522118431516471,-0.32974211868628445,-0.19895975416376444,-0.6695801745486745,-0.3568120454665789
15095,-0.4675102248241096,0.28524988500640736,0.01286293224963701,0.06877795746073034,1.1995202473592472
15096,-0.7589075752311129,-0.4066161191478709,-0.18951421752005226,-0.6094812568269787,-1.0558099238821486
15097,-0.9404337935174427,-0.25286811822469796,-0.14180106460523487,-0.19737439244963653,1.1802109137013586
15098,-0.09012677101831851,-0.25286811822469796,2.5596646603630275,-0.6953368535722584,-1.0558099238821486
15099,-0.5582733339672745,-0.4066161191478709,-0.17628049366018744,-0.5064545407326432,-1.0558099238821486
15100,0.6312010963826239,0.05462788362164793,-0.052771739637684494,-0.6094812568269787,0.365357033338457
15101,-0.9213257705399343,-0.022246116839938542,-0.10235474730270519,-0.2574733101713323,1.1917965138960918
15102,1.5722712280249131,-0.32974211868628445,-0.16629477675530543,-0.4806978617090593,-0.9940200561769047
15103,-0.8114546384192609,-0.32974211868628445,-0.15599741739205616,-0.4034278246383076,-0.8434072536453732
15104,-0.02324869059703907,-0.32974211868628445,-0.13590132659894524,-0.13727547472794077,-0.7236893849664635
15105,-0.8735557130961633,0.20837588454482087,0.009626698454192546,0.40361478476732093,1.2922050489171126
15106,-0.8783327188405403,-0.09912011730152501,-0.10619279731219658,0.06877795746073034,-0.08261950752455995
15107,0.5261069700063277,0.20837588454482087,-0.14761839049475628,-0.42918450366189154,-0.515148581461266
15108,-0.28598400653777967,-0.1759941177631115,-0.11466046917543207,-0.2746444295203882,-0.7236893849664635
15109,0.21082459087743893,-0.25286811822469796,-0.1366243371023572,-0.30898666821850007,0.8365047745909403
15110,-0.8496706843742777,-0.022246116839938542,-0.10042187152203208,-0.5064545407326432,0.7283725061067639
15111,-0.8210086499080151,-0.09912011730152501,-0.03556422816423949,0.23190359127676166,1.1184210459961148
15112,1.9592086933194583,-0.4066161191478709,-0.19020606377762747,-0.6438234955250907,-1.0558099238821486
15113,-0.9165487647955571,-0.25286811822469796,0.03833381664138789,-0.04283431830813318,-0.8820259209611505
15114,-0.816231644163638,0.4389978859295803,0.030763675058249992,0.5924970976069361,0.4541799681647448
15115,-0.8735557130961633,-0.32974211868628445,-0.1678751502886254,-0.4034278246383076,1.7015629224643523
15116,-0.8783327188405403,-0.1759941177631115,-0.1110246404944812,-0.3862567052892517,-0.33364084507711256
15117,-0.8926637360736717,0.1315018840832344,-0.032544759012059346,0.06019239778620238,1.3385474496960454
15118,-0.3194230467484194,-0.4066161191478709,-0.187754476438472,-0.6953368535722584,-1.0558099238821486
15119,0.21082459087743893,-0.4066161191478709,-0.18625859263830938,-0.5837245778033949,-1.0558099238821486
15120,-0.3242000524927965,-0.4066161191478709,-0.1798581490822431,-0.5236256600816991,-1.0558099238821486
15121,-0.720691529276096,-0.32974211868628445,-0.17300894038612805,-0.4635267423600034,-0.13668564176664819
15122,-0.4149631616359615,0.36212388546799384,0.10605303030578796,0.626839336305048,0.8944327755646063
15123,-0.9261027762843114,-0.09912011730152501,0.11775001057650417,0.5753259782578802,1.3617186500855119
15124,-0.8544476901186548,-0.1759941177631115,-0.17348679215562443,-0.44635562301094744,1.373304250280245
15125,-0.8401166728855235,1.3614858914686179,0.9743304716446385,0.5924970976069361,1.2342770479434466
15126,1.6009332624911756,-0.32974211868628445,-0.17357889981554184,-0.48928342138358727,-0.4726680474139109
15127,-0.6490364431104395,-0.32974211868628445,-0.15543369081180972,-0.47211230203453136,0.697477572254142
15128,-0.672921471832325,-0.09912011730152501,-0.08118106614244006,0.043021278437146454,0.37308076680161245
15129,-0.720691529276096,1.2846118910070314,0.27038625383560005,0.03443571876261849,1.1068354458013816
15130,-0.15222784569522083,-0.4066161191478709,-0.18184642796662595,-0.5150401004071712,-1.0558099238821486
15131,0.9225984467896272,-0.4066161191478709,-0.1991481247163775,-0.6438234955250907,-1.0558099238821486
15132,-0.8735557130961633,-0.09912011730152501,-0.1369823796600813,-0.28322998919491615,-0.11351444137718181
15133,-0.35286208695905913,-0.09912011730152501,-0.07957299105726522,-0.317572227893028,0.4619037016279003
15134,-0.8926637360736717,0.28524988500640736,-0.09415855064764737,-0.30040110854397206,0.5198317026015663
15135,0.18216255641117632,-0.32974211868628445,-0.18353830024616177,-0.557967898779811,0.16840183002799264
15136,-0.949987805006197,-0.1759941177631115,-0.11559885924451557,-0.1802032731005806,-0.6927944511138416
15137,1.524501170581142,-0.32974211868628445,-0.14768418168041156,-0.41201338431283563,-0.43791124682971133
15138,0.9178214410452501,-0.4066161191478709,-0.1699063665783833,-0.4377700633364195,-1.0558099238821486
15139,0.18216255641117632,-0.32974211868628445,-0.19231415187378262,-0.5923101374779228,-0.6812088509191084
15140,-0.7111375177873418,0.1315018840832344,0.019930290666609146,0.18039023322959388,0.4503181014331671
15141,1.2235498086853847,0.05462788362164793,-0.10855089191384186,-0.326157787567556,-0.4224637799034004
15142,-0.7397995522536044,-0.022246116839938542,-0.023268201834661818,0.2834169493239294,0.697477572254142
15143,0.1152844759898969,-0.32974211868628445,-0.16567426199375648,-0.47211230203453136,-0.25640351044555787
15144,-0.9213257705399343,1.7458558937765503,0.637440818916898,1.0046039619842784,1.7170103893906632
15145,-0.9404337935174427,-0.1759941177631115,-0.12196813855474513,-0.24030219082227633,-0.11351444137718181
15146,-0.17611287441710635,-0.32974211868628445,-0.1127968472743961,0.06877795746073034,-0.5653528489717765
15147,0.18693956215555343,-0.4066161191478709,-0.16152803221987974,-0.4635267423600034,-1.0558099238821486
15148,-0.9117717590511801,-0.4066161191478709,-0.1838423247777689,-0.5322112197562271,-1.0558099238821486
15149,-0.3242000524927965,-0.09912011730152501,-0.09704505235092419,-0.17161771342605264,0.9369133096119614
15150,-0.8783327188405403,0.5158718863911668,0.41704934997599086,3.545929625644556,0.9755319769277386
15151,1.0611316133765631,-0.32974211868628445,-0.06027124226359249,-0.22313107147322042,-0.7236893849664635
15152,-0.9165487647955571,0.5927458868527532,0.15983282307682048,1.1333873571021977,1.616601854369642
15153,-0.8114546384192609,-0.4066161191478709,-0.18190598630311391,-0.5150401004071712,-1.0558099238821486
15154,-0.6012663856666685,-0.25286811822469796,-0.11165000302760474,0.7212804927248556,0.5005223689436776
15155,0.870051383601479,-0.4066161191478709,-0.17811641400936856,-0.4978689810581152,-1.0558099238821486
15156,-0.954764810750574,-0.25286811822469796,-0.13812091344131622,-0.26605886984586025,-0.9322301884716611
15157,-0.9452107992618198,-0.09912011730152501,-0.02090041168986733,0.601082657281464,1.747905323243285
15158,-0.7445765579979815,-0.32974211868628445,-0.1627385900359373,-0.6094812568269787,0.3190146325595242
15159,-0.954764810750574,2.1302258960844824,1.3269615312139054,2.841913732333263,0.6047927706962763
15160,0.7458492342476744,-0.1759941177631115,-0.16389859251985972,-0.557967898779811,-0.8086504530611736
15161,0.8939364123233645,-0.4066161191478709,-0.1964029009275605,-0.4205989439873636,-1.0558099238821486
15162,2.5324493826447103,-0.4066161191478709,-0.18303828723518148,-0.6008956971524508,-1.0558099238821486
15163,-0.8735557130961633,-0.32974211868628445,-0.18362209744052274,-0.45494118268547545,-0.38384511258762305
15164,-0.6347054258773082,0.20837588454482087,-0.06425334034272918,1.3823685876635088,1.346271183159201
15165,0.822281326157708,-0.4066161191478709,-0.17092924638062415,-0.47211230203453136,-1.0558099238821486
15166,1.2713198661291556,-0.4066161191478709,-0.1931313476535011,-0.6008956971524508,-1.0558099238821486
15167,0.5691000217057216,-0.09912011730152501,-0.09198882659861518,1.54549422147954,0.307429032364791
15168,-0.8401166728855235,-0.4066161191478709,-0.19732813275951297,-0.6609946148741466,-1.0558099238821486
15169,0.8652743778571019,-0.32974211868628445,-0.16528713280658477,-0.20595995212416449,0.2726722317805914
15170,0.9799225157221524,-0.4066161191478709,-0.19908787384109317,-0.6695801745486745,-1.0558099238821486
15171,0.6216470848938698,-0.4066161191478709,-0.11540494838153154,-0.6609946148741466,-1.0558099238821486
15172,-0.9213257705399343,-0.09912011730152501,-0.09223606294891983,0.20614691225317777,-0.17530430908242553
15173,0.8557203663683477,0.05462788362164793,-0.10120097766795012,-0.12010435537888485,-0.14054750849822592
15174,0.5786540331944758,-0.32974211868628445,-0.17136485328354187,-0.41201338431283563,-0.715965651503308
15175,-0.6203744086441768,-0.4066161191478709,-0.18918526159177576,-0.5064545407326432,-1.0558099238821486
15176,2.226721015004576,-0.4066161191478709,-0.13628222293694964,-0.2574733101713323,-1.0558099238821486
15177,1.0706856248653174,-0.4066161191478709,-0.13899074216955895,-0.4806978617090593,-1.0558099238821486
15178,0.28247967704309546,-0.4066161191478709,-0.20190304404834372,-0.6781657342232025,-1.0558099238821486
15179,-0.8735557130961633,0.5158718863911668,0.31413669975757913,1.2278285135220055,1.7170103893906632
15180,0.7936192916914454,-0.25286811822469796,-0.148132254281664,-0.30898666821850007,-0.1984755094718919
15181,-0.6442594373660624,-0.09912011730152501,-0.12158931983312987,-0.5751390181288669,1.5123314526170435
15182,-0.22388293186087738,0.36212388546799384,0.0029810961642107196,-0.034248758633605214,0.8828471753698731
15183,1.6534803256793238,-0.25286811822469796,-0.16039019097744123,-0.4205989439873636,-0.9129208548137724
15184,-0.8210086499080151,-0.1759941177631115,-0.15724190960913595,-0.08576211668077299,1.6243255878327976
15185,-0.6251514143885539,-0.4066161191478709,-0.1831961860807542,-0.5236256600816991,-1.0558099238821486
15186,-0.8926637360736717,-0.09912011730152501,-0.1075307822667865,-0.45494118268547545,1.577983187053865
15187,-0.954764810750574,0.7464938877759261,0.12613042255139684,-0.1802032731005806,-0.24095604351924696
15188,2.503787348178448,-0.4066161191478709,-0.18320934431788527,-0.5064545407326432,-1.0558099238821486
15189,-0.954764810750574,3.0527139016235205,1.0089234770621962,0.06877795746073034,0.9060183757593395
15190,1.1136786765647113,-0.4066161191478709,-0.1469196188492173,-0.36050002626566785,-1.0558099238821486
15191,1.2522118431516471,-0.25286811822469796,-0.16398308225301705,-0.4205989439873636,-0.1868899092771587
15192,-0.39107813291407595,-0.09912011730152501,-0.0893038536850825,-0.22313107147322042,1.1068354458013816
15193,-0.672921471832325,-0.4066161191478709,-0.17012797899322218,-0.5407967794307551,-1.0558099238821486
15194,-0.9452107992618198,1.6689818933149638,0.6278297655008531,1.6485209375738756,1.7749383903643292
15195,-0.949987805006197,-0.4066161191478709,0.06268140310542406,-0.6953368535722584,-1.0558099238821486
15196,1.104124665075957,-0.32974211868628445,-0.18298288413147176,-0.41201338431283563,0.0795788952017048
15197,-0.9117717590511801,-0.022246116839938542,-0.07468297461608539,-0.326157787567556,1.7170103893906632
15198,-0.5200572880122577,-0.09912011730152501,-0.16513962204295762,-0.4635267423600034,1.2497245148697576
15199,-0.6776984775767021,0.28524988500640736,0.011530487605418076,-0.557967898779811,0.9369133096119614
15200,1.4002990212273374,-0.4066161191478709,-0.1666839835588663,-0.44635562301094744,-1.0558099238821486
15201,-0.5439423167341432,0.05462788362164793,-0.07707638869634562,-0.326157787567556,0.9678082434645832
15202,1.046800596143432,-0.25286811822469796,0.2109186399299675,-0.6953368535722584,-1.0558099238821486
15203,-0.8401166728855235,0.6696198873143396,0.10002170992818772,0.5839115379324081,1.6706679886117304
15204,0.7458492342476744,-0.4066161191478709,-0.18278343295811672,-0.6266523761760346,-1.0558099238821486
15205,-0.5534963282228974,-0.32974211868628445,-0.1594684218394706,-0.3862567052892517,-0.8936115211558837
15206,-0.9117717590511801,-0.1759941177631115,-0.17560042056215053,-0.6781657342232025,-0.032415240014049426
15207,1.0276925731659234,-0.25286811822469796,-0.15734371281220255,-0.5407967794307551,-0.5499053820454656
15208,-0.954764810750574,-0.022246116839938542,-0.13749555090819265,-0.47211230203453136,0.5738978368436545
15209,2.527672376900333,-0.4066161191478709,-0.19231276679618986,-0.5923101374779228,-1.0558099238821486
15210,0.1152844759898969,-0.25286811822469796,-0.12325210548321806,-0.13727547472794077,0.2958434321700578
15211,-0.672921471832325,-0.32974211868628445,-0.1427664636873769,-0.2574733101713323,0.12205942924905985
15212,0.19171656789993052,-0.32974211868628445,-0.1902836281228211,-0.6438234955250907,-0.5344579151191546
15213,0.5595460102169674,-0.32974211868628445,-0.18196831479478737,-0.5150401004071712,-1.0133293898347935
15214,-0.954764810750574,0.1315018840832344,-0.08964666038928643,0.23190359127676166,-0.125100041571915
15215,-0.7397995522536044,0.05462788362164793,-0.03694515052420446,0.02585015908809053,1.130006646190848
15216,-0.5439423167341432,-0.32974211868628445,-0.1710442078208218,-0.4978689810581152,0.9948413105856273
15217,1.7299124175893574,-0.4066161191478709,-0.17518905251710581,-0.4635267423600034,-1.0558099238821486
15218,-0.9117717590511801,1.207737890545445,0.589553146225395,0.4894703815126006,1.5393645197380876
15219,-0.11878880548458111,-0.32974211868628445,-0.1572377543763577,-0.4806978617090593,0.7669911734225411
15220,-0.7159145235317189,-0.022246116839938542,-0.08150794445432745,0.24048915095128962,-0.1714424423508478
15221,0.7888422859470683,-0.1759941177631115,-0.061892475585898415,-0.5236256600816991,-0.009244039624583035
15222,0.5595460102169674,0.36212388546799384,0.04120646756873726,0.13746243485695406,0.5082461024068331
15223,0.1152844759898969,-0.09912011730152501,-0.1065092875421384,-0.4806978617090593,0.9098802424909173
15224,0.7506262399920515,-0.09912011730152501,-0.1443627656130134,-0.4978689810581152,0.23791543119639183
15225,0.15827752768929082,-0.4066161191478709,-0.17635528785019558,-0.5064545407326432,-1.0558099238821486
15226,0.5213299642619506,-0.4066161191478709,-0.19401433461887488,-0.6352379358505627,-1.0558099238821486
15227,-0.7875696096973754,0.20837588454482087,-0.03237023923537371,0.03443571876261849,1.2497245148697576
15228,-0.6442594373660624,-0.022246116839938542,0.18174752074920325,0.8758205668663589,0.6163783708910096
15229,1.8397835497100308,-0.4066161191478709,-0.19359257849188458,-0.6266523761760346,-1.0558099238821486
15230,0.18216255641117632,-0.32974211868628445,-0.17495635948152496,-0.5064545407326432,-1.0519480571505708
15231,2.0069787507632295,-0.4066161191478709,-0.18737635025565316,-0.5837245778033949,-1.0558099238821486
15232,-0.41974016738033854,-0.32974211868628445,-0.16232029660292885,-0.4806978617090593,-0.9515395221295497
15233,0.9560374870002669,-0.4066161191478709,-0.2005941457232014,-0.6953368535722584,-1.0558099238821486
15234,0.3589117689531291,-0.4066161191478709,-0.19106481188512825,-0.5837245778033949,-1.0558099238821486
15235,0.07706843003488008,0.7464938877759261,-0.012683438870918355,0.6783526943522158,-0.39543071278235625
15236,0.4640058953294254,-0.4066161191478709,-0.1824738681161386,-0.5751390181288669,-1.0558099238821486
15237,-0.954764810750574,-0.1759941177631115,-0.10689918688449561,0.1031201961588422,-0.18302804254558097
15238,-0.8210086499080151,-0.25286811822469796,-0.13046835974141008,-0.28322998919491615,-0.45722058048759995
15239,-0.9117717590511801,-0.32974211868628445,-0.15064894026767836,-0.2918155488694441,-0.7932029861348626
15240,-0.7493535637423586,0.4389978859295803,0.10416309193048981,0.44654258313996076,1.6088781209064866
15241,-0.6442594373660624,0.36212388546799384,0.006527587340429659,0.32634474769656924,1.2149677142855582
15242,1.0563546076321861,-0.4066161191478709,-0.18379038436804102,-0.6695801745486745,-1.0558099238821486
15243,-0.6060433914110456,-0.32974211868628445,-0.14049008866370344,-0.22313107147322042,0.33832396621741284
15244,-0.6490364431104395,-0.25286811822469796,-0.14154274763418825,-0.326157787567556,1.2651719817960685
15245,-0.3194230467484194,0.1315018840832344,0.11461073221255173,-0.08576211668077299,0.7245106393751861
15246,0.17738555066679923,-0.25286811822469796,-0.1506620985048094,-0.317572227893028,0.16840183002799264
15247,-0.37674711568094466,-0.25286811822469796,-0.1371118844150028,-0.5923101374779228,0.5468647697226104
15248,1.003807544444038,-0.25286811822469796,-0.07354582591244323,0.18039023322959388,-0.5808003158980874
15249,-0.8114546384192609,0.900241888699099,0.43699862254427096,1.9060877278097146,1.2304151812118689
15250,2.097741859906394,-0.4066161191478709,-0.20055259339541912,-0.6781657342232025,-1.0558099238821486
15251,-0.9165487647955571,1.1308638900838586,1.2028454206669847,0.867235007191831,1.5316407862749322
15252,-0.7875696096973754,-0.09912011730152501,-0.059038523206051075,0.20614691225317777,1.1647634467750476
15253,-0.8831097245849174,0.1315018840832344,-0.0623848706701186,0.1718046735550659,1.145454113117159
15254,-0.35286208695905913,-0.25286811822469796,-0.12933536627054618,-0.1544465940769967,0.6163783708910096
15255,-0.6442594373660624,0.20837588454482087,0.05194843683925708,0.4722992621635446,1.5316407862749322
15256,-0.25254496632713996,-0.32974211868628445,-0.19290696508347668,-0.6524090551996186,0.539141036259455
15257,0.3923508091637688,-0.32974211868628445,-0.157206590130521,-0.6094812568269787,-0.5499053820454656
15258,-0.15700485143959794,-0.32974211868628445,-0.16155157853895638,-0.42918450366189154,-0.8665784540348396
15259,1.4862851246261253,-0.1759941177631115,-0.12282342396826404,-0.2746444295203882,-0.399292579513934
15260,-0.4818412420572409,1.4383598919302043,0.4024914919374635,0.8929916862154148,1.388751717206556
15261,-0.3146460410040423,-0.1759941177631115,-0.10027297568081218,0.043021278437146454,0.09888822885959346
15262,0.583431038938853,-0.25286811822469796,-0.17570291630401352,-0.5150401004071712,-0.41860191317182266
15263,-0.4531792075909783,-0.4066161191478709,-0.19386890147163685,-0.6008956971524508,-1.0558099238821486
15264,-0.6538134488548165,-0.32974211868628445,-0.14595283468948256,-0.2574733101713323,0.7438199730330748
15265,-0.23821394909400867,-0.1759941177631115,0.02699072369561754,0.8328927684937191,1.2111058475539804
15266,0.6550861251045095,-0.09912011730152501,-0.145688977408065,-0.37767114561472376,0.3460476996805683
15267,-0.8544476901186548,-0.09912011730152501,-0.08577398343997648,-0.6352379358505627,-0.43791124682971133
15268,1.3238669293173038,-0.25286811822469796,-0.13809251935066497,-0.5236256600816991,-0.5653528489717765
15269,-0.8496706843742777,-0.25286811822469796,-0.11984689222145894,-0.4205989439873636,0.36149516660687925
15270,-0.8878867303292945,1.1308638900838586,0.38567180218998665,-0.13727547472794077,1.6745298553433081
15271,-0.9261027762843114,1.3614858914686179,0.10891113791841349,2.464149106654032,0.8133335742014739
15272,-0.6872524890654563,-0.022246116839938542,-0.06405665932455963,1.5025664231069003,1.2844813154539572
15273,1.9018846243869332,-0.4066161191478709,-0.18885145789192465,-0.6953368535722584,-1.0558099238821486
15274,-0.9404337935174427,-0.32974211868628445,-0.1550825736420493,-0.326157787567556,-1.0017437896400603
15275,-0.7827926039529983,-0.4066161191478709,-0.1621069946536464,-0.35191446659113984,-1.0558099238821486
15276,-0.6442594373660624,-0.1759941177631115,-0.16178427157453726,0.6697671346776878,0.365357033338457
15277,-0.7397995522536044,-0.32974211868628445,-0.1717194331472841,-0.5064545407326432,0.40783756738581206
15278,1.7203584061006032,-0.1759941177631115,-0.17034682125287565,-0.45494118268547545,-0.6541757837980643
15279,0.7315182170145431,-0.09912011730152501,-0.09524929925193264,-0.06859099733171707,0.18384929695430358
15280,-0.13789682846208953,-0.25286811822469796,-0.17717802394028503,-0.2918155488694441,0.4850749020173667
15281,-0.6824754833210792,0.7464938877759261,0.38696754227799784,2.9621115677766543,0.3692189000700347
15282,1.7633514577999971,-0.4066161191478709,-0.18056661627093124,-0.47211230203453136,-1.0558099238821486
15283,0.9034904238121187,-0.25286811822469796,-0.19443539820706882,-0.6266523761760346,-0.5614909822401988
15284,1.4289610556936,-0.4066161191478709,-0.20299379265262898,-0.6953368535722584,-1.0558099238821486
15285,0.9846995214665295,-0.4066161191478709,-0.1981342479184895,-0.6524090551996186,-1.0558099238821486
15286,-0.7254685350204731,-0.4066161191478709,-0.18804880542692995,-0.6781657342232025,-1.0558099238821486
15287,-0.8544476901186548,-0.09912011730152501,-0.14542442758785104,-0.5064545407326432,1.70542478919593
15288,-0.7541305694867357,0.28524988500640736,0.052596653152660905,0.395029225092793,1.346271183159201
15289,-0.8210086499080151,-0.09912011730152501,-0.0943801630624863,-0.12868991505341282,1.2304151812118689
15290,-0.9404337935174427,1.5152338923917907,0.5222002855842756,0.20614691225317777,1.4505415849117997
15291,-0.8401166728855235,2.591469898854002,0.7314494978303602,0.2920025089984574,1.689977322269619
15292,0.0006363381248464415,-0.4066161191478709,-0.1923536265851758,-0.4978689810581152,-1.0558099238821486
15293,2.2171670035158217,-0.4066161191478709,-0.1875674909634517,-0.5407967794307551,-1.0558099238821486
15294,0.9990305386996609,-0.4066161191478709,-0.1885474333603175,-0.5751390181288669,-1.0558099238821486
15295,2.1646199403276736,-0.4066161191478709,-0.1903695029335712,-0.2746444295203882,-1.0558099238821486
15296,-0.720691529276096,0.4389978859295803,0.5102020509371377,2.2323389954417774,1.404199184132867
15297,-0.9117717590511801,-0.25286811822469796,-0.16025099067937051,-0.44635562301094744,-0.8511309871085286
15298,-0.949987805006197,1.2846118910070314,0.4228549027059739,1.0046039619842784,1.7594909234380183
15299,-0.6394824316216853,0.28524988500640736,0.22165576142891272,-0.6266523761760346,1.373304250280245
15300,-0.6538134488548165,-0.4066161191478709,-0.17032743016657723,-0.4635267423600034,-1.0558099238821486
15301,-0.720691529276096,0.8233678882375126,0.27381362833884304,1.2793418715691731,0.48893676874894443
15302,2.527672376900333,-0.4066161191478709,-0.18337763124540354,-0.5751390181288669,-1.0558099238821486
15303,0.42578984937440856,-0.25286811822469796,-0.11992861179943079,-0.16303215375152466,0.4619037016279003
15304,-0.672921471832325,0.20837588454482087,-0.14955403643061485,-0.6352379358505627,0.33832396621741284
15305,1.6916963716343407,-0.4066161191478709,-0.19822566303961056,-0.6609946148741466,-1.0558099238821486
15306,-0.6538134488548165,0.20837588454482087,0.036623245814350065,0.35210142672015315,1.242000781406602
15307,-0.5057262707791264,-0.4066161191478709,-0.19049000468413982,-0.6008956971524508,-1.0558099238821486
15308,0.3493577574643749,-0.4066161191478709,-0.18320657416269978,-0.5407967794307551,-1.0558099238821486
15309,1.9544316875750813,-0.1759941177631115,-0.1494460003783809,-0.28322998919491615,-0.573076582434932
15310,1.3238669293173038,-0.4066161191478709,-0.0915026643635623,-0.317572227893028,-1.0558099238821486
15311,-0.9595418164949511,15.506301976400529,7.757162786821475,6.7140011455453745,1.7942477240222179
15312,-0.6012663856666685,0.4389978859295803,-0.0017808005996403494,0.30917362834751333,1.446679718180222
15313,-0.4340711846134699,-0.4066161191478709,-0.20110662443251637,-0.6953368535722584,-1.0558099238821486
15314,-0.008917673363907763,-0.25286811822469796,-0.14788848062534116,-0.28322998919491615,-0.1714424423508478
15315,-0.6538134488548165,-0.32974211868628445,-0.1651984878406492,-0.4034278246383076,-0.8549928538401064
15316,0.5977620561719842,-0.4066161191478709,-0.19328093603351737,-0.6953368535722584,-1.0558099238821486
15317,2.274491072448347,-0.4066161191478709,-0.19572213529072724,-0.6609946148741466,-1.0558099238821486
15318,-0.9452107992618198,-0.4066161191478709,-0.18305767832147987,-0.4205989439873636,-1.0558099238821486
15319,0.3923508091637688,-0.4066161191478709,-0.19054540778784956,-0.5665534584543389,-1.0558099238821486
15320,-0.7493535637423586,-0.4066161191478709,-0.18620803730617425,-0.39484226496377967,-1.0558099238821486
15321,-0.6251514143885539,0.4389978859295803,0.25996700764418934,1.3737830279889809,1.2767575819908017
15322,-0.5534963282228974,-0.32974211868628445,-0.10838537514150905,-0.05141987798266114,0.4541799681647448
15323,1.7251354118449804,-0.25286811822469796,-0.17461009008333916,-0.45494118268547545,-0.673485117455953
15324,2.3891392103133975,-0.4066161191478709,-0.1949970471709262,-0.6352379358505627,-1.0558099238821486
15325,-0.4675102248241096,0.1315018840832344,-0.09380050808992325,0.7041093733757996,1.0991117123382261
15326,0.6312010963826239,-0.09912011730152501,-0.08694021877306625,0.1031201961588422,0.5082461024068331
15327,-0.7111375177873418,-0.4066161191478709,-0.19025107879939163,-0.6180668165015067,-1.0558099238821486
15328,0.9846995214665295,-0.4066161191478709,-0.19728104012135972,-0.6352379358505627,-1.0558099238821486
15329,-0.7732385924642441,0.36212388546799384,0.0002026305131678891,0.13746243485695406,1.593430653980176
15330,-0.8066776326748838,-0.32974211868628445,-0.15519407238826513,-0.6180668165015067,-0.947677655397972
15331,1.4241840499492229,-0.25286811822469796,-0.15152707946147756,-0.35191446659113984,-0.6310045834085979
15332,0.7888422859470683,-0.022246116839938542,0.13412924564948878,0.2662458299748735,-0.4881155143402218
15333,0.034075378335486156,-0.4066161191478709,-0.13347605573405194,-0.5665534584543389,-1.0558099238821486
15334,-0.21432892037212317,-0.25286811822469796,-0.18041218011934038,-0.12868991505341282,-0.990158189445327
15335,-0.7063605120429647,-0.4066161191478709,-0.1929194307818114,-0.41201338431283563,-1.0558099238821486
15336,0.9560374870002669,-0.4066161191478709,-0.18805226812091183,-0.5751390181288669,-1.0558099238821486
15337,1.003807544444038,-0.4066161191478709,-0.17887474399139544,-0.5236256600816991,-1.0558099238821486
15338,2.274491072448347,-0.4066161191478709,-0.18546009540609296,-0.22313107147322042,-1.0558099238821486
15339,-0.6442594373660624,0.05462788362164793,-0.07859512627678852,0.6869382540267437,1.272895715259224
15340,1.7203584061006032,-0.4066161191478709,-0.19740154187192835,-0.6438234955250907,-1.0558099238821486
15341,-0.5773813569447829,-0.32974211868628445,-0.038310144491852875,-0.5150401004071712,0.3692189000700347
15342,-0.3433080754703049,-0.4066161191478709,-0.17658451819179458,-0.4978689810581152,-1.0558099238821486
15343,-0.5439423167341432,-0.4066161191478709,-0.17946478704590405,-0.5236256600816991,-1.0558099238821486
15344,-0.9595418164949511,-0.25286811822469796,-0.16565279329106897,-0.5236256600816991,-0.7700317857453963
15345,-0.7445765579979815,-0.4066161191478709,-0.17745365438124094,-0.5322112197562271,-1.0558099238821486
15346,0.6264240906382469,-0.25286811822469796,-0.16342420344434516,-0.39484226496377967,-0.673485117455953
15347,0.7888422859470683,-0.1759941177631115,-0.12423481803526937,-0.45494118268547545,-0.7816173859401294
15348,-0.6155974028997997,-0.4066161191478709,-0.193762943035792,-0.6266523761760346,-1.0558099238821486
15349,-0.20477490888336897,-0.32974211868628445,-0.17258025887117404,-0.14586103440246875,-0.9438157886663943
15350,0.822281326157708,-0.32974211868628445,-0.16678440168434014,-0.4806978617090593,-1.0171912565663712
15351,-0.9022177475624259,0.28524988500640736,0.032848216835328486,1.0217750813333344,0.566174103380499
15352,1.658257331423701,-0.4066161191478709,-0.1970102574519784,-0.41201338431283563,-1.0558099238821486
15353,0.25381764257683287,0.05462788362164793,-0.011179937143995651,1.6485209375738756,0.8094717074698962
15354,1.9209926473644416,-0.25286811822469796,-0.1850120228048405,-0.6953368535722584,-1.0558099238821486
15355,-0.8210086499080151,-0.32974211868628445,-0.18552103882017362,-0.6266523761760346,-0.9631251223242829
15356,-0.8114546384192609,0.5158718863911668,0.019644964682504058,1.7858898923663231,0.4541799681647448
15358,-0.9404337935174427,2.745217899777175,0.9328467052031837,2.3782935099087528,1.7556290567064405
15359,2.2028359862826905,0.1315018840832344,-0.1921486351014498,-0.6180668165015067,-0.9360920552032388
15360,-0.7732385924642441,-0.4066161191478709,-0.17507201346051904,-0.5923101374779228,-1.0558099238821486
15361,0.7649572572251828,-0.1759941177631115,-0.1569870553320712,-0.6180668165015067,-0.3529501787350012
15362,1.1805567569859907,-0.32974211868628445,-0.16224965764569896,-0.37767114561472376,0.06413142827539388
15363,0.8175043204133309,-0.32974211868628445,-0.15774607785289446,-0.42918450366189154,-0.5923859160928205
15364,-0.5057262707791264,-0.32974211868628445,-0.14146587582779102,-0.45494118268547545,-0.441773113561289
15365,-0.8401166728855235,0.5158718863911668,0.11089110633723989,0.377858105743737,1.446679718180222
15366,-0.6012663856666685,0.05462788362164793,-0.03925476741010372,0.03443571876261849,1.1686253135066254
15367,-0.6872524890654563,0.36212388546799384,0.14719399004303887,1.1333873571021977,1.5393645197380876
15368,-0.859224695863032,-0.32974211868628445,-0.15465527720468802,-0.6352379358505627,0.38466636699634565
15369,1.3907450097385832,0.36212388546799384,0.22821618144694086,-0.326157787567556,-0.13282377503507045
15370,-0.768461586719867,0.1315018840832344,0.05423312232848699,0.06877795746073034,0.37308076680161245
15371,2.2028359862826905,-0.4066161191478709,-0.2005941457232014,-0.6953368535722584,-1.0558099238821486
15372,-0.3050920295152881,0.1315018840832344,0.21199692283591814,-0.317572227893028,0.9755319769277386
15373,-0.9213257705399343,0.8233678882375126,0.008908535722355209,0.21473247192770573,1.1763490469697808
15374,-0.348085081214682,-0.32974211868628445,-0.18342472388355682,-0.6352379358505627,0.8596759749804067
15375,2.3365921471252493,-0.4066161191478709,-0.20048610967096742,-0.6524090551996186,-1.0558099238821486
15376,-0.768461586719867,-0.25286811822469796,-0.12011005696408016,0.15463355420601,-0.3529501787350012
15377,0.8652743778571019,-0.1759941177631115,-0.12078943752332068,-0.5751390181288669,-0.9283683217400833
15378,1.2474348374072701,-0.32974211868628445,-0.18763674484308887,-0.6352379358505627,-0.9051971213506169
15379,-0.15222784569522083,0.1315018840832344,0.1331015180756733,0.8157216491446632,-0.16371870888769233
15380,-0.9213257705399343,0.36212388546799384,0.020295258612296974,-0.47211230203453136,1.763352790169596
15381,0.05796040705737167,-0.09912011730152501,-0.07377851894802409,-0.5322112197562271,0.37308076680161245
15382,-0.8926637360736717,0.4389978859295803,0.7463937925172628,2.000528884229522,1.7285959895853964
15384,-0.15222784569522083,-0.1759941177631115,-0.06427550158421307,0.008679039739034602,0.5777597035752322
15385,-0.768461586719867,-0.25286811822469796,-0.13946513124507348,-0.549382339105283,1.404199184132867
15386,-0.0710187480408101,-0.4066161191478709,-0.17741210205345864,-0.4377700633364195,-1.0558099238821486
15387,1.3907450097385832,-0.4066161191478709,-0.17225199548169387,-0.5322112197562271,-1.0558099238821486
15388,0.3302497344868665,-0.4066161191478709,-0.1949748859294423,-0.6180668165015067,-1.0558099238821486
15389,-0.13789682846208953,-0.09912011730152501,-0.01538157002158209,-0.6867512938977305,0.9098802424909173
15390,0.9321524582783813,-0.32974211868628445,-0.12044940097430222,-0.04283431830813318,-1.005605656371638
15391,1.8302295382212765,-0.4066161191478709,-0.18463320408322526,-0.6008956971524508,-1.0558099238821486
15392,-0.9404337935174427,0.05462788362164793,-0.003066845144502412,0.15463355420601,0.5932071705015431
15393,-0.8831097245849174,-0.09912011730152501,-0.14297907309786292,-0.3862567052892517,1.6783917220748859
15394,-0.9165487647955571,0.36212388546799384,0.16142358469208604,0.40361478476732093,1.70542478919593
15395,0.5929850504276071,-0.4066161191478709,-0.1972664968066359,-0.6438234955250907,-1.0558099238821486
15396,-0.42451717312471565,-0.32974211868628445,-0.1495554215082076,-0.5665534584543389,0.7631293066909633
15397,0.42101284363003144,-0.4066161191478709,-0.19819796148775568,-0.6524090551996186,-1.0558099238821486
15398,-0.8831097245849174,-0.32974211868628445,-0.1115246535054615,-0.18878883277510855,-0.816374186524329
15399,-0.954764810750574,-0.25286811822469796,-0.1482125887820431,-0.317572227893028,-0.7545843188190854
15400,-0.5200572880122577,0.1315018840832344,-0.1145184987221759,-0.5665534584543389,0.7515437064962301
15401,1.1996647799634992,-0.32974211868628445,-0.18968319698636693,-0.5837245778033949,-0.6078333830191315
15402,-0.25254496632713996,-0.022246116839938542,-0.07793582934264277,-0.025663198959077253,0.6549970382067869
15403,1.3859680039942062,-0.32974211868628445,-0.19287372322125085,-0.6524090551996186,-0.13282377503507045
15404,0.8318353376464622,-0.4066161191478709,-0.18690542387412046,-0.5665534584543389,-1.0558099238821486
15405,-0.056687730807678784,-0.32974211868628445,-0.15901134623386534,-0.45494118268547545,0.4387325012384339
15406,-0.8114546384192609,-0.1759941177631115,-0.13712504265213388,0.22331803160223368,0.5738978368436545
15407,-0.8019006269305068,-0.1759941177631115,-0.13221702020224838,0.5152270605361845,-0.005382172893005303
15408,0.30158770002060387,-0.4066161191478709,-0.18620457461219242,-0.41201338431283563,-1.0558099238821486
15409,2.4846793252009394,-0.4066161191478709,-0.19561825447127149,-0.6266523761760346,-1.0558099238821486
15410,-0.5582733339672745,0.28524988500640736,0.11979646271978224,-0.01707763928454929,0.9330514428803837
15411,-0.8353396671411465,-0.1759941177631115,-0.11128919031469514,0.03443571876261849,-0.4533587137560222
15412,-0.14267383420646662,-0.4066161191478709,-0.19151288448638065,-0.6180668165015067,-1.0558099238821486
15413,2.3413691528696265,-0.09912011730152501,0.2661299103931002,-0.5322112197562271,-0.874302187497995
15414,-0.9165487647955571,-0.25286811822469796,-0.15104299484281378,-0.3862567052892517,-0.15599497542453686
15415,0.5356609814950819,-0.4066161191478709,-0.16595266258989785,-0.30898666821850007,-1.0558099238821486
15416,-0.6538134488548165,0.05462788362164793,0.1119776997087469,0.9187483652389987,1.3076525158434236
15417,-0.5534963282228974,-0.4066161191478709,-0.1694714522142619,-0.4635267423600034,-1.0558099238821486
15418,1.0706856248653174,-0.32974211868628445,-0.17358374758711645,-0.1544465940769967,-0.4340493800981336
15419,-0.8448936786299006,-0.4066161191478709,-0.19529899408614418,-0.6352379358505627,-1.0558099238821486
15420,1.1136786765647113,-0.022246116839938542,-0.1532521936032392,-0.2574733101713323,0.1027500955911712
15421,-0.6824754833210792,0.28524988500640736,0.05882673216481977,0.7556227314229674,1.547088253201243
15422,0.583431038938853,0.05462788362164793,-0.09251861877783944,-0.01707763928454929,0.2842578319753246
15423,-0.7780155982086212,-0.25286811822469796,-0.18622465823728718,-0.5923101374779228,1.1956583806276695
15424,0.25381764257683287,-0.25286811822469796,-0.16330924200414748,-0.4205989439873636,-0.24867977698240243
15425,0.9512604812558898,-0.1759941177631115,-0.07027773533236568,0.27483138964940146,-0.040138973477204895
15426,-0.8687787073517862,0.20837588454482087,-0.05537222281805985,2.103555600323858,1.1338685129224257
15427,-0.8019006269305068,-0.25286811822469796,-0.10563738119750656,1.2965129909182291,-1.0017437896400603
15428,-0.8878867303292945,-0.1759941177631115,-0.1518844294804053,-0.3690855859401958,1.6745298553433081
15429,-0.8353396671411465,-0.32974211868628445,-0.17718979709982335,-0.04283431830813318,-0.8665784540348396
15430,1.2713198661291556,-0.32974211868628445,-0.13858768459007068,-0.39484226496377967,-0.8202360532559068
15431,1.4385150671823541,-0.4066161191478709,-0.19409536165805033,-0.6867512938977305,-1.0558099238821486
15432,-0.8496706843742777,-0.32974211868628445,-0.18249395174123342,-0.5665534584543389,0.9446370430751168
15433,0.05796040705737167,-0.32974211868628445,-0.16777473216315156,-0.36050002626566785,-0.8472691203769509
15434,-0.9213257705399343,0.36212388546799384,-0.026928961912282078,9.34800645066384e-05,1.5548119866643986
15435,-0.8544476901186548,-0.4066161191478709,-0.19436891448261714,-0.45494118268547545,-1.0558099238821486
15436,-0.9022177475624259,-0.25286811822469796,-0.13076199619107165,1.3823685876635088,-0.1984755094718919
15437,0.2920336885318497,-0.32974211868628445,-0.1774598872304083,-0.22313107147322042,0.4039757006542343
15438,-0.3337540639815507,-0.4066161191478709,-0.19386405370006224,-0.48928342138358727,-1.0558099238821486
15439,0.9703685042333982,-0.1759941177631115,-0.11682119022011145,-0.28322998919491615,-0.09420510771929315
15440,-0.7015835062985876,-0.25286811822469796,-0.17813649763446335,-0.2746444295203882,-0.4610824472191777
15441,0.9321524582783813,-0.25286811822469796,-0.11784891779392688,-0.317572227893028,0.2340535644648141
15442,0.22515560811057025,-0.4066161191478709,-0.16357102166917595,-0.6867512938977305,-1.0558099238821486
15443,-0.954764810750574,0.5927458868527532,0.1494724426831014,2.798985933960623,1.4196466510591779
15444,-0.9165487647955571,-0.32974211868628445,-0.10697605869089284,0.9359194845880546,-0.9360920552032388
15445,0.30158770002060387,-0.32974211868628445,-0.1850050974168768,-0.6008956971524508,0.20315863061219222
15446,0.8366123433908393,-0.25286811822469796,-0.17702358778869418,0.06877795746073034,0.2958434321700578
15447,0.6168700791494927,-0.09912011730152501,-0.1705739739780855,-0.47211230203453136,0.08344076193328254
15448,0.5308839757507048,-0.32974211868628445,-0.1500796733770609,-0.28322998919491615,0.3421858329489906
15449,-0.8353396671411465,-0.25286811822469796,-0.13721853538964401,-0.30040110854397206,-0.1482712419613814
15450,-0.816231644163638,-0.4066161191478709,-0.17493973855041203,-0.44635562301094744,-1.0558099238821486
15451,1.1136786765647113,-0.32974211868628445,-0.18899689103916267,-0.22313107147322042,-0.41860191317182266
15452,-0.8210086499080151,-0.022246116839938542,-0.08108203309455893,0.6525960153286319,0.8056098407383184
15453,-0.954764810750574,0.05462788362164793,-0.10970743170378242,0.7470371717484394,-0.3375027118086903
15454,0.7697342629695599,-0.32974211868628445,-0.18351683154347423,-0.4034278246383076,-0.06717204059824902
15455,1.892330612898179,-0.4066161191478709,-0.2020588652775273,-0.6867512938977305,-1.0558099238821486
15456,0.3923508091637688,0.28524988500640736,-0.059861951834936894,0.395029225092793,0.6743063718646756
15457,0.2920336885318497,-0.4066161191478709,-0.18828980892806726,-0.22313107147322042,-1.0558099238821486
15458,-0.8401166728855235,-0.32974211868628445,-0.1790534190008593,-0.5923101374779228,0.4001138339226566
15459,1.0324695789103004,-0.32974211868628445,-0.1906610617668436,-0.6524090551996186,-0.7468605853559299
15460,0.7315182170145431,-0.4066161191478709,-0.1898694899225909,-0.2488877504968043,-1.0558099238821486
15461,1.237880825918516,-0.32974211868628445,-0.17494943409356126,-0.6953368535722584,-0.39543071278235625
15462,-0.5105032765235035,-0.1759941177631115,-0.1536642541870803,-0.42918450366189154,0.29970529890163555
15463,-0.8210086499080151,-0.4066161191478709,-0.1959721417962174,-0.6438234955250907,-1.0558099238821486
15464,0.6550861251045095,-0.4066161191478709,-0.13236176081069,0.626839336305048,-1.0558099238821486
15465,-0.8687787073517862,1.9764778951613096,0.6332918189878358,0.1031201961588422,1.6861154555380413
15466,-0.5534963282228974,-0.1759941177631115,-0.0966399171550468,1.107630678078614,1.4582653183749552
15467,-0.9165487647955571,-0.25286811822469796,-0.1683578498296964,-0.35191446659113984,-0.5035629812665328
15468,-0.7159145235317189,-0.25286811822469796,-0.10564153643028479,-0.01707763928454929,0.2610866315858582
15469,-0.720691529276096,-0.25286811822469796,-0.14416262190086201,-0.37767114561472376,0.4425943679700116
15470,1.7872364865218826,-0.4066161191478709,-0.20031574512706002,-0.6695801745486745,-1.0558099238821486
15471,-0.949987805006197,-0.25286811822469796,-0.11523112114364226,0.3435158670456252,1.0604930450224488
15472,-0.41974016738033854,-0.4066161191478709,-0.1789758546556657,-0.05141987798266114,-1.0558099238821486
15473,-0.8926637360736717,0.1315018840832344,-0.06301438843602039,-0.6609946148741466,0.6047927706962763
15474,1.8827766014094247,-0.4066161191478709,-0.19429550537020177,-0.5407967794307551,-1.0558099238821486
15475,-0.5917123741779142,-0.4066161191478709,-0.17325894689161817,-0.45494118268547545,-1.0558099238821486
15476,0.8557203663683477,-0.1759941177631115,-0.05165813725311898,-0.12868991505341282,-0.816374186524329
15477,2.1407349116057883,-0.4066161191478709,-0.1791946969153191,-0.6867512938977305,-1.0558099238821486
15478,-0.768461586719867,-0.25286811822469796,-0.0673441409909356,-0.2488877504968043,1.0102887775119382
15479,2.5420033941334648,-0.4066161191478709,-0.19449980431513136,-0.6266523761760346,-1.0558099238821486
15480,-0.40540915014720724,-0.09912011730152501,0.23013728406807565,1.0046039619842784,1.1068354458013816
15481,0.9560374870002669,-0.4066161191478709,-0.06666129773771322,-0.37767114561472376,-1.0558099238821486
15482,-0.8878867303292945,0.9771158891606855,0.7937502879519488,-0.06859099733171707,1.7324578563169741
15483,-0.19044389165023765,0.28524988500640736,-0.1480706183287869,1.1505584764512538,0.9639463767330054
15484,-0.954764810750574,-0.022246116839938542,0.11746814728638094,0.8414783281682471,1.7749383903643292
15485,-0.816231644163638,0.05462788362164793,0.1284670484503546,-0.01707763928454929,1.6783917220748859
15486,1.5579402107917817,-0.4066161191478709,-0.1976439304506584,-0.6953368535722584,-1.0558099238821486
15487,2.284045083937101,-0.4066161191478709,-0.18868801873598093,-0.5837245778033949,-1.0558099238821486
15488,-0.5200572880122577,-0.09912011730152501,-0.17479569048076674,-0.6180668165015067,0.840366641322518
15489,-0.8544476901186548,0.1315018840832344,-0.03714044646478123,-0.060005437657189103,1.53550265300651
15490,1.0945706535872028,-0.4066161191478709,-0.1901056456521536,-0.5150401004071712,-1.0558099238821486
15491,-0.5057262707791264,-0.022246116839938542,0.009985433550713052,0.22331803160223368,-0.515148581461266
15492,-0.8257856556523923,-0.32974211868628445,-0.15903766270812747,-0.42918450366189154,-0.8781640542295728
15493,-0.8066776326748838,0.20837588454482087,0.08073450444923881,1.777304332691795,1.346271183159201
15494,-0.859224695863032,-0.09912011730152501,0.05171158857089799,1.9318444068332985,1.6783917220748859
15495,0.8509433606239707,-0.4066161191478709,-0.18763674484308887,-0.5322112197562271,-1.0558099238821486
15496,2.0547488082070005,-0.4066161191478709,-0.19458706420347419,-0.5150401004071712,-1.0558099238821486
15497,-0.8783327188405403,0.20837588454482087,0.3948500188582993,-0.13727547472794077,1.662944255148575
15498,-0.949987805006197,2.8989659007003477,1.5247596144619857,4.421656712446408,1.7285959895853964
15499,2.4942333366896934,-0.4066161191478709,-0.1937206981692133,-0.36050002626566785,-1.0558099238821486
15500,-0.9213257705399343,-0.1759941177631115,-0.12634290613142451,-0.1544465940769967,-0.773893652476974
15501,0.9703685042333982,-0.32974211868628445,-0.17700973701276676,-0.1544465940769967,-1.0133293898347935
15502,-0.8878867303292945,0.5927458868527532,0.6958606216236203,1.2793418715691731,1.0257362444382492
15503,0.7697342629695599,-0.32974211868628445,-0.18688880294300753,0.25766027030034555,0.34990956641214604
15504,-0.5726043512004059,-0.1759941177631115,-0.17681928884376458,-0.3433289069166119,1.1995202473592472
15505,-0.7111375177873418,-0.09912011730152501,0.0453651630409487,0.06877795746073034,-0.658037650529642
15506,-0.8544476901186548,-0.022246116839938542,-0.06409959672993468,0.8414783281682471,0.7013394389857197
15507,-0.14267383420646662,-0.4066161191478709,-0.17175267500950997,-0.35191446659113984,-1.0558099238821486
15508,-0.056687730807678784,-0.022246116839938542,-0.13543524798898718,-0.034248758633605214,-0.8781640542295728
15509,0.8557203663683477,-0.4066161191478709,-0.1941528423781492,-0.4806978617090593,-1.0558099238821486
15510,0.6168700791494927,-0.4066161191478709,-0.1873943562643588,-0.6953368535722584,-1.0558099238821486
15511,-0.906994753306803,-0.09912011730152501,-0.14234262994399743,0.3005880686729854,-0.7700317857453963
15512,-0.21910592611650026,-0.1759941177631115,-0.18174462476355935,-0.45494118268547545,0.95622264326985
15513,-0.8019006269305068,2.2070998965460693,1.6261604524879183,1.6828631762719874,1.5007458524223103
15514,-0.9022177475624259,0.900241888699099,0.23796712769985295,0.7642082910974954,1.7363197230485519
15515,0.8891594065789875,-0.4066161191478709,-0.1928093171131883,-0.6438234955250907,-1.0558099238821486
15516,-0.7493535637423586,-0.25286811822469796,-0.2003843064679008,-0.5751390181288669,-1.048086190418993
15517,0.1535005219449137,-0.4066161191478709,-0.18621496269413795,-0.47211230203453136,-1.0558099238821486
15518,-0.6538134488548165,0.6696198873143396,0.08546523696725314,1.4424675053852045,1.4737127853012661
15519,0.870051383601479,-0.32974211868628445,-0.18084224671188714,-0.41201338431283563,-0.8125123197927513
15520,-0.954764810750574,-0.4066161191478709,-0.1809191185182844,-0.549382339105283,-1.0558099238821486
15521,-0.768461586719867,0.7464938877759261,0.28687283242202216,0.8929916862154148,1.504607719153888
15522,-0.8066776326748838,-0.32974211868628445,-0.17714547461685556,-0.30040110854397206,-0.8434072536453732
15523,-0.5582733339672745,0.7464938877759261,0.9905580407212177,-0.14586103440246875,1.4659890518381107
15524,-0.8448936786299006,-0.32974211868628445,-0.16375108175623254,-0.6266523761760346,1.1917965138960918
15525,-0.949987805006197,-0.1759941177631115,-0.14305663744305658,0.601082657281464,0.4116994341173898
15526,-0.8019006269305068,-0.32974211868628445,-0.19442778028030872,-0.6695801745486745,-1.0558099238821486
15527,-0.8735557130961633,1.2846118910070314,0.17998985728401215,1.2364140731965334,1.6706679886117304
15528,0.25381764257683287,-0.4066161191478709,-0.18882583395645888,-0.4806978617090593,-1.0558099238821486
15529,-0.8544476901186548,0.4389978859295803,0.1265791876914456,3.1681649999653256,0.3808045002647679
15530,-0.859224695863032,-0.09912011730152501,-0.07944971915151107,0.24907471062581757,0.840366641322518
15531,-0.9213257705399343,-0.32974211868628445,-0.0681121665161117,0.9788472829606945,-0.9708488557874383
15532,-0.8401166728855235,0.28524988500640736,0.05422204170774502,2.876255971031375,0.9678082434645832
15533,-0.8687787073517862,-0.25286811822469796,-0.14878047059506777,-0.07717655700624504,-0.7854792526717072
15534,2.503787348178448,-0.4066161191478709,-0.19347138420251955,-0.6352379358505627,-1.0558099238821486
15535,-0.13311982271771242,-0.022246116839938542,-0.13238115189698843,0.05160683811167442,0.010065294033305626
15536,0.9942535329552837,-0.4066161191478709,-0.18676483849845701,-0.5665534584543389,-1.0558099238821486
15537,-0.18088988016148344,-0.4066161191478709,-0.19702618584429493,-0.4978689810581152,-1.0558099238821486
15538,1.6057102682355529,-0.022246116839938542,0.027874403199787713,-0.6781657342232025,-0.5692147157033542
15539,-0.9261027762843114,-0.4066161191478709,-0.16741738214422378,-0.35191446659113984,-1.0558099238821486
15540,-0.906994753306803,-0.32974211868628445,-0.17280394890240205,-0.4377700633364195,0.34990956641214604
15541,-0.4149631616359615,-0.4066161191478709,-0.19881224340013728,-0.45494118268547545,-1.0558099238821486
15542,1.4862851246261253,-0.25286811822469796,-0.14544658882933495,1.116216237753142,-0.1868899092771587
15543,0.4162358378856543,-0.32974211868628445,-0.18793038129275044,-0.2746444295203882,-0.39543071278235625
15544,-0.9165487647955571,1.053989889622272,0.3360188481065325,0.7985505297956073,1.53550265300651
15545,-0.7015835062985876,-0.32974211868628445,-0.1846955325748987,-0.034248758633605214,0.16840183002799264
15546,1.9353236645975729,-0.32974211868628445,-0.12997596465718989,-0.6524090551996186,-1.0558099238821486
15547,-0.9261027762843114,1.5152338923917907,0.49178190403124594,4.893862494545446,1.747905323243285
15548,1.8827766014094247,-0.4066161191478709,-0.19375948034181012,-0.5064545407326432,-1.0558099238821486
15549,-0.5917123741779142,0.1315018840832344,-0.04305819047977653,0.4894703815126006,1.3385474496960454
15550,-0.9404337935174427,0.4389978859295803,-0.051584035601907205,0.7212804927248556,1.7710765236327515
15551,-0.7875696096973754,0.05462788362164793,-0.08837446662035182,0.3005880686729854,0.9291895761488059
15552,0.07706843003488008,-0.32974211868628445,-0.18721983648767315,-0.45494118268547545,0.5121079691384108
15553,-0.672921471832325,-0.4066161191478709,-0.17500275958088188,-0.26605886984586025,-1.0558099238821486
15554,0.3636887746975062,-0.4066161191478709,-0.18966588351645763,-0.5837245778033949,-1.0558099238821486
15555,-0.9022177475624259,2.2839738970076557,0.5739765636174051,5.022645889663366,1.7285959895853964
15556,-0.8448936786299006,-0.4066161191478709,-0.18533266826756056,-0.4377700633364195,-1.0558099238821486
15557,-0.8257856556523923,-0.4066161191478709,-0.17223398947298824,-0.5665534584543389,-1.0558099238821486
15558,2.0929648541620174,-0.4066161191478709,-0.1906714498487892,-0.5064545407326432,-1.0558099238821486
15559,1.753797446311243,-0.4066161191478709,-0.12787757210418393,-0.17161771342605264,-1.0558099238821486
15560,0.9369294640227585,-0.32974211868628445,-0.19407597057175194,-0.6180668165015067,-1.0558099238821486
15561,-0.906994753306803,0.1315018840832344,-0.07074381394232375,-0.14586103440246875,1.462127185106533
15562,0.7171871997814118,-0.25286811822469796,-0.1582086937688707,-0.42918450366189154,0.3923901004595011
15563,-0.8544476901186548,0.05462788362164793,-0.00667912750637664,0.8328927684937191,1.4852983854959994
15564,1.2522118431516471,-0.32974211868628445,-0.19980880672811602,-0.6695801745486745,-0.2332323100560915
15565,-0.720691529276096,-0.32974211868628445,-0.19271582437567814,-0.6352379358505627,-0.9785725892505938
15566,0.913044435300873,-0.32974211868628445,-0.18892694462072915,-0.6266523761760346,0.22632983100165863
15567,-0.8735557130961633,-0.4066161191478709,-0.19182591202234064,-0.6438234955250907,-1.0558099238821486
15568,-0.949987805006197,-0.25286811822469796,-0.152193301783587,-0.47211230203453136,-0.7816173859401294
15569,-0.4675102248241096,0.28524988500640736,0.04345998881213043,0.35210142672015315,1.0527693115592933
15570,-0.9261027762843114,1.4383598919302043,0.40032800073759867,3.090894962894574,1.315376249306579
15571,-0.906994753306803,0.5927458868527532,0.064852512232049,3.090894962894574,1.7324578563169741
15572,-0.9404337935174427,0.28524988500640736,0.06989765736361606,1.5197375424559563,1.2613101150644908
15573,-0.8114546384192609,-0.09912011730152501,-0.1224051305352556,0.850063887842775,1.6397730547591085
15574,-0.114011799740204,-0.022246116839938542,-0.12842883298609573,0.9359194845880546,0.05254582808066068
15575,1.9974247392744753,-0.4066161191478709,-0.20262328439657018,-0.6781657342232025,-1.0558099238821486
15576,-0.7827926039529983,-0.4066161191478709,-0.14089937909235906,-0.33474334724208393,-1.0558099238821486
15577,-0.23821394909400867,-0.09912011730152501,-0.1772812122209444,-0.20595995212416449,1.1647634467750476
15578,-0.18566688590586056,-0.4066161191478709,-0.19590565807176571,-0.5923101374779228,-1.0558099238821486
15579,-0.6347054258773082,-0.09912011730152501,-0.11809684668302792,0.49805594118712854,0.34990956641214604
15580,0.8366123433908393,0.1315018840832344,-0.1094567326594959,0.5839115379324081,0.0795788952017048
15581,-0.38630112716969883,2.4377218979308286,0.313338895064159,3.94945093034737,1.3269618495013122
15582,-0.8448936786299006,-0.25286811822469796,-0.1574136592306361,-0.3690855859401958,-0.29888404449291295
15583,0.8366123433908393,-0.4066161191478709,-0.19806222388366684,-0.3862567052892517,-1.0558099238821486
15584,-0.8496706843742777,-0.022246116839938542,-0.11688005601780302,0.7899649701210792,1.4428178514486443
15585,-0.11878880548458111,-0.4066161191478709,-0.17317653477484996,-0.4377700633364195,-1.0558099238821486
15586,1.8684455841762935,-0.25286811822469796,-0.1258207318789603,-0.44635562301094744,-0.6387283168717534
15587,-0.720691529276096,0.05462788362164793,-0.09929788105552098,-0.6781657342232025,0.6472733047436314
15588,2.274491072448347,-0.4066161191478709,-0.16456827753595105,-0.6695801745486745,-1.0558099238821486
15589,0.25859464832121,-0.25286811822469796,-0.17156776715087874,-0.4635267423600034,-0.8434072536453732
15590,0.8652743778571019,-0.09912011730152501,-0.1010624699086758,-0.060005437657189103,-0.19075177600873644
15591,1.8206755267325223,-0.25286811822469796,-0.18961740580071162,-0.6524090551996186,-0.7043800513085748
15592,-0.7397995522536044,-0.4066161191478709,-0.17779715362424126,-0.4978689810581152,-1.0558099238821486
15593,-0.6251514143885539,-0.4066161191478709,-0.19087090102214418,-0.6609946148741466,-1.0558099238821486
15594,-0.8878867303292945,-0.09912011730152501,-0.08200518731012225,0.02585015908809053,-0.2100611096666251
15595,1.3668599810166977,-0.4066161191478709,-0.17994263881540046,-0.6695801745486745,-1.0558099238821486
15596,-0.4818412420572409,0.20837588454482087,-0.015802633609776046,9.34800645066384e-05,0.4850749020173667
15597,-0.7923466154417526,-0.32974211868628445,-0.16569226800246215,-0.4034278246383076,1.029598111169827
15598,-0.7063605120429647,-0.32974211868628445,-0.16675531505489255,-0.42918450366189154,0.3885282337279234
15599,-0.8353396671411465,-0.25286811822469796,-0.11813632139442111,-0.04283431830813318,0.5623122366489213
15600,1.0850166420984486,-0.1759941177631115,-0.12165095578600695,-0.23171663114774838,-0.41860191317182266
15601,-0.906994753306803,1.8227298942381367,0.7781252276282129,1.9576010858568824,1.7517671899748628
15602,-0.9213257705399343,0.7464938877759261,0.012608077972572273,-0.17161771342605264,1.7594909234380183
15603,-0.5869353684335371,-0.32974211868628445,-0.1985802429033528,-0.6695801745486745,1.145454113117159
15604,-0.7111375177873418,-0.4066161191478709,-0.18972197915896374,-0.557967898779811,-1.0558099238821486
15605,-0.7875696096973754,0.20837588454482087,-0.08407103053969872,-0.01707763928454929,1.4852983854959994
15606,-0.6681444660879479,0.8233678882375126,0.15755852566953615,0.017264599413562565,1.2072439808224027
15607,0.6455321136157552,0.20837588454482087,-0.08635502349013224,0.11170575583337017,0.34990956641214604
15608,-0.8257856556523923,-0.09912011730152501,-0.0810217822192746,0.09453463648431423,0.4387325012384339
15609,-0.0805727595295643,-0.4066161191478709,-0.1840369281795493,-0.5665534584543389,-1.0558099238821486
15610,-0.7159145235317189,-0.4066161191478709,-0.19691953486965372,-0.6524090551996186,-1.0558099238821486
15611,-0.9165487647955571,1.5152338923917907,0.00286544218521669,-0.33474334724208393,1.547088253201243
15612,-0.7875696096973754,-0.32974211868628445,-0.191192931562457,-0.6695801745486745,-0.9592632555927052
15613,1.9544316875750813,-0.4066161191478709,-0.1746710334974199,-0.47211230203453136,-1.0558099238821486
15614,1.1280096937978425,-0.1759941177631115,0.013259064441161579,-0.07717655700624504,-0.3259171116139571
15615,-0.9117717590511801,3.129587902085107,1.275522519574609,1.803061011715379,1.7517671899748628
15616,1.1327866995422198,-0.4066161191478709,-0.18274672840190903,-0.5923101374779228,-1.0558099238821486
15617,0.9321524582783813,-0.25286811822469796,-0.1473275242002802,-0.35191446659113984,-0.6271427166770202
15618,-0.8066776326748838,-0.1759941177631115,-0.15090794977752134,-0.3690855859401958,-0.6541757837980643
15619,-0.9117717590511801,-0.4066161191478709,-0.1814108210637082,-0.6781657342232025,-1.0558099238821486
15620,-0.6920294948098333,-0.1759941177631115,-0.0701918605216156,0.27483138964940146,0.307429032364791
15621,-0.9404337935174427,-0.1759941177631115,-0.11516048218641237,-0.6094812568269787,-0.990158189445327
15622,-0.7541305694867357,0.8233678882375126,0.3391158816039062,2.1378978390219694,1.2690338485276462
15623,-0.28598400653777967,0.1315018840832344,-0.03593265880390916,0.07736351713525831,1.2149677142855582
15624,-0.40540915014720724,-0.1759941177631115,-0.16397754194264608,-0.4806978617090593,-0.515148581461266
15625,-0.4675102248241096,0.20837588454482087,0.019425429884054254,0.20614691225317777,0.639549571280476
15626,-0.6060433914110456,-0.25286811822469796,-0.1307779245833882,-0.07717655700624504,0.2842578319753246
15627,1.2235498086853847,-0.32974211868628445,-0.16544780180734295,-0.5064545407326432,-0.8047885863295958
15628,-0.9404337935174427,0.8233678882375126,0.16462865424169376,0.46371370248901667,1.7324578563169741
15629,1.190110768474745,-0.1759941177631115,-0.049516807294738,-0.3690855859401958,-0.7391368518927744
15630,-0.7445765579979815,-0.25286811822469796,-0.10211512887916062,-0.05141987798266114,1.257448248332913
15631,2.1072958713951486,-0.4066161191478709,-0.16338611381054471,-0.3690855859401958,-1.0558099238821486
15632,-0.8878867303292945,0.1315018840832344,0.022812637137107714,0.21473247192770573,-0.05558644040351582
15633,1.471954107392994,0.5158718863911668,0.09557422577788932,-0.04283431830813318,-0.1984755094718919
15634,-0.8783327188405403,-0.32974211868628445,-0.16629616183289817,-0.41201338431283563,0.3576332998753015
15635,0.9273754525340043,-0.4066161191478709,-0.19775819935205974,-0.6867512938977305,-1.0558099238821486
15636,-0.534388305245389,-0.1759941177631115,-0.10466505672740084,-0.3690855859401958,0.797886107275163
15637,-0.7111375177873418,-0.09912011730152501,-0.14947162431384664,-0.3862567052892517,1.5393645197380876
15638,0.8461663548795936,-0.022246116839938542,-0.047833938019555045,-0.5322112197562271,-0.1598568421561146
15639,-0.3194230467484194,-0.25286811822469796,-0.13094690404970286,-0.1802032731005806,0.7631293066909633
15640,-0.9404337935174427,1.7458558937765503,1.4223642907244638,1.8975021681351865,1.7285959895853964
15641,-0.45795621333535536,0.4389978859295803,0.16549225012076918,1.4338819457106766,1.3694423835486673
15642,2.5228953711559563,-0.4066161191478709,-0.19738215078562993,-0.6524090551996186,-1.0558099238821486
15643,-0.04713371931892458,-0.25286811822469796,-0.15872325009457477,-0.4377700633364195,-0.7043800513085748
15644,-0.16655886292835215,-0.1759941177631115,-0.14905956373000556,0.7212804927248556,-0.6889325843822639
15645,-0.8735557130961633,-0.25286811822469796,-0.1316332099969071,-0.19737439244963653,0.5159698358699886
15646,-0.20955191462774606,-0.09912011730152501,-0.15035668889560955,-0.14586103440246875,-0.07875764079298221
15647,1.0229155674215462,-0.4066161191478709,-0.19300392051496873,-0.6094812568269787,-1.0558099238821486
15648,0.014967355357977748,-0.32974211868628445,-0.16041997014568518,-0.5064545407326432,-0.8125123197927513
15649,0.6455321136157552,-0.1759941177631115,-0.08972214711809094,-0.6352379358505627,-0.8588547205716841
15650,1.5292781763255192,-0.32974211868628445,-0.1663494873202188,-0.4205989439873636,-0.6425901836033311
15651,-0.7875696096973754,-0.09912011730152501,-0.11751303647768667,-0.2574733101713323,1.1068354458013816
15652,-0.5248342937566348,-0.09912011730152501,-0.10734102663658068,0.09453463648431423,0.465765568359478
15653,-0.5200572880122577,-0.32974211868628445,-0.14394170202481946,-0.6695801745486745,-0.9669869890558606
15654,-0.9165487647955571,-0.32974211868628445,-0.14081904459197994,-0.5751390181288669,-0.990158189445327
15655,0.20127057938868473,-0.4066161191478709,-0.16587925347748247,-0.41201338431283563,-1.0558099238821486
15656,-0.7445765579979815,-0.1759941177631115,-0.1528712972652348,-0.30898666821850007,-0.13282377503507045
15657,-0.8544476901186548,-0.4066161191478709,-0.2026302097845339,-0.6953368535722584,-1.0558099238821486
15658,-0.05191072506330168,0.1315018840832344,-0.05807866443428003,-0.025663198959077253,1.0527693115592933
15659,-0.7541305694867357,-0.25286811822469796,-0.1678308278056576,-0.5837245778033949,1.299928782380268
15660,-0.8401166728855235,0.6696198873143396,-0.024392192301172917,-0.07717655700624504,1.4428178514486443
15661,0.5547690044725903,0.1315018840832344,-0.12049857122884461,-0.47211230203453136,-0.04786270694036036
15662,2.1980589805383133,-0.32974211868628445,-0.1850584229041974,-0.6008956971524508,-0.7584461855506631
15663,-0.4531792075909783,-0.4066161191478709,-0.19514109524057147,-0.6266523761760346,-1.0558099238821486
15664,-0.720691529276096,-0.1759941177631115,-0.11786138349226158,-0.24030219082227633,1.257448248332913
15665,-0.15700485143959794,-0.09912011730152501,0.07141223971128076,0.6955238137012717,0.7476818397646525
15666,1.295204894851041,-0.32974211868628445,-0.16087427559610495,-0.17161771342605264,-0.9669869890558606
15667,-0.7732385924642441,-0.4066161191478709,-0.18384024716137976,-0.5923101374779228,-1.0558099238821486
15668,0.07706843003488008,-0.4066161191478709,-0.19942237007974065,-0.6953368535722584,-1.0558099238821486
15669,-0.768461586719867,-0.1759941177631115,-0.15731462618275494,-0.4377700633364195,-0.19461364274031417
15670,0.45445188384067114,-0.32974211868628445,-0.18218646451564444,-0.5407967794307551,-0.05172457367193809
15671,-0.8735557130961633,0.05462788362164793,-0.020691264973363113,-0.2574733101713323,-0.08261950752455995
15672,2.503787348178448,-0.4066161191478709,-0.20157062542608534,-0.6781657342232025,-1.0558099238821486
15673,-0.5391653109897661,0.20837588454482087,0.22496540433677256,0.8157216491446632,1.1338685129224257
15674,-0.6108203971554227,0.5158718863911668,0.27648405793765185,1.54549422147954,1.4852983854959994
15675,-0.5726043512004059,-0.1759941177631115,-0.16716945325512275,-0.42918450366189154,0.19157303041745904
15676,-0.8735557130961633,-0.25286811822469796,0.033231883328518376,0.9359194845880546,-0.032415240014049426
15677,-0.7254685350204731,-0.25286811822469796,-0.11428788330298414,-0.16303215375152466,0.5430029029910327
15678,-0.7111375177873418,-0.25286811822469796,-0.0782543971889737,-0.04283431830813318,0.7592674399593856
15679,-0.8448936786299006,-0.1759941177631115,-0.15060115509072872,0.13746243485695406,-0.44563498029286674
15680,-0.9165487647955571,0.28524988500640736,0.07429458618177934,0.626839336305048,1.7556290567064405
15681,-0.8401166728855235,0.5927458868527532,0.0023404977775669947,-0.2918155488694441,1.0257362444382492
15682,1.9018846243869332,-0.32974211868628445,-0.182668471517919,-0.48928342138358727,-0.715965651503308
15683,-0.4006321444028301,-0.32974211868628445,-0.16838139614877304,-0.48928342138358727,0.3190146325595242
15684,1.6534803256793238,-0.25286811822469796,-0.19266111381076478,-0.6266523761760346,-0.3297789783455348
15685,1.190110768474745,-0.4066161191478709,-0.20083099399156049,-0.557967898779811,-1.0558099238821486
15686,1.046800596143432,-0.4066161191478709,-0.19847497700630432,-0.6953368535722584,-1.0558099238821486
15687,-0.9213257705399343,0.20837588454482087,0.002575960968333343,0.3177591880220413,0.1877111636858813
15688,1.0372465846546777,-0.4066161191478709,-0.1915101143311952,-0.4806978617090593,-1.0558099238821486
15689,-0.39107813291407595,-0.25286811822469796,-0.16862447726629945,-0.5322112197562271,0.8673997084435622
15690,-0.9404337935174427,-0.32974211868628445,-0.18810351599184333,-0.5407967794307551,-0.6850707176506862
15691,0.24426363108807866,-0.1759941177631115,-0.16514308473693948,-0.6008956971524508,0.8017479740067407
15692,-0.8257856556523923,-0.4066161191478709,-0.19147756500776572,-0.6008956971524508,-1.0558099238821486
15693,2.1885049690495593,-0.4066161191478709,-0.2021108056872552,-0.6953368535722584,-1.0558099238821486
15694,-0.9595418164949511,1.3614858914686179,0.4863406267081543,-0.23171663114774838,1.7710765236327515
15695,0.3111417115093581,-0.1759941177631115,-0.1263789181488358,-0.23171663114774838,0.5468647697226104
15696,-0.8019006269305068,0.5158718863911668,0.0640817165516874,0.6955238137012717,1.4582653183749552
15697,2.3318151413808725,-0.4066161191478709,-0.18761943137317957,-0.5837245778033949,-1.0558099238821486
15698,2.0213097679963608,-0.4066161191478709,-0.2015082969344119,-0.6867512938977305,-1.0558099238821486
15699,-0.8783327188405403,-0.4066161191478709,-0.18326336234400223,-0.549382339105283,-1.0558099238821486
15700,-0.13789682846208953,-0.32974211868628445,-0.15646003330803243,0.02585015908809053,-1.0519480571505708
15701,-0.949987805006197,-0.1759941177631115,-0.09881864420843184,0.9530906039371105,-0.6387283168717534
15702,1.3143129178285495,-0.32974211868628445,-0.19498527401138785,-0.44635562301094744,-0.2602653771771356
15703,0.30158770002060387,-0.4066161191478709,-0.19006063063038944,-0.6609946148741466,-1.0558099238821486
15704,-0.2907610122821568,-0.022246116839938542,0.05393186795206532,0.40361478476732093,0.6549970382067869
15705,0.0006363381248464415,-0.4066161191478709,-0.19479759599757115,-0.6524090551996186,-1.0558099238821486
15706,-0.6585904545991936,-0.1759941177631115,-0.13125993158566282,-0.2746444295203882,-0.8511309871085286
15707,-0.7923466154417526,-0.1759941177631115,-0.1412034036239662,0.377858105743737,-0.8588547205716841
15708,-0.768461586719867,0.20837588454482087,0.06449239205793578,0.4551281428144887,0.4310087677752784
15709,0.3923508091637688,-0.32974211868628445,-0.18200294173460593,-0.4806978617090593,0.1259212959806376
15710,1.0324695789103004,-0.4066161191478709,-0.14245759138419514,0.24048915095128962,-1.0558099238821486
15711,1.6964733773787177,-0.32974211868628445,-0.1756038832561324,-0.48928342138358727,-0.5614909822401988
15712,-0.9165487647955571,0.4389978859295803,0.03577003801722025,0.03443571876261849,1.7594909234380183
15713,-0.2764299950490255,-0.1759941177631115,-0.1465594986751041,-0.2918155488694441,1.1840727804329363
15714,-0.906994753306803,-0.09912011730152501,-0.15041555469330112,-0.317572227893028,1.0450455780961379
15715,1.6916963716343407,-0.09912011730152501,-0.159137388294805,-0.4205989439873636,-0.8086504530611736
15716,-0.26687598356027126,0.36212388546799384,-0.0325939292666017,0.9101628055644708,1.2111058475539804
15717,0.15827752768929082,-0.09912011730152501,-0.16267072123389287,-0.557967898779811,0.32673836602267964
15718,1.620041285468684,-0.4066161191478709,-0.1843617288750476,-0.549382339105283,-1.0558099238821486
15719,-0.8066776326748838,1.8996038946997231,0.5014026529904402,3.1509938806162694,1.6706679886117304
15720,-0.8448936786299006,-0.32974211868628445,-0.15351397326826766,0.601082657281464,0.9755319769277386
15721,-0.906994753306803,-0.4066161191478709,-0.1720615473126917,-0.01707763928454929,-1.0558099238821486
15722,-0.7923466154417526,0.36212388546799384,0.15776697984724403,0.07736351713525831,1.2806194487223794
15723,0.7792882744583141,-0.1759941177631115,-0.14025324039534434,0.22331803160223368,-0.2448179102508247
15724,0.0006363381248464415,-0.25286811822469796,-0.18318025768843765,-0.557967898779811,-0.28729844429817974
15725,-0.8878867303292945,-0.4066161191478709,-0.1759501526543182,-0.42918450366189154,-1.0558099238821486
15726,0.9034904238121187,-0.4066161191478709,-0.18241430977965067,-0.5064545407326432,-1.0558099238821486
15727,-0.8831097245849174,0.6696198873143396,0.44431945016071506,2.953526008102126,1.5239170528117767
15728,0.8509433606239707,-0.32974211868628445,-0.16699216332325162,-0.6180668165015067,-0.8047885863295958
15729,0.053183401312994566,-0.25286811822469796,-0.1913729916495136,-0.6180668165015067,-0.3181933781508016
15730,-0.6490364431104395,-0.09912011730152501,-0.08513546266972187,0.1718046735550659,0.3576332998753015
15731,1.6821423601455865,-0.4066161191478709,-0.19603031505511256,-0.6352379358505627,-1.0558099238821486
15732,0.053183401312994566,0.28524988500640736,-0.09778191363026356,-0.2488877504968043,0.7245106393751861
15733,0.38757380341939174,-0.4066161191478709,-0.19346792150853767,-0.6180668165015067,-1.0558099238821486
15734,-0.4149631616359615,-0.1759941177631115,-0.04796552039086562,-0.39484226496377967,0.6163783708910096
15735,1.051577601887809,-0.4066161191478709,-0.18201471489414428,-0.5407967794307551,-1.0558099238821486
15736,1.1184556823090883,-0.32974211868628445,-0.08232791038923143,0.11170575583337017,-1.0558099238821486
15737,-0.8926637360736717,0.1315018840832344,-0.12242590669914677,-0.18878883277510855,-0.17530430908242553
15738,-0.8735557130961633,2.6683438993155884,0.6985926871753062,-0.10293323602982893,1.689977322269619
15739,-0.6442594373660624,-0.4066161191478709,-0.17360452375100763,-0.6352379358505627,-1.0558099238821486
15740,-0.7254685350204731,-0.4066161191478709,-0.1939817852954454,-0.6266523761760346,-1.0558099238821486
15741,1.2283268144297617,-0.32974211868628445,-0.19026008180374446,-0.6094812568269787,-0.43791124682971133
15742,1.9974247392744753,-0.4066161191478709,-0.19384397007496748,-0.35191446659113984,-1.0558099238821486
15743,-0.8831097245849174,-0.1759941177631115,-0.1509695857303984,-0.19737439244963653,-0.40701631297708946
15744,-0.5917123741779142,-0.4066161191478709,-0.2022977911622755,-0.6781657342232025,-1.0558099238821486
15745,-0.8687787073517862,-0.1759941177631115,-0.12890322206161028,-0.21454551179869244,-0.21778484312978058
15746,-0.3194230467484194,-0.4066161191478709,-0.19107312235068472,-0.4635267423600034,-1.0558099238821486
15747,-0.9022177475624259,0.20837588454482087,-0.031586285317881053,0.2920025089984574,1.562535720127554
15748,-0.768461586719867,-0.25286811822469796,-0.16247611783211247,-0.41201338431283563,0.523693569333144
15749,0.1630545334336679,-0.25286811822469796,2.879465225751503,-0.6609946148741466,-0.6812088509191084
15750,-0.949987805006197,0.900241888699099,0.24218676658614502,2.6358603001445915,1.7865239905590624
15751,1.237880825918516,0.36212388546799384,-0.10910700056732825,0.06877795746073034,-0.0015203061614275704
15752,-0.7732385924642441,0.20837588454482087,0.06710741855303491,2.3782935099087528,0.5584503699173436
15753,0.49266792979568796,-0.4066161191478709,-0.19922291890638566,-0.6953368535722584,-1.0558099238821486
15754,-0.7159145235317189,0.20837588454482087,0.005658451150983327,0.27483138964940146,1.2767575819908017
15755,-0.9117717590511801,0.8233678882375126,0.2103389849574045,1.7086198552955714,1.7440434565117073
15756,-0.6681444660879479,-0.1759941177631115,-0.16814108518643212,0.6697671346776878,-0.3297789783455348
15757,-0.6490364431104395,-0.022246116839938542,-0.0010764886437304325,0.6869382540267437,0.8056098407383184
15758,-0.8448936786299006,-0.4066161191478709,-0.1904934673781217,-0.6266523761760346,-1.0558099238821486
15759,0.08184543577925718,0.05462788362164793,-0.14716269996674375,-0.6180668165015067,0.9484989098066945
15760,2.0499718024626232,-0.32974211868628445,0.7590527091761392,-0.6953368535722584,-1.0558099238821486
15761,1.151894722519728,-0.4066161191478709,-0.194801058691553,-0.6609946148741466,-1.0558099238821486
15762,-0.6490364431104395,-0.32974211868628445,-0.16428087393545682,-0.3862567052892517,-1.0094675231032157
15763,-0.8114546384192609,-0.32974211868628445,-0.1294343993184273,-0.20595995212416449,-0.8781640542295728
15764,-0.5391653109897661,0.1315018840832344,0.10714793414285141,0.9015772458899428,0.4503181014331671
15765,2.221944009260199,-0.4066161191478709,-0.17904026076372825,-0.48928342138358727,-1.0558099238821486
15766,-0.6538134488548165,-0.25286811822469796,-0.14715369696239092,-0.5236256600816991,1.33082371623289
15768,-0.41018615589158436,2.1302258960844824,0.8554921992648655,3.0479671645219337,1.3424093164276232
15769,-0.9261027762843114,3.0527139016235205,5.932052968251738,-0.4806978617090593,1.7285959895853964
15770,1.9639856990638354,-0.4066161191478709,-0.18244616656428378,-0.549382339105283,-1.0558099238821486
15771,1.9257696531088186,-0.25286811822469796,-0.1350010261636622,-0.4806978617090593,-0.7121037847717303
15772,1.0372465846546777,-0.4066161191478709,-0.1852557964611633,-0.5665534584543389,-1.0558099238821486
15773,-0.9356567877730656,-0.32974211868628445,-0.1510693113170759,-0.30898666821850007,0.5043842356752554
15774,-0.6347054258773082,-0.022246116839938542,-0.11548528288191064,0.05160683811167442,1.2149677142855582
15775,0.21082459087743893,-0.32974211868628445,-0.19428511728825618,-0.6266523761760346,0.43487063450685615
15776,-0.3242000524927965,-0.4066161191478709,-0.1879747037757182,-0.549382339105283,-1.0558099238821486
15777,0.19171656789993052,0.05462788362164793,-0.08264024538639501,-0.45494118268547545,0.20702049734376995
15778,1.0993476593315799,-0.4066161191478709,-0.18338109393938543,-0.557967898779811,-1.0558099238821486
15779,1.2522118431516471,-0.32974211868628445,-0.19611480478826993,-0.6352379358505627,-0.7893411194032849
15780,-0.0853497652739414,-0.25286811822469796,-0.1717928422596995,-0.4806978617090593,-0.38384511258762305
15781,-0.8401166728855235,-0.25286811822469796,-0.18078338091419555,-0.5322112197562271,0.025512760959616555
15782,-0.9165487647955571,-0.1759941177631115,0.07328417207787316,-0.26605886984586025,0.5700359701120767
15783,-0.9117717590511801,-0.4066161191478709,-0.18765059561901629,-0.5837245778033949,-1.0558099238821486
15784,1.2713198661291556,-0.32974211868628445,-0.14595768246105717,-0.4205989439873636,-0.26412724390871334
15785,-0.8066776326748838,0.7464938877759261,0.2087329874886188,0.1718046735550659,1.616601854369642
15786,-0.7397995522536044,-0.09912011730152501,0.38406234202721906,2.3697079502342246,0.8365047745909403
15787,-0.8353396671411465,-0.25286811822469796,-0.1400759504634732,0.635424895979576,-0.9206445882769279
15788,1.4671771016486168,-0.4066161191478709,-0.1893452380537376,-0.5837245778033949,-1.0558099238821486
15789,0.7506262399920515,-0.022246116839938542,-0.06883102178674541,0.24048915095128962,-0.032415240014049426
15790,-0.9117717590511801,-0.4066161191478709,-0.18955854000302003,-0.41201338431283563,-1.0558099238821486
15791,-0.7541305694867357,-0.09912011730152501,0.04518371787629935,0.3349303073710972,1.2535863816013353
15792,0.9464834755115127,-0.32974211868628445,-0.14003578321328367,-0.21454551179869244,-0.2100611096666251
15793,-0.8926637360736717,0.1315018840832344,-0.0385282942127099,-0.6008956971524508,1.7401815897801296
15794,2.556334411366596,-0.32974211868628445,-0.15089756169557575,-0.5751390181288669,-1.0519480571505708
15795,-0.24776796058276288,0.1315018840832344,-0.06759414749642575,0.24907471062581757,1.0334599779014046
15796,-0.954764810750574,0.8233678882375126,0.1534476153742744,0.4808848218380726,1.3269618495013122
15797,-0.41974016738033854,-0.022246116839938542,-0.009337091406850828,-0.6008956971524508,1.1377303796540035
15798,1.3907450097385832,-0.25286811822469796,-0.09837749699514314,-0.07717655700624504,-0.3259171116139571
15799,-0.6012663856666685,-0.1759941177631115,-0.10627451689016842,0.5238126202107124,0.2688103650490137
15800,-0.4484022018466012,0.05462788362164793,-0.1197284680872794,0.9960184023097504,0.9176039759540727
15801,-0.7397995522536044,-0.25286811822469796,-0.13102516093369285,-0.1802032731005806,-0.8125123197927513
15802,-0.2812070007934026,-0.4066161191478709,-0.17344523982784213,-0.6953368535722584,-1.0558099238821486
15803,-0.7159145235317189,-0.1759941177631115,-0.07107138479300752,-0.2918155488694441,1.3578567833539341
15804,-0.9595418164949511,0.5158718863911668,0.08660100059330259,0.7556227314229674,-0.2911603110297575
15805,-0.8496706843742777,1.8227298942381367,0.4981449504923082,2.1894111970691372,1.6706679886117304
15806,-0.7397995522536044,-0.25286811822469796,-0.15037261728792609,-0.4978689810581152,-0.16758057561927006
15807,-0.720691529276096,-0.09912011730152501,-0.07883751485551858,0.02585015908809053,1.3230999827697345
15808,0.5022219412844422,1.1308638900838586,0.9850911394626604,2.283852353488945,0.6125165041594318
15809,-0.7875696096973754,0.05462788362164793,-0.11644791180886715,-0.26605886984586025,0.8712615751751399
15810,-0.5869353684335371,0.1315018840832344,0.002987329013378074,0.06019239778620238,1.242000781406602
15811,-0.8544476901186548,0.05462788362164793,0.036721586323434835,1.0561173200314462,0.3576332998753015
15812,-0.4484022018466012,0.4389978859295803,0.15551415114264724,0.043021278437146454,1.3269618495013122
15813,0.029298372591109054,-0.32974211868628445,-0.11440699997596006,-0.36050002626566785,-0.9322301884716611
15814,-0.8831097245849174,-0.022246116839938542,-0.022262635502330264,0.008679039739034602,1.2111058475539804
15815,-0.6585904545991936,-0.09912011730152501,-0.05923312660783149,-0.4205989439873636,-0.29888404449291295
15816,1.6295952969574383,-0.32974211868628445,-0.19472487942395214,-0.6094812568269787,-1.0558099238821486
15817,1.046800596143432,-0.25286811822469796,-0.013123893545410697,0.4379570234654328,-0.5808003158980874
15818,1.849337561198785,-0.4066161191478709,-0.18112688015719586,-0.6094812568269787,-1.0558099238821486
15819,-0.7254685350204731,0.28524988500640736,0.06779164688385005,0.858649447517303,1.1917965138960918
15820,0.5643230159613445,-0.4066161191478709,-0.1903736581663494,-0.557967898779811,-1.0558099238821486
15821,-0.7493535637423586,-0.32974211868628445,-0.1651666310560161,-0.21454551179869244,-0.990158189445327
15822,-0.9452107992618198,-0.022246116839938542,-0.07727653240849701,-0.30898666821850007,1.763352790169596
15823,0.8175043204133309,-0.25286811822469796,0.06414750773734272,0.626839336305048,0.3306002327542574
15824,1.2044417857078762,-0.32974211868628445,-0.1430067746497178,-0.4978689810581152,-0.7507224520875077
15825,-0.13789682846208953,-0.4066161191478709,-0.1677996635598209,-0.5322112197562271,-1.0558099238821486
15826,-0.6920294948098333,-0.1759941177631115,-0.02476685579000994,0.15463355420601,0.9214658426856505
15827,-0.6108203971554227,1.6689818933149638,0.04482359770218611,0.3606869863946811,1.3655805168170896
15828,0.8318353376464622,-0.4066161191478709,-0.1279177393543735,-0.06859099733171707,-1.0558099238821486
15829,-0.486618247801618,-0.32974211868628445,-0.16065266318126606,-0.326157787567556,-0.8974733878874614
15830,-0.7827926039529983,-0.4066161191478709,-0.16481759150264483,-0.3690855859401958,-1.0558099238821486
15831,-0.6824754833210792,-0.25286811822469796,-0.14967592325877627,-0.16303215375152466,-0.028553373282471695
15832,0.25381764257683287,-0.4066161191478709,-0.14675687223206998,-0.24030219082227633,-1.0558099238821486
15833,2.561111417110973,-0.4066161191478709,-0.19913981425082106,-0.6609946148741466,-1.0558099238821486
15834,-0.6251514143885539,0.05462788362164793,0.05599078579367807,2.1550689583710256,0.31129089909636876
15835,-0.7493535637423586,-0.1759941177631115,-0.13863339215063117,-0.30040110854397206,0.04868396134908295
15836,-0.720691529276096,-0.4066161191478709,-0.1951944207278921,-0.6180668165015067,-1.0558099238821486
15837,-0.6538134488548165,-0.32974211868628445,-0.1508968691567794,-0.2574733101713323,0.5700359701120767
15838,-0.906994753306803,2.1302258960844824,4.865057059604429,-0.1802032731005806,1.6977010557327745
15839,-0.8019006269305068,-0.25286811822469796,-0.13209582591288332,-0.22313107147322042,-0.6116952497507092
15840,-0.6824754833210792,-0.32974211868628445,-0.18008391672986027,-0.4806978617090593,-0.615557116482287
15841,-0.6155974028997997,0.20837588454482087,-0.01478529411790617,-0.18878883277510855,1.4814365187644216
15842,0.9178214410452501,-0.32974211868628445,-0.16670129702877556,-0.4978689810581152,-0.5383197818507324
15843,0.48789092405131085,-0.4066161191478709,-0.19647007719080856,-0.6352379358505627,-1.0558099238821486
15844,-0.7397995522536044,-0.4066161191478709,-0.19565357394988642,-0.6094812568269787,-1.0558099238821486
15845,-0.8783327188405403,0.36212388546799384,0.10182923618671755,0.40361478476732093,1.5123314526170435
15846,0.8796053950902333,-0.4066161191478709,-0.19729696851367623,-0.47211230203453136,-1.0558099238821486
15847,-0.7780155982086212,-0.09912011730152501,-0.1477416624005104,-0.3690855859401958,1.272895715259224
15848,2.0069787507632295,-0.4066161191478709,-0.19515148332251703,-0.41201338431283563,-1.0558099238821486
15850,-0.8687787073517862,-0.022246116839938542,-0.13498648284893838,1.605593139201236,1.6745298553433081
15851,1.5531632050474047,-0.4066161191478709,-0.19710859796106317,-0.6352379358505627,-1.0558099238821486
15852,-0.0710187480408101,-0.25286811822469796,-0.18689157309819304,-0.4377700633364195,0.2572247648542805
15853,-0.7159145235317189,-0.4066161191478709,-0.1970344963098514,-0.45494118268547545,-1.0558099238821486
15854,-0.9404337935174427,1.1308638900838586,0.18160970552872527,0.7384516120739115,1.7440434565117073
15855,-0.3098690352596652,-0.022246116839938542,-0.13180288200201815,-0.08576211668077299,0.2572247648542805
15856,-0.9404337935174427,3.5139579043930396,2.030526930301329,2.592932501771952,1.7710765236327515
15857,-0.8735557130961633,-0.32974211868628445,-0.16519987291824192,-0.5236256600816991,0.5352791695278772
15858,-0.8878867303292945,0.5158718863911668,0.041310348388193,1.6399353778993477,1.7015629224643523
15859,1.104124665075957,-0.4066161191478709,-0.17434277010793972,-0.5150401004071712,-1.0558099238821486
15860,-0.768461586719867,0.8233678882375126,-0.041178640186424,1.4338819457106766,1.6204637211012198
15861,-0.9022177475624259,0.4389978859295803,0.09787622473702849,3.1767505596398533,1.5239170528117767
15862,-0.9213257705399343,0.5158718863911668,-0.0307219969000093,2.876255971031375,1.7015629224643523
15863,-0.8401166728855235,-0.09912011730152501,-0.18011577351449334,-0.06859099733171707,1.6359111880275308
15864,-0.8544476901186548,0.05462788362164793,-0.05368173561611676,-0.549382339105283,0.3306002327542574
15865,-0.768461586719867,-0.09912011730152501,-0.04948079527732668,0.3177591880220413,1.504607719153888
15866,-0.47706423631286377,-0.4066161191478709,-0.19003362161733095,-0.33474334724208393,-1.0558099238821486
15867,-0.9356567877730656,1.8996038946997231,0.4132653179926164,3.99237872872001,1.7247341228538187
15868,1.8254525324768995,-0.4066161191478709,-0.19816125693154799,-0.6695801745486745,-1.0558099238821486
15869,0.3636887746975062,-0.25286811822469796,-0.1824697128833604,-0.45494118268547545,0.2919815654384801
15870,-0.8066776326748838,-0.1759941177631115,-0.1453253945399699,0.38644366541826497,0.5430029029910327
15871,1.1280096937978425,-0.4066161191478709,-0.2024155227576587,-0.6609946148741466,-1.0558099238821486
15872,-0.8926637360736717,-0.1759941177631115,-0.15420443444825013,0.7041093733757996,1.014150644243516
15873,1.4241840499492229,-0.1759941177631115,-0.18296764827795156,-0.6781657342232025,-1.0519480571505708
15874,-0.6585904545991936,1.1308638900838586,0.5768055846005831,1.54549422147954,1.4080610508644447
15875,2.126403894372657,-0.4066161191478709,-0.19719239515542414,-0.549382339105283,-1.0558099238821486
15876,0.9942535329552837,-0.32974211868628445,-0.10434925903625539,-0.6094812568269787,-0.9051971213506169
15877,-0.954764810750574,-0.32974211868628445,-0.17075057137116026,0.3435158670456252,-0.9940200561769047
15878,1.7203584061006032,-0.32974211868628445,-0.18180072040606543,-0.30040110854397206,-0.3915688460507785
15879,0.9703685042333982,-0.1759941177631115,-0.12591076192248862,0.7642082910974954,0.17226369675957037
15880,0.8031733031801996,-0.4066161191478709,-0.1819212221566341,0.11170575583337017,-1.0558099238821486
15881,0.5308839757507048,-0.09912011730152501,-0.16998462346237328,-0.4806978617090593,-0.8549928538401064
15882,-0.013694679108284865,0.1315018840832344,-0.1268207579009209,-0.28322998919491615,0.9948413105856273
15883,-0.949987805006197,-0.32974211868628445,-0.17725004797510768,-0.3433289069166119,-0.9360920552032388
15884,1.104124665075957,-0.32974211868628445,-0.18776832721439948,-0.5837245778033949,0.11819756251748213
15885,-0.5200572880122577,0.6696198873143396,-0.06953671882024808,0.008679039739034602,1.242000781406602
15886,-0.672921471832325,-0.1759941177631115,-0.13179249392007258,-0.20595995212416449,1.0218743777066714
15887,0.9799225157221524,-0.25286811822469796,-0.13357370370434032,-0.47211230203453136,-0.48039178087706635
15888,-0.5773813569447829,-0.25286811822469796,-0.1749868311885653,-0.4205989439873636,0.6665826384015201
15889,-0.21432892037212317,0.1315018840832344,-0.10584098760363982,1.4939808634323724,1.1570397133118921
15890,0.9225984467896272,-0.09912011730152501,-0.1676119855460042,-0.6180668165015067,-0.2448179102508247
15891,0.120061481734274,-0.4066161191478709,-0.16927200104090692,-0.18878883277510855,-1.0558099238821486
15892,2.23627502649333,-0.4066161191478709,-0.19582947880416485,-0.37767114561472376,-1.0558099238821486
15893,1.338197946550435,-0.4066161191478709,-0.1835660017980166,-0.6953368535722584,-1.0558099238821486
15894,0.24904063683245575,-0.32974211868628445,-0.18682301175735225,-0.4034278246383076,-0.6078333830191315
15895,-0.24776796058276288,-0.4066161191478709,-0.1922996085590588,-0.6094812568269787,-1.0558099238821486
15897,-0.03280270208579327,-0.32974211868628445,-0.19026215942013358,-0.557967898779811,-1.0558099238821486
15898,-0.954764810750574,1.4383598919302043,0.14131572073943677,1.7086198552955714,1.7517671899748628
15899,0.7983962974358225,-0.4066161191478709,-0.20081229544405846,-0.6695801745486745,-1.0558099238821486
15900,-0.8496706843742777,-0.1759941177631115,-0.14330941410373219,0.15463355420601,1.0257362444382492
15901,-0.8831097245849174,0.05462788362164793,-0.15708054806958138,0.5409837395597683,0.9793938436593164
15902,0.8557203663683477,-0.4066161191478709,-0.1946653210874642,-0.549382339105283,-1.0558099238821486
15903,-0.9165487647955571,0.4389978859295803,0.41441077716181507,-0.20595995212416449,1.5895687872485982
15904,-0.9213257705399343,-0.4066161191478709,-0.19330309727500125,-0.44635562301094744,-1.0558099238821486
15905,1.6343723027018153,-0.4066161191478709,-0.19676509871806286,-0.5150401004071712,-1.0558099238821486
15906,-0.8687787073517862,0.28524988500640736,-0.02948235245450414,0.5238126202107124,0.6086546374278541
15907,-0.9452107992618198,-0.25286811822469796,-0.14357604154033526,0.7985505297956073,-0.25640351044555787
15908,1.381190998249829,-0.32974211868628445,-0.15217044800330676,-0.3862567052892517,-0.9708488557874383
15909,-0.13311982271771242,-0.4066161191478709,-0.19141523651609227,-0.6438234955250907,-1.0558099238821486
15910,-0.9595418164949511,0.6696198873143396,-0.02041147929962899,2.6787880985172317,1.5972925207117536
15911,2.0165327622519835,0.1315018840832344,-0.08695960985936464,0.6869382540267437,-0.6425901836033311
15912,-0.1092347939958269,0.20837588454482087,-0.13028068172759338,0.008679039739034602,1.072078645217182
15913,1.5913792510024214,-0.4066161191478709,-0.20427152673193455,-0.6953368535722584,-1.0558099238821486
15914,0.8461663548795936,-0.32974211868628445,-0.19044221950719017,-0.5923101374779228,-1.0558099238821486
15915,0.9560374870002669,-0.4066161191478709,-0.17946824973988593,0.1975613525786498,-1.0558099238821486
15916,-0.8831097245849174,0.5158718863911668,0.013112246216330777,1.2449996328710613,1.6977010557327745
15917,0.22037860236619314,-0.09912011730152501,-0.16799149680641584,0.38644366541826497,0.8365047745909403
15918,-0.05191072506330168,-0.25286811822469796,-0.16434112481074115,-0.28322998919491615,0.6472733047436314
15919,-0.8687787073517862,-0.32974211868628445,-0.16830175418719032,0.18039023322959388,0.2919815654384801
15920,-0.22388293186087738,0.20837588454482087,-0.16529267311695575,0.09453463648431423,1.1493159798487367
15921,-0.13789682846208953,-0.1759941177631115,-0.15101806344614443,-0.11151879570435688,0.7515437064962301
15922,0.822281326157708,-0.4066161191478709,-0.17911851764771825,-0.6094812568269787,-1.0558099238821486
15923,0.8175043204133309,-0.4066161191478709,-0.19590704314935845,-0.5236256600816991,-1.0558099238821486
15924,2.5324493826447103,-0.4066161191478709,-0.19758714226935592,-0.5837245778033949,-1.0558099238821486
15925,-0.03280270208579327,-0.4066161191478709,-0.1903618850068111,-0.6008956971524508,-1.0558099238821486
15926,1.6295952969574383,-0.4066161191478709,-0.19539733459522896,-0.6438234955250907,-1.0558099238821486
15927,2.131180900117034,-0.4066161191478709,-0.1973295178371057,-0.5923101374779228,-1.0558099238821486
15928,2.174173951816428,-0.4066161191478709,-0.18437973488375323,-0.6094812568269787,-1.0558099238821486
15929,2.1168498828839026,-0.4066161191478709,-0.16357102166917595,-0.6953368535722584,-1.0558099238821486
15930,-0.6394824316216853,-0.4066161191478709,-0.17516204350404732,-0.5236256600816991,-1.0558099238821486
15931,1.0850166420984486,-0.4066161191478709,-0.1880938204486941,-0.5837245778033949,-1.0558099238821486
15932,-0.9404337935174427,0.1315018840832344,-0.03185914560365146,0.09453463648431423,0.04482209461750521
15933,-0.859224695863032,-0.25286811822469796,-0.12801192463068004,-0.16303215375152466,-0.8047885863295958
15934,1.0324695789103004,-0.32974211868628445,-0.05299612220770891,-0.45494118268547545,-1.0094675231032157
15935,0.18216255641117632,-0.32974211868628445,-0.17583865390810235,-0.6008956971524508,-1.048086190418993
15936,0.8509433606239707,-0.32974211868628445,-0.18512352155105635,-0.5665534584543389,-0.715965651503308
15937,-0.6538134488548165,-0.4066161191478709,-0.19464177476838754,-0.6438234955250907,-1.0558099238821486
15938,-0.42451717312471565,0.20837588454482087,-0.15381938287746752,-0.47211230203453136,0.6588589049383646
15939,-0.534388305245389,0.7464938877759261,0.4227593323520746,-0.2574733101713323,0.04482209461750521
15940,0.5261069700063277,-0.4066161191478709,-0.20222853728263834,-0.6953368535722584,-1.0558099238821486
15941,2.083410842673263,-0.4066161191478709,-0.17666000492059908,-0.6524090551996186,-1.0558099238821486
15942,-0.3242000524927965,-0.4066161191478709,-0.18133879702888558,-0.5837245778033949,-1.0558099238821486
15943,2.1407349116057883,-0.32974211868628445,-0.18591994116688368,-0.6008956971524508,-0.947677655397972
15944,0.3589117689531291,-0.1759941177631115,-0.05482580970772267,-0.48928342138358727,0.682030105327831
15945,0.7840652802026912,-0.1759941177631115,-0.15995112138054163,-0.4978689810581152,0.38466636699634565
15946,1.4385150671823541,-0.25286811822469796,-0.04513442179129857,-0.48928342138358727,-0.5499053820454656
15947,-0.5678273454560288,-0.4066161191478709,-0.08640557882226738,-0.45494118268547545,-1.0558099238821486
15948,-0.9213257705399343,-0.25286811822469796,-0.10019748895200768,-0.16303215375152466,0.5507266364541882
15949,-0.8831097245849174,-0.32974211868628445,-0.17944955119238387,-0.6008956971524508,-0.8434072536453732
15950,-0.8114546384192609,0.28524988500640736,0.28844281787339654,1.2278285135220055,1.4582653183749552
15951,-0.9213257705399343,-0.25286811822469796,-0.1345418729416678,-0.326157787567556,0.38466636699634565
15952,-0.8019006269305068,-0.1759941177631115,-0.15055752514655732,-0.14586103440246875,-0.3143315114192239
15953,-0.8878867303292945,0.900241888699099,0.03354906609725656,0.1718046735550659,1.7285959895853964
15954,1.854114566943162,-0.4066161191478709,-0.1914976486328605,-0.5322112197562271,-1.0558099238821486
15955,-0.8448936786299006,1.207737890545445,0.35527765949483003,1.2020718344984216,1.3771661170118228
15956,1.6725883486568323,-0.32974211868628445,-0.161936630109739,-0.549382339105283,-0.3799832458560453
15957,-0.8114546384192609,-0.25286811822469796,-0.1409076895579155,0.3349303073710972,0.44645623470158935
15958,-0.6060433914110456,-0.1759941177631115,-0.17270422331572455,-0.2746444295203882,0.782438640348852
15959,2.298376101170233,-0.25286811822469796,-0.16711058745743118,-0.20595995212416449,-1.0558099238821486
15960,0.8270583319020851,-0.1759941177631115,-0.176247944336758,-0.4978689810581152,-0.8202360532559068
15961,0.8509433606239707,-0.4066161191478709,-0.173454242832195,-0.3433289069166119,-1.0558099238821486
15962,1.1853337627303677,-0.4066161191478709,-0.18466021309628375,-0.33474334724208393,-1.0558099238821486
15963,-0.8687787073517862,-0.32974211868628445,-0.1721058697956595,-0.4806978617090593,-0.9554013888611275
15964,2.2076129920270677,-0.4066161191478709,-0.18606398923652898,-0.5322112197562271,-1.0558099238821486
15965,-0.8783327188405403,0.5158718863911668,-0.012740227052220837,1.0303606410078623,1.720872256122241
15966,1.190110768474745,-0.4066161191478709,-0.17516896889201103,-0.47211230203453136,-1.0558099238821486
15967,-0.8496706843742777,0.4389978859295803,0.0006991808301663276,2.0091144439040503,1.70542478919593
15968,0.8939364123233645,-0.4066161191478709,-0.1766911691664358,-0.10293323602982893,-1.0558099238821486
15969,-0.949987805006197,-0.09912011730152501,-0.1266552411285881,-0.4377700633364195,0.9523607765382722
15970,0.48789092405131085,-0.32974211868628445,-0.13425446934117358,-0.5407967794307551,0.08344076193328254
15971,-0.8783327188405403,0.900241888699099,0.2040860521649654,-0.6008956971524508,1.7015629224643523
15972,1.2187728029410074,-0.09912011730152501,-0.0821748593152333,0.18897579290412184,-0.499701114534955
15973,0.7888422859470683,-0.25286811822469796,-0.1575722506150052,-0.6352379358505627,-0.8125123197927513
15974,-0.7732385924642441,0.05462788362164793,0.033674415619399815,0.5066415008616565,-0.09420510771929315
15975,-0.5582733339672745,-0.4066161191478709,-0.17901394428946615,-0.4978689810581152,-1.0558099238821486
15976,-0.17133586867272924,-0.022246116839938542,-0.08736335997764928,1.5712509005031239,0.43487063450685615
15977,-0.8783327188405403,-0.32974211868628445,-0.13166368170394746,-0.2918155488694441,-0.9708488557874383
15978,-0.5917123741779142,-0.25286811822469796,0.022404731786044855,0.21473247192770573,1.1338685129224257
15979,1.9162156416200644,-0.4066161191478709,-0.18190806391950304,-0.5150401004071712,-1.0558099238821486
15980,-0.5391653109897661,0.05462788362164793,0.24846740093043906,0.16321911388053795,0.7515437064962301
15981,-0.8448936786299006,1.1308638900838586,0.44370032047675895,0.5924970976069361,1.2458626481381798
15982,1.9305466588531957,-0.4066161191478709,-0.18223424969259408,-0.317572227893028,-1.0558099238821486
15983,-0.8544476901186548,0.1315018840832344,0.010697363433383034,0.4722992621635446,1.689977322269619
15984,-0.949987805006197,1.8227298942381367,0.37654137069862353,3.228263917687021,1.7865239905590624
15985,-0.37197010993656754,0.05462788362164793,-0.01666415187246228,-0.2746444295203882,0.6356877045488982
15986,-0.816231644163638,-0.32974211868628445,-0.1801628661526466,-0.48928342138358727,0.29970529890163555
15987,-0.9022177475624259,0.1315018840832344,-0.0983345595897681,0.5238126202107124,0.36149516660687925
15988,-0.8687787073517862,-0.25286811822469796,-0.15353682704854793,0.27483138964940146,1.404199184132867
15989,0.8318353376464622,-0.32974211868628445,-0.17920092976448648,-0.008492079610021325,0.3421858329489906
15990,-0.7493535637423586,0.05462788362164793,-0.06635588812851333,0.3005880686729854,1.2806194487223794
15991,1.5913792510024214,-0.4066161191478709,-0.1942816545942743,-0.6524090551996186,-1.0558099238821486
15992,-0.9452107992618198,-0.25286811822469796,-0.1426147976909715,-0.2488877504968043,0.682030105327831
15993,-0.9213257705399343,0.05462788362164793,-0.012343402321899911,2.1722400777200814,-0.9167827215453501
15994,-0.7015835062985876,-0.25286811822469796,-0.12328742496183302,0.09453463648431423,1.187934647164514
15995,1.0181385616771692,-0.4066161191478709,-0.15660823661045595,0.22331803160223368,-1.0558099238821486
15996,-0.5391653109897661,0.05462788362164793,-0.10869424744469078,0.49805594118712854,0.1375068961753708
15998,-0.7875696096973754,0.7464938877759261,0.36830846948735796,5.151429284781285,1.6552205216854194
15999,2.5515574056222188,-0.4066161191478709,-0.2032950470290506,-0.6953368535722584,-1.0558099238821486
16000,-0.949987805006197,-0.25286811822469796,0.6536039818854147,-0.6266523761760346,-1.0558099238821486
16001,0.8604973721127248,-0.4066161191478709,-0.16430580533212621,-0.45494118268547545,-1.0558099238821486
16002,2.026086773740738,-0.4066161191478709,-0.19298937720024492,-0.3433289069166119,-1.0558099238821486
16003,-0.8210086499080151,0.28524988500640736,0.1840716809498263,0.5495692992342963,1.6745298553433081
16004,1.3047589063397953,-0.09912011730152501,-0.05606199145924596,-0.16303215375152466,-0.24867977698240243
16005,-0.9022177475624259,0.28524988500640736,-0.04088846643074432,2.000528884229522,0.6356877045488982
16006,0.048406395568617464,-0.32974211868628445,-0.18165874995280926,-0.060005437657189103,-0.3761213791244676
16007,-0.7350225465092273,0.05462788362164793,0.006728423591377428,2.1894111970691372,0.8596759749804067
16008,-0.8496706843742777,0.6696198873143396,0.1650476402134986,-0.16303215375152466,1.288343182185535
16009,-0.8544476901186548,-0.1759941177631115,-0.13738543723956956,-0.12010435537888485,-0.5267341816559992
16010,0.21082459087743893,0.36212388546799384,-0.08733219573181257,0.3435158670456252,-0.4147400464402449
16011,-0.9213257705399343,1.7458558937765503,0.18318384621287792,0.850063887842775,1.763352790169596
16012,-0.7923466154417526,-0.09912011730152501,0.0015710871747981754,1.073288439380502,0.8519522415172512
16013,-0.9452107992618198,5.973925919163806,3.678941707826021,-0.24030219082227633,1.7556290567064405
16014,-0.7827926039529983,-0.09912011730152501,-0.12850916748647484,1.1763151554748377,1.4157847843276001
16015,-0.9452107992618198,-0.25286811822469796,-0.15591500527528798,0.5495692992342963,-0.8781640542295728
16016,-0.9452107992618198,0.36212388546799384,-0.06042429333759062,0.850063887842775,0.4850749020173667
16017,-0.7350225465092273,-0.09912011730152501,-0.09767041488404773,0.146047994531482,1.4775746520328439
16018,-0.7732385924642441,-0.1759941177631115,-0.15635961518255853,-0.2918155488694441,1.6204637211012198
16019,-0.7397995522536044,1.5921078928533774,0.9954037346794298,1.4939808634323724,1.5663975868591318
16020,-0.8831097245849174,-0.25286811822469796,-0.1457720820636296,-0.3433289069166119,-0.8665784540348396
16021,0.9273754525340043,-0.32974211868628445,-0.1709791091739629,0.3005880686729854,-0.48039178087706635
16022,0.28247967704309546,-0.4066161191478709,-0.16297336068790724,-0.12010435537888485,-1.0558099238821486
16023,-0.7397995522536044,-0.25286811822469796,-0.15485819107202492,0.06877795746073034,-0.20619924293504738
16024,-0.9022177475624259,-0.25286811822469796,-0.17118964096805983,-0.034248758633605214,0.4850749020173667
16025,-0.8210086499080151,-0.4066161191478709,-0.17425966545237515,-0.4635267423600034,-1.0558099238821486
16026,-0.7541305694867357,-0.4066161191478709,-0.1883576777301117,-0.44635562301094744,-1.0558099238821486
16027,-0.5248342937566348,0.6696198873143396,-0.06285094928007669,-0.5322112197562271,1.2960669156486904
16028,1.8827766014094247,-0.4066161191478709,-0.19901515726747418,-0.6609946148741466,-1.0558099238821486
16029,-0.7780155982086212,7.742027929780295,7.950879738942537,-0.21454551179869244,1.6204637211012198
16030,0.5165529585175734,-0.4066161191478709,-0.18176817108263596,-0.4635267423600034,-1.0558099238821486
16031,-0.5200572880122577,-0.32974211868628445,-0.166763625520449,0.07736351713525831,-0.45722058048759995
16032,1.2187728029410074,-0.022246116839938542,-0.06857408989329154,0.4122003444418489,-0.7970648528664404
16033,-0.9356567877730656,1.5921078928533774,0.5299934246598451,4.490341189842632,0.797886107275163
16034,-0.02324869059703907,-0.022246116839938542,-0.14159538058271248,-0.33474334724208393,-0.2332323100560915
16035,1.7155814003562262,-0.4066161191478709,-0.18962917896024994,-0.5236256600816991,-1.0558099238821486
16036,-0.5439423167341432,-0.1759941177631115,-0.027636736562173834,0.32634474769656924,1.0025650440487828
16037,0.3254727287424894,-0.09912011730152501,-0.1001801754820984,-0.17161771342605264,0.40783756738581206
16038,-0.9261027762843114,-0.25286811822469796,-0.17203523083842956,-0.4978689810581152,-0.3066077779560684
16039,1.0611316133765631,-0.32974211868628445,-0.1731003555072491,-0.47211230203453136,-0.26412724390871334
16040,-0.6490364431104395,0.05462788362164793,-0.037328124478597936,0.11170575583337017,1.0450455780961379
16041,-0.816231644163638,-0.25286811822469796,0.014577658309453092,-0.6524090551996186,-0.6271427166770202
16042,-0.8544476901186548,0.1315018840832344,-0.04921070514674175,0.05160683811167442,0.6086546374278541
16043,-0.7827926039529983,0.1315018840832344,-0.07613176577809477,-0.22313107147322042,0.6588589049383646
16044,1.1184556823090883,-0.4066161191478709,-0.18110333383811922,-0.5407967794307551,-1.0558099238821486
16045,-0.39107813291407595,0.1315018840832344,0.03317440260841951,0.24907471062581757,0.40783756738581206
16046,1.7251354118449804,-0.4066161191478709,-0.1883791464327992,-0.5150401004071712,-1.0558099238821486
16047,2.298376101170233,-0.4066161191478709,-0.19728796550932343,-0.6953368535722584,-1.0558099238821486
16048,0.822281326157708,-0.1759941177631115,-0.14800344206553886,-0.44635562301094744,-0.3761213791244676
16049,-0.768461586719867,-0.022246116839938542,-0.07643925300368375,2.584346942097424,0.782438640348852
16050,-0.13311982271771242,-0.25286811822469796,-0.18388318456675484,-0.5407967794307551,-0.17530430908242553
16051,2.2935990954258556,-0.4066161191478709,-0.19165762509482234,-0.6008956971524508,-1.0558099238821486
16052,-0.7015835062985876,-0.4066161191478709,-0.1796337665122187,-0.41201338431283563,-1.0558099238821486
16053,-0.8066776326748838,-0.022246116839938542,0.04701894568668408,0.7470371717484394,1.1763490469697808
16054,-0.26687598356027126,-0.1759941177631115,-0.05845194284552432,0.23190359127676166,0.7669911734225411
16055,0.09139944726801139,-0.4066161191478709,-0.19537240319855956,-0.6352379358505627,-1.0558099238821486
16056,-0.7445765579979815,-0.4066161191478709,-0.15964086399976715,-0.13727547472794077,-1.0558099238821486
16057,-0.8831097245849174,0.28524988500640736,0.06225549174565552,0.7985505297956073,1.5895687872485982
16058,0.9799225157221524,-0.4066161191478709,-0.20036560792039879,-0.6867512938977305,-1.0558099238821486
16059,-0.6490364431104395,0.4389978859295803,0.006763743069992394,1.2965129909182291,0.8905709088330286
16060,0.9512604812558898,-0.25286811822469796,-0.16717568610429007,-0.5150401004071712,-0.6927944511138416
16061,1.0993476593315799,-0.4066161191478709,-0.19849921586417732,-0.6781657342232025,-1.0558099238821486
16062,-0.9165487647955571,0.1315018840832344,-0.006402804526624389,0.44654258313996076,0.9793938436593164
16063,0.28247967704309546,-0.4066161191478709,-0.18148561525371634,-0.5064545407326432,-1.0558099238821486
16064,2.503787348178448,-0.4066161191478709,-0.1971376845905108,-0.557967898779811,-1.0558099238821486
16065,0.7840652802026912,0.1315018840832344,-0.06674509493207416,1.1333873571021977,-0.6773469841875307
16066,-0.8831097245849174,-0.09912011730152501,-0.09936990509034363,-0.04283431830813318,-0.6387283168717534
16067,1.7251354118449804,-0.25286811822469796,0.021690724286985746,-0.18878883277510855,-0.6194189832138647
16068,1.8732225899206705,-0.4066161191478709,-0.1966930746832402,-0.41201338431283563,-1.0558099238821486
16069,1.0324695789103004,-0.4066161191478709,-0.1730103254637208,-0.48928342138358727,-1.0558099238821486
16070,-0.8544476901186548,-0.32974211868628445,-0.14569313264084321,-0.42918450366189154,-1.0171912565663712
16071,-0.7493535637423586,-0.1759941177631115,-0.13013524858035536,-0.17161771342605264,1.3037906491118458
16072,0.4162358378856543,-0.1759941177631115,0.08477962355884529,2.850499292007791,-0.04786270694036036
16073,0.45922888958504826,-0.4066161191478709,-0.19623115130606034,-0.6953368535722584,-1.0558099238821486
16074,0.9034904238121187,-0.4066161191478709,-0.1872212215652659,-0.5064545407326432,-1.0558099238821486
16075,1.4385150671823541,-0.32974211868628445,-0.15367256465263676,-0.35191446659113984,-0.816374186524329
16076,-0.9452107992618198,0.28524988500640736,-0.04994410373209928,-0.09434767635530096,-0.26412724390871334
16077,2.026086773740738,-0.4066161191478709,-0.045396201456327015,-0.6352379358505627,-1.0558099238821486
16078,0.3923508091637688,-0.32974211868628445,-0.17956936040415614,-0.3690855859401958,0.43487063450685615
16079,-0.8831097245849174,-0.25286811822469796,-0.11107658090420906,-0.549382339105283,-0.9631251223242829
16080,-0.5726043512004059,-0.1759941177631115,-0.16297820845948185,-0.45494118268547545,0.3692189000700347
16081,-0.6920294948098333,0.1315018840832344,0.09162675463857123,1.3136841102672852,1.33082371623289
16082,2.2410520322377074,-0.4066161191478709,-0.1973149745223819,-0.5665534584543389,-1.0558099238821486
16083,-0.4818412420572409,-0.1759941177631115,-0.04186286851723914,-0.1802032731005806,0.05640769481223841
16084,0.46878290107380244,-0.4066161191478709,-0.17450066895351246,-0.37767114561472376,-1.0558099238821486
16085,-0.8496706843742777,0.4389978859295803,-0.04258241632666922,1.5197375424559563,1.5123314526170435
16086,-0.6776984775767021,0.28524988500640736,-0.01857209625646604,-0.13727547472794077,1.562535720127554
16087,0.8987134180677416,-0.09912011730152501,-0.08421161591536215,-0.6524090551996186,0.1027500955911712
16088,1.7872364865218826,-0.32974211868628445,-0.10516022196680652,-0.6781657342232025,-0.9940200561769047
16089,0.8843824008346104,-0.32974211868628445,-0.18646012142805352,-0.3433289069166119,-0.5808003158980874
16090,2.0213097679963608,-0.4066161191478709,-0.19220334566636316,-0.549382339105283,-1.0558099238821486
16091,-0.22388293186087738,-0.32974211868628445,-0.1828886988551652,-0.5665534584543389,-0.8858877876927282
16092,-0.4149631616359615,-0.022246116839938542,-0.09473682054261766,-0.18878883277510855,0.739958106301497
16093,-0.4531792075909783,-0.4066161191478709,-0.20353051021981697,-0.6953368535722584,-1.0558099238821486
16094,-0.906994753306803,0.36212388546799384,0.05122404125825239,0.16321911388053795,1.2265533144802914
16095,1.2187728029410074,-0.4066161191478709,-0.1737478792818565,-0.44635562301094744,-1.0558099238821486
16096,0.30158770002060387,-0.1759941177631115,-0.09494250456514002,-0.20595995212416449,0.41556130084896753
16097,0.18693956215555343,-0.4066161191478709,-0.1918923957467923,-0.6180668165015067,-1.0558099238821486
16098,-0.5439423167341432,0.5927458868527532,0.07304870888710682,0.008679039739034602,1.404199184132867
16099,-0.720691529276096,0.05462788362164793,-0.09575762272846938,-0.326157787567556,1.2458626481381798
16100,1.2474348374072701,-0.4066161191478709,-0.16435774574185408,-0.3862567052892517,-1.0558099238821486
16101,-0.6251514143885539,-0.1759941177631115,0.018924031795481206,0.609668216955992,0.840366641322518
16102,-0.7589075752311129,-0.25286811822469796,-0.07713248433885171,-0.35191446659113984,-0.7236893849664635
16103,-0.9261027762843114,1.207737890545445,0.22409211291454803,0.24907471062581757,1.6204637211012198
16104,-0.6681444660879479,0.20837588454482087,-0.012565707275535196,0.9015772458899428,1.5393645197380876
16105,0.22515560811057025,-0.09912011730152501,-0.039454911122255104,0.08594907680978628,0.3190146325595242
16106,-0.6490364431104395,-0.4066161191478709,-0.19720209069857333,-0.6524090551996186,-1.0558099238821486
16107,-0.8783327188405403,0.05462788362164793,0.017192684804552216,-0.5665534584543389,-0.4147400464402449
16108,-0.5582733339672745,-0.1759941177631115,-0.04986169161533106,0.3606869863946811,1.056631178290871
16109,0.08184543577925718,-0.25286811822469796,-0.13964519133213008,-0.44635562301094744,0.797886107275163
16110,-0.7445765579979815,-0.1759941177631115,-0.08132580675088173,2.2409245551163055,0.7863005070804298
16111,1.0850166420984486,-0.4066161191478709,-0.16666459247256787,-0.08576211668077299,-1.0558099238821486
16112,-0.2764299950490255,-0.1759941177631115,-0.19115207177347107,-0.5751390181288669,-0.3027459112244907
16113,-0.0853497652739414,-0.4066161191478709,-0.19353163507780388,-0.44635562301094744,-1.0558099238821486
16114,-0.14745083995084374,-0.4066161191478709,-0.19530661201290428,-0.6352379358505627,-1.0558099238821486
16115,-0.9165487647955571,0.4389978859295803,-0.027847268356270796,1.2707563118946452,1.1261447794592703
16116,0.048406395568617464,-0.4066161191478709,-0.16227043380959008,-0.41201338431283563,-1.0558099238821486
16117,-0.056687730807678784,-0.25286811822469796,-0.15938808733909152,-0.1544465940769967,0.4966605022120999
16118,2.1550659288389196,-0.4066161191478709,0.09836446458847048,-0.35191446659113984,-1.0558099238821486
16119,-0.9213257705399343,0.1315018840832344,-0.08553505755522828,-0.3862567052892517,1.70542478919593
16120,-0.6776984775767021,-0.022246116839938542,0.0008037541884184535,0.017264599413562565,0.3460476996805683
16121,-0.6872524890654563,-0.09912011730152501,-0.10428693054458195,1.4939808634323724,0.9060183757593395
16122,-0.6108203971554227,-0.022246116839938542,-0.14268266649301592,-0.4635267423600034,0.3035671656332133
16123,-0.7159145235317189,-0.4066161191478709,-0.18339286709892372,-0.5665534584543389,-1.0558099238821486
16124,0.5547690044725903,-0.1759941177631115,-0.08195601705557988,-0.16303215375152466,0.5468647697226104
16125,0.7936192916914454,0.5927458868527532,0.09255406408691282,0.7384516120739115,0.32673836602267964
16126,-0.8210086499080151,0.6696198873143396,0.809487539560697,0.5323981798852404,1.6783917220748859
16127,-0.7732385924642441,-0.32974211868628445,-0.14921399988159642,-0.060005437657189103,1.5972925207117536
16128,-0.8783327188405403,0.36212388546799384,0.05852963302117636,0.626839336305048,0.8519522415172512
16129,0.9846995214665295,-0.25286811822469796,-0.1080259475061922,0.07736351713525831,-0.6696232507243752
16130,1.0563546076321861,-0.1759941177631115,-0.13632100510954642,-0.2488877504968043,-0.3027459112244907
16131,-0.7159145235317189,0.4389978859295803,0.4848821400029958,0.42078590411637684,1.593430653980176
16132,1.6391493084461926,-0.32974211868628445,-0.15870939931864733,-0.5837245778033949,-0.7352749851611967
16133,-0.9452107992618198,3.8214539062393853,1.3875953804526275,1.8975021681351865,1.3192381160381568
16134,-0.859224695863032,-0.09912011730152501,-0.05613470803286496,0.02585015908809053,0.9484989098066945
16135,0.2920336885318497,-0.32974211868628445,-0.14795773450497832,-0.4034278246383076,0.18384929695430358
16136,-0.6776984775767021,-0.1759941177631115,-0.13913825293318607,-0.326157787567556,1.2767575819908017
16137,2.2888220896814784,-0.4066161191478709,-0.17543421125102138,-0.4635267423600034,-1.0558099238821486
16138,0.8461663548795936,-0.25286811822469796,-0.14166255684596055,-0.4034278246383076,-0.23709417678766923
16139,-0.8735557130961633,-0.09912011730152501,-0.1277563778148189,-0.30040110854397206,1.7170103893906632
16140,-0.6490364431104395,-0.25286811822469796,-0.10543515986896605,-0.2746444295203882,0.39625196719107886
16141,-0.5391653109897661,-0.32974211868628445,-0.13850527247330244,-0.30040110854397206,0.21474423080692542
16142,0.22993261385494734,-0.4066161191478709,-0.16763345424869172,-0.3862567052892517,-1.0558099238821486
16143,-0.9452107992618198,0.4389978859295803,0.1107491358839837,0.21473247192770573,1.747905323243285
16144,0.21560159662181605,-0.4066161191478709,-0.19257454646121835,-0.6953368535722584,-1.0558099238821486
16145,-0.9213257705399343,0.9771158891606855,0.2665952964642619,1.1591440361257817,1.1686253135066254
16146,-0.20955191462774606,-0.1759941177631115,-0.1391673395626337,-0.41201338431283563,0.06799329500697161
16147,-0.3242000524927965,-0.09912011730152501,-0.03857400177327045,0.2662458299748735,1.0257362444382492
16148,0.45445188384067114,-0.32974211868628445,-0.1779328912283301,-0.6266523761760346,-0.515148581461266
16149,-0.9404337935174427,-0.25286811822469796,-0.1754674531132472,-0.44635562301094744,0.5854834370383877
16150,-0.7589075752311129,0.28524988500640736,0.07245797329380187,0.5238126202107124,1.5702594535907095
16152,0.3206957229981123,-0.4066161191478709,-0.07803971016209851,-0.45494118268547545,-1.0558099238821486
16153,-0.7254685350204731,0.36212388546799384,0.1508062724049131,0.6783526943522158,0.9253277094172282
16155,0.8604973721127248,-0.09912011730152501,-0.14951940949079628,-0.317572227893028,-0.44563498029286674
16156,-0.9213257705399343,1.053989889622272,0.22384764671942886,1.0046039619842784,1.7594909234380183
16157,-0.8878867303292945,-0.25286811822469796,-0.1592294959547224,-0.6008956971524508,-0.8356835201822177
16158,1.5340551820698962,0.20837588454482087,-0.16119422852002863,-0.45494118268547545,-0.23709417678766923
16159,0.3827967976750146,-0.1759941177631115,-0.11933233589575484,-0.4377700633364195,0.7013394389857197
16160,-0.6490364431104395,-0.32974211868628445,-0.13369212783851986,-0.5322112197562271,-0.9785725892505938
16161,-0.954764810750574,2.822091900238761,0.6665101348945957,3.228263917687021,1.5239170528117767
16162,0.24426363108807866,-0.4066161191478709,-0.2021177310752189,-0.6867512938977305,-1.0558099238821486
16163,0.14872351620053662,-0.022246116839938542,-0.0379458690849614,-0.19737439244963653,0.8944327755646063
16164,-0.8783327188405403,-0.25286811822469796,-0.14774789524967774,-0.47211230203453136,-0.9592632555927052
16165,1.4528460844154856,-0.4066161191478709,-0.19917444119063962,-0.6953368535722584,-1.0558099238821486
16166,1.0850166420984486,-0.32974211868628445,-0.17452490781138547,-0.549382339105283,-0.040138973477204895
16167,1.0181385616771692,-0.09912011730152501,-0.10871363853098918,-0.26605886984586025,0.19543489714903678
16168,-0.9117717590511801,4.59019391085525,0.5128087669666803,0.42078590411637684,1.747905323243285
16169,-0.9213257705399343,-0.1759941177631115,-0.07846008121149606,-0.09434767635530096,-0.7970648528664404
16170,-0.720691529276096,1.053989889622272,0.2709970730539998,1.4768097440833163,1.2960669156486904
16171,-0.6776984775767021,-0.4066161191478709,-0.19963844218420862,-0.6781657342232025,-1.0558099238821486
16172,-0.5057262707791264,0.1315018840832344,-0.0741954273034398,-0.008492079610021325,0.5584503699173436
16173,-0.8878867303292945,-0.022246116839938542,-0.10648366360667265,-0.10293323602982893,-0.7352749851611967
16174,-0.35763909270343625,0.05462788362164793,-0.04911167209886062,-0.4635267423600034,0.7863005070804298
16175,-0.5105032765235035,0.05462788362164793,-0.07752723145278352,-0.19737439244963653,0.7554055732278079
16176,1.051577601887809,-0.1759941177631115,-0.06255107998124779,-0.2488877504968043,-0.28729844429817974
16177,-0.720691529276096,0.1315018840832344,-0.04907288992626382,-0.025663198959077253,1.2497245148697576
16178,-0.300315023770911,-0.32974211868628445,-0.1622828995079248,-0.4978689810581152,-0.040138973477204895
16179,-0.672921471832325,-0.4066161191478709,-0.18976076133156056,-0.6094812568269787,-1.0558099238821486
16180,-0.4818412420572409,0.5158718863911668,0.92065871492584,0.7642082910974954,0.6202402376225873
16181,-0.6108203971554227,-0.4066161191478709,-0.18354799578931097,-0.6094812568269787,-1.0558099238821486
16182,-0.6155974028997997,0.20837588454482087,0.48586762271023254,-0.5322112197562271,1.1377303796540035
16183,-0.6394824316216853,-0.1759941177631115,-0.13006530216192183,-0.42918450366189154,0.2572247648542805
16184,-0.6538134488548165,-0.022246116839938542,-0.12445712298890464,-0.4806978617090593,-0.4881155143402218
16185,-0.8831097245849174,-0.25286811822469796,-0.16005846489397924,-0.3690855859401958,1.0604930450224488
16186,-0.8544476901186548,1.5152338923917907,0.3990772756713516,0.7727938507720233,1.6783917220748859
16187,-0.8114546384192609,0.6696198873143396,0.2739362077058008,0.6697671346776878,-0.07875764079298221
16188,-0.7493535637423586,-0.09912011730152501,-0.1293831514474958,-0.08576211668077299,0.34990956641214604
16189,-0.8878867303292945,-0.32974211868628445,-0.18978500018943356,-0.6266523761760346,-0.7854792526717072
16190,-0.768461586719867,0.1315018840832344,-0.016091422287862974,0.06019239778620238,1.5895687872485982
16191,-0.949987805006197,1.3614858914686179,0.8810420330794029,0.2662458299748735,1.747905323243285
16192,2.5515574056222188,-0.4066161191478709,-0.18037893825711454,-0.6094812568269787,-1.0558099238821486
16193,0.16783153917804502,-0.32974211868628445,-0.16104810283399423,-0.37767114561472376,-0.38384511258762305
16194,0.8318353376464622,-0.4066161191478709,-0.18333607891762127,-0.6352379358505627,-1.0558099238821486
16195,2.4942333366896934,-0.4066161191478709,-0.18232150958093687,-0.5665534584543389,-1.0558099238821486
16196,1.3716369867610747,-0.4066161191478709,-0.19824643920350168,-0.6695801745486745,-1.0558099238821486
16197,1.2808738776179098,0.20837588454482087,-0.06504283457059279,-0.2574733101713323,-0.07489577406140448
16198,-0.6012663856666685,-0.32974211868628445,-0.13337355999218892,-0.4377700633364195,0.3421858329489906
16199,0.913044435300873,0.05462788362164793,-0.13941873114571657,-0.6867512938977305,-0.13282377503507045
16200,-0.9404337935174427,0.4389978859295803,0.1836748562195054,2.3954646292578086,1.7749383903643292
16201,-0.9452107992618198,-0.09912011730152501,-0.05843532191441141,0.03443571876261849,0.5352791695278772
16202,0.7601802514808057,0.20837588454482087,-0.031435311860272055,0.1975613525786498,0.4001138339226566
16203,-0.6824754833210792,-0.022246116839938542,-0.13934324441691207,-0.22313107147322042,0.6665826384015201
16204,-0.8496706843742777,-0.25286811822469796,-0.1410835944121939,0.03443571876261849,1.6783917220748859
16205,-0.816231644163638,0.05462788362164793,-0.07865814730725836,0.5581548589088242,0.9214658426856505
16206,-0.7015835062985876,0.5158718863911668,-0.02534928091775847,0.9015772458899428,1.3771661170118228
16207,-0.8401166728855235,-0.4066161191478709,-0.1773954811223457,-0.5407967794307551,-1.0558099238821486
16208,-0.7493535637423586,0.28524988500640736,0.033556684024016625,0.8414783281682471,1.2960669156486904
16209,-0.5391653109897661,0.20837588454482087,0.08247277682813148,-0.26605886984586025,0.7129250391804529
16210,-0.954764810750574,2.2070998965460693,2.1326777878437317,0.5409837395597683,1.7865239905590624
16211,-0.5391653109897661,-0.25286811822469796,-0.12918023758015892,-0.4034278246383076,0.2958434321700578
16212,-0.8687787073517862,-0.1759941177631115,-0.11511338954825909,-0.09434767635530096,1.4582653183749552
16213,-0.5869353684335371,-0.4066161191478709,-0.1936964593113403,-0.6524090551996186,-1.0558099238821486
16214,-0.14745083995084374,-0.1759941177631115,-0.06355110600320837,0.017264599413562565,-0.032415240014049426
16215,-0.5773813569447829,-0.4066161191478709,-0.18792414844358307,-0.5837245778033949,-1.0558099238821486
16216,0.3159187172537352,-0.4066161191478709,-0.14134537407722236,-0.3862567052892517,-1.0558099238821486
16217,0.1630545334336679,-0.32974211868628445,-0.18363733329404291,-0.5923101374779228,-0.874302187497995
16218,-0.8210086499080151,0.5158718863911668,0.07013796832595702,9.34800645066384e-05,0.998703177317205
16219,1.4289610556936,-0.4066161191478709,-0.20188226788445254,-0.6953368535722584,-1.0558099238821486
16221,-0.7875696096973754,0.20837588454482087,-0.0648205296169575,0.8157216491446632,0.682030105327831
16222,0.5595460102169674,-0.32974211868628445,-0.11661342858119997,0.4379570234654328,0.5005223689436776
16223,0.8270583319020851,-0.32974211868628445,-0.12942539631407446,0.16321911388053795,-0.974710722519016
16224,-0.6872524890654563,-0.09912011730152501,-0.0927561595849949,0.21473247192770573,0.21860609753850316
16225,-0.7493535637423586,0.6696198873143396,-0.006689515588322221,0.9187483652389987,1.3617186500855119
16226,0.010190349613600646,-0.09912011730152501,-0.15815744589793918,-0.5064545407326432,-0.2448179102508247
16227,0.1152844759898969,-0.25286811822469796,-0.1335688559327657,-0.4635267423600034,0.14136876290694853
16228,0.8796053950902333,-0.25286811822469796,-0.14336897244022015,-0.317572227893028,-0.9978819229084824
16229,-0.5439423167341432,-0.022246116839938542,-0.006097394917424495,0.5323981798852404,0.7863005070804298
16230,-0.056687730807678784,-0.32974211868628445,-0.16717014579391912,-0.42918450366189154,-0.9360920552032388
16231,0.8509433606239707,-0.1759941177631115,-0.13029661011990992,-0.11151879570435688,-0.21392297639820285
16232,-0.7541305694867357,0.05462788362164793,-0.01682412833442415,-0.18878883277510855,0.9021565090277618
16233,-0.6203744086441768,0.20837588454482087,-0.07878280429060523,-0.28322998919491615,1.5161933193486212
16234,1.3143129178285495,-0.25286811822469796,-0.1816338185561399,-0.5923101374779228,-0.7275512516980412
16235,-0.768461586719867,0.20837588454482087,-0.06248044102401789,-0.01707763928454929,0.6047927706962763
16236,-0.5869353684335371,-0.4066161191478709,-0.17477629939446837,-0.5322112197562271,-1.0558099238821486
16237,1.1280096937978425,-0.4066161191478709,-0.19524428352123083,-0.6438234955250907,-1.0558099238821486
16238,1.0563546076321861,-0.4066161191478709,-0.20029912419594711,-0.6524090551996186,-1.0558099238821486
16239,-0.6920294948098333,-0.022246116839938542,-0.1013671869790793,-0.4978689810581152,0.5159698358699886
16240,-0.8448936786299006,-0.32974211868628445,0.052833501421019995,0.377858105743737,-0.8511309871085286
16241,-0.9165487647955571,0.7464938877759261,0.07181321967437991,3.5888574240171955,0.49279863548052216
16242,-0.9213257705399343,0.5927458868527532,0.30809291368164415,2.283852353488945,1.3617186500855119
16243,-0.8019006269305068,-0.32974211868628445,-0.17637606401408673,-0.28322998919491615,-0.974710722519016
16244,0.048406395568617464,-0.32974211868628445,-0.09925148095616408,0.05160683811167442,-0.4340493800981336
16245,-0.8496706843742777,-0.25286811822469796,-0.10680638668578181,-0.01707763928454929,-0.15599497542453686
16246,1.2331038201741389,-0.32974211868628445,-0.14782615213366773,-0.025663198959077253,-0.2448179102508247
16247,-0.14745083995084374,-0.4066161191478709,-0.1967741017224157,-0.5665534584543389,-1.0558099238821486
16248,-0.6681444660879479,-0.4066161191478709,-0.1941161378219415,-0.6438234955250907,-1.0558099238821486
16249,-0.7111375177873418,-0.09912011730152501,-0.08004599505518702,-0.12868991505341282,-0.33364084507711256
16250,0.2872566827874726,-0.25286811822469796,-0.16556276324754063,-0.45494118268547545,-0.573076582434932
16251,1.4862851246261253,-0.4066161191478709,-0.19582186087740475,-0.5322112197562271,-1.0558099238821486
16252,0.8652743778571019,-0.4066161191478709,-0.18427169883151928,-0.5236256600816991,-1.0558099238821486
16253,-0.6442594373660624,0.05462788362164793,0.2989202373237025,1.1677295958003098,1.5123314526170435
16254,0.8461663548795936,-0.25286811822469796,-0.1377088528574751,-0.14586103440246875,-0.07489577406140448
16255,-0.8831097245849174,0.6696198873143396,0.10901224858268374,1.2793418715691731,1.5239170528117767
16256,0.3111417115093581,-0.25286811822469796,-0.09186763230925014,-0.47211230203453136,0.2224679642700809
16257,-0.11878880548458111,-0.4066161191478709,-0.20145635652468405,-0.6867512938977305,-1.0558099238821486
16258,-0.7445765579979815,0.6696198873143396,0.6223580164707211,1.4682241844087884,1.2381389146750243
16259,0.9990305386996609,-0.25286811822469796,-0.1810964084501555,-0.060005437657189103,-0.3027459112244907
16260,-0.720691529276096,-0.4066161191478709,-0.1329988965033519,-0.549382339105283,-1.0558099238821486
16261,-0.8783327188405403,-0.022246116839938542,-0.13260345685062372,0.30917362834751333,0.5854834370383877
16262,0.8461663548795936,-0.4066161191478709,-0.15241075896564768,-0.30898666821850007,-1.0558099238821486
16263,1.0611316133765631,-0.4066161191478709,-0.18059639543917524,-0.5407967794307551,-1.0558099238821486
16264,1.1327866995422198,-0.32974211868628445,-0.14767517867605873,-0.17161771342605264,-1.0249149900295267
16265,-0.9165487647955571,0.4389978859295803,0.2755796022695906,0.9445050442625826,0.48121303528578896
16266,-0.6108203971554227,0.5927458868527532,-0.08296296846550417,-0.07717655700624504,1.2613101150644908
16267,1.8636685784319162,-0.4066161191478709,-0.1917808970005765,-0.6438234955250907,-1.0558099238821486
16268,-0.6203744086441768,-0.32974211868628445,-0.15847047343389914,-0.317572227893028,-1.0558099238821486
16269,1.1280096937978425,-0.4066161191478709,-0.15501331976241214,-0.2488877504968043,-1.0558099238821486
16270,0.726741211270166,-0.4066161191478709,-0.1256725285765368,-0.24030219082227633,-1.0558099238821486
16271,-0.949987805006197,0.28524988500640736,0.030604391135084542,0.8071360894701352,1.4157847843276001
16272,-0.40540915014720724,-0.4066161191478709,-0.17619600392703014,-0.48928342138358727,-1.0558099238821486
16273,2.135957905861411,-0.32974211868628445,-0.1826615461299553,-0.5751390181288669,-1.0249149900295267
16274,0.822281326157708,-0.4066161191478709,-0.18034777401127783,-0.1544465940769967,-1.0558099238821486
16275,-0.02324869059703907,-0.25286811822469796,-0.055735113147358545,0.1975613525786498,0.6627207716699424
16276,-0.11878880548458111,-0.25286811822469796,-0.02261236759449793,-0.5322112197562271,0.6086546374278541
16277,2.5420033941334648,-0.4066161191478709,-0.19164031162491305,-0.5064545407326432,-1.0558099238821486
16278,-0.4818412420572409,-0.25286811822469796,-0.12729306936004633,-0.2746444295203882,0.4850749020173667
16279,-0.859224695863032,0.20837588454482087,0.18992017108518439,1.3823685876635088,1.1647634467750476
16280,2.503787348178448,-0.4066161191478709,-0.18822194012602284,-0.5665534584543389,-1.0558099238821486
16281,-0.6155974028997997,-0.25286811822469796,0.03241884278157811,-0.47211230203453136,1.299928782380268
16282,0.6598631308488866,-0.25286811822469796,-0.11415283823769169,-0.4377700633364195,0.40783756738581206
16283,-0.9356567877730656,0.1315018840832344,0.09656871148947892,2.60151806144648,1.431232251253911
16284,-0.8114546384192609,-0.25286811822469796,-0.1341741348407945,0.22331803160223368,0.3421858329489906
16285,2.126403894372657,-0.4066161191478709,-0.19245681486583516,-0.4377700633364195,-1.0558099238821486
16286,1.3190899235729268,-0.32974211868628445,-0.18192676246700507,-0.557967898779811,-0.49197738107179956
16287,-0.15222784569522083,-0.09912011730152501,-0.13497055445662182,-0.549382339105283,0.9523607765382722
16288,1.2856508833622868,-0.4066161191478709,-0.19571520990276353,-0.6438234955250907,-1.0558099238821486
16289,1.2474348374072701,-0.4066161191478709,-0.19526782984030747,-0.5236256600816991,-1.0558099238821486
16290,1.2569888488960244,-0.1759941177631115,-0.06912950600798157,0.02585015908809053,-0.6657613839927975
16291,2.298376101170233,-0.4066161191478709,-0.19655525946276228,-0.6953368535722584,-1.0558099238821486
16292,-0.3815241214253217,-0.09912011730152501,-0.1178800820397636,-0.26605886984586025,0.8094717074698962
16293,-0.859224695863032,0.6696198873143396,0.09164337556968413,0.7384516120739115,1.6745298553433081
16294,1.3143129178285495,-0.4066161191478709,-0.1959783746453847,-0.6352379358505627,-1.0558099238821486
16295,-0.9165487647955571,-0.1759941177631115,-0.11270058438170046,-0.10293323602982893,-0.8434072536453732
16296,2.0308637794851148,-0.1759941177631115,-0.11373108211070138,-0.22313107147322042,-0.6889325843822639
16297,0.3206957229981123,-0.4066161191478709,-0.1838000799111902,-0.5322112197562271,-1.0558099238821486
16298,-0.8544476901186548,0.05462788362164793,-0.12951888905158462,-0.42918450366189154,0.566174103380499
16299,1.3190899235729268,-0.4066161191478709,-0.19129681238191273,-0.6008956971524508,-1.0558099238821486
16300,1.0945706535872028,-0.25286811822469796,-0.11001561146816778,0.9273339249135267,-0.10965257464560407
16301,2.556334411366596,-0.4066161191478709,-0.19727480727219235,-0.6524090551996186,-1.0558099238821486
16302,-0.35763909270343625,-0.4066161191478709,-0.18855643636467034,-0.6094812568269787,-1.0558099238821486
16303,-0.8401166728855235,0.05462788362164793,0.3443556301372537,0.635424895979576,1.2844813154539572
16304,2.355700170102758,-0.4066161191478709,-0.1782763904713304,-0.48928342138358727,-1.0558099238821486
16305,-0.300315023770911,-0.4066161191478709,-0.17969193977111395,-0.5150401004071712,-1.0558099238821486
16306,0.05796040705737167,0.05462788362164793,-0.12681660266814268,-0.23171663114774838,-0.20233737620346964
16307,1.0897936478428258,-0.25286811822469796,-0.12195498031761406,-0.11151879570435688,-0.4842536476086441
16308,-0.7827926039529983,0.05462788362164793,0.14987203756860784,-0.6953368535722584,1.5972925207117536
16309,-0.4531792075909783,-0.32974211868628445,-0.1557751124384209,-0.3690855859401958,-0.5383197818507324
16310,1.0181385616771692,-0.32974211868628445,-0.17284550123018436,-0.4806978617090593,-0.17530430908242553
16311,-0.8783327188405403,-0.32974211868628445,-0.1620294303084528,-0.4034278246383076,-0.9322301884716611
16312,1.104124665075957,-0.4066161191478709,-0.19285502467374882,-0.6180668165015067,-1.0558099238821486
16313,-0.9452107992618198,-0.32974211868628445,-0.1857218750711214,-0.5665534584543389,-0.8781640542295728
16314,0.8987134180677416,-0.25286811822469796,-0.10142259008278903,-0.20595995212416449,-0.7352749851611967
16315,0.6168700791494927,-0.32974211868628445,-0.17681859630496818,-0.5236256600816991,-0.2602653771771356
16316,-0.6538134488548165,0.5158718863911668,0.19314947949266514,0.9530906039371105,0.6009309039646986
16317,-0.39107813291407595,-0.09912011730152501,-0.05286800253038014,0.18039023322959388,0.739958106301497
16318,-0.7923466154417526,-0.4066161191478709,-0.18198216557071478,-0.5407967794307551,-1.0558099238821486
16319,0.07706843003488008,-0.4066161191478709,-0.17670155724838138,-0.6781657342232025,-1.0558099238821486
16320,-0.13789682846208953,-0.022246116839938542,0.18512156976512562,0.9530906039371105,0.9098802424909173
16321,-0.6155974028997997,0.05462788362164793,-0.16284039323900393,-0.5751390181288669,1.5161933193486212
16322,-0.954764810750574,-0.32974211868628445,-0.1820791210022068,-0.4635267423600034,-0.9206445882769279
16323,-0.02324869059703907,-0.32974211868628445,-0.18021549910117085,-0.6695801745486745,0.41556130084896753
16324,-0.348085081214682,-0.25286811822469796,-0.17641138349270166,0.15463355420601,-0.8665784540348396
16325,-0.7397995522536044,0.4389978859295803,0.04443300582103254,0.18897579290412184,1.6050162541749091
16326,-0.9356567877730656,1.3614858914686179,0.12225705306329049,1.3823685876635088,1.5509501199328208
16327,-0.8926637360736717,0.7464938877759261,0.49888665954322214,1.777304332691795,1.689977322269619
16328,1.7299124175893574,-0.4066161191478709,-0.1831816427660304,-0.5665534584543389,-1.0558099238821486
16329,1.0802396363540716,-0.1759941177631115,-0.08940565688814911,0.008679039739034602,0.14523062963852626
16330,-0.8783327188405403,0.05462788362164793,-0.16139783492616186,0.1975613525786498,1.4350941179854888
16331,1.104124665075957,-0.022246116839938542,-0.06358919563700881,-0.4205989439873636,-0.2448179102508247
16332,-0.8257856556523923,0.36212388546799384,-0.06619937436053336,0.6525960153286319,1.1106973125329593
16333,-0.9261027762843114,1.207737890545445,1.6393013761490693,-0.6266523761760346,0.11047382905432666
16334,1.3907450097385832,-0.4066161191478709,-0.1864435004969406,-0.24030219082227633,-1.0558099238821486
16335,1.6725883486568323,0.05462788362164793,-0.014015883515137318,0.9530906039371105,-0.3452264452718457
16336,1.046800596143432,-0.1759941177631115,0.03890585368719084,-0.1544465940769967,-0.24095604351924696
16337,-0.7875696096973754,-0.4066161191478709,-0.19424702765445573,-0.6180668165015067,-1.0558099238821486
16338,-0.20955191462774606,-0.4066161191478709,-0.1898320928275868,-0.6094812568269787,-1.0558099238821486
16339,0.3971278149081459,-0.4066161191478709,-0.19819449879377382,-0.557967898779811,-1.0558099238821486
16340,-0.4484022018466012,-0.25286811822469796,-0.10108740130534519,1.6742776165974596,0.6588589049383646
16341,-0.8448936786299006,0.05462788362164793,0.061974320994328654,0.18039023322959388,1.203382114090825
16342,-0.6012663856666685,-0.1759941177631115,-0.1823796828398321,-0.6180668165015067,-0.6541757837980643
16343,-0.8831097245849174,-0.25286811822469796,-0.1621776336108763,-0.24030219082227633,0.4541799681647448
16344,-0.20477490888336897,-0.1759941177631115,-0.1463669728897128,-0.33474334724208393,0.913742109222495
16345,-0.7493535637423586,-0.32974211868628445,-0.12307204539616146,0.11170575583337017,0.639549571280476
16346,0.8796053950902333,-0.4066161191478709,-0.18915963765631003,-0.5751390181288669,-1.0558099238821486
16347,-0.906994753306803,0.36212388546799384,0.03373051126190591,1.090459558729558,1.3617186500855119
16348,-0.8066776326748838,0.1315018840832344,-0.08389997345699494,0.8414783281682471,0.48121303528578896
16349,0.42578984937440856,-0.4066161191478709,-0.20100274361306064,-0.6266523761760346,-1.0558099238821486
16350,-0.859224695863032,0.20837588454482087,-0.048617199398251314,-0.08576211668077299,0.5159698358699886
16351,0.6264240906382469,0.5158718863911668,0.025909670634481505,0.3606869863946811,0.5005223689436776
16352,-0.8783327188405403,-0.32974211868628445,-0.17046593792585155,-0.4635267423600034,-0.9785725892505938
16353,-0.9452107992618198,2.4377218979308286,0.4736657816569614,-0.05141987798266114,1.7594909234380183
16354,-0.6585904545991936,-0.09912011730152501,-0.12718087807503412,0.2920025089984574,0.9832557103908941
16355,0.8318353376464622,-0.4066161191478709,-0.17587397338671734,-0.30040110854397206,-1.0558099238821486
16356,-0.018471684852661967,-0.022246116839938542,-0.17590721524894318,-0.47211230203453136,0.31129089909636876
16357,-0.8019006269305068,-0.1759941177631115,-0.1445698347131285,-0.33474334724208393,0.28811969870690235
16358,-0.954764810750574,-0.09912011730152501,-0.0025107364910160078,0.30917362834751333,0.4619037016279003
16359,-0.9261027762843114,0.7464938877759261,-0.0178781723825017,-0.034248758633605214,1.4698509185696884
16360,-0.9404337935174427,-0.022246116839938542,0.03424645266520274,2.4298068679559206,-0.731413118429619
16361,-0.9165487647955571,-0.1759941177631115,-0.14298807610221578,0.043021278437146454,-0.816374186524329
16362,-0.8066776326748838,-0.022246116839938542,-0.1408446685274457,-0.12868991505341282,0.5082461024068331
16363,-0.7063605120429647,-0.4066161191478709,-0.1971342218965289,-0.6609946148741466,-1.0558099238821486
16364,-0.906994753306803,-0.32974211868628445,-0.1558291304645379,-0.2918155488694441,-0.5692147157033542
16365,-0.8783327188405403,0.6696198873143396,0.014642756956312026,0.1288768751824261,1.689977322269619
16366,-0.8735557130961633,-0.1759941177631115,-0.09749381749097297,-0.06859099733171707,1.6668061218801526
16367,-0.7827926039529983,-0.25286811822469796,-0.11118184680125755,0.9788472829606945,0.2803959652437469
16368,-0.949987805006197,-0.25286811822469796,-0.16167069521193228,-0.06859099733171707,0.6163783708910096
16369,-0.8735557130961633,0.05462788362164793,-0.020730739684756305,0.2834169493239294,1.2342770479434466
16370,-0.5678273454560288,-0.1759941177631115,-0.11454550773523438,0.5238126202107124,-0.5035629812665328
16371,1.1805567569859907,-0.4066161191478709,-0.1938211162946872,-0.6094812568269787,-1.0558099238821486
16372,-0.8019006269305068,-0.09912011730152501,-0.11534885273902544,1.6227642585502917,1.1609015800434699
16373,0.8652743778571019,-0.32974211868628445,-0.18327444296474418,-0.48928342138358727,-0.9438157886663943
16374,-0.6442594373660624,-0.09912011730152501,-0.08535569000696804,1.6656920569229317,0.9600845100014277
16375,1.2856508833622868,-0.32974211868628445,-0.19750542269138407,-0.6094812568269787,-1.0558099238821486
16376,-0.9213257705399343,-0.32974211868628445,-0.13718806368260367,0.18897579290412184,-1.021053123297949
16377,0.3159187172537352,-0.32974211868628445,-0.11409050974601824,-0.6524090551996186,0.2958434321700578
16378,0.22037860236619314,-0.25286811822469796,-0.17957213055934165,-0.5150401004071712,-0.8125123197927513
16379,-0.9404337935174427,-0.1759941177631115,-0.05529950624444082,0.043021278437146454,-0.7700317857453963
16380,-0.6681444660879479,-0.4066161191478709,-0.08398792588413413,-0.4635267423600034,-1.0558099238821486
16381,0.9273754525340043,-0.32974211868628445,-0.1875432521055787,-0.18878883277510855,-0.9669869890558606
16382,0.9894765272109066,-0.32974211868628445,-0.18025428127376766,-0.3433289069166119,-0.5074248479981105
16383,-0.6060433914110456,0.05462788362164793,-0.0041008055674851916,1.348026348965397,1.257448248332913
16384,-0.534388305245389,-0.1759941177631115,-0.1105952664407308,-0.01707763928454929,0.8789853086382954
16385,-0.672921471832325,-0.09912011730152501,-0.1436709193554382,0.1031201961588422,1.1493159798487367
16386,-0.8257856556523923,-0.25286811822469796,-0.1307336021004204,0.38644366541826497,0.3306002327542574
16387,0.5786540331944758,-0.09912011730152501,-0.14359404754904093,-0.12010435537888485,0.1645399632964149
16388,2.159842934583297,-0.4066161191478709,-0.19182314186715513,-0.5923101374779228,-1.0558099238821486
16389,-0.7063605120429647,-0.1759941177631115,-0.10899411674351968,-0.4205989439873636,-0.16758057561927006
16390,1.6009332624911756,-0.25286811822469796,-0.17233163744327662,-0.5665534584543389,-0.5035629812665328
16391,0.9512604812558898,-0.1759941177631115,-0.13183473878665125,1.536908661805012,-0.4340493800981336
16392,0.3254727287424894,-0.25286811822469796,-0.15230341545221007,0.36927254606920906,0.07185516173854935
16393,-0.949987805006197,1.2846118910070314,0.1621832997517057,1.9833577648804661,1.7865239905590624
16394,-0.6920294948098333,-0.09912011730152501,-0.09699449701878907,-0.1802032731005806,-0.15599497542453686
16395,-0.672921471832325,0.5927458868527532,0.03895571648052958,2.8676704113568467,1.5432263864696654
16396,1.3143129178285495,-0.4066161191478709,-0.19516464155964808,-0.6352379358505627,-1.0558099238821486
16397,2.040417790973869,-0.4066161191478709,-0.19618059597392523,-0.6266523761760346,-1.0558099238821486
16398,-0.22388293186087738,-0.32974211868628445,-0.08657455828858204,-0.060005437657189103,-0.673485117455953
16399,-0.8687787073517862,-0.25286811822469796,-0.16106264614871804,0.1288768751824261,0.37308076680161245
16400,-0.5105032765235035,0.20837588454482087,0.007198657434113738,1.1333873571021977,1.404199184132867
16401,-0.954764810750574,1.2846118910070314,0.2696223835432021,0.24048915095128962,1.0836642454119152
16402,0.30158770002060387,-0.32974211868628445,-0.18438527519412423,-0.23171663114774838,-0.6503139170664866
16403,0.5308839757507048,-0.4066161191478709,-0.19241526253805286,-0.6180668165015067,-1.0558099238821486
16404,-0.6251514143885539,-0.4066161191478709,-0.17402489480040514,-0.5064545407326432,-1.0558099238821486
16405,0.4831139183069338,-0.32974211868628445,-0.19312511480433375,-0.6781657342232025,-1.0249149900295267
16406,-0.8735557130961633,-0.25286811822469796,-0.16811684632855908,0.4551281428144887,1.3964754506697115
16407,-0.9022177475624259,0.5927458868527532,-0.013452849473687205,0.32634474769656924,0.566174103380499
16408,1.8636685784319162,-0.4066161191478709,-0.1886457738694023,-0.317572227893028,-1.0558099238821486
16409,-0.7875696096973754,0.4389978859295803,0.18676634940650816,2.1722400777200814,1.6088781209064866
16410,2.5467803998778415,-0.4066161191478709,-0.19568266057933403,-0.6609946148741466,-1.0558099238821486
16411,-0.8687787073517862,-0.1759941177631115,-0.15232488415489762,0.4894703815126006,0.523693569333144
16412,-0.7063605120429647,-0.09912011730152501,-0.16362711731168203,0.017264599413562565,1.3385474496960454
16413,-0.6920294948098333,-0.32974211868628445,-0.1685552233866623,-0.23171663114774838,0.1761255634911481
16414,-0.859224695863032,-0.09912011730152501,-0.16653439517885,-0.20595995212416449,1.5432263864696654
16415,-0.7493535637423586,-0.25286811822469796,-0.15645449299766145,0.32634474769656924,1.3848898504749783
16416,-0.8353396671411465,0.20837588454482087,0.0001368393275126002,0.5495692992342963,1.3694423835486673
16417,1.3907450097385832,-0.4066161191478709,-0.20223546267060208,-0.6953368535722584,-1.0558099238821486
16418,-0.7493535637423586,-0.09912011730152501,-0.13346359003571723,0.3349303073710972,0.4039757006542343
16419,-0.42451717312471565,0.1315018840832344,-0.10334092254873835,-0.17161771342605264,1.0913879788750707
16420,0.9321524582783813,-0.4066161191478709,-0.19951378520086172,-0.6867512938977305,-1.0558099238821486
16421,0.8366123433908393,-0.25286811822469796,-0.16826158693700075,-0.4034278246383076,-0.6966563178454194
16422,-0.8783327188405403,7.895775930703468,4.083552651834551,0.24907471062581757,1.5663975868591318
16423,-0.8448936786299006,-0.4066161191478709,-0.18073767335363505,-0.549382339105283,-1.0558099238821486
16424,-0.04713371931892458,-0.32974211868628445,-0.1740242022616088,-0.6180668165015067,-0.3181933781508016
16425,0.4831139183069338,-0.4066161191478709,-0.18374467680748052,-0.5236256600816991,-1.0558099238821486
16426,-0.949987805006197,0.28524988500640736,-0.07563521546109633,1.107630678078614,0.002341560570150162
16427,0.2968106942762268,-0.32974211868628445,-0.18801348594831502,-0.6352379358505627,-0.974710722519016
16428,1.0133615559327922,-0.25286811822469796,-0.1604899165641187,0.3349303073710972,-0.731413118429619
16429,-0.4531792075909783,-0.4066161191478709,-0.18500163472289494,-0.6867512938977305,-1.0558099238821486
16430,-0.6872524890654563,0.05462788362164793,-0.1272861439720826,-0.5407967794307551,1.3539949166223564
16431,0.05796040705737167,-0.25286811822469796,-0.16154326807339991,-0.26605886984586025,-0.731413118429619
16432,-0.6538134488548165,-0.4066161191478709,-0.18480426116592905,-0.6352379358505627,-1.0558099238821486
16433,-0.8257856556523923,-0.32974211868628445,-0.17807832437556811,-0.4205989439873636,0.4116994341173898
16434,-0.8210086499080151,0.4389978859295803,-0.019544420726571754,0.377858105743737,1.5007458524223103
16435,1.4862851246261253,-0.25286811822469796,-0.1352413371260031,0.3177591880220413,-1.048086190418993
16436,2.231498020748953,-0.25286811822469796,-0.18260614302624562,-0.3862567052892517,-0.8047885863295958
16437,0.8604973721127248,-0.32974211868628445,-0.18384509493295437,-0.557967898779811,-0.8704403207664173
16438,-0.9356567877730656,-0.09912011730152501,-0.1494189913653224,-0.06859099733171707,-0.7584461855506631
16439,2.4894563309453166,-0.4066161191478709,-0.18319064577038324,-0.6266523761760346,-1.0558099238821486
16440,-0.9261027762843114,-0.022246116839938542,0.06240230997048629,1.0303606410078623,0.8210573076646294
16441,-0.6394824316216853,-0.09912011730152501,-0.13412911981903033,-0.12868991505341282,1.1068354458013816
16442,-0.954764810750574,-0.09912011730152501,-0.14293475061489516,1.2364140731965334,1.7440434565117073
16443,1.524501170581142,-0.4066161191478709,-0.1934720767413159,-0.6953368535722584,-1.0558099238821486
16444,-0.7397995522536044,0.8233678882375126,0.046398430925135126,1.1591440361257817,1.1802109137013586
16445,-0.8019006269305068,-0.1759941177631115,-0.16432173372444275,0.5238126202107124,0.4039757006542343
16446,-0.9595418164949511,-0.32974211868628445,11.4626664109977,-0.6781657342232025,-0.26412724390871334
16447,-0.3146460410040423,-0.25286811822469796,-0.15435333028947001,-0.19737439244963653,0.9716701101961609
16448,-0.013694679108284865,-0.32974211868628445,-0.17969886515907765,-0.317572227893028,-0.0015203061614275704
16449,-0.018471684852661967,-0.32974211868628445,-0.15569754809322728,-0.36050002626566785,-0.7352749851611967
16450,-0.24776796058276288,-0.25286811822469796,-0.10043018198758853,-0.39484226496377967,0.9021565090277618
16451,-0.5439423167341432,-0.25286811822469796,-0.13454325801926054,-0.1802032731005806,1.446679718180222
16452,2.0499718024626232,-0.32974211868628445,-0.1817037649745734,-0.5837245778033949,-0.8125123197927513
16453,1.5722712280249131,-0.32974211868628445,-0.18727593213017926,-0.5751390181288669,-0.9862963227137492
16454,-0.7493535637423586,-0.1759941177631115,-0.2025644185988786,-0.6695801745486745,1.1338685129224257
16455,-0.6585904545991936,0.36212388546799384,0.07200089768819662,0.24907471062581757,1.0913879788750707
16456,-0.486618247801618,0.5158718863911668,0.21088055029616706,1.2364140731965334,0.95622264326985
16457,0.08184543577925718,-0.4066161191478709,-0.19027808781245012,-0.6266523761760346,-1.0558099238821486
16458,-0.949987805006197,1.8227298942381367,0.18940838491466583,0.07736351713525831,1.1068354458013816
16459,2.5228953711559563,-0.4066161191478709,-0.199736090154497,-0.6609946148741466,-1.0558099238821486
16460,-0.8257856556523923,-0.25286811822469796,-0.1485270013955958,0.395029225092793,-0.8511309871085286
16461,-0.114011799740204,-0.25286811822469796,-0.09765310141413845,1.2106573941729495,0.7554055732278079
16462,-0.6108203971554227,-0.25286811822469796,-0.19528929854299498,-0.6953368535722584,-0.2448179102508247
16463,-0.859224695863032,-0.1759941177631115,-0.10620110777775303,-0.06859099733171707,-0.34908831200342344
16464,-0.8687787073517862,-0.25286811822469796,-0.11477058284405514,0.601082657281464,-0.5808003158980874
16465,1.046800596143432,-0.32974211868628445,-0.15302781103321478,-0.317572227893028,-0.9631251223242829
16466,-0.8019006269305068,0.6696198873143396,0.05617777126869842,1.073288439380502,1.2960669156486904
16467,1.4671771016486168,0.05462788362164793,-0.006007364873896206,-0.5837245778033949,-0.1714424423508478
16468,-0.6060433914110456,-0.25286811822469796,-0.15016901088179285,-0.37767114561472376,0.5159698358699886
16469,-0.8496706843742777,-0.09912011730152501,-0.14903463233333616,0.7298660523993835,0.840366641322518
16470,-0.7159145235317189,0.36212388546799384,-0.037331587172579804,1.7515476536682113,1.5586738533959763
16471,0.3493577574643749,-0.1759941177631115,-0.12229709448302165,-0.2918155488694441,0.4039757006542343
16472,1.1136786765647113,-0.32974211868628445,-0.15002496281214756,-0.3690855859401958,-0.42632564663497813
16473,-0.17611287441710635,-0.1759941177631115,-0.1721010220240849,-0.4806978617090593,-0.2448179102508247
16474,-0.9261027762843114,0.05462788362164793,-0.07931328900862586,1.330855229616341,-0.5228723149244214
16475,-0.5391653109897661,-0.1759941177631115,-0.1670129394871428,-0.5064545407326432,-0.341364578540268
16476,1.0993476593315799,-0.4066161191478709,-0.18044472944276985,-0.4978689810581152,-1.0558099238821486
16477,-0.6585904545991936,0.36212388546799384,0.07884318099634796,0.8157216491446632,0.5700359701120767
16478,-0.8401166728855235,-0.25286811822469796,-0.1817847920137489,-0.5751390181288669,-0.9013352546190392
16479,-0.9117717590511801,-0.32974211868628445,-0.18387418156240198,-0.4034278246383076,-1.0558099238821486
16480,-0.6012663856666685,-0.4066161191478709,-0.15143150910757827,-0.26605886984586025,-1.0558099238821486
16481,2.298376101170233,-0.4066161191478709,-0.1733095022237533,-0.5665534584543389,-1.0558099238821486
16482,-0.8878867303292945,-0.4066161191478709,-0.18942903524809857,-0.549382339105283,-1.0558099238821486
16483,-0.042356713574547476,-0.4066161191478709,-0.1950572980462105,-0.5407967794307551,-1.0558099238821486
16484,-0.13311982271771242,-0.32974211868628445,-0.1767084826363451,-0.48928342138358727,-0.990158189445327
16485,-0.5917123741779142,-0.09912011730152501,-0.04631104520633389,0.377858105743737,1.4775746520328439
16486,1.6057102682355529,-0.4066161191478709,-0.1954028749055999,-0.6438234955250907,-1.0558099238821486
16487,1.7967904980106368,-0.32974211868628445,-0.19020606377762747,-0.4635267423600034,-0.7391368518927744
16488,-0.8019006269305068,-0.25286811822469796,-0.1701639910106335,-0.4635267423600034,-0.6116952497507092
16489,0.8557203663683477,-0.32974211868628445,-0.18367542292784336,-0.6695801745486745,-0.8395453869137954
16490,1.1232326880534655,-0.4066161191478709,-0.19048238675737975,-0.5923101374779228,-1.0558099238821486
16491,-0.7397995522536044,-0.32974211868628445,-0.09853054806914124,0.03443571876261849,0.36149516660687925
16492,1.620041285468684,-0.4066161191478709,-0.17800630034074547,-0.5064545407326432,-1.0558099238821486
16493,-0.58215836268916,0.05462788362164793,-0.05705232193805732,-0.04283431830813318,1.0450455780961379
16494,0.45445188384067114,-0.4066161191478709,-0.14746741703714725,-0.30040110854397206,-1.0558099238821486
16495,-0.9452107992618198,-0.25286811822469796,-0.1598133061600637,-0.034248758633605214,-0.0015203061614275704
16496,-0.9213257705399343,-0.022246116839938542,-0.04329296113174649,0.32634474769656924,0.8789853086382954
16497,-0.7254685350204731,1.2846118910070314,0.2589662890834324,1.348026348965397,1.5972925207117536
16498,-0.19044389165023765,-0.32974211868628445,-0.1977152619466847,-0.5751390181288669,-1.0519480571505708
16499,0.7601802514808057,0.1315018840832344,-0.026147778149974904,0.18897579290412184,-0.3375027118086903
16500,-0.9404337935174427,0.20837588454482087,-0.14626378460905343,-0.4978689810581152,1.0257362444382492
16501,0.870051383601479,-0.4066161191478709,-0.12221052713347519,0.850063887842775,-1.0558099238821486
16502,2.0022017450188523,-0.32974211868628445,-0.18680223559346107,-0.35191446659113984,-1.0558099238821486
16503,-0.4531792075909783,0.36212388546799384,0.04559924115412231,0.6783526943522158,0.6047927706962763
16504,-0.8401166728855235,-0.4066161191478709,-0.1724438287282888,-0.05141987798266114,-1.0558099238821486
16505,-0.8114546384192609,-0.4066161191478709,-0.15085600936779348,-0.6695801745486745,-1.0558099238821486
16506,-0.8687787073517862,-0.32974211868628445,-0.19845420084241316,-0.6781657342232025,-0.974710722519016
16507,1.7729054692887514,-0.4066161191478709,-0.19482460501062965,-0.3862567052892517,-1.0558099238821486
16508,2.0499718024626232,-0.4066161191478709,-0.18802110387507512,-0.3433289069166119,-1.0558099238821486
16509,0.45445188384067114,-0.4066161191478709,-0.1795201901496138,-0.5923101374779228,-1.0558099238821486
16510,0.8175043204133309,-0.022246116839938542,-0.0816090551185977,0.1031201961588422,0.1761255634911481
16511,-0.859224695863032,-0.022246116839938542,-0.08278706361122579,1.3136841102672852,1.3655805168170896
16513,-0.9404337935174427,-0.1759941177631115,-0.14413907558178535,-0.4205989439873636,-0.9051971213506169
16515,-0.7111375177873418,0.28524988500640736,0.01545441242565952,0.8758205668663589,0.8287810411277848
16516,-0.816231644163638,-0.4066161191478709,-0.19766470661454957,-0.6524090551996186,-1.0558099238821486
16517,0.3636887746975062,-0.4066161191478709,-0.19344021995668284,-0.557967898779811,-1.0558099238821486
16518,-0.6681444660879479,-0.1759941177631115,-0.138267731666147,-0.1802032731005806,0.855814108248829
16519,-0.8401166728855235,-0.1759941177631115,-0.17430121778015745,-0.42918450366189154,1.3501330498907786
16520,-0.0710187480408101,-0.022246116839938542,-0.05592417623876799,1.4510530650597324,0.7245106393751861
16521,1.0229155674215462,-0.25286811822469796,-0.1257507854605268,1.116216237753142,-0.15599497542453686
16522,1.1184556823090883,-0.32974211868628445,-0.17469596489408923,-0.5665534584543389,-0.9978819229084824
16523,-0.954764810750574,1.6689818933149638,0.6205442573630239,0.8414783281682471,1.5818450537854427
16524,1.1710027454972365,-0.32974211868628445,-0.1835029807675468,-0.2746444295203882,-0.10965257464560407
16525,-0.949987805006197,3.2064619025466934,1.467863397107281,0.2834169493239294,1.7826621238274847
16526,-0.14267383420646662,-0.32974211868628445,-0.1550382511590815,-0.44635562301094744,0.539141036259455
16527,-0.5726043512004059,-0.32974211868628445,-0.11932194781380927,-0.13727547472794077,0.2688103650490137
16528,-0.9452107992618198,-0.4066161191478709,-0.18778148545153053,-0.557967898779811,-1.0558099238821486
16529,-0.05191072506330168,-0.1759941177631115,-0.06711421811054023,0.043021278437146454,0.2572247648542805
16530,2.231498020748953,-0.4066161191478709,-0.20135940109319203,-0.6781657342232025,-1.0558099238821486
16531,-0.8544476901186548,0.36212388546799384,-0.04553955698717594,0.23190359127676166,0.5623122366489213
16532,-0.8783327188405403,-0.09912011730152501,0.4017234664122874,-0.6867512938977305,1.272895715259224
16533,-0.8687787073517862,-0.25286811822469796,-0.12971903276373603,0.25766027030034555,-0.8665784540348396
16534,2.1072958713951486,-0.4066161191478709,-0.16066928411237896,-0.39484226496377967,-1.0558099238821486
16535,-0.9356567877730656,-0.25286811822469796,-0.13739028501114417,-0.12868991505341282,1.5509501199328208
16536,-0.4340711846134699,-0.4066161191478709,-0.16674838966692884,-0.28322998919491615,-1.0558099238821486
16537,2.1025188656507714,-0.4066161191478709,-0.203090748084121,-0.6781657342232025,-1.0558099238821486
16538,1.624818291213061,-0.25286811822469796,-0.17734769594539607,-0.4034278246383076,-0.8472691203769509
16539,-0.949987805006197,0.28524988500640736,0.023113891513529352,0.008679039739034602,0.9909794438540496
16540,1.0181385616771692,-0.4066161191478709,-0.1904588404383031,-0.48928342138358727,-1.0558099238821486
16541,2.5515574056222188,-0.4066161191478709,-0.17534210359110391,-0.37767114561472376,-1.0558099238821486
16542,-0.7063605120429647,-0.32974211868628445,-0.1868874178654148,-0.5923101374779228,0.28811969870690235
16543,1.8636685784319162,-0.4066161191478709,-0.1844711500048743,-0.549382339105283,-1.0558099238821486
16544,1.519724164836765,-0.1759941177631115,-0.1786198897143307,-0.6352379358505627,-0.5035629812665328
16545,-0.17611287441710635,-0.32974211868628445,-0.1569351149223433,-0.6524090551996186,-0.24095604351924696
16546,0.42578984937440856,-0.09912011730152501,0.16282736083233124,-0.060005437657189103,-0.46880618068233315
16547,1.6487033199349468,-0.4066161191478709,-0.1974874166826784,-0.48928342138358727,-1.0558099238821486
16548,1.9018846243869332,-0.4066161191478709,-0.2026198217025883,-0.6524090551996186,-1.0558099238821486
16549,-0.9117717590511801,2.1302258960844824,0.6804814125725962,6.473605474658592,1.3037906491118458
16550,-0.44362519610222406,0.900241888699099,0.4056667823188273,1.6485209375738756,1.373304250280245
16551,-0.5057262707791264,0.05462788362164793,-0.049778586959766474,-0.12868991505341282,1.3810279837434005
16552,0.19649357364430764,-0.32974211868628445,-0.1784100504590301,-0.557967898779811,-0.5499053820454656
16553,-0.18088988016148344,2.053351895622896,0.9437992062678002,0.9702617232861666,0.8867090421014509
16554,-0.7589075752311129,0.1315018840832344,-0.007907691331139865,0.22331803160223368,1.577983187053865
16555,-0.7923466154417526,-0.022246116839938542,-0.072039554030335,-0.19737439244963653,0.7592674399593856
16556,-0.6442594373660624,0.8233678882375126,0.35019442472946255,1.7000342956210435,1.5161933193486212
16557,-0.8448936786299006,-0.32974211868628445,-0.1851886201979153,-0.6094812568269787,-0.6194189832138647
16558,-0.9595418164949511,2.4377218979308286,0.716653406445881,2.584346942097424,1.7865239905590624
16559,0.9369294640227585,-0.4066161191478709,-0.19258839723714577,-0.557967898779811,-1.0558099238821486
16560,-0.8353396671411465,0.1315018840832344,0.006404315434675532,0.49805594118712854,1.6668061218801526
16561,-0.9356567877730656,-0.32974211868628445,-0.16931078321350373,-0.45494118268547545,-0.8472691203769509
16562,1.3143129178285495,-0.4066161191478709,-0.18920465267807415,-0.41201338431283563,-1.0558099238821486
16563,-0.7063605120429647,-0.022246116839938542,0.10087907295809577,-0.23171663114774838,1.5895687872485982
16564,1.7585744520556201,-0.4066161191478709,-0.19862733554150605,-0.6609946148741466,-1.0558099238821486
16565,0.7792882744583141,-0.1759941177631115,-0.15117111452014256,-0.6438234955250907,-0.3181933781508016
16566,-0.8878867303292945,-0.09912011730152501,-0.16214023651587223,-0.5837245778033949,0.013927160764883359
16567,-0.03280270208579327,-0.32974211868628445,-0.14476166795972345,-0.41201338431283563,-0.5074248479981105
16568,1.0802396363540716,-0.32974211868628445,-0.13400654045207255,-0.6609946148741466,-0.22937044332451376
16569,-0.9452107992618198,-0.09912011730152501,-0.10392750290926508,-0.47211230203453136,1.7247341228538187
16570,-0.8878867303292945,1.053989889622272,0.3101469837516824,0.27483138964940146,1.2767575819908017
16571,-0.8353396671411465,0.28524988500640736,0.08953390239593625,0.5924970976069361,1.2806194487223794
16572,-0.35286208695905913,-0.25286811822469796,-0.13478910929197246,-0.36050002626566785,-0.4842536476086441
16573,-0.5582733339672745,-0.32974211868628445,-0.15875025910763327,-0.36050002626566785,-0.2602653771771356
16574,-0.6203744086441768,-0.25286811822469796,-0.11455451073958721,0.03443571876261849,1.2111058475539804
16576,1.046800596143432,-0.32974211868628445,-0.16725048029429823,-0.42918450366189154,-0.6657613839927975
16577,2.221944009260199,-0.4066161191478709,-0.17839135191152808,-0.5064545407326432,-1.0558099238821486
16578,2.0308637794851148,-0.4066161191478709,-0.1938626686224695,-0.6266523761760346,-1.0558099238821486
16579,1.0706856248653174,-0.4066161191478709,-0.18427446898670477,-0.5837245778033949,-1.0558099238821486
16581,-0.09012677101831851,-0.4066161191478709,-0.1973779955528517,-0.6266523761760346,-1.0558099238821486
16582,-0.41974016738033854,-0.4066161191478709,-0.1829884244418427,-0.6524090551996186,-1.0558099238821486
16583,0.822281326157708,-0.32974211868628445,-0.18407363273575703,-0.549382339105283,0.1027500955911712
16584,-0.5773813569447829,-0.09912011730152501,0.01386919112076495,-0.1802032731005806,1.187934647164514
16585,1.8732225899206705,-0.32974211868628445,-0.18105139342839136,-0.5665534584543389,-0.6618995172612198
16586,0.22515560811057025,-0.25286811822469796,-0.10340463611800454,-0.47211230203453136,0.4387325012384339
16587,0.14872351620053662,-0.4066161191478709,-0.1891153151733422,-0.5923101374779228,-1.0558099238821486
16588,0.8843824008346104,-0.1759941177631115,-0.11043390490117623,-0.1544465940769967,-0.3297789783455348
16589,-0.6203744086441768,-0.1759941177631115,-0.1622995204390377,-0.3690855859401958,0.40783756738581206
16590,0.9512604812558898,-0.32974211868628445,-0.16274690050149374,-0.4806978617090593,-1.0017437896400603
16591,-0.6347054258773082,-0.4066161191478709,-0.18992212287111512,-0.6180668165015067,-1.0558099238821486
16592,-0.9404337935174427,1.6689818933149638,0.3360202331841251,1.1934862748238935,1.7131485226590855
16593,-0.720691529276096,0.1315018840832344,-0.13052722553910168,-0.21454551179869244,1.5857069205170204
16594,-0.6012663856666685,-0.4066161191478709,-0.19216664111015544,-0.2488877504968043,-1.0558099238821486
16595,-0.6681444660879479,-0.09912011730152501,-0.0829768192414316,2.1894111970691372,1.3771661170118228
16596,-0.8878867303292945,-0.1759941177631115,-0.17292168049778522,-0.5064545407326432,1.7015629224643523
16597,-0.9404337935174427,-0.4066161191478709,-0.19847220685111883,-0.6438234955250907,-1.0558099238821486
16598,0.40190482065252303,-0.4066161191478709,-0.1946625509322787,-0.6180668165015067,-1.0558099238821486
16599,0.8796053950902333,-0.4066161191478709,-0.1927407557723475,-0.6008956971524508,-1.0558099238821486
16600,-0.9404337935174427,0.5158718863911668,-0.0555758292241931,0.20614691225317777,1.7131485226590855
16601,-0.768461586719867,-0.25286811822469796,-0.1578229496592917,-0.18878883277510855,1.1956583806276695
16602,-0.7875696096973754,-0.32974211868628445,-0.15184426223021574,-0.3862567052892517,0.3035671656332133
16603,-0.6060433914110456,-0.32974211868628445,-0.17129490686510834,-0.41201338431283563,-0.990158189445327
16604,1.7251354118449804,-0.32974211868628445,-0.17475898592455907,-0.6180668165015067,-1.0326387234926822
16605,2.4990103424340706,-0.4066161191478709,-0.20051935153319328,-0.6953368535722584,-1.0558099238821486
16606,0.9703685042333982,-0.32974211868628445,-0.17993848358262224,-0.5665534584543389,-0.9399539219348165
16607,-0.8783327188405403,1.4383598919302043,0.1905150619112676,1.116216237753142,1.1531778465803144
16608,1.2044417857078762,-0.32974211868628445,-0.11560439955488656,0.1031201961588422,-0.2448179102508247
16609,-0.8878867303292945,0.05462788362164793,0.1757355914579014,0.626839336305048,-0.14054750849822592
16610,0.08662244152363428,-0.4066161191478709,-0.1994680776403012,-0.6524090551996186,-1.0558099238821486
16611,-0.0710187480408101,-0.022246116839938542,-0.08108064801696617,0.03443571876261849,0.6936157055225642
16612,-0.8066776326748838,0.20837588454482087,0.020050792417177787,0.1975613525786498,1.662944255148575
16613,-0.6251514143885539,-0.4066161191478709,-0.16186806876889817,-0.44635562301094744,-1.0558099238821486
16614,-0.09012677101831851,-0.25286811822469796,-0.1230027915165243,-0.3862567052892517,0.4734893018226335
16615,2.0308637794851148,-0.4066161191478709,-0.1845203202594167,-0.5407967794307551,-1.0558099238821486
16616,-0.8878867303292945,-0.32974211868628445,-0.17005179972562132,-0.4377700633364195,-0.5074248479981105
16617,0.1630545334336679,-0.4066161191478709,-0.194191624550746,-0.6609946148741466,-1.0558099238821486
16618,-0.8114546384192609,-0.09912011730152501,-0.02135194698510161,-0.025663198959077253,0.06799329500697161
16619,0.2968106942762268,-0.1759941177631115,-0.07047095365655336,0.18039023322959388,0.45804183489632255
16620,-0.9452107992618198,-0.022246116839938542,-0.08289509966345976,-0.034248758633605214,1.7826621238274847
16621,-0.7159145235317189,-0.1759941177631115,-0.14837118016641218,-0.5150401004071712,-0.18302804254558097
16622,1.6343723027018153,-0.4066161191478709,-0.1890980017034329,-0.6008956971524508,-1.0558099238821486
16623,0.21082459087743893,-0.1759941177631115,-0.13439851741081887,-0.326157787567556,0.2842578319753246
16624,-0.5773813569447829,-0.32974211868628445,-0.14857270895615632,-0.326157787567556,-0.6039715162875537
16625,0.3493577574643749,-0.09912011730152501,-0.09015983163739778,9.34800645066384e-05,-0.0169677730877385
16626,-0.9595418164949511,0.8233678882375126,0.10091647005309982,0.03443571876261849,-0.028553373282471695
16627,-0.58215836268916,-0.4066161191478709,-0.1823526738267736,-0.5322112197562271,-1.0558099238821486
16628,-0.8210086499080151,0.05462788362164793,-0.0441704077867493,0.017264599413562565,1.3076525158434236
16629,-0.6108203971554227,-0.32974211868628445,-0.1764086133375162,-0.20595995212416449,-0.9669869890558606
16630,0.9846995214665295,-0.4066161191478709,-0.19731151182840004,-0.6695801745486745,-1.0558099238821486
16631,1.338197946550435,0.05462788362164793,-0.07364347388273162,-0.30898666821850007,-0.399292579513934
16632,1.3573059695279435,-0.32974211868628445,-0.17656304948910706,-0.5150401004071712,-0.6850707176506862
16633,-0.8783327188405403,-0.022246116839938542,-0.005041965791754199,0.2834169493239294,-0.21778484312978058
16634,0.10095345875676559,-0.022246116839938542,-0.09045208300946661,-0.08576211668077299,0.739958106301497
16635,0.9799225157221524,-0.4066161191478709,-0.17195074110527225,-0.48928342138358727,-1.0558099238821486
16636,1.1327866995422198,-0.1759941177631115,0.05859819436201713,-0.17161771342605264,-0.25254164371398014
16637,-0.8066776326748838,-0.1759941177631115,-0.12475629974893718,-0.13727547472794077,-0.31046964468764615
16638,-0.8544476901186548,0.6696198873143396,-0.03987458963285628,0.4122003444418489,0.7052013057172974
16639,-0.8114546384192609,-0.1759941177631115,-0.08365342964548665,-0.05141987798266114,0.4039757006542343
16640,0.9369294640227585,-0.4066161191478709,-0.19228368016674224,-0.5923101374779228,-1.0558099238821486
16641,-0.45795621333535536,-0.32974211868628445,-0.16630654991484375,-0.39484226496377967,1.2458626481381798
16642,-0.9404337935174427,-0.25286811822469796,-0.1300902335585912,-0.2746444295203882,0.5314173027962995
16643,0.21082459087743893,-0.32974211868628445,-0.14077887734179037,-0.2918155488694441,-0.37225951239288985
16644,-0.114011799740204,-0.32974211868628445,-0.14696532640977783,-0.17161771342605264,-0.9206445882769279
16645,2.5515574056222188,-0.4066161191478709,-0.19360019641864468,-0.5837245778033949,-1.0558099238821486
16646,1.1853337627303677,-0.4066161191478709,-0.15769829267594485,-0.45494118268547545,-1.0558099238821486
16647,-0.15222784569522083,-0.1759941177631115,-0.16717914879827195,-0.4635267423600034,0.3923901004595011
16648,-0.7589075752311129,-0.25286811822469796,-0.1581138159537678,-0.3862567052892517,1.0604930450224488
16649,1.524501170581142,-0.4066161191478709,-0.18347597175448832,-0.5322112197562271,-1.0558099238821486
16650,-0.6203744086441768,0.05462788362164793,-0.07200977486209104,-0.09434767635530096,0.6743063718646756
16651,1.8397835497100308,-0.4066161191478709,-0.19527544776706757,-0.6524090551996186,-1.0558099238821486
16652,-0.6824754833210792,0.7464938877759261,1.0107247704715585,0.3606869863946811,1.1609015800434699
16653,-0.8831097245849174,-0.32974211868628445,-0.12072641649285086,-0.12868991505341282,-0.8434072536453732
16654,-0.28598400653777967,0.1315018840832344,-0.10193022102052941,-0.1544465940769967,0.7631293066909633
16655,-0.8783327188405403,0.5158718863911668,0.2401278487445323,2.798985933960623,1.4930221189591548
16656,-0.8544476901186548,1.8227298942381367,0.9610545029181949,-0.5150401004071712,1.6977010557327745
16657,-0.9165487647955571,-0.1759941177631115,-0.14415015620252733,0.6525960153286319,-0.10965257464560407
16658,0.7983962974358225,-0.022246116839938542,-0.1568651685039098,-0.28322998919491615,-0.08648137425613768
16659,-0.056687730807678784,-0.4066161191478709,-0.201998614402243,-0.6867512938977305,-1.0558099238821486
16660,-0.8831097245849174,0.05462788362164793,-0.07454169670162558,-0.5322112197562271,1.562535720127554
16661,1.620041285468684,-0.1759941177631115,-0.1401105774032918,-0.2746444295203882,-0.3529501787350012
16662,0.9225984467896272,-0.4066161191478709,-0.19424702765445573,-0.4635267423600034,-1.0558099238821486
16663,2.5228953711559563,-0.4066161191478709,-0.19328093603351737,-0.6953368535722584,-1.0558099238821486
16664,1.7585744520556201,-0.4066161191478709,-0.19714530251727086,-0.6352379358505627,-1.0558099238821486
16665,0.7697342629695599,-0.4066161191478709,-0.19533085087077728,-0.6266523761760346,-1.0558099238821486
16666,-0.8687787073517862,-0.32974211868628445,-0.18963056403784267,-0.3433289069166119,1.2690338485276462
16667,-0.6347054258773082,-0.32974211868628445,-0.16542841072104458,-0.2574733101713323,-0.22164670986135832
16668,-0.8878867303292945,0.5158718863911668,-0.1449818952969696,-0.4635267423600034,1.3230999827697345
16669,-0.8496706843742777,-0.25286811822469796,-0.111292653008677,0.5066415008616565,-0.8434072536453732
16670,-0.8831097245849174,1.053989889622272,0.35141121539468745,1.5111519827814281,1.6977010557327745
16671,-0.8257856556523923,-0.25286811822469796,-0.08751156328007281,-0.6781657342232025,-0.5305960483875769
16672,-0.949987805006197,1.053989889622272,0.35866832944186544,-0.5150401004071712,-0.03627710674562716
16673,2.284045083937101,-0.4066161191478709,-0.19285640975134155,-0.5407967794307551,-1.0558099238821486
16674,-0.7015835062985876,-0.32974211868628445,-0.18363802583283925,0.06019239778620238,-0.8858877876927282
16675,1.147117716775351,-0.32974211868628445,-0.16254190901776774,-0.5236256600816991,-0.9129208548137724
16676,-0.8019006269305068,-0.022246116839938542,-0.0411370878586417,0.20614691225317777,0.4310087677752784
16677,1.003807544444038,-0.32974211868628445,-0.1437214746875733,-0.317572227893028,-0.125100041571915
16678,-0.949987805006197,0.4389978859295803,0.010671046959120906,0.08594907680978628,0.025512760959616555
16679,0.7888422859470683,-0.25286811822469796,-0.15877103527152442,-0.5751390181288669,-0.3568120454665789
16680,-0.7541305694867357,-0.25286811822469796,-0.147819226745704,-0.4978689810581152,0.840366641322518
16681,-0.6155974028997997,0.05462788362164793,-0.07161295013177012,-0.5150401004071712,1.1415922463855812
16682,-0.9404337935174427,-0.09912011730152501,-0.13351483790664873,-0.5751390181288669,-0.34908831200342344
16683,1.5866022452580444,-0.4066161191478709,-0.18252927121984835,-0.549382339105283,-1.0558099238821486
16684,-0.9404337935174427,3.744579905777799,9.985499856884589,0.8758205668663589,1.7556290567064405
16685,-0.6681444660879479,-0.32974211868628445,-0.18225294824009608,-0.18878883277510855,-1.0558099238821486
16686,-0.7350225465092273,0.7464938877759261,0.1333252081069013,4.0095498480690654,1.593430653980176
16687,0.9034904238121187,-0.4066161191478709,-0.19379133712644322,-0.6352379358505627,-1.0558099238821486
16688,-0.954764810750574,-0.1759941177631115,-0.11738837949433978,-0.2574733101713323,-0.8279597867190622
16689,-0.6012663856666685,-0.32974211868628445,-0.17544113663898508,-0.6008956971524508,-1.0287768567611044
16690,-0.6155974028997997,-0.1759941177631115,-0.18025912904534225,-0.6008956971524508,0.40783756738581206
16691,1.0372465846546777,-0.32974211868628445,-0.19232315487813545,-0.6094812568269787,-0.5035629812665328
16692,0.26337165406558705,-0.1759941177631115,-0.07210742283237942,-0.6781657342232025,-0.341364578540268
16693,-0.6347054258773082,-0.09912011730152501,-0.12302426021921181,0.5753259782578802,1.2149677142855582
16694,2.4942333366896934,-0.4066161191478709,-0.19790016980531588,-0.6781657342232025,-1.0558099238821486
16695,1.7203584061006032,-0.32974211868628445,-0.19141800667127776,-0.44635562301094744,-1.0558099238821486
16696,-0.3146460410040423,-0.1759941177631115,-0.15914569876036144,-0.6438234955250907,-0.6194189832138647
16697,0.19171656789993052,-0.4066161191478709,-0.19689945124455893,-0.5322112197562271,-1.0558099238821486
16698,0.120061481734274,-0.32974211868628445,-0.06633857465860404,-0.6695801745486745,-0.9515395221295497
16699,0.8557203663683477,0.05462788362164793,-0.13582791748652986,-0.26605886984586025,0.3151527658279465
16700,-0.9213257705399343,1.4383598919302043,0.4068572565097901,1.554079781154068,1.7594909234380183
16701,-0.9213257705399343,1.5152338923917907,0.48206419964055974,0.6182537766305201,1.763352790169596
16702,1.0229155674215462,-0.1759941177631115,-0.12777853905630282,0.017264599413562565,0.16840183002799264
16704,1.992647733530098,-0.32974211868628445,-0.15871216947383285,-0.2746444295203882,-0.8472691203769509
16705,-0.9595418164949511,2.745217899777175,2.808878208931328,2.7303014565643995,1.763352790169596
16706,-0.7827926039529983,-0.25286811822469796,-0.167909777228444,0.22331803160223368,-0.7584461855506631
16707,0.9512604812558898,-0.1759941177631115,-0.16776711423639146,-0.1544465940769967,-0.12896190830349274
16708,-0.7445765579979815,-0.4066161191478709,-0.15923365118750063,-0.47211230203453136,-1.0558099238821486
16709,-0.5582733339672745,0.5927458868527532,0.4224560003592639,1.1849007151493656,1.4389559847170665
16710,-0.8687787073517862,1.207737890545445,0.2053686340158456,3.9408653706728423,1.7092866559275077
16711,-0.9452107992618198,0.20837588454482087,-0.006054457512049463,-0.4806978617090593,1.778800257095907
16712,-0.9165487647955571,0.5158718863911668,0.08843484332609454,1.8803310487861307,0.45804183489632255
16713,-0.8735557130961633,1.9764778951613096,0.772849467077454,3.9408653706728423,1.6706679886117304
16714,0.08184543577925718,-0.1759941177631115,-0.10101191457654068,0.11170575583337017,0.6897538387909865
16715,-0.5869353684335371,-0.32974211868628445,-0.1613881393830127,-0.47211230203453136,0.8133335742014739
16716,0.3111417115093581,-0.25286811822469796,-0.05583414619523971,-0.6438234955250907,0.34990956641214604
16717,-0.8496706843742777,0.5927458868527532,0.2567778664868982,1.6485209375738756,1.6822535888064636
16718,0.8031733031801996,-0.09912011730152501,0.003474876326023674,0.35210142672015315,0.34990956641214604
16719,-0.8926637360736717,0.5927458868527532,0.03862399039706759,1.047531760356918,1.6938391890011968
16720,-0.8353396671411465,-0.25286811822469796,-0.15216213753775026,0.4122003444418489,1.632049321295953
16721,0.2920336885318497,-0.4066161191478709,-0.18445314399616866,-0.3862567052892517,-1.0558099238821486
16722,-0.8783327188405403,1.207737890545445,0.3624509763476471,0.5409837395597683,1.720872256122241
16723,-0.5248342937566348,-0.1759941177631115,-0.11943136894363598,0.22331803160223368,1.431232251253911
16724,0.9703685042333982,-0.4066161191478709,-0.19450326700911322,-0.557967898779811,-1.0558099238821486
16725,0.4831139183069338,0.5927458868527532,-0.08778927133741782,1.3737830279889809,0.5816215703068099
16726,-0.8353396671411465,0.05462788362164793,-0.06177612906810797,0.5839115379324081,0.4310087677752784
16727,0.7792882744583141,-0.1759941177631115,-0.10929190842595947,0.6525960153286319,0.19543489714903678
16728,-0.7397995522536044,-0.1759941177631115,-0.13211036922760713,1.1677295958003098,-0.21392297639820285
16729,-0.7780155982086212,1.1308638900838586,0.29428923039236554,1.305098550592757,-0.2718509773718688
16730,-0.7111375177873418,-0.25286811822469796,-0.1532445756764791,-0.060005437657189103,-0.024691506550893964
16731,2.135957905861411,-0.4066161191478709,-0.1929138904714404,-0.36050002626566785,-1.0558099238821486
16732,-0.8114546384192609,-0.1759941177631115,0.09915326627753775,1.0046039619842784,1.647496788222264
16733,1.567494222280536,-0.4066161191478709,-0.1867239787094711,-0.6008956971524508,-1.0558099238821486
16734,-0.7111375177873418,-0.25286811822469796,-0.15991718697951943,-0.326157787567556,-0.816374186524329
16735,-0.5869353684335371,0.5927458868527532,0.225871937621223,0.8243072088191912,1.4659890518381107
16736,1.4528460844154856,-0.09912011730152501,4.5424206391538345e-05,0.2920025089984574,-0.16371870888769233
16737,-0.7063605120429647,-0.32974211868628445,-0.14686698590069305,-0.6953368535722584,0.9678082434645832
16738,0.45922888958504826,-0.4066161191478709,-0.20444812412500932,-0.6953368535722584,-1.0558099238821486
16739,-0.11878880548458111,-0.32974211868628445,-0.15024449761059736,-0.4205989439873636,0.3344620994858351
16740,0.9273754525340043,-0.4066161191478709,-0.18899342834518082,-0.44635562301094744,-1.0558099238821486
16741,2.026086773740738,-0.4066161191478709,-0.19272274976364187,-0.6094812568269787,-1.0558099238821486
16742,-0.7397995522536044,0.5927458868527532,-0.010805966193954984,-0.26605886984586025,1.5586738533959763
16743,-0.8210086499080151,0.5927458868527532,0.08699990294001259,0.30917362834751333,1.1338685129224257
16744,-0.906994753306803,0.05462788362164793,-0.11523804653160596,0.9960184023097504,-0.43018751336655586
16745,-0.5487193224785203,0.8233678882375126,0.29258350733690236,0.5667404185833522,-0.1868899092771587
16746,-0.9404337935174427,2.745217899777175,1.045099626168259,2.6444458598191196,1.7672146569011737
16747,-0.7827926039529983,-0.32974211868628445,-0.14680742756420512,-0.41201338431283563,-0.9399539219348165
16748,-0.8783327188405403,0.5927458868527532,0.04719138784698059,-0.23171663114774838,1.6938391890011968
16749,1.8636685784319162,-0.32974211868628445,0.08324149489210397,-0.2488877504968043,-0.5421816485823101
16750,-0.7493535637423586,-0.09912011730152501,-0.16149825305163576,-0.06859099733171707,-0.3297789783455348
16751,-0.816231644163638,-0.4066161191478709,-0.08249411970036061,-0.4978689810581152,-1.0558099238821486
16752,0.8175043204133309,-0.4066161191478709,-0.19033764614893808,-0.6266523761760346,-1.0558099238821486
16753,-0.6824754833210792,-0.4066161191478709,-0.1892004974452959,-0.41201338431283563,-1.0558099238821486
16754,0.8175043204133309,1.7458558937765503,4.331426137831872,-0.37767114561472376,-0.0169677730877385
16755,-0.4149631616359615,0.05462788362164793,-0.006317622254670681,1.1763151554748377,1.3230999827697345
16756,0.06273741280174877,0.05462788362164793,-0.1138211121542297,-0.1544465940769967,0.5893453037699654
16757,0.5595460102169674,-0.32974211868628445,-0.1859760368093898,-0.5923101374779228,-0.7043800513085748
16758,-0.6490364431104395,-0.4066161191478709,-0.17912959826846017,-0.5150401004071712,-1.0558099238821486
16759,-0.9261027762843114,-0.25286811822469796,-0.1500118045750165,-0.36050002626566785,-0.9669869890558606
16760,1.0945706535872028,-0.4066161191478709,-0.18891794161637632,-0.557967898779811,-1.0558099238821486
16761,-0.5009492650347493,-0.4066161191478709,-0.18278066280293126,-0.5923101374779228,-1.0558099238821486
16762,-0.8687787073517862,-0.25286811822469796,-0.12110177252048426,-0.26605886984586025,-0.573076582434932
16763,-0.013694679108284865,-0.32974211868628445,-0.13789860848768093,-0.326157787567556,1.029598111169827
16764,-0.9452107992618198,0.5158718863911668,-0.01142371080031845,1.090459558729558,-0.515148581461266
16765,0.44489787235191697,-0.32974211868628445,-0.1732146244086504,-0.2574733101713323,-0.715965651503308
16766,0.3445807517199978,-0.32974211868628445,-0.1253705816613188,-0.557967898779811,-1.0558099238821486
16767,-0.816231644163638,0.6696198873143396,0.3532540611318323,1.090459558729558,1.1068354458013816
16768,-0.7350225465092273,0.20837588454482087,-0.08707526383835872,0.22331803160223368,1.5895687872485982
16769,0.28247967704309546,-0.1759941177631115,-0.1273477799249597,-0.05141987798266114,0.739958106301497
16770,-0.6872524890654563,0.20837588454482087,-0.08151002207071656,1.0303606410078623,0.5545885031857659
16771,-0.8019006269305068,0.28524988500640736,0.06881729684127638,1.8975021681351865,1.6359111880275308
16772,1.0611316133765631,-0.25286811822469796,0.05139648341854893,-0.24030219082227633,0.09502636212801574
16773,-0.6872524890654563,-0.25286811822469796,-0.1755353219152916,-0.2488877504968043,1.5548119866643986
16774,-0.6394824316216853,0.1315018840832344,-0.09615375491999394,0.06019239778620238,1.2381389146750243
16775,-0.9117717590511801,0.7464938877759261,-0.009353712337963732,0.4293714637909048,0.6125165041594318
16776,-0.672921471832325,-0.32974211868628445,-0.16367420994983534,0.1975613525786498,0.3151527658279465
16777,-0.5773813569447829,-0.09912011730152501,-0.11521934798410394,0.36927254606920906,1.0759405119487597
16778,-0.6060433914110456,-0.32974211868628445,-0.18767552701568566,-0.5665534584543389,-0.283436577566602
16779,-0.949987805006197,3.590831904854626,2.067444788458306,1.811646571389907,1.778800257095907
16780,-0.4818412420572409,-0.25286811822469796,-0.16340481235804677,-0.07717655700624504,0.12978316271221532
16781,0.8175043204133309,-0.32974211868628445,-0.1615626591596983,-0.39484226496377967,0.091164495396438
16782,-0.9117717590511801,2.4377218979308286,0.4626308684755765,4.232774399606793,1.7247341228538187
16783,1.1232326880534655,-0.4066161191478709,-0.17756376804986404,-0.48928342138358727,-1.0558099238821486
16784,-0.8687787073517862,-0.09912011730152501,-0.14291051175702216,0.4808848218380726,1.2690338485276462
16785,0.9942535329552837,-0.4066161191478709,-0.16774149030092567,-0.4034278246383076,-1.0558099238821486
16786,0.9178214410452501,-0.4066161191478709,-0.20111770505325832,-0.6953368535722584,-1.0558099238821486
16787,0.9369294640227585,-0.1759941177631115,-0.1342399260264498,0.1718046735550659,0.10661196232274893
16788,-0.37197010993656754,-0.09912011730152501,-0.07112194012514264,2.283852353488945,1.056631178290871
16789,-0.9213257705399343,-0.4066161191478709,-0.19911211269896617,-0.6609946148741466,-1.0558099238821486
16790,-0.9452107992618198,-0.022246116839938542,-0.09766764472886226,0.05160683811167442,-0.9245064550085056
16791,-0.8210086499080151,0.6696198873143396,0.06937340549476279,2.6702025388427035,1.6745298553433081
16792,0.38757380341939174,-0.09912011730152501,-0.16153080237506523,0.06877795746073034,0.5738978368436545
16793,-0.6872524890654563,-0.4066161191478709,-0.18782096016292368,-0.5665534584543389,-1.0558099238821486
16794,-0.954764810750574,0.6696198873143396,-0.06255038744245144,1.3995397070125646,1.3501330498907786
16795,0.7840652802026912,-0.25286811822469796,-0.061877932271174614,1.9232588471587704,0.17226369675957037
16796,-0.534388305245389,-0.4066161191478709,-0.18354245547894,-0.549382339105283,-1.0558099238821486
16797,0.9178214410452501,-0.09912011730152501,-0.07991094998989456,1.777304332691795,0.2726722317805914
16798,1.6869193658899635,-0.25286811822469796,-0.1464542327780556,0.5066415008616565,-0.3799832458560453
16799,1.104124665075957,-0.32974211868628445,-0.1733510545515356,-0.008492079610021325,-0.974710722519016
16800,-0.906994753306803,-0.4066161191478709,-0.1241898030135052,0.5667404185833522,-1.0558099238821486
16801,-0.18088988016148344,-0.1759941177631115,-0.09430121363969993,-0.08576211668077299,-0.6310045834085979
16802,2.284045083937101,-0.32974211868628445,-0.16435982335824317,-0.2918155488694441,-0.8588547205716841
16803,-0.6490364431104395,-0.4066161191478709,-0.18169476197022055,-0.4978689810581152,-1.0558099238821486
16804,-0.8496706843742777,-0.25286811822469796,-0.16751918534729038,-0.19737439244963653,-0.1019288411824486
16805,-0.13311982271771242,-0.09912011730152501,-0.12912829717043106,1.1248017974276698,1.0991117123382261
16806,-0.4675102248241096,-0.1759941177631115,-0.15192528926939122,-0.12010435537888485,-0.5305960483875769
16807,-0.2812070007934026,-0.022246116839938542,-0.057620896289878404,0.21473247192770573,0.8017479740067407
16808,-0.486618247801618,-0.32974211868628445,-0.18473362220869913,-0.5236256600816991,-0.3799832458560453
16809,-0.8496706843742777,0.20837588454482087,-0.08507659687203027,0.2662458299748735,1.1917965138960918
16810,-0.042356713574547476,-0.32974211868628445,-0.14639328936397492,-0.41201338431283563,-0.17530430908242553
16811,-0.9404337935174427,-0.32974211868628445,-0.16682110624054783,-0.4806978617090593,-1.005605656371638
16812,0.7601802514808057,-0.1759941177631115,-0.03905254608156321,0.13746243485695406,-0.9708488557874383
16813,-0.9213257705399343,0.28524988500640736,-0.09028795131472653,1.4252963860361485,-0.29888404449291295
16814,-0.8926637360736717,2.2839738970076557,0.6211343004175325,1.4167108263616206,1.2342770479434466
16815,1.2044417857078762,-0.32974211868628445,-0.1765893659633692,-0.13727547472794077,-0.7352749851611967
16816,-0.4675102248241096,-0.1759941177631115,-0.17582480313217494,-0.4635267423600034,-0.07103390732982674
16817,-0.949987805006197,0.5158718863911668,-0.02736941658677442,0.21473247192770573,0.6009309039646986
16818,-0.9117717590511801,0.36212388546799384,0.0272628914425916,0.7727938507720233,-0.3027459112244907
16819,1.2617658546404014,-0.32974211868628445,-0.1920627602906997,-0.557967898779811,-1.0558099238821486
16820,-0.5057262707791264,-0.4066161191478709,-0.17024640312740175,-0.4806978617090593,-1.0558099238821486
16821,0.8604973721127248,-0.4066161191478709,-0.19685789891677666,-0.6438234955250907,-1.0558099238821486
16822,2.317484124147741,-0.4066161191478709,-0.19214586494626432,-0.6094812568269787,-1.0558099238821486
16823,0.1248384874786511,0.05462788362164793,-0.04936514129833262,0.5753259782578802,0.913742109222495
16824,-0.8878867303292945,-0.25286811822469796,-0.15718304381144435,-0.41201338431283563,0.4039757006542343
16825,-0.7780155982086212,-0.09912011730152501,-0.0781886060033184,-0.2918155488694441,0.8596759749804067
16826,-0.7159145235317189,-0.4066161191478709,-0.18104377550163128,-0.5150401004071712,-1.0558099238821486
16827,0.9178214410452501,-0.09912011730152501,-0.17755130235152933,-0.6180668165015067,-0.29888404449291295
16828,-0.5152802822678806,-0.32974211868628445,-0.19580870264027367,-0.6352379358505627,-0.9824344559821715
16829,-0.21432892037212317,-0.32974211868628445,-0.16915842467830197,-0.48928342138358727,-0.1598568421561146
16830,-0.7780155982086212,-0.1759941177631115,-0.1210837665117786,-0.14586103440246875,1.6011543874433314
16831,1.7346894233337347,-0.4066161191478709,-0.1983503200229574,-0.6524090551996186,-1.0558099238821486
16832,-0.0805727595295643,-0.09912011730152501,-0.1757867134983745,-0.5407967794307551,0.002341560570150162
16833,-0.954764810750574,-0.022246116839938542,-0.03787245997254601,0.043021278437146454,1.346271183159201
16834,0.1248384874786511,-0.32974211868628445,-0.1424513585350278,-0.33474334724208393,0.6704445051330978
16835,-0.348085081214682,-0.022246116839938542,-0.10382846986138394,-0.20595995212416449,0.6472733047436314
16836,-0.7732385924642441,-0.1759941177631115,-0.15052566836192421,-0.3433289069166119,1.0102887775119382
16837,-0.8114546384192609,0.36212388546799384,0.014894841078191277,0.35210142672015315,-0.22937044332451376
16838,-0.018471684852661967,-0.1759941177631115,-0.12440033480760218,-0.2488877504968043,0.7438199730330748
16839,-0.9213257705399343,2.8989659007003477,1.3021354004415766,0.4293714637909048,1.4852983854959994
16840,1.9209926473644416,-0.32974211868628445,-0.19502267110639193,-0.6266523761760346,-0.7816173859401294
16841,-0.7875696096973754,0.4389978859295803,0.0727273708855904,0.9015772458899428,1.4930221189591548
16842,-0.4818412420572409,-0.25286811822469796,-0.11715776407514804,-0.317572227893028,-0.27571284410344654
16843,-0.7589075752311129,2.2070998965460693,1.1506896313734434,2.017700003578578,1.5972925207117536
16844,1.7251354118449804,-0.32974211868628445,-0.1621623977573561,-0.4806978617090593,-0.9785725892505938
16845,1.992647733530098,-0.4066161191478709,-0.18712565121136662,-0.5322112197562271,-1.0558099238821486
16846,-0.720691529276096,-0.25286811822469796,-0.14636766542850918,-0.30040110854397206,1.218829581017136
16847,-0.7541305694867357,-0.32974211868628445,-0.1621243081235557,-0.3862567052892517,1.1647634467750476
16848,-0.7111375177873418,-0.1759941177631115,-0.10694766460024162,-0.060005437657189103,0.4116994341173898
16849,-0.0710187480408101,-0.4066161191478709,-0.1960808703872477,-0.6352379358505627,-1.0558099238821486
16850,0.6312010963826239,-0.4066161191478709,-0.1816871440434605,-0.5407967794307551,-1.0558099238821486
16851,-0.9404337935174427,-0.25286811822469796,-0.18099183509190342,-0.557967898779811,-0.874302187497995
16852,-0.9117717590511801,-0.32974211868628445,-0.1946722464754279,-0.6266523761760346,-0.4147400464402449
16854,1.0324695789103004,-0.32974211868628445,-0.10713187992007646,-0.08576211668077299,-0.19461364274031417
16855,-0.8496706843742777,-0.32974211868628445,-0.18196485210080549,-0.5407967794307551,-0.9785725892505938
16856,-0.8926637360736717,-0.25286811822469796,-0.17988100286252334,-0.5665534584543389,0.5970690372331209
16857,1.151894722519728,-0.4066161191478709,-0.1802750574376588,-0.6094812568269787,-1.0558099238821486
16858,0.7983962974358225,0.28524988500640736,0.09257068501802572,-0.060005437657189103,0.3190146325595242
16859,-0.2716529893046484,0.05462788362164793,-0.07088093662400533,0.043021278437146454,0.8789853086382954
16860,1.1996647799634992,-0.25286811822469796,-0.09316614255244689,-0.4034278246383076,-0.2448179102508247
16861,-0.6776984775767021,-0.09912011730152501,-0.13915279624790988,-0.3690855859401958,0.6781682385962533
16862,1.6534803256793238,-0.1759941177631115,-0.15883890407356885,-0.41201338431283563,-0.4610824472191777
16863,-0.8114546384192609,-0.25286811822469796,-0.14693139200875563,-0.33474334724208393,0.4039757006542343
16864,1.1136786765647113,-0.32974211868628445,-0.17636567593214117,-0.557967898779811,-0.4224637799034004
16865,0.9560374870002669,-0.4066161191478709,-0.19563903063516266,-0.5751390181288669,-1.0558099238821486
16866,-0.2907610122821568,-0.25286811822469796,-0.19032102521782515,-0.6180668165015067,-0.974710722519016
16867,2.3318151413808725,-0.4066161191478709,-0.19939328345029306,-0.6524090551996186,-1.0558099238821486
16868,0.9225984467896272,-0.25286811822469796,-0.17807555422038263,-0.30040110854397206,-0.28729844429817974
16869,-0.8544476901186548,-0.1759941177631115,-0.14811909604453294,0.2662458299748735,-0.4649443139507554
16870,1.2808738776179098,-0.4066161191478709,-0.17353249971618498,-0.4635267423600034,-1.0558099238821486
16871,-0.8544476901186548,-0.022246116839938542,-0.009942370314879587,0.42078590411637684,-0.09806697445087087
16872,-0.5917123741779142,-0.022246116839938542,-0.12069386716942139,-0.6008956971524508,0.43487063450685615
16873,-0.9404337935174427,0.4389978859295803,0.8076031414957697,1.4596386247342605,1.5084695858854658
16874,0.8509433606239707,-0.4066161191478709,-0.19017212937660527,-0.4377700633364195,-1.0558099238821486
16875,-0.6394824316216853,0.36212388546799384,0.08854980476629222,0.6783526943522158,1.4003373174012892
16876,0.965591498489021,-0.4066161191478709,-0.19528860600419862,-0.42918450366189154,-1.0558099238821486
16877,-0.9022177475624259,-0.022246116839938542,-0.14607610659523673,0.24907471062581757,-0.29888404449291295
16878,-0.5582733339672745,-0.4066161191478709,-0.20378674957447443,-0.6781657342232025,-1.0558099238821486
16880,-0.816231644163638,0.1315018840832344,-0.07913599907675474,0.4122003444418489,0.7322343728383416
16881,-0.6442594373660624,-0.4066161191478709,-0.17479015017039579,-0.6953368535722584,-1.0558099238821486
16882,-0.6442594373660624,-0.25286811822469796,-0.1558755305638948,-0.3690855859401958,-0.08648137425613768
16883,-0.066241742296433,0.9771158891606855,-0.04915945727581027,0.6611815750031599,1.0604930450224488
16884,-0.7827926039529983,-0.1759941177631115,-0.13053899869864,-0.1544465940769967,1.0025650440487828
16885,-0.8878867303292945,-0.1759941177631115,-0.1572966201740493,0.3349303073710972,0.37308076680161245
16886,1.2187728029410074,-0.4066161191478709,-0.1954278063022693,-0.6352379358505627,-1.0558099238821486
16887,-0.7923466154417526,-0.25286811822469796,-0.15912700021285942,0.1031201961588422,1.6590823884169972
16888,0.9512604812558898,-0.25286811822469796,-0.17463779163519405,-0.326157787567556,0.10661196232274893
16889,-0.03280270208579327,-0.022246116839938542,-0.02972751118841968,0.6955238137012717,0.3769426335331902
16890,1.3143129178285495,-0.25286811822469796,-0.184942076386407,-0.557967898779811,-0.6464520503349088
16891,-0.954764810750574,0.36212388546799384,-0.08504127739341533,2.1722400777200814,1.778800257095907
16892,-0.954764810750574,0.05462788362164793,-0.15243846051750257,0.3177591880220413,1.763352790169596
16893,0.7888422859470683,-0.32974211868628445,-0.1874019741911189,-0.01707763928454929,-1.0171912565663712
16894,1.4385150671823541,-0.25286811822469796,-0.11419577564306672,0.8929916862154148,-0.9283683217400833
16895,-0.6538134488548165,-0.09912011730152501,-0.1283277223218255,0.4551281428144887,1.2651719817960685
16896,1.6916963716343407,-0.4066161191478709,-0.19750888538536596,-0.549382339105283,-1.0558099238821486
16897,0.46878290107380244,-0.32974211868628445,-0.1846394369323926,-0.3862567052892517,-1.0017437896400603
16898,-0.8353396671411465,-0.09912011730152501,-0.14340359938003874,1.2106573941729495,1.0682167784856043
16899,-0.9261027762843114,0.1315018840832344,-0.08726917470134275,0.16321911388053795,0.4503181014331671
16900,-0.8831097245849174,-0.25286811822469796,-0.14327201700872813,-0.034248758633605214,-0.874302187497995
16901,2.5228953711559563,-0.4066161191478709,-0.1905620287189625,-0.5064545407326432,-1.0558099238821486
16902,-0.40540915014720724,-0.4066161191478709,-0.0864997640985739,-0.33474334724208393,-1.0558099238821486
16903,-0.8210086499080151,-0.25286811822469796,-0.13256259706163778,0.5667404185833522,0.43487063450685615
16904,-0.9404337935174427,1.1308638900838586,0.11907899252674123,3.4514884692247483,0.5159698358699886
16905,-0.9356567877730656,0.8233678882375126,0.12125425688614445,0.7642082910974954,1.7401815897801296
16906,-0.5726043512004059,0.05462788362164793,-0.10699614231598763,0.8414783281682471,0.8519522415172512
16907,-0.8210086499080151,0.20837588454482087,-0.10284298715414716,0.23190359127676166,0.8635378417119844
16908,2.4894563309453166,-0.4066161191478709,-0.18721498871609854,-0.5322112197562271,-1.0558099238821486
16909,-0.6155974028997997,-0.4066161191478709,-0.17845091024801604,-0.549382339105283,-1.0558099238821486
16910,-0.9404337935174427,0.1315018840832344,-0.10020649195636051,2.026285563253106,-0.7198275182348858
16911,2.073856831184509,-0.32974211868628445,-0.18703077339626373,-0.44635562301094744,-0.9554013888611275
16912,-0.8257856556523923,0.6696198873143396,0.10419979648669755,0.4122003444418489,1.6552205216854194
16913,0.42578984937440856,-0.25286811822469796,-0.1753504140566604,-0.549382339105283,0.33832396621741284
16914,-0.7875696096973754,-0.4066161191478709,-0.19198173325152426,-0.48928342138358727,-1.0558099238821486
16915,-0.9165487647955571,0.36212388546799384,-0.09783662419517691,-0.24030219082227633,1.1068354458013816
16916,-0.8496706843742777,-0.1759941177631115,-0.14223944166333807,0.8414783281682471,0.45804183489632255
16917,0.3589117689531291,-0.32974211868628445,-0.07645795155118577,-0.317572227893028,0.3190146325595242
16918,-0.7254685350204731,0.7464938877759261,0.017357509038088664,1.7000342956210435,1.5972925207117536
16919,-0.21432892037212317,1.3614858914686179,0.1353051765257277,1.2707563118946452,0.18384929695430358
16920,1.003807544444038,-0.4066161191478709,-0.18009153465662034,-0.5064545407326432,-1.0558099238821486
16921,-0.6681444660879479,-0.25286811822469796,-0.17636844608732663,-0.034248758633605214,1.0257362444382492
16922,1.7729054692887514,-0.4066161191478709,-0.16238816540497328,0.3435158670456252,-1.0558099238821486
16923,-0.9022177475624259,1.9764778951613096,0.7064744712168113,2.9964538064747663,1.5123314526170435
16924,-0.859224695863032,-0.25286811822469796,-0.1472347240015664,-0.11151879570435688,-0.8125123197927513
16925,1.620041285468684,-0.4066161191478709,-0.1960060761972396,-0.549382339105283,-1.0558099238821486
16926,0.8127273146689539,-0.09912011730152501,-0.12370779601123058,-0.16303215375152466,-0.45722058048759995
16927,-0.41018615589158436,-0.25286811822469796,-0.16709950683668923,-0.6609946148741466,-0.10579070791402634
16928,-0.5773813569447829,1.7458558937765503,0.0652112473285695,0.4551281428144887,1.2381389146750243
16929,-0.9452107992618198,0.05462788362164793,-0.11499704303046865,-0.26605886984586025,-0.46880618068233315
16930,-0.8353396671411465,-0.25286811822469796,-0.17846822371792534,-0.30040110854397206,-0.8936115211558837
16931,-0.9356567877730656,1.2846118910070314,0.143792932014058,3.2969483950832448,0.45804183489632255
16932,-0.7063605120429647,-0.25286811822469796,-0.1761371381293385,0.2920025089984574,0.9446370430751168
16933,-0.954764810750574,0.20837588454482087,0.009930722985799698,1.1248017974276698,1.7594909234380183
16934,-0.7015835062985876,-0.022246116839938542,-0.060442299346296295,0.395029225092793,1.1338685129224257
16935,0.8604973721127248,-0.25286811822469796,-0.1679437116294662,-0.23171663114774838,-0.9013352546190392
16936,-0.8401166728855235,-0.32974211868628445,-0.1667366165073905,0.3435158670456252,0.3344620994858351
16937,1.4241840499492229,-0.4066161191478709,-0.1911167522948561,-0.28322998919491615,-1.0558099238821486
16938,-0.9213257705399343,0.20837588454482087,0.2797479932849512,3.99237872872001,1.462127185106533
16939,1.3716369867610747,-0.25286811822469796,-0.17466203049306703,-0.37767114561472376,-0.4340493800981336
16940,-0.7111375177873418,0.1315018840832344,0.24043256581493577,2.386879069583281,1.5663975868591318
16941,1.9592086933194583,-0.4066161191478709,-0.2024224481456224,-0.6867512938977305,-1.0558099238821486
16942,-0.9022177475624259,0.20837588454482087,-0.07277987800365625,0.6611815750031599,-0.22550857659293605
16943,0.048406395568617464,-0.09912011730152501,-0.1147131021239563,-0.4978689810581152,0.539141036259455
16944,1.9496546818307041,-0.4066161191478709,-0.19768825293362619,-0.6438234955250907,-1.0558099238821486
16945,-0.859224695863032,2.053351895622896,0.3872854175855324,1.2793418715691731,1.6822535888064636
16946,0.870051383601479,-0.09912011730152501,-0.1200768151018543,-0.11151879570435688,-0.03627710674562716
16947,0.1630545334336679,-0.09912011730152501,-0.13855582780543757,-0.2746444295203882,0.5314173027962995
16948,-0.300315023770911,0.05462788362164793,-0.14454213316127365,-0.5322112197562271,0.9446370430751168
16949,-0.9452107992618198,-0.022246116839938542,-0.11562863841275955,-0.21454551179869244,0.15295436310168173
16950,-0.6920294948098333,0.28524988500640736,0.04057348710885364,0.24907471062581757,1.3694423835486673
16951,-0.3194230467484194,-0.25286811822469796,-0.11621868146726816,-0.07717655700624504,-0.399292579513934
16952,-0.43884819035784695,-0.09912011730152501,-0.14959351114200806,-0.05141987798266114,1.3346855829644677
16953,-0.816231644163638,-0.4066161191478709,-0.20326734547719574,-0.6953368535722584,-1.0558099238821486
16954,-0.9595418164949511,1.053989889622272,0.2164859593139988,0.008679039739034602,1.6088781209064866
16955,-0.0805727595295643,-0.022246116839938542,-0.12712201227734254,-0.4205989439873636,0.8480903747856735
16956,-0.8783327188405403,-0.4066161191478709,-0.18332638337447205,-0.5665534584543389,-1.0558099238821486
16957,0.18216255641117632,-0.32974211868628445,-0.17585388976162256,-0.5751390181288669,-0.8936115211558837
16958,1.1184556823090883,-0.4066161191478709,-0.1507943734149164,-0.11151879570435688,-1.0558099238821486
16959,-0.5439423167341432,-0.4066161191478709,-0.19658088339822802,-0.6438234955250907,-1.0558099238821486
16960,-0.7780155982086212,0.1315018840832344,-0.06683166228162062,2.1636545180455533,1.2960669156486904
16961,-0.40540915014720724,-0.25286811822469796,-0.14968146356914724,-0.2574733101713323,0.5507266364541882
16962,0.9942535329552837,-0.4066161191478709,-0.18732233222953615,-0.5751390181288669,-1.0558099238821486
16963,-0.066241742296433,-0.4066161191478709,-0.19705180977976067,-0.6438234955250907,-1.0558099238821486
16964,2.5420033941334648,-0.32974211868628445,-0.19031340729106508,-0.6524090551996186,-1.0558099238821486
16965,0.120061481734274,-0.4066161191478709,-0.19077463812944856,-0.4806978617090593,-1.0558099238821486
16966,-0.9213257705399343,0.05462788362164793,-0.055467793171959136,-0.6352379358505627,-0.1598568421561146
16967,-0.056687730807678784,-0.4066161191478709,-0.18261445349180205,-0.5236256600816991,-1.0558099238821486
16968,-0.9404337935174427,-0.32974211868628445,-0.17427559384469168,-0.4377700633364195,-0.658037650529642
16969,-0.7732385924642441,-0.25286811822469796,-0.1596644103188438,-0.3433289069166119,-0.46880618068233315
16970,2.0308637794851148,-0.4066161191478709,-0.19976309916755547,-0.6867512938977305,-1.0558099238821486
16971,-0.7780155982086212,-0.4066161191478709,-0.17996964782845892,-0.36050002626566785,-1.0558099238821486
16972,0.8652743778571019,-0.32974211868628445,-0.15283667032541623,-0.24030219082227633,-0.7700317857453963
16973,0.8843824008346104,-0.4066161191478709,-0.19591258345972942,-0.6524090551996186,-1.0558099238821486
16974,1.5340551820698962,-0.32974211868628445,-0.17939553316626689,-0.6609946148741466,-0.8936115211558837
16975,1.0611316133765631,-0.25286811822469796,-0.14057042316408255,-0.326157787567556,-0.7391368518927744
16976,0.3159187172537352,-0.4066161191478709,-0.1872890903673103,-0.6867512938977305,-1.0558099238821486
16977,0.9273754525340043,-0.1759941177631115,-0.17035790187361757,-0.48928342138358727,-0.14440937522980365
16978,-0.5917123741779142,-0.25286811822469796,-0.1514599031982295,-0.14586103440246875,1.218829581017136
16979,-0.9452107992618198,0.20837588454482087,-0.006659736420078253,9.34800645066384e-05,0.6704445051330978
16980,0.25859464832121,-0.25286811822469796,-0.10617132860950906,0.07736351713525831,-0.3877069793192008
16982,-0.672921471832325,-0.4066161191478709,-0.17811018116020122,-0.5150401004071712,-1.0558099238821486
16983,-0.9022177475624259,0.36212388546799384,0.0370249183162456,0.5924970976069361,0.6202402376225873
16984,-0.5391653109897661,0.20837588454482087,0.5121065326271595,5.039817009012421,1.0836642454119152
16985,-0.8783327188405403,1.2846118910070314,0.5517633817237861,0.4122003444418489,1.6938391890011968
16986,-0.8210086499080151,0.36212388546799384,0.1338570779025147,-0.14586103440246875,1.431232251253911
16987,-0.9452107992618198,0.36212388546799384,-0.030091094056514767,0.626839336305048,1.778800257095907
16988,-0.9356567877730656,-0.32974211868628445,-0.17820644405289685,-0.5322112197562271,0.3885282337279234
16989,-0.9261027762843114,-0.022246116839938542,-0.1262258670748377,-0.6438234955250907,-0.5035629812665328
16990,0.08184543577925718,-0.32974211868628445,-0.1808844915784658,-0.6953368535722584,-0.2679891106402911
16991,1.051577601887809,-0.4066161191478709,-0.13259999415664186,-0.06859099733171707,-1.0558099238821486
16992,-0.9117717590511801,0.5158718863911668,0.17456104565925518,1.116216237753142,1.4775746520328439
16993,1.2522118431516471,-0.32974211868628445,-0.06959696969553239,-0.5407967794307551,-0.6194189832138647
16996,-0.816231644163638,0.20837588454482087,-0.05763959483738043,-0.42918450366189154,0.4387325012384339
16997,0.4162358378856543,-0.25286811822469796,-0.15609160266836272,-0.6438234955250907,-0.9129208548137724
16998,-0.24776796058276288,-0.09912011730152501,-0.17686776655951056,-0.6867512938977305,0.08344076193328254
16999,-0.8496706843742777,-0.32974211868628445,-0.17113216024796102,-0.5236256600816991,-0.8588547205716841
17000,0.9321524582783813,-0.32974211868628445,-0.17656997487707077,-0.4806978617090593,-1.0094675231032157
17001,-0.9595418164949511,0.9771158891606855,0.2551933377208,0.22331803160223368,1.3539949166223564
17002,-0.5534963282228974,0.05462788362164793,-0.026618011992711216,-0.1544465940769967,1.0913879788750707
17003,0.960814492744644,-0.1759941177631115,-0.1473510705193568,0.06877795746073034,-0.3761213791244676
17004,-0.7397995522536044,-0.1759941177631115,-0.04373687850022067,-0.2918155488694441,0.4039757006542343
17005,1.2856508833622868,-0.32974211868628445,-0.1616069816426661,-0.5837245778033949,-0.600109649555976
17006,-0.9404337935174427,0.1315018840832344,-0.0914590344193909,0.18039023322959388,1.4157847843276001
17007,-0.720691529276096,0.05462788362164793,-0.12713655559206635,-0.16303215375152466,0.4387325012384339
17008,1.0897936478428258,-0.4066161191478709,-0.19907333052636936,-0.6953368535722584,-1.0558099238821486
17009,1.6725883486568323,-0.4066161191478709,-0.18794423206867786,-0.6180668165015067,-1.0558099238821486
17010,-0.8735557130961633,-0.4066161191478709,-0.1911783882477332,-0.6094812568269787,-1.0558099238821486
17011,-0.816231644163638,-0.25286811822469796,-0.15818999522136865,-0.47211230203453136,1.3424093164276232
17012,2.503787348178448,-0.4066161191478709,-0.17973418463769258,-0.41201338431283563,-1.0558099238821486
17014,-0.9213257705399343,-0.25286811822469796,-0.16430303517694073,-0.16303215375152466,-0.83182165345064
17015,-0.8257856556523923,-0.25286811822469796,-0.0773769505339709,0.858649447517303,-0.4494968470244445
17016,1.7920134922662598,-0.4066161191478709,-0.16645198306208178,-0.35191446659113984,-1.0558099238821486
17017,-0.949987805006197,1.7458558937765503,0.6662975254841096,0.32634474769656924,1.778800257095907
17018,-0.768461586719867,-0.022246116839938542,-0.04627572572771896,-0.4806978617090593,1.6243255878327976
17019,-0.906994753306803,0.36212388546799384,0.04476473190449453,2.249510114790833,1.747905323243285
17020,1.6295952969574383,-0.32974211868628445,-0.13991251130752952,-0.1544465940769967,-0.6541757837980643
17021,1.151894722519728,-0.022246116839938542,-0.122834504589006,-0.4034278246383076,-0.4881155143402218
17022,-0.8114546384192609,-0.32974211868628445,-0.1867018174679872,-0.5665534584543389,0.49279863548052216
17023,1.0324695789103004,-0.25286811822469796,-0.1492922567655864,-0.2918155488694441,0.025512760959616555
17024,-0.7445765579979815,-0.25286811822469796,-0.19806984181042694,-0.6867512938977305,-0.6232808499454424
17025,-0.672921471832325,-0.09912011730152501,-0.11123794244376364,-0.4377700633364195,1.187934647164514
17026,-0.0757957537851872,-0.25286811822469796,-0.19253091651704693,-0.6695801745486745,-0.1598568421561146
17027,-0.5869353684335371,0.20837588454482087,-0.11394161390479834,0.377858105743737,1.4582653183749552
17028,1.8158985209881453,-0.25286811822469796,-0.0943289151915548,0.02585015908809053,-0.515148581461266
17029,-0.4340711846134699,0.05462788362164793,-0.056691509225147714,-0.5407967794307551,1.0798023786803375
17030,-0.6585904545991936,-0.4066161191478709,-0.19453650887133908,-0.6094812568269787,-1.0558099238821486
17031,-0.906994753306803,-0.022246116839938542,-0.012607952142113871,-0.41201338431283563,1.145454113117159
17032,1.6534803256793238,0.1315018840832344,0.0019679119051191005,0.867235007191831,-0.3529501787350012
17033,-0.5487193224785203,-0.1759941177631115,-0.1124069479320389,-0.4205989439873636,0.14523062963852626
17034,-0.8831097245849174,-0.09912011730152501,-0.11631078912718557,-0.28322998919491615,0.8635378417119844
17035,0.21082459087743893,-0.1759941177631115,-0.16221433816708397,-0.45494118268547545,0.840366641322518
17036,0.870051383601479,-0.4066161191478709,-0.19245681486583516,-0.6008956971524508,-1.0558099238821486
17037,-0.5439423167341432,-0.4066161191478709,-0.11694099943188373,-0.060005437657189103,-1.0558099238821486
17038,-0.816231644163638,-0.32974211868628445,-0.15324042044370087,-0.1802032731005806,0.4310087677752784
17039,1.9257696531088186,-0.4066161191478709,-0.06931718402179828,-0.326157787567556,-1.0558099238821486
17040,-0.3050920295152881,-0.32974211868628445,-0.17262596643173456,-0.5751390181288669,0.539141036259455
17041,-0.8353396671411465,-0.022246116839938542,-0.0900788045982223,0.09453463648431423,1.1609015800434699
17042,-0.949987805006197,-0.09912011730152501,-0.1329206396193619,-0.06859099733171707,-0.10965257464560407
17043,-0.8066776326748838,0.1315018840832344,-0.025087501252729995,0.7985505297956073,1.6397730547591085
17044,-0.8401166728855235,0.4389978859295803,0.623727858209944,0.08594907680978628,1.6745298553433081
17045,-0.41974016738033854,-0.09912011730152501,-0.14738777507556453,-0.326157787567556,0.1645399632964149
17046,-0.20955191462774606,-0.09912011730152501,-0.07270508381364812,-0.05141987798266114,0.7322343728383416
17047,-0.5534963282228974,-0.022246116839938542,-0.04616976729187409,0.27483138964940146,1.4389559847170665
17048,-0.4006321444028301,0.05462788362164793,-0.06123594880693815,0.05160683811167442,1.1570397133118921
17049,-0.949987805006197,0.9771158891606855,0.48385094973519854,2.0091144439040503,1.4273703845223333
17050,-0.5009492650347493,0.36212388546799384,0.1172250661688545,0.9530906039371105,1.2072439808224027
17051,-0.03280270208579327,-0.1759941177631115,-0.15578065274879185,0.21473247192770573,0.6202402376225873
17052,-0.8257856556523923,-0.4066161191478709,-0.1770692953492547,-0.08576211668077299,-1.0558099238821486
17053,-0.33853106972592784,-0.4066161191478709,-0.17018615225211742,-0.5923101374779228,-1.0558099238821486
17054,-0.8257856556523923,-0.09912011730152501,-0.11077671160538016,-0.1544465940769967,-0.21778484312978058
17055,1.1662257397528595,-0.4066161191478709,-0.1885820603001361,-0.4978689810581152,-1.0558099238821486
17056,2.56588842285535,-0.4066161191478709,-0.19580177725230996,-0.6352379358505627,-1.0558099238821486
17057,1.8875536071538017,-0.4066161191478709,-0.1842959376893923,-0.2918155488694441,-1.0558099238821486
17058,-0.5726043512004059,-0.25286811822469796,-0.12299586612856057,-0.26605886984586025,-0.44563498029286674
17059,-0.8210086499080151,0.20837588454482087,0.13218251909288817,2.2924379131634733,1.4659890518381107
17060,0.3111417115093581,-0.4066161191478709,-0.18848579740744043,-0.6609946148741466,-1.0558099238821486
17061,-0.6108203971554227,0.36212388546799384,0.15764440048028622,-0.21454551179869244,-0.441773113561289
17062,0.5356609814950819,-0.022246116839938542,-0.14308918676648602,9.34800645066384e-05,-0.5692147157033542
17063,-0.859224695863032,0.5158718863911668,0.0472744925025452,0.5839115379324081,1.7131485226590855
17064,-0.6824754833210792,-0.25286811822469796,-0.14546459483804058,-0.2488877504968043,-0.0169677730877385
17065,2.083410842673263,-0.32974211868628445,-0.19122409580829375,-0.6524090551996186,-1.0558099238821486
17066,2.508564353922825,-0.4066161191478709,-0.18889439529729968,-0.557967898779811,-1.0558099238821486
17067,2.4990103424340706,-0.25286811822469796,-0.1732291677233742,-0.6352379358505627,-1.0287768567611044
17068,-0.9022177475624259,3.129587902085107,0.4177238827636568,1.4424675053852045,1.2960669156486904
17069,-0.8257856556523923,0.5927458868527532,0.17738175617687665,1.0303606410078623,1.6783917220748859
17070,-0.4149631616359615,-0.32974211868628445,-0.17441479414276237,0.1718046735550659,0.08730262866486027
17071,-0.8257856556523923,0.5158718863911668,0.0580213095446396,0.5066415008616565,1.4775746520328439
17072,2.026086773740738,-0.4066161191478709,-0.18577727817483114,-0.5322112197562271,-1.0558099238821486
17073,-0.8783327188405403,-0.1759941177631115,-0.10456048336914874,0.5152270605361845,-0.7005181845769971
17074,1.7251354118449804,-0.4066161191478709,-0.19064582591332344,-0.6695801745486745,-1.0558099238821486
17075,-0.8783327188405403,0.28524988500640736,-0.04981252136078867,0.609668216955992,1.6783917220748859
17076,-0.7875696096973754,-0.022246116839938542,-0.11864256725456873,-0.4377700633364195,1.6436349214906862
17077,1.801567503755014,-0.4066161191478709,-0.18351613900467786,-0.6953368535722584,-1.0558099238821486
17078,-0.7875696096973754,-0.32974211868628445,-0.17851600889487498,-0.4635267423600034,-1.0558099238821486
17079,-0.5869353684335371,-0.4066161191478709,-0.19648046527275412,-0.6867512938977305,-1.0558099238821486
17080,-0.8544476901186548,0.05462788362164793,-0.13839515880467937,-0.4806978617090593,0.8905709088330286
17081,-0.8401166728855235,-0.022246116839938542,-0.13895888538492585,0.7212804927248556,1.3771661170118228
17082,-0.8019006269305068,-0.022246116839938542,0.12300360988577906,0.3005880686729854,1.6127399876380644
17083,-0.43884819035784695,0.20837588454482087,0.07575584304212339,-0.44635562301094744,1.1029735790698039
17084,-0.7923466154417526,-0.25286811822469796,0.14164536920650966,1.554079781154068,0.33832396621741284
17085,-0.37197010993656754,1.6689818933149638,0.3387737674384986,2.824742612984207,1.299928782380268
17086,-0.9261027762843114,-0.022246116839938542,-0.06273183260710079,-0.05141987798266114,-0.8395453869137954
17087,2.561111417110973,-0.4066161191478709,-0.18936601421762872,-0.6008956971524508,-1.0558099238821486
17088,-0.8257856556523923,-0.1759941177631115,-0.06682265927726778,0.12029131550789812,-0.1868899092771587
17089,0.8843824008346104,-0.4066161191478709,-0.19581216533425555,-0.6695801745486745,-1.0558099238821486
17090,-0.9404337935174427,0.5158718863911668,0.008606588807137185,-0.24030219082227633,0.8905709088330286
17091,-0.949987805006197,0.9771158891606855,0.31440194211658945,1.3737830279889809,1.7285959895853964
17092,-0.720691529276096,0.36212388546799384,0.1769786985973884,1.6399353778993477,1.3578567833539341
17093,1.8684455841762935,-0.4066161191478709,-0.18837222104483548,-0.5923101374779228,-1.0558099238821486
17094,0.5786540331944758,-0.32974211868628445,-0.17685391578358314,-0.549382339105283,-0.6657613839927975
17095,-0.8544476901186548,0.05462788362164793,-0.026569534276965217,0.24048915095128962,1.6552205216854194
17096,-0.8878867303292945,0.36212388546799384,0.05138817295299245,0.6869382540267437,1.029598111169827
17097,-0.949987805006197,0.20837588454482087,-0.125525710351706,0.858649447517303,0.5970690372331209
17098,0.8604973721127248,-0.25286811822469796,-0.16377393553651282,-0.6180668165015067,-0.441773113561289
17099,1.5866022452580444,-0.4066161191478709,-0.16439029506528355,-0.36050002626566785,-1.0558099238821486
17100,-0.8735557130961633,-0.32974211868628445,-0.13741106117503532,-0.14586103440246875,-1.0558099238821486
17101,-0.9117717590511801,0.05462788362164793,-0.031084887229308,-0.24030219082227633,1.029598111169827
17102,0.2872566827874726,-0.4066161191478709,-0.2029418522429011,-0.6953368535722584,-1.0558099238821486
17103,2.4894563309453166,-0.4066161191478709,-0.1753234050436019,-0.42918450366189154,-1.0558099238821486
17104,1.0611316133765631,-0.4066161191478709,-0.17187940960924594,-0.5407967794307551,-1.0558099238821486
17105,-0.19999790313899185,-0.32974211868628445,-0.15859997818882063,-0.01707763928454929,-0.4881155143402218
17106,0.8987134180677416,-0.4066161191478709,-0.17135654281798543,-0.26605886984586025,-1.0558099238821486
17107,-0.8019006269305068,0.28524988500640736,0.9070053125553739,2.5328335840502563,1.431232251253911
17108,2.2076129920270677,-0.4066161191478709,-0.19259185993112762,-0.6266523761760346,-1.0558099238821486
17109,-0.8210086499080151,0.1315018840832344,-0.11525189730753341,0.3606869863946811,0.7515437064962301
17110,-0.17133586867272924,-0.25286811822469796,-0.17008781174303264,-0.37767114561472376,0.6627207716699424
17111,-0.7350225465092273,-0.32974211868628445,-0.17288012817000292,-0.326157787567556,0.4039757006542343
17112,1.4385150671823541,-0.4066161191478709,-0.19102533717373507,-0.326157787567556,-1.0558099238821486
17113,1.7824594807775056,-0.022246116839938542,-0.04503677382101015,0.3435158670456252,-0.5808003158980874
17114,-0.9356567877730656,0.1315018840832344,-0.14922715811872747,0.02585015908809053,0.21474423080692542
17115,-0.9213257705399343,0.05462788362164793,-0.013463930094429172,0.1718046735550659,1.747905323243285
17116,2.135957905861411,-0.4066161191478709,-0.17771404896867665,-0.30040110854397206,-1.0558099238821486
17117,0.4162358378856543,-0.4066161191478709,-0.19666052535981077,-0.6266523761760346,-1.0558099238821486
17118,0.5547690044725903,-0.4066161191478709,-0.1938335819930219,-0.6180668165015067,-1.0558099238821486
17119,-0.9452107992618198,-0.32974211868628445,-0.16267695408306024,-0.4034278246383076,-0.8395453869137954
17120,0.1535005219449137,-0.4066161191478709,-0.18341502834040763,-0.549382339105283,-1.0558099238821486
17121,0.960814492744644,-0.4066161191478709,-0.18291086009664909,-0.6008956971524508,-1.0558099238821486
17122,-0.39107813291407595,-0.1759941177631115,-0.1651984878406492,-0.5064545407326432,0.4116994341173898
17123,-0.19044389165023765,-0.25286811822469796,-0.13703501260860554,-0.3862567052892517,0.5314173027962995
17124,-0.0757957537851872,-0.4066161191478709,-0.18433056462921085,-0.4377700633364195,-1.0558099238821486
17125,-0.720691529276096,-0.4066161191478709,-0.1887448069172834,-0.41201338431283563,-1.0558099238821486
17126,-0.23343694334963158,0.20837588454482087,-0.0650622256568912,1.8288176907389628,0.15295436310168173
17127,1.0850166420984486,-0.09912011730152501,-0.12471751757634036,-0.47211230203453136,0.12978316271221532
17128,0.635978102127001,-0.4066161191478709,-0.19382873422144728,-0.5837245778033949,-1.0558099238821486
17129,1.524501170581142,-0.4066161191478709,-0.20250209010720516,-0.6867512938977305,-1.0558099238821486
17131,-0.9356567877730656,-0.09912011730152501,-0.03412374746778656,-0.034248758633605214,-0.7854792526717072
17132,1.1996647799634992,-0.32974211868628445,-0.1201550719858443,-0.17161771342605264,-0.9167827215453501
17133,-0.8878867303292945,0.4389978859295803,0.8079452556611774,-0.5150401004071712,1.3115143825750013
17134,-0.4531792075909783,-0.25286811822469796,-0.16140337523653286,-0.4377700633364195,0.24177729792796956
17135,-0.8831097245849174,0.28524988500640736,-0.08544017974012537,0.13746243485695406,1.1184210459961148
17136,2.2028359862826905,-0.4066161191478709,-0.18866308733931159,-0.5837245778033949,-1.0558099238821486
17137,1.0276925731659234,-0.022246116839938542,-0.1285417168099043,0.36927254606920906,-0.04786270694036036
17138,0.354134763208752,0.05462788362164793,0.10120525873118678,1.305098550592757,0.48121303528578896
17139,-0.8878867303292945,1.4383598919302043,1.1503662157555379,3.1338227612672136,1.577983187053865
17140,0.22037860236619314,-0.4066161191478709,-0.17325825435282183,-0.5665534584543389,-1.0558099238821486
17141,1.0372465846546777,-0.1759941177631115,-0.15432008842724418,0.4808848218380726,-0.028553373282471695
17142,0.18216255641117632,-0.1759941177631115,-0.11639181616636106,-0.034248758633605214,0.6627207716699424
17143,1.0324695789103004,-0.32974211868628445,-0.14369723582970031,9.34800645066384e-05,-0.6773469841875307
17144,-0.954764810750574,-0.32974211868628445,-0.13652253389929056,-0.3433289069166119,-0.7352749851611967
17145,1.4862851246261253,-0.1759941177631115,0.011427299324758692,0.7384516120739115,-0.49197738107179956
17146,-0.45795621333535536,0.5158718863911668,0.20061019994597637,0.7041093733757996,1.145454113117159
17147,-0.8544476901186548,0.20837588454482087,0.016901125971279775,0.146047994531482,1.5509501199328208
17148,-0.7159145235317189,-0.4066161191478709,-0.19605940168456018,-0.6266523761760346,-1.0558099238821486
17149,1.194887774219122,-0.4066161191478709,-0.19479759599757115,-0.6524090551996186,-1.0558099238821486
17150,0.8366123433908393,-0.022246116839938542,-0.11066452032036796,-0.1544465940769967,0.3228764992911019
17151,2.5515574056222188,-0.4066161191478709,-0.18864785148579138,-0.6695801745486745,-1.0558099238821486
17152,-0.03280270208579327,-0.1759941177631115,-0.0650573778853166,-0.6266523761760346,-0.16371870888769233
17153,-0.8448936786299006,-0.4066161191478709,-0.1899027317848167,-0.5837245778033949,-1.0558099238821486
17154,-0.6012663856666685,-0.4066161191478709,-0.18189975345394657,-0.5064545407326432,-1.0558099238821486
17155,-0.8783327188405403,0.05462788362164793,-0.14290150875266933,-0.33474334724208393,1.720872256122241
17156,1.3859680039942062,-0.4066161191478709,-0.1637185324328031,-0.3690855859401958,-1.0558099238821486
17157,-0.9261027762843114,0.9771158891606855,0.1520812363290332,-0.034248758633605214,1.7556290567064405
17158,-0.8066776326748838,-0.09912011730152501,-0.06758514449207291,-0.06859099733171707,1.299928782380268
17159,-0.859224695863032,-0.09912011730152501,-0.059303073026265,0.2834169493239294,1.3539949166223564
17160,-0.8114546384192609,0.8233678882375126,0.5023161116628543,1.1419729167767259,1.662944255148575
17161,1.1614487340084823,-0.4066161191478709,-0.1454258126654438,-0.2574733101713323,-1.0558099238821486
17162,-0.8257856556523923,0.28524988500640736,-0.08590556581128708,-0.008492079610021325,0.013927160764883359
17163,-0.859224695863032,-0.1759941177631115,-0.1562453462811572,-0.47211230203453136,1.4698509185696884
17164,-0.8066776326748838,0.05462788362164793,-0.03383426625090325,0.08594907680978628,-0.125100041571915
17165,0.3971278149081459,-0.022246116839938542,-0.0804442048631007,-0.04283431830813318,0.6588589049383646
17166,-0.7780155982086212,-0.32974211868628445,-0.19041798064931717,-0.6094812568269787,-0.41860191317182266
17167,0.8509433606239707,-0.25286811822469796,-0.1446570946014713,-0.1544465940769967,-0.8009267195980181
17168,1.4194070442048459,-0.4066161191478709,-0.17699242354285746,-0.5236256600816991,-1.0558099238821486
17169,-0.6872524890654563,-0.25286811822469796,-0.1245997859809572,-0.1544465940769967,0.95622264326985
17170,0.8270583319020851,-0.32974211868628445,-0.19233354296008104,-0.6352379358505627,-0.9978819229084824
17171,0.42101284363003144,-0.32974211868628445,-0.1780734766039935,-0.48928342138358727,0.3808045002647679
17172,-0.5869353684335371,-0.25286811822469796,-0.138461642529131,-0.3690855859401958,1.446679718180222
17173,-0.9356567877730656,0.1315018840832344,0.0561438368676762,-0.39484226496377967,-0.5692147157033542
17174,0.07706843003488008,-0.4066161191478709,-0.20055951878338282,-0.6695801745486745,-1.0558099238821486
17175,-0.7493535637423586,-0.1759941177631115,-0.10472669268027791,-0.3433289069166119,-0.08261950752455995
17176,0.0006363381248464415,-0.25286811822469796,-0.14221866549944692,-0.3862567052892517,0.782438640348852
17177,1.4528460844154856,-0.4066161191478709,-0.1964319875570081,-0.45494118268547545,-1.0558099238821486
17178,2.5324493826447103,-0.4066161191478709,-0.17472366644594411,-0.4377700633364195,-1.0558099238821486
17179,-0.1092347939958269,-0.022246116839938542,-0.10032422355174368,-0.060005437657189103,0.4271469010437007
17180,-0.6920294948098333,0.36212388546799384,-0.04980282581763948,0.9187483652389987,1.3810279837434005
17181,-0.6872524890654563,-0.25286811822469796,-0.1832495115680748,-0.4635267423600034,1.0218743777066714
17182,1.0563546076321861,-0.32974211868628445,-0.1824565546462293,-0.6695801745486745,0.08730262866486027
17183,-0.9261027762843114,-0.022246116839938542,0.027106377674611604,-0.3433289069166119,-0.6773469841875307
17184,1.7585744520556201,-0.32974211868628445,-0.19096716391483987,-0.5837245778033949,-0.4340493800981336
17185,1.8636685784319162,-0.25286811822469796,-0.18881683095210605,-0.37767114561472376,-1.0287768567611044
17186,-0.7397995522536044,-0.32974211868628445,-0.1947352675058977,-0.6953368535722584,-1.0017437896400603
17187,0.120061481734274,-0.32974211868628445,-0.1723170941285528,-0.5236256600816991,0.1027500955911712
17188,-0.906994753306803,0.5158718863911668,0.11337039522825021,0.46371370248901667,1.7247341228538187
17189,-0.4531792075909783,-0.09912011730152501,-0.13866524893526427,0.16321911388053795,1.3810279837434005
17190,-0.6824754833210792,0.05462788362164793,-0.08513615520851825,0.6697671346776878,1.2072439808224027
17191,-0.8257856556523923,0.6696198873143396,0.0937999413815853,1.605593139201236,1.6861154555380413
17192,1.6009332624911756,-0.4066161191478709,-0.1994943941145633,-0.5322112197562271,-1.0558099238821486
17193,-0.7923466154417526,0.20837588454482087,-0.044728594056624806,-0.4635267423600034,1.6552205216854194
17194,0.3445807517199978,-0.25286811822469796,-0.1484390489684566,-0.21454551179869244,-0.06331017386667129
17195,2.169396946072051,-0.4066161191478709,-0.16571927701552064,-0.4377700633364195,-1.0558099238821486
17196,1.0802396363540716,-0.4066161191478709,-0.18200986712256967,0.017264599413562565,-1.0558099238821486
17197,-0.8210086499080151,-0.4066161191478709,-0.13455295356240976,-0.45494118268547545,-1.0558099238821486
17198,-0.8496706843742777,-0.25286811822469796,-0.15676890561121415,0.06019239778620238,0.28811969870690235
17199,1.8206755267325223,-0.4066161191478709,-0.19535578226744665,-0.6352379358505627,-1.0558099238821486
17200,0.8891594065789875,-0.1759941177631115,-0.18000427476827752,-0.48928342138358727,-0.032415240014049426
17201,-0.7063605120429647,-0.1759941177631115,-0.12554371636041167,0.6182537766305201,1.315376249306579
17202,1.046800596143432,-0.4066161191478709,-0.193582190409939,-0.6352379358505627,-1.0558099238821486
17203,-0.7923466154417526,0.28524988500640736,0.180626992976674,0.9702617232861666,0.307429032364791
17204,-0.12356581122895821,0.20837588454482087,0.17651331252622668,0.24048915095128962,0.3808045002647679
17205,-0.7063605120429647,-0.25286811822469796,-0.13549896155825336,-0.47211230203453136,0.9176039759540727
17206,-0.7063605120429647,-0.4066161191478709,-0.1905634137965552,-0.6438234955250907,-1.0558099238821486
17207,2.1550659288389196,-0.4066161191478709,-0.18444275591422307,-0.23171663114774838,-1.0558099238821486
17208,0.9273754525340043,-0.4066161191478709,-0.1970102574519784,-0.5236256600816991,-1.0558099238821486
17209,2.1407349116057883,-0.25286811822469796,-0.16345329007379275,-0.39484226496377967,-0.7198275182348858
17210,0.913044435300873,-0.4066161191478709,-0.1872752395913829,-0.30040110854397206,-1.0558099238821486
17211,-0.8353396671411465,0.5158718863911668,0.05661130055522702,1.1591440361257817,1.647496788222264
17212,0.24904063683245575,-0.25286811822469796,-0.14969185165109283,-0.45494118268547545,-0.15599497542453686
17213,-0.768461586719867,0.5158718863911668,0.13251701533153565,0.4122003444418489,1.5857069205170204
17214,-0.672921471832325,-0.022246116839938542,-0.13135965717234033,-0.025663198959077253,0.09888822885959346
17215,1.2569888488960244,-0.4066161191478709,-0.19181621647919142,-0.6094812568269787,-1.0558099238821486
17216,1.6869193658899635,-0.4066161191478709,-0.20030327942872533,-0.5923101374779228,-1.0558099238821486
17217,0.15827752768929082,-0.32974211868628445,-0.19015758606188146,-0.47211230203453136,0.4310087677752784
17218,-0.9404337935174427,0.900241888699099,0.06478602850759732,1.4252963860361485,1.5663975868591318
17219,-0.8114546384192609,-0.32974211868628445,-0.18676206834327153,-0.33474334724208393,0.4310087677752784
17220,-0.8448936786299006,1.1308638900838586,0.10397818407185865,2.798985933960623,1.5084695858854658
17221,-0.9261027762843114,-0.09912011730152501,-0.137073102242406,0.2834169493239294,1.2613101150644908
17222,-0.6490364431104395,-0.022246116839938542,-0.0953206307479589,0.1031201961588422,1.388751717206556
17223,0.5213299642619506,-0.25286811822469796,-0.1660613911809282,-0.17161771342605264,-0.8047885863295958
17224,1.433738061437977,-0.4066161191478709,-0.19772287987344475,-0.6352379358505627,-1.0558099238821486
17225,1.8158985209881453,-0.4066161191478709,-0.1956251798592352,-0.6609946148741466,-1.0558099238821486
17226,0.5117759527731964,-0.25286811822469796,-0.14269305457496148,-0.26605886984586025,0.3228764992911019
17227,-0.8735557130961633,0.4389978859295803,-0.07458463410700061,-0.20595995212416449,1.5509501199328208
17228,-0.8878867303292945,0.5158718863911668,-0.009409807980469828,1.0046039619842784,1.346271183159201
17229,-0.5009492650347493,-0.32974211868628445,-0.18263245950050774,-0.3690855859401958,-0.8781640542295728
17230,0.30158770002060387,0.900241888699099,0.4454815302610266,0.5066415008616565,0.7476818397646525
17231,-0.9022177475624259,1.4383598919302043,0.2845569826869556,3.6661274610879473,1.7247341228538187
17232,-0.949987805006197,-0.32974211868628445,-0.17577563287763256,-0.44635562301094744,-1.0094675231032157
17233,-0.7923466154417526,-0.25286811822469796,-0.1658660952403514,-0.22313107147322042,1.6050162541749091
17234,-0.09012677101831851,-0.4066161191478709,-0.19432736215483484,-0.5837245778033949,-1.0558099238821486
17235,-0.8401166728855235,0.1315018840832344,-0.09646539737836116,-0.2574733101713323,0.9832557103908941
17236,-0.9022177475624259,0.4389978859295803,-0.07109908634486238,0.35210142672015315,1.3771661170118228
17237,-0.906994753306803,-0.1759941177631115,-0.1358604668099593,-0.05141987798266114,0.37308076680161245
17238,-0.949987805006197,1.9764778951613096,0.3030387655457243,3.468659588573804,1.7865239905590624
17239,0.5308839757507048,-0.1759941177631115,-0.12233379903922934,-0.549382339105283,-0.22937044332451376
17240,1.8875536071538017,-0.4066161191478709,-0.19566326949303564,-0.6438234955250907,-1.0558099238821486
17241,0.8796053950902333,0.4389978859295803,-0.015184889003412578,0.2920025089984574,0.013927160764883359
17242,-0.44362519610222406,-0.09912011730152501,-0.0046139768155965336,-0.326157787567556,1.1686253135066254
17243,-0.954764810750574,4.820815912240009,1.194468471386074,2.3782935099087528,1.7903858572906401
17244,-0.7063605120429647,-0.09912011730152501,-0.07824747180101,0.23190359127676166,1.5702594535907095
17245,0.014967355357977748,-0.32974211868628445,-0.1789710068840911,-0.4978689810581152,0.8171954409330516
17246,1.6487033199349468,-0.32974211868628445,-0.20201246517817043,-0.6524090551996186,-0.3143315114192239
17247,-0.8878867303292945,-0.4066161191478709,-0.18531050702607665,-0.2488877504968043,-1.0558099238821486
17248,-0.38630112716969883,-0.32974211868628445,-0.17004348926006488,0.02585015908809053,0.33832396621741284
17249,1.0850166420984486,-0.4066161191478709,-0.1999964847419327,-0.47211230203453136,-1.0558099238821486
17250,-0.9452107992618198,-0.32974211868628445,-0.17825492176864288,-0.23171663114774838,-0.05944830713509355
17251,0.7697342629695599,-0.25286811822469796,-0.149375361421151,-0.14586103440246875,0.3421858329489906
17252,-0.40540915014720724,-0.32974211868628445,-0.18054445502944738,0.03443571876261849,-0.7854792526717072
17253,-0.8735557130961633,-0.4066161191478709,-0.19236262958952863,-0.549382339105283,-1.0558099238821486
17254,-0.9404337935174427,-0.25286811822469796,-0.17219451476159503,0.40361478476732093,0.4773511685542112
17255,-0.768461586719867,-0.1759941177631115,-0.1505720684612811,0.6955238137012717,0.5121079691384108
17256,-0.4484022018466012,-0.09912011730152501,-0.1701549880062807,-0.5322112197562271,0.8480903747856735
17257,1.1232326880534655,-0.32974211868628445,-0.19156482489610854,-0.5837245778033949,-1.0558099238821486
17258,0.9321524582783813,-0.32974211868628445,-0.175808182201062,-0.30898666821850007,-0.0169677730877385
17259,-0.25254496632713996,-0.022246116839938542,-0.10412418392743461,0.8328927684937191,0.9021565090277618
17260,1.003807544444038,-0.4066161191478709,-0.19633156943153424,-0.6524090551996186,-1.0558099238821486
17261,1.471954107392994,-0.4066161191478709,-0.1893618589848505,-0.33474334724208393,-1.0558099238821486
17262,-0.7111375177873418,0.36212388546799384,-0.03235154068787165,-0.6008956971524508,1.5393645197380876
17263,0.034075378335486156,-0.4066161191478709,-0.20031436004946726,-0.5064545407326432,-1.0558099238821486
17264,1.0659086191209401,-0.4066161191478709,-0.18612839534459152,-0.10293323602982893,-1.0558099238821486
17265,-0.300315023770911,-0.32974211868628445,-0.1666174998344146,0.20614691225317777,-0.8936115211558837
17266,-0.949987805006197,-0.09912011730152501,-0.16996176968209303,0.11170575583337017,1.4080610508644447
17267,-0.35286208695905913,-0.32974211868628445,-0.1827404955527417,-0.3862567052892517,-1.0558099238821486
17268,-0.4484022018466012,0.36212388546799384,-0.08462921680957422,-0.4806978617090593,1.3539949166223564
17269,0.8796053950902333,-0.4066161191478709,-0.17064807562929726,0.24048915095128962,-1.0558099238821486
17270,1.2808738776179098,-0.32974211868628445,-0.1630550802658791,-0.317572227893028,-0.040138973477204895
17271,2.556334411366596,-0.4066161191478709,-0.19055925856377698,-0.30898666821850007,-1.0558099238821486
17272,-0.7589075752311129,-0.1759941177631115,-0.05590686276885871,-0.10293323602982893,-0.20619924293504738
17273,1.0659086191209401,-0.4066161191478709,-0.19493471867925274,-0.6008956971524508,-1.0558099238821486
17274,-0.7923466154417526,-0.32974211868628445,-0.16501011728803613,-0.05141987798266114,0.3344620994858351
17275,0.870051383601479,-0.4066161191478709,-0.1968059585070488,-0.5064545407326432,-1.0558099238821486
17276,0.960814492744644,-0.4066161191478709,-0.16990844419477238,-0.2746444295203882,-1.0558099238821486
17277,0.1248384874786511,-0.32974211868628445,-0.13092820550220083,-0.12868991505341282,-0.6889325843822639
17278,0.19171656789993052,-0.32974211868628445,-0.18592340386086553,-0.557967898779811,0.19543489714903678
17279,-0.6872524890654563,-0.4066161191478709,-0.191699869961401,-0.6352379358505627,-1.0558099238821486
17280,1.1327866995422198,-0.4066161191478709,-0.1964763100399759,-0.6524090551996186,-1.0558099238821486
17281,0.8270583319020851,-0.022246116839938542,-0.149453618305141,-0.6867512938977305,0.09888822885959346
17282,-0.33853106972592784,-0.09912011730152501,-0.044832474876080546,0.7384516120739115,0.5584503699173436
17283,0.8461663548795936,-0.4066161191478709,-0.19165624001722958,-0.5751390181288669,-1.0558099238821486
17284,-0.672921471832325,0.1315018840832344,-0.011623854512469833,1.7429620939936832,0.4310087677752784
17285,2.040417790973869,-0.32974211868628445,-0.17645639851446585,-0.35191446659113984,-0.9206445882769279
17286,-0.859224695863032,-0.25286811822469796,-0.17775560129645895,0.06019239778620238,0.40783756738581206
17287,-0.8353396671411465,1.1308638900838586,0.06031707565461144,1.6914487359465153,1.6861154555380413
17288,-0.9165487647955571,0.36212388546799384,-0.03375947206089512,1.2965129909182291,0.4310087677752784
17289,-0.8114546384192609,0.20837588454482087,-0.06330525473049646,1.0303606410078623,1.299928782380268
17290,-0.9452107992618198,0.1315018840832344,-0.10166082342874086,0.8758205668663589,1.7363197230485519
17291,0.5117759527731964,-0.4066161191478709,-0.16656278926950124,-0.6953368535722584,-1.0558099238821486
17292,1.295204894851041,-0.32974211868628445,-0.18588808438225057,-0.5837245778033949,-0.6425901836033311
17293,-0.9213257705399343,0.8233678882375126,0.055037852409870774,0.5667404185833522,1.7556290567064405
17294,2.23627502649333,-0.32974211868628445,-0.17231155381818183,-0.557967898779811,-1.0558099238821486
17295,-0.8257856556523923,-0.25286811822469796,-0.16682595401212244,-0.2488877504968043,-0.9167827215453501
17296,2.527672376900333,-0.4066161191478709,-0.18129101185193594,-0.42918450366189154,-1.0558099238821486
17297,-0.8783327188405403,-0.4066161191478709,-0.19583086388175758,-0.28322998919491615,-1.0558099238821486
17298,-0.47706423631286377,-0.09912011730152501,-0.13862161899109288,-0.1802032731005806,1.029598111169827
17299,-0.906994753306803,-0.022246116839938542,-0.13592279530163276,0.12029131550789812,0.7592674399593856
17300,0.9034904238121187,-0.32974211868628445,-0.17744672899327724,-0.3862567052892517,-0.7043800513085748
17301,-0.859224695863032,-0.32974211868628445,-0.1843201765472653,0.21473247192770573,1.272895715259224
17302,-0.8926637360736717,-0.09912011730152501,-0.12606104284130126,-0.12010435537888485,0.06799329500697161
17303,0.7649572572251828,-0.4066161191478709,-0.1873915861091733,-0.2488877504968043,-1.0558099238821486
17304,1.5913792510024214,-0.4066161191478709,-0.1969860185941054,-0.6609946148741466,-1.0558099238821486
17305,2.135957905861411,-0.4066161191478709,-0.0568189363636801,-0.6266523761760346,-1.0558099238821486
17306,-0.9117717590511801,1.1308638900838586,0.4727578632949183,-0.557967898779811,0.4619037016279003
17307,0.9273754525340043,0.36212388546799384,0.07230007444822913,-0.5150401004071712,0.0795788952017048
17308,0.9178214410452501,-0.32974211868628445,0.10774905781810197,-0.6609946148741466,-0.8279597867190622
17309,-0.5057262707791264,-0.25286811822469796,-0.18251957567669916,-0.4205989439873636,1.1763490469697808
17310,0.8891594065789875,-0.32974211868628445,-0.1337156741575965,-0.6953368535722584,-0.4881155143402218
17311,-0.5869353684335371,-0.022246116839938542,0.04229029078505882,0.3606869863946811,1.2458626481381798
17312,-0.300315023770911,-0.25286811822469796,-0.16008755152342685,-0.6094812568269787,-0.974710722519016
17313,-0.8114546384192609,-0.4066161191478709,-0.043426621119446195,-0.4978689810581152,-1.0558099238821486
17314,-0.8448936786299006,0.8233678882375126,0.1349429787352254,1.0131895216588063,1.6938391890011968
17315,-0.954764810750574,2.822091900238761,0.4601003317136346,2.60151806144648,0.6318258378173205
17316,1.046800596143432,-0.4066161191478709,-0.1960891808528042,-0.4034278246383076,-1.0558099238821486
17317,-0.7397995522536044,-0.25286811822469796,-0.024624192797957394,-0.6352379358505627,-0.889749654424306
17318,2.503787348178448,-0.4066161191478709,-0.19381211329033438,-0.557967898779811,-1.0558099238821486
17319,2.23627502649333,-0.4066161191478709,-0.20269253827620734,-0.6781657342232025,-1.0558099238821486
17320,-0.4818412420572409,-0.022246116839938542,-0.03539247854273934,0.03443571876261849,1.2111058475539804
17321,-0.9213257705399343,-0.022246116839938542,-0.08938557326305434,1.3651974683144528,1.1415922463855812
17322,0.8366123433908393,-0.09912011730152501,-0.1408148893592017,0.2834169493239294,0.3344620994858351
17323,-0.8878867303292945,0.4389978859295803,-0.09729228870122884,0.7384516120739115,1.5818450537854427
17324,-0.8783327188405403,0.4389978859295803,-0.05435280570980084,0.24907471062581757,1.662944255148575
17325,0.3780197919306375,-0.25286811822469796,-0.16249273876322537,-0.3690855859401958,0.33832396621741284
17326,0.9894765272109066,-0.32974211868628445,-0.18307637686898193,9.34800645066384e-05,-0.5885240493612428
17327,0.9942535329552837,-0.32974211868628445,-0.19415699761092745,-0.6781657342232025,-0.4649443139507554
17328,2.2553830494708387,-0.4066161191478709,-0.1974569449756381,-0.6524090551996186,-1.0558099238821486
17329,-0.8926637360736717,-0.09912011730152501,-0.13555574973955584,-0.01707763928454929,1.7324578563169741
17330,-0.8544476901186548,-0.1759941177631115,-0.17535803198342048,-0.6438234955250907,1.3578567833539341
17331,-0.37197010993656754,-0.4066161191478709,-0.19257454646121835,-0.6953368535722584,-1.0558099238821486
17332,1.562717216536159,-0.09912011730152501,-0.146654376490207,9.34800645066384e-05,-0.5614909822401988
17333,-0.5534963282228974,-0.4066161191478709,-0.1704790961629826,-0.4635267423600034,-1.0558099238821486
17334,0.4831139183069338,-0.25286811822469796,-0.16072122452210683,-0.5322112197562271,-0.6541757837980643
17335,0.870051383601479,-0.32974211868628445,-0.17028587783879492,-0.41201338431283563,0.10661196232274893
17336,1.295204894851041,-0.4066161191478709,-0.19908995145748232,-0.6953368535722584,-1.0558099238821486
17337,-0.23821394909400867,-0.1759941177631115,-0.06751173537965753,2.9105982097294865,-0.441773113561289
17338,-0.8783327188405403,0.8233678882375126,0.6186744026128206,4.361557794724712,1.346271183159201
17339,-0.5105032765235035,-0.25286811822469796,-0.18376822312655713,-0.6180668165015067,0.5468647697226104
17340,-0.8210086499080151,0.900241888699099,1.1539113218541641,2.060627801951218,1.3926135839381337
17341,-0.21432892037212317,-0.09912011730152501,-0.11660234796045801,1.0131895216588063,0.4271469010437007
17342,0.8509433606239707,-0.1759941177631115,-0.11969591876384994,-0.4377700633364195,0.06413142827539388
17343,0.7362952227589202,-0.022246116839938542,-0.11745209306360596,-0.1802032731005806,0.41556130084896753
17344,-0.7397995522536044,-0.32974211868628445,-0.17303387178279742,-0.1544465940769967,1.577983187053865
17345,-0.8878867303292945,0.28524988500640736,-0.09482754312494233,0.7899649701210792,1.7363197230485519
17346,-0.9452107992618198,1.5152338923917907,0.14146530911945301,3.734811938484171,1.2497245148697576
17347,-0.5487193224785203,-0.4066161191478709,-0.18885145789192465,-0.6953368535722584,-1.0558099238821486
17348,-0.8926637360736717,0.20837588454482087,-0.035569768474610464,2.0949700406493297,1.3578567833539341
17349,-0.1044577882514498,-0.09912011730152501,-0.15121543700311033,-0.06859099733171707,0.6897538387909865
17350,-0.9213257705399343,0.05462788362164793,-0.07356175430475978,0.3606869863946811,1.5239170528117767
17351,-0.7875696096973754,0.4389978859295803,-0.06701518506265909,-0.317572227893028,1.6204637211012198
17352,2.3652541815915122,-0.4066161191478709,-0.20219737303680163,-0.6609946148741466,-1.0558099238821486
17353,-0.3433080754703049,-0.1759941177631115,0.019813251610022342,-0.6438234955250907,0.855814108248829
17354,-0.720691529276096,-0.1759941177631115,0.012331062454023635,0.02585015908809053,0.4039757006542343
17355,0.8843824008346104,-0.4066161191478709,-0.18578004833001663,-0.4635267423600034,-1.0558099238821486
17356,0.5261069700063277,-0.09912011730152501,-0.13916110671346635,-0.07717655700624504,0.4001138339226566
17357,-0.8448936786299006,-0.32974211868628445,-0.17808732737992095,-0.35191446659113984,-1.0558099238821486
17358,0.48789092405131085,-0.09912011730152501,-0.145079543267258,0.377858105743737,0.2958434321700578
17359,-0.906994753306803,-0.32974211868628445,-0.18500786757206228,-0.39484226496377967,1.404199184132867
17360,-0.8783327188405403,-0.022246116839938542,-0.12156785113044236,0.9187483652389987,0.5545885031857659
17361,-0.7254685350204731,-0.09912011730152501,-0.1443329864447694,-0.26605886984586025,1.3655805168170896
17362,0.18216255641117632,0.05462788362164793,-0.13378908327001188,0.146047994531482,0.7322343728383416
17363,0.9273754525340043,-0.25286811822469796,-0.14096240012282887,-0.41201338431283563,-1.0287768567611044
17364,-0.9595418164949511,1.6689818933149638,0.6244633344116907,3.7004696997860593,1.7710765236327515
17365,-0.9022177475624259,0.6696198873143396,0.3620998591778866,2.6873736581917593,1.5084695858854658
17366,1.104124665075957,-0.32974211868628445,-0.130104776873315,0.32634474769656924,-0.9631251223242829
17367,0.17738555066679923,-0.4066161191478709,-0.1931043386404426,-0.4205989439873636,-1.0558099238821486
17368,-0.8496706843742777,0.5927458868527532,-0.013685542509268069,0.9702617232861666,1.6513586549538417
17369,1.2139957971966304,-0.4066161191478709,-0.13689442723294212,-0.6953368535722584,-1.0558099238821486
17370,-0.6155974028997997,-0.1759941177631115,-0.17380813015714086,-0.4377700633364195,-0.6812088509191084
17371,-0.8783327188405403,-0.022246116839938542,-0.15932091107584348,0.4551281428144887,1.7015629224643523
17372,-0.768461586719867,1.6689818933149638,0.09636025731177111,2.8333281726587347,1.632049321295953
17373,-0.768461586719867,0.05462788362164793,-0.12385392169726499,-0.14586103440246875,1.2960669156486904
17374,0.08184543577925718,-0.25286811822469796,-0.15435263775067365,-0.41201338431283563,-0.37225951239288985
17375,-0.008917673363907763,-0.1759941177631115,-0.158962175979323,-0.04283431830813318,-0.1598568421561146
17376,-0.6251514143885539,-0.1759941177631115,-0.17329149621504766,-0.35191446659113984,0.6897538387909865
17377,-0.8496706843742777,5.512681916394287,1.0172263246918951,3.6317852223898353,1.7015629224643523
17378,0.8270583319020851,-0.4066161191478709,-0.20394949619162178,-0.6953368535722584,-1.0558099238821486
17379,-0.906994753306803,-0.4066161191478709,-0.1777182042014549,-0.09434767635530096,-1.0558099238821486
17380,1.1136786765647113,-0.25286811822469796,-0.16003907380768082,-0.6609946148741466,-0.6696232507243752
17381,-0.9213257705399343,2.4377218979308286,2.316039899881446,-0.2746444295203882,1.029598111169827
17382,-0.6490364431104395,0.1315018840832344,-0.1422214356546324,-0.5665534584543389,0.8905709088330286
17383,-0.9404337935174427,-0.32974211868628445,-0.18364841391478484,-0.26605886984586025,0.6781682385962533
17384,-0.8687787073517862,-0.25286811822469796,-0.16955801956380837,-0.5751390181288669,0.6743063718646756
17385,-0.8926637360736717,-0.4066161191478709,-0.18697121505977576,-0.3433289069166119,-1.0558099238821486
17386,-0.9261027762843114,0.05462788362164793,-0.00991259114663562,-0.42918450366189154,0.4039757006542343
17387,-0.8687787073517862,-0.32974211868628445,-0.1529883363218216,-0.09434767635530096,-1.0017437896400603
17388,-0.5917123741779142,0.36212388546799384,-0.01942807420878134,-0.35191446659113984,1.462127185106533
17389,-0.9595418164949511,4.205823908547318,3.757675751046711,-0.16303215375152466,1.7826621238274847
17390,1.046800596143432,-0.4066161191478709,-0.19436822194382075,-0.6008956971524508,-1.0558099238821486
17391,-0.18088988016148344,-0.32974211868628445,-0.1694714522142619,-0.6867512938977305,-1.0519480571505708
17392,0.5022219412844422,-0.25286811822469796,-0.16413059301664418,-0.13727547472794077,-0.499701114534955
17393,0.9990305386996609,-0.32974211868628445,-0.17831170994994533,-0.317572227893028,-0.7545843188190854
17394,0.08662244152363428,-0.4066161191478709,-0.190589037732021,-0.6695801745486745,-1.0558099238821486
17395,1.4671771016486168,-0.4066161191478709,-0.19795557290902563,-0.6781657342232025,-1.0558099238821486
17396,-0.7732385924642441,0.5927458868527532,0.3776896000230076,-0.45494118268547545,0.4966605022120999
17397,-0.8544476901186548,-0.25286811822469796,-0.12172228728203321,0.4293714637909048,0.465765568359478
17398,-0.4149631616359615,-0.25286811822469796,-0.1594587262963214,-0.44635562301094744,-0.5112867147296882
17400,-0.35763909270343625,0.1315018840832344,0.11547225047523796,2.2580956744653613,1.2458626481381798
17401,1.624818291213061,-0.4066161191478709,-0.1967540180973209,-0.6094812568269787,-1.0558099238821486
17402,-0.9404337935174427,1.2846118910070314,0.11632268811718233,0.1975613525786498,1.720872256122241
17403,-0.7875696096973754,-0.32974211868628445,-0.17819259327696943,-0.317572227893028,0.5430029029910327
17404,-0.9404337935174427,1.2846118910070314,3.104320107235025,0.377858105743737,1.6359111880275308
17405,-0.954764810750574,-0.25286811822469796,-0.13327868217708602,-0.04283431830813318,-0.48039178087706635
17406,0.6312010963826239,0.5158718863911668,0.08525470517315617,0.626839336305048,0.48893676874894443
17407,1.003807544444038,-0.4066161191478709,-0.1664173561222632,-0.5064545407326432,-1.0558099238821486
17408,-0.18088988016148344,-0.25286811822469796,-0.18281736735913892,-0.6438234955250907,0.29970529890163555
17409,-0.0805727595295643,0.28524988500640736,0.33502297731735003,-0.2746444295203882,1.0450455780961379
17410,-0.8831097245849174,-0.09912011730152501,-0.12058375350079831,-0.21454551179869244,-0.28729844429817974
17411,-0.9022177475624259,-0.09912011730152501,-0.1059947312164343,-0.11151879570435688,1.7401815897801296
17412,-0.949987805006197,0.7464938877759261,0.0875587817486845,0.6783526943522158,1.7826621238274847
17413,0.9703685042333982,-0.32974211868628445,-0.16591595803369016,-0.6180668165015067,-0.41860191317182266
17414,-0.7541305694867357,-0.022246116839938542,-0.048919838852265696,-0.6524090551996186,1.6204637211012198
17415,-0.58215836268916,-0.4066161191478709,-0.1695379359387136,-0.5837245778033949,-1.0558099238821486
17416,-0.8210086499080151,1.207737890545445,0.9932769480357726,2.077798921300274,1.632049321295953
17417,1.658257331423701,-0.4066161191478709,-0.19333772421481984,-0.5665534584543389,-1.0558099238821486
17418,-0.7589075752311129,-0.25286811822469796,-0.1583035715839736,-0.36050002626566785,0.27653409851216915
17419,-0.906994753306803,0.900241888699099,0.21955875395349955,1.0389462006823902,1.5393645197380876
17420,-0.720691529276096,-0.022246116839938542,-0.13866871162924616,-0.33474334724208393,0.29970529890163555
17421,0.8843824008346104,-0.25286811822469796,-0.13133957354724554,-0.30898666821850007,0.2919815654384801
17422,-0.8831097245849174,0.36212388546799384,0.044243250190826734,0.5753259782578802,0.9446370430751168
17423,-0.7397995522536044,-0.25286811822469796,-0.12721619755364907,-0.3690855859401958,0.2842578319753246
17425,-0.8687787073517862,-0.32974211868628445,-0.1521323583695063,-0.3433289069166119,-0.8974733878874614
17426,-0.9213257705399343,0.5158718863911668,0.35470908514300903,1.4252963860361485,1.462127185106533
17427,-0.6203744086441768,-0.4066161191478709,-0.197727035106223,-0.6867512938977305,-1.0558099238821486
17428,-0.9595418164949511,2.975839901161934,1.9744873834377357,2.9191837694040146,1.7942477240222179
17429,-0.348085081214682,-0.09912011730152501,-0.11069845472139017,-0.01707763928454929,0.10661196232274893
17430,-0.8066776326748838,-0.1759941177631115,-0.1615924383279423,-0.44635562301094744,0.6704445051330978
17431,0.5356609814950819,-0.4066161191478709,-0.17677773651598225,-0.35191446659113984,-1.0558099238821486
17432,-0.8735557130961633,0.20837588454482087,-0.08496856081979631,1.1248017974276698,1.7170103893906632
17433,-0.5391653109897661,-0.32974211868628445,-0.16523588493565325,-0.008492079610021325,0.091164495396438
17434,-0.949987805006197,0.05462788362164793,-0.04031158161336676,0.15463355420601,-0.7352749851611967
17435,1.003807544444038,-0.4066161191478709,-0.1817605531558759,-0.5751390181288669,-1.0558099238821486
17436,-0.954764810750574,-0.09912011730152501,-0.16772209921462727,-0.6352379358505627,1.7672146569011737
17437,1.567494222280536,-0.4066161191478709,-0.17910605194938356,-0.2574733101713323,-1.0558099238821486
17438,0.24904063683245575,-0.09912011730152501,-0.10617548384228728,-0.28322998919491615,0.4425943679700116
17439,2.169396946072051,-0.4066161191478709,-0.18214906742064033,-0.6352379358505627,-1.0558099238821486
17440,-0.21432892037212317,-0.1759941177631115,-0.18229865580065663,-0.6695801745486745,0.4619037016279003
17441,2.5372263883890875,-0.4066161191478709,-0.18439220058208794,-0.5236256600816991,-1.0558099238821486
17442,-0.7875696096973754,0.6696198873143396,0.11526587391391926,0.9101628055644708,1.3617186500855119
17443,0.08662244152363428,-0.4066161191478709,-0.1677096335162926,-0.6953368535722584,-1.0558099238821486
17444,-0.2573219720715171,-0.25286811822469796,-0.001098649885214335,0.4293714637909048,-0.9592632555927052
17446,-0.11878880548458111,-0.32974211868628445,-0.1963350321255161,-0.6524090551996186,-0.5383197818507324
17447,-0.768461586719867,-0.32974211868628445,-0.16720477273373768,-0.4205989439873636,-0.9360920552032388
17448,1.4146300384604686,3.0527139016235205,0.8011126678961752,4.181261041559625,-0.4842536476086441
17449,-0.949987805006197,0.5158718863911668,0.1324304479819892,1.803061011715379,1.7556290567064405
17450,-0.9213257705399343,3.437083903931453,16.747551160398704,0.5323981798852404,0.6047927706962763
17451,-0.954764810750574,0.05462788362164793,-0.08549419776624234,0.008679039739034602,-0.6541757837980643
17453,-0.8783327188405403,-0.32974211868628445,-0.17100057787665043,-0.5407967794307551,-0.874302187497995
17454,-0.042356713574547476,0.28524988500640736,-0.09750697572810403,0.13746243485695406,0.8789853086382954
17455,0.010190349613600646,-0.4066161191478709,-0.19558709022543477,-0.6352379358505627,-1.0558099238821486
17456,0.7840652802026912,-0.32974211868628445,-0.1371465113548214,-0.19737439244963653,-0.7043800513085748
17457,-0.35763909270343625,0.5927458868527532,0.20976348521761976,-0.44635562301094744,1.2844813154539572
17458,-0.8878867303292945,-0.32974211868628445,-0.16803235659540175,-0.008492079610021325,0.3576332998753015
17459,-0.7541305694867357,-0.32974211868628445,-0.15918725108814377,0.05160683811167442,-0.990158189445327
17460,-0.5105032765235035,0.7464938877759261,-0.055260031533047656,0.09453463648431423,1.2304151812118689
17461,-0.8544476901186548,-0.25286811822469796,-0.15374943645903397,0.18897579290412184,-1.0287768567611044
17462,-0.672921471832325,-0.32974211868628445,-0.15791367224161637,-0.48928342138358727,-0.19075177600873644
17463,-0.8831097245849174,0.05462788362164793,-0.02913123528474373,1.305098550592757,1.1570397133118921
17464,-0.20477490888336897,-0.25286811822469796,-0.14188486179959583,-0.4034278246383076,0.7245106393751861
17465,1.0706856248653174,0.05462788362164793,-0.028609753571075935,0.18039023322959388,0.14523062963852626
17466,-0.9117717590511801,-0.32974211868628445,-0.15184772492419757,-0.35191446659113984,-0.7932029861348626
17467,0.9273754525340043,-0.4066161191478709,-0.19760237812287612,-0.6695801745486745,-1.0558099238821486
17468,-0.9117717590511801,-0.25286811822469796,-0.19121717042032998,-0.6352379358505627,0.3537714331437238
17469,-0.8831097245849174,0.8233678882375126,0.14511083334355313,0.7126949330503276,1.6745298553433081
17470,-0.7493535637423586,0.36212388546799384,-0.02281458892303844,0.24907471062581757,0.7360962395699193
17471,1.3047589063397953,-0.4066161191478709,-0.1824323157883563,-0.5407967794307551,-1.0558099238821486
17472,-0.04713371931892458,-0.1759941177631115,-0.14083151029031463,0.867235007191831,0.6318258378173205
17473,0.9894765272109066,-0.32974211868628445,-0.16267072123389287,-0.4205989439873636,-0.8704403207664173
17474,1.9018846243869332,-0.4066161191478709,-0.1321990141935427,-0.6524090551996186,-1.0558099238821486
17475,-0.58215836268916,-0.4066161191478709,-0.191246949588574,-0.5837245778033949,-1.0558099238821486
17476,0.9273754525340043,-0.32974211868628445,-0.17078312069458973,-0.45494118268547545,0.26494849831743594
17477,1.9639856990638354,-0.32974211868628445,-0.1254606117048471,-0.326157787567556,-0.9206445882769279
17478,0.9894765272109066,-0.32974211868628445,-0.11656148817147209,-0.36050002626566785,-0.1868899092771587
17479,2.0595258139513777,-0.4066161191478709,-0.177750060986088,-0.549382339105283,-1.0558099238821486
17480,-0.5917123741779142,-0.32974211868628445,-0.14360997594135747,-0.2746444295203882,0.36149516660687925
17481,-0.9452107992618198,-0.1759941177631115,-0.11775334744002762,-0.11151879570435688,-0.7082419180401526
17482,1.3668599810166977,-0.32974211868628445,-0.1509917469718823,-0.2746444295203882,-0.7043800513085748
17483,-0.6490364431104395,-0.1759941177631115,-0.1637282279759523,-0.5064545407326432,0.2919815654384801
17484,1.7920134922662598,-0.32974211868628445,-0.19019429061808915,-0.5837245778033949,-0.8704403207664173
17486,0.2872566827874726,-0.4066161191478709,-0.1772230389620492,-0.4978689810581152,-1.0558099238821486
17487,2.518118365411579,-0.4066161191478709,-0.1935891157979027,-0.6352379358505627,-1.0558099238821486
17488,2.1025188656507714,-0.4066161191478709,-0.1814038956757445,-0.549382339105283,-1.0558099238821486
17489,-0.6824754833210792,-0.32974211868628445,-0.17862404494710893,-0.4635267423600034,-0.4610824472191777
17490,-0.9595418164949511,0.20837588454482087,-0.014225030231641539,0.09453463648431423,1.1415922463855812
17491,-0.954764810750574,0.8233678882375126,0.18683075551457073,0.1975613525786498,1.218829581017136
17492,0.22515560811057025,-0.25286811822469796,-0.12697588659130812,-0.42918450366189154,-0.013105906356160766
17493,0.8796053950902333,-0.4066161191478709,-0.19771941717946293,-0.6352379358505627,-1.0558099238821486
17494,1.433738061437977,-0.4066161191478709,-0.20091963895749607,-0.6781657342232025,-1.0558099238821486
17495,-0.9261027762843114,-0.25286811822469796,-0.1488393363927594,-0.37767114561472376,0.42328503431212294
17496,0.7506262399920515,-0.1759941177631115,-0.10685971217310242,-0.24030219082227633,0.24177729792796956
17497,0.9034904238121187,-0.32974211868628445,-0.1848146492478746,-0.6438234955250907,-0.20619924293504738
17498,-0.6012663856666685,-0.4066161191478709,-0.18585553505882113,-0.557967898779811,-1.0558099238821486
17499,0.42101284363003144,-0.32974211868628445,-0.11181136456715932,-0.13727547472794077,-0.005382172893005303
17500,-0.8783327188405403,-0.25286811822469796,-0.12589691114656118,-0.6781657342232025,-1.0094675231032157
17501,0.09139944726801139,-0.32974211868628445,-0.18472115651036444,-0.549382339105283,-1.0558099238821486
17502,-0.9165487647955571,-0.1759941177631115,-0.1569849777156821,-0.48928342138358727,-0.9785725892505938
17503,-0.949987805006197,-0.32974211868628445,-0.165997677611662,-0.39484226496377967,-0.9167827215453501
17504,0.02452136684673195,0.900241888699099,0.452523264742533,1.3909541473380367,0.7322343728383416
17505,-0.19044389165023765,-0.09912011730152501,-0.03604138739493951,0.008679039739034602,0.6588589049383646
17506,-0.6012663856666685,-0.4066161191478709,-0.1837793037472991,-0.5837245778033949,-1.0558099238821486
17507,0.2872566827874726,-0.32974211868628445,-0.16276906174297764,-0.025663198959077253,-0.8704403207664173
17508,0.3780197919306375,0.1315018840832344,0.11242161707722108,1.0046039619842784,0.6897538387909865
17509,-0.6872524890654563,0.1315018840832344,0.21660784614216022,-0.060005437657189103,-1.0326387234926822
17510,-0.8448936786299006,-0.32974211868628445,-0.1690725498675519,-0.4635267423600034,0.4734893018226335
17511,-0.949987805006197,4.1289499080857315,11.716161234405169,4.936790292918086,1.7826621238274847
17512,-0.8257856556523923,0.900241888699099,0.17395992198400462,0.1718046735550659,1.6513586549538417
17513,-0.6155974028997997,-0.25286811822469796,-0.12445643045010828,-0.549382339105283,0.5159698358699886
17514,-0.348085081214682,-0.32974211868628445,-0.16855730100305144,-0.08576211668077299,1.0334599779014046
17515,-0.8114546384192609,0.20837588454482087,-0.09372779151630424,0.07736351713525831,0.9484989098066945
17516,-0.8878867303292945,-0.022246116839938542,-0.13908977521744006,0.5839115379324081,0.3460476996805683
17517,0.5117759527731964,-0.4066161191478709,-0.19404688394230435,-0.6094812568269787,-1.0558099238821486
17518,1.0706856248653174,-0.32974211868628445,-0.1818942131435756,-0.09434767635530096,-0.29888404449291295
17519,-0.8783327188405403,0.6696198873143396,0.125921968373689,0.5152270605361845,1.7285959895853964
17520,-0.7063605120429647,-0.4066161191478709,-0.1668391122492535,-0.44635562301094744,-1.0558099238821486
17521,-0.8210086499080151,-0.09912011730152501,-0.11619721276458064,-0.14586103440246875,0.5082461024068331
17522,-0.954764810750574,-0.09912011730152501,-0.13055700470734566,-0.19737439244963653,-0.21778484312978058
17523,-0.906994753306803,-0.1759941177631115,-0.15950304877928917,-0.48928342138358727,-1.0249149900295267
17524,0.7649572572251828,-0.25286811822469796,-0.16737028950607052,-0.3862567052892517,-0.7584461855506631
17525,0.7554032457364286,-0.25286811822469796,-0.12424174342323308,-0.5407967794307551,-0.7893411194032849
17526,-0.9404337935174427,0.4389978859295803,0.0680998266482354,-0.12868991505341282,1.7170103893906632
17527,-0.7063605120429647,-0.1759941177631115,-0.13965280925889018,-0.317572227893028,-0.41860191317182266
17528,-0.954764810750574,0.1315018840832344,0.04657987608978448,0.867235007191831,-0.7854792526717072
17529,1.9544316875750813,-0.32974211868628445,-0.11881570195366163,-0.034248758633605214,-0.7198275182348858
17530,-0.954764810750574,0.4389978859295803,-0.011372462929386937,2.3782935099087528,1.7710765236327515
17531,-0.05191072506330168,-0.25286811822469796,-0.11697562637170231,-0.24030219082227633,0.5970690372331209
17532,0.8796053950902333,-0.4066161191478709,-0.20018277767815668,-0.6695801745486745,-1.0558099238821486
17533,1.1136786765647113,-0.4066161191478709,-0.2022977911622755,-0.6953368535722584,-1.0558099238821486
17534,-0.7063605120429647,-0.09912011730152501,-0.08913487421876783,-0.05141987798266114,1.257448248332913
17535,0.3780197919306375,-0.4066161191478709,-0.19332248836129964,-0.5923101374779228,-1.0558099238821486
17536,-0.114011799740204,-0.25286811822469796,-0.1794419332656238,-0.5665534584543389,0.8944327755646063
17537,-0.8210086499080151,-0.32974211868628445,-0.14323323483613132,-0.06859099733171707,0.002341560570150162
17538,-0.8401166728855235,-0.4066161191478709,-0.19789185933975942,-0.6266523761760346,-1.0558099238821486
17539,1.987870727785721,-0.1759941177631115,-0.12320709046145392,0.4293714637909048,-0.6348664501401756
17540,-0.8448936786299006,-0.022246116839938542,-0.09455260522278282,-0.35191446659113984,1.1647634467750476
17541,1.471954107392994,-0.4066161191478709,-0.19640705616033874,-0.4377700633364195,-1.0558099238821486
17542,0.3254727287424894,-0.25286811822469796,-0.18110264129932288,-0.21454551179869244,0.3808045002647679
17543,1.663034337168078,-0.4066161191478709,-0.19639389792320766,-0.5923101374779228,-1.0558099238821486
17544,0.9034904238121187,-0.25286811822469796,-0.13927537561486764,-0.01707763928454929,-1.0558099238821486
17545,-0.7541305694867357,-0.022246116839938542,-0.10706955142840302,1.047531760356918,1.0064269107803605
17547,0.8318353376464622,-0.32974211868628445,-0.15430138987974215,-0.5150401004071712,0.06413142827539388
17548,0.1535005219449137,-0.1759941177631115,-0.15406523415017945,-0.5150401004071712,-0.42632564663497813
17549,-0.8496706843742777,-0.32974211868628445,-0.1943986936508611,-0.6609946148741466,-0.947677655397972
17550,-0.018471684852661967,0.20837588454482087,-0.031113281319959257,1.4424675053852045,0.7708530401541188
17551,0.7554032457364286,-0.4066161191478709,-0.18460065475979578,-0.3690855859401958,-1.0558099238821486
17552,-0.672921471832325,0.4389978859295803,-0.011713192017201767,-0.034248758633605214,1.1338685129224257
17553,-0.3433080754703049,-0.1759941177631115,0.055520551950941764,-0.6867512938977305,0.8017479740067407
17554,-0.954764810750574,-0.09912011730152501,-0.06949308887607665,-0.20595995212416449,-0.4881155143402218
17555,-0.8687787073517862,-0.09912011730152501,-0.13228627408188554,1.1849007151493656,1.1338685129224257
17556,0.019744361102354852,-0.32974211868628445,-0.18388526218314394,-0.5923101374779228,-0.38384511258762305
17557,-0.8926637360736717,-0.1759941177631115,-0.16485498859764888,-0.4635267423600034,1.7170103893906632
17558,0.9178214410452501,-0.4066161191478709,-0.18675929818808604,-0.4635267423600034,-1.0558099238821486
17559,1.4862851246261253,-0.4066161191478709,-0.19309949086886802,-0.6008956971524508,-1.0558099238821486
17560,-0.5105032765235035,0.1315018840832344,-0.07341632115752174,-0.3862567052892517,1.130006646190848
17561,-0.8687787073517862,-0.1759941177631115,-0.15602096371113283,0.6955238137012717,1.7015629224643523
17562,-0.8926637360736717,0.05462788362164793,-0.1269786567464936,-0.2918155488694441,-0.441773113561289
17563,1.801567503755014,-0.32974211868628445,-0.17753398888162003,-0.47211230203453136,-0.9283683217400833
17564,-0.8448936786299006,-0.25286811822469796,-0.17326587227958193,-0.37767114561472376,-0.8395453869137954
17565,1.8397835497100308,-0.4066161191478709,-0.19557808722108194,-0.44635562301094744,-1.0558099238821486
17566,-0.9213257705399343,-0.32974211868628445,-0.1444728792816365,0.2662458299748735,-0.990158189445327
17567,-0.9261027762843114,0.20837588454482087,0.13034798382129983,0.395029225092793,0.6202402376225873
17568,2.0643028196957545,-0.4066161191478709,-0.17877571094351433,-0.1802032731005806,-1.0558099238821486
17569,0.6264240906382469,-0.4066161191478709,-0.18087479603531662,-0.45494118268547545,-1.0558099238821486
17570,0.8604973721127248,-0.4066161191478709,-0.19778243820993271,-0.6953368535722584,-1.0558099238821486
17571,-0.720691529276096,-0.09912011730152501,-0.09176098133460892,1.7858898923663231,0.8442285080540958
17572,-0.6203744086441768,0.28524988500640736,-0.1595397533354969,-0.5837245778033949,1.4659890518381107
17573,-0.8210086499080151,-0.25286811822469796,-0.17834979958374578,-0.4978689810581152,-0.8086504530611736
17574,0.19649357364430764,-0.4066161191478709,-0.19185084341901001,-0.6352379358505627,-1.0558099238821486
17575,2.226721015004576,-0.4066161191478709,-0.1928169350399484,-0.6609946148741466,-1.0558099238821486
17576,-0.9213257705399343,2.6683438993155884,0.3986285105313028,2.876255971031375,1.7556290567064405
17577,2.12162688862828,-0.32974211868628445,-0.1805555356501893,-0.5322112197562271,-0.9669869890558606
17578,0.08184543577925718,0.05462788362164793,-0.13217616041326244,-0.21454551179869244,0.14523062963852626
17579,-0.9404337935174427,-0.1759941177631115,-0.15254026372056917,0.06019239778620238,1.1609015800434699
17580,0.24426363108807866,-0.09912011730152501,-0.16724009221235264,-0.034248758633605214,-0.399292579513934
17581,-0.9595418164949511,2.822091900238761,1.038480340352539,2.6186891807955357,1.7865239905590624
17582,0.16783153917804502,-0.09912011730152501,-0.10450092503266077,0.08594907680978628,0.4387325012384339
17583,1.7155814003562262,-0.4066161191478709,-0.19529276123697686,-0.6438234955250907,-1.0558099238821486
17584,-0.9261027762843114,-0.022246116839938542,0.1629901074494786,0.02585015908809053,1.5548119866643986
17585,-0.43884819035784695,0.05462788362164793,-0.06171864834800913,1.8288176907389628,0.3692189000700347
17586,1.9974247392744753,-0.4066161191478709,-0.19311472672238816,-0.6352379358505627,-1.0558099238821486
17587,2.040417790973869,-0.4066161191478709,-0.1924699731029662,-0.3433289069166119,-1.0558099238821486
17588,-0.4818412420572409,0.05462788362164793,-0.001132584286236528,-0.4034278246383076,1.0180125109750937
17589,-0.672921471832325,0.900241888699099,0.753623205012586,4.45599895114452,1.1917965138960918
17590,-0.949987805006197,-0.25286811822469796,-0.10304174578870583,0.6869382540267437,-0.9090589880821947
17591,-0.6108203971554227,0.1315018840832344,-0.04270084046084876,0.09453463648431423,1.33082371623289
17592,2.56588842285535,-0.4066161191478709,-0.1944374758234579,-0.5923101374779228,-1.0558099238821486
17593,-0.9452107992618198,0.36212388546799384,0.35571672909172963,1.9661866455314103,1.7710765236327515
17594,-0.5534963282228974,-0.1759941177631115,-0.031719945305580755,-0.10293323602982893,0.9484989098066945
17595,-0.9022177475624259,-0.32974211868628445,-0.17792804345675547,-0.12010435537888485,-0.9592632555927052
17596,-0.8496706843742777,0.5158718863911668,0.10634320406146762,1.6485209375738756,1.6513586549538417
17597,0.05796040705737167,-0.09912011730152501,0.03657892333138229,0.23190359127676166,0.37308076680161245
17598,0.8604973721127248,-0.4066161191478709,-0.17631512060000604,-0.6180668165015067,-1.0558099238821486
17599,1.3190899235729268,-0.4066161191478709,-0.2011031617385345,-0.6781657342232025,-1.0558099238821486
17600,-0.8783327188405403,-0.4066161191478709,-0.1935115514527091,-0.5923101374779228,-1.0558099238821486
17601,0.18216255641117632,-0.32974211868628445,-0.17610043357313085,-0.11151879570435688,-0.5112867147296882
17602,-0.949987805006197,0.5927458868527532,0.30461498384626606,3.1595794402907975,1.3269618495013122
17603,-0.5869353684335371,-0.1759941177631115,-0.0808555729081454,0.18897579290412184,1.4582653183749552
17604,0.07706843003488008,-0.022246116839938542,-0.13944435508118233,0.5152270605361845,0.7360962395699193
17605,1.8588915726875392,-0.4066161191478709,-0.19357526502197528,-0.5923101374779228,-1.0558099238821486
17606,2.561111417110973,-0.4066161191478709,-0.19866196248132464,-0.6524090551996186,-1.0558099238821486
17607,0.8366123433908393,-0.4066161191478709,-0.18159018861196846,-0.5150401004071712,-1.0558099238821486
17608,-0.8019006269305068,-0.1759941177631115,-0.17090777767793663,0.44654258313996076,1.1609015800434699
17609,-0.768461586719867,0.36212388546799384,-0.0739634268066553,2.017700003578578,1.1415922463855812
17610,1.620041285468684,-0.09912011730152501,-0.10000011539504178,0.27483138964940146,-0.31046964468764615
17611,-0.9261027762843114,1.6689818933149638,0.3726984729175576,5.494851671762404,1.7672146569011737
17612,-0.7063605120429647,0.900241888699099,0.16890715892567745,1.1248017974276698,1.5277789195433544
17613,-0.8544476901186548,0.5927458868527532,0.11001989253140443,1.107630678078614,0.03709836115434975
17614,-0.6872524890654563,-0.4066161191478709,-0.1779536673922212,0.1288768751824261,-1.0558099238821486
17615,-0.33853106972592784,-0.022246116839938542,-0.154720375851547,-0.30040110854397206,0.3151527658279465
17616,-0.13311982271771242,-0.1759941177631115,-0.15384777696811874,-0.6953368535722584,0.01778902749646109
17617,1.706027388867472,-0.4066161191478709,-0.1780319242762112,-0.549382339105283,-1.0558099238821486
17618,-0.9356567877730656,0.36212388546799384,0.07242126873759416,1.0303606410078623,1.5663975868591318
17619,0.5308839757507048,-0.4066161191478709,-0.1898618719958308,-0.09434767635530096,-1.0558099238821486
17620,-0.6776984775767021,-0.4066161191478709,-0.1990677902159984,-0.6695801745486745,-1.0558099238821486
17621,-0.859224695863032,-0.022246116839938542,0.01518155213988911,-0.1802032731005806,0.5275554360647218
17622,1.892330612898179,-0.32974211868628445,-0.12643639886893465,-0.5407967794307551,-1.0519480571505708
17623,-0.8066776326748838,0.05462788362164793,-0.04086907534444591,0.4122003444418489,1.6204637211012198
17624,-0.8926637360736717,-0.1759941177631115,-0.0960741129584112,0.07736351713525831,1.6668061218801526
17625,-0.8735557130961633,0.1315018840832344,0.20935419478896408,2.97928268712571,1.6706679886117304
17626,1.9162156416200644,-0.4066161191478709,-0.18711734074581016,-0.549382339105283,-1.0558099238821486
17627,1.3238669293173038,-0.4066161191478709,-0.1841837464043801,-0.6180668165015067,-1.0558099238821486
17628,-0.5726043512004059,-0.4066161191478709,-0.19946184479113385,-0.6609946148741466,-1.0558099238821486
17629,-0.9356567877730656,0.28524988500640736,-0.034653539647010845,0.40361478476732093,0.5507266364541882
17630,-0.15222784569522083,-0.32974211868628445,-0.16983157238837518,-0.4978689810581152,-0.8125123197927513
17631,-0.954764810750574,0.05462788362164793,-0.1355585198947413,-0.13727547472794077,1.7594909234380183
17633,-0.8114546384192609,0.05462788362164793,-0.06222558674695315,0.017264599413562565,0.32673836602267964
17634,-0.7875696096973754,0.20837588454482087,-0.0413663182002407,1.090459558729558,0.10661196232274893
17635,1.0659086191209401,-0.25286811822469796,-0.11706150118245238,-0.18878883277510855,-0.4147400464402449
17636,-0.8687787073517862,-0.4066161191478709,-0.1849316883044614,-0.5322112197562271,-1.0558099238821486
17637,-0.8114546384192609,-0.32974211868628445,-0.16682179877934422,-0.4034278246383076,-0.731413118429619
17638,2.131180900117034,-0.32974211868628445,-0.14636835796730552,-0.6867512938977305,-0.7700317857453963
17639,0.3589117689531291,-0.022246116839938542,-0.16210491703725727,-0.19737439244963653,-0.25640351044555787
17640,-0.5487193224785203,-0.022246116839938542,0.014753563163731475,-0.2918155488694441,1.029598111169827
17642,-0.39107813291407595,-0.09912011730152501,-0.07835481531444759,0.05160683811167442,1.3192381160381568
17643,0.822281326157708,-0.32974211868628445,-0.17425689529718966,-0.44635562301094744,-0.5460435153138878
17644,-0.954764810750574,1.053989889622272,0.21279611260693096,0.6697671346776878,1.4930221189591548
17646,0.08662244152363428,0.4389978859295803,0.06529850721691231,0.3606869863946811,0.8905709088330286
17647,-0.6490364431104395,-0.25286811822469796,-0.18173908445318837,-0.6008956971524508,1.2767575819908017
17648,-0.672921471832325,-0.09912011730152501,-0.05121560496223754,0.27483138964940146,0.1992967638806145
17649,-0.300315023770911,-0.25286811822469796,-0.09536356815333394,0.05160683811167442,0.2340535644648141
17650,-0.859224695863032,-0.4066161191478709,-0.19320614184350923,-0.6352379358505627,-1.0558099238821486
17651,-0.906994753306803,0.7464938877759261,0.19028306141448317,0.9960184023097504,0.9330514428803837
17652,-0.8401166728855235,0.4389978859295803,0.13240066881374526,0.30917362834751333,-0.06717204059824902
17653,-0.7875696096973754,-0.1759941177631115,-0.12107961127900038,-0.326157787567556,-0.731413118429619
17654,0.3636887746975062,-0.4066161191478709,-0.19656703262230057,-0.5150401004071712,-1.0558099238821486
17655,-0.9117717590511801,0.20837588454482087,0.0014180361008000505,-0.060005437657189103,0.5121079691384108
17656,-0.6108203971554227,-0.09912011730152501,-0.08872904648409406,-0.12868991505341282,-0.8434072536453732
17657,1.0945706535872028,-0.4066161191478709,-0.19598183733936658,-0.6438234955250907,-1.0558099238821486
17658,-0.8401166728855235,-0.32974211868628445,-0.16347268116009117,-0.557967898779811,-0.3375027118086903
17659,-0.8783327188405403,0.5927458868527532,0.04370514754604597,0.5839115379324081,0.3692189000700347
17660,-0.28598400653777967,-0.32974211868628445,-0.18100776348421996,-0.060005437657189103,1.2458626481381798
17662,2.1980589805383133,-0.32974211868628445,-0.17611151419387278,-0.5837245778033949,-0.8202360532559068
17663,-0.8401166728855235,0.8233678882375126,0.15373848166875045,0.609668216955992,1.3385474496960454
17664,-0.8735557130961633,-0.1759941177631115,-0.12394187412440417,-0.12010435537888485,1.2690338485276462
17665,1.3955220154829604,-0.4066161191478709,-0.16571096654996417,-0.5407967794307551,-1.0558099238821486
17666,-0.9452107992618198,-0.09912011730152501,-0.0628897314526735,-0.44635562301094744,0.9678082434645832
17667,-0.6442594373660624,0.20837588454482087,0.06889347610887725,0.49805594118712854,1.2149677142855582
17668,-0.954764810750574,-0.32974211868628445,-0.18062478952982647,-0.5837245778033949,-0.9129208548137724
17669,-0.7589075752311129,0.28524988500640736,0.22067374141565785,0.02585015908809053,1.1647634467750476
17670,0.1248384874786511,-0.4066161191478709,-0.190462303132285,-0.6094812568269787,-1.0558099238821486
17671,-0.8878867303292945,-0.09912011730152501,-0.06556570136185334,-0.24030219082227633,0.3344620994858351
17672,-0.720691529276096,0.05462788362164793,0.1954847203140302,0.8328927684937191,1.3848898504749783
17673,-0.954764810750574,0.5158718863911668,0.08434955696629852,0.9702617232861666,1.373304250280245
17674,-0.6060433914110456,-0.32974211868628445,-0.1665461683383883,-0.5407967794307551,0.0795788952017048
17675,-0.954764810750574,4.897689912701596,2.4021799529905343,2.2580956744653613,1.7556290567064405
17676,-0.9404337935174427,0.28524988500640736,-0.035130006338914506,0.02585015908809053,1.3192381160381568
17677,-0.954764810750574,3.6677059053162124,2.2232265429305214,2.2666812341398894,1.7324578563169741
17678,0.2968106942762268,-0.32974211868628445,-0.16317211932246592,-0.47211230203453136,0.2572247648542805
17679,-0.7111375177873418,0.05462788362164793,0.043055546155049446,-0.10293323602982893,1.5857069205170204
17680,-0.8496706843742777,-0.25286811822469796,-0.1702574837481437,-0.5322112197562271,0.8287810411277848
17681,1.892330612898179,-0.09912011730152501,-0.15406938938295764,-0.6008956971524508,-0.6850707176506862
17682,-0.9117717590511801,0.36212388546799384,0.076828585637703,0.02585015908809053,1.3810279837434005
17683,0.8796053950902333,-0.25286811822469796,-0.14798820621201872,-0.35191446659113984,-0.4031544462455117
17684,-0.7541305694867357,-0.4066161191478709,-0.18812775484971633,-0.5751390181288669,-1.0558099238821486
17685,-0.8831097245849174,0.4389978859295803,0.1730686245530744,0.3606869863946811,1.4544034516433775
17686,-0.9261027762843114,0.20837588454482087,0.36987845493873234,1.7257909746446274,0.9755319769277386
17687,1.046800596143432,-0.4066161191478709,-0.17474305753224254,-0.4806978617090593,-1.0558099238821486
17688,0.9178214410452501,-0.4066161191478709,-0.18364079598802477,-0.5407967794307551,-1.0558099238821486
17689,0.8939364123233645,-0.32974211868628445,-0.18274880601829815,-0.557967898779811,-0.7236893849664635
17690,-0.816231644163638,1.053989889622272,0.2775623408436025,1.330855229616341,1.431232251253911
17691,0.7506262399920515,-0.1759941177631115,-0.16055501521097768,-0.3862567052892517,-0.3297789783455348
17692,-0.35286208695905913,0.4389978859295803,0.001377868850610503,0.06877795746073034,0.539141036259455
17693,-0.3050920295152881,-0.4066161191478709,-0.19082450092278733,-0.5665534584543389,-1.0558099238821486
17694,-0.28598400653777967,-0.25286811822469796,-0.08725532392541532,-0.24030219082227633,0.5700359701120767
17695,-0.3337540639815507,-0.09912011730152501,-0.08378778217198275,-0.30898666821850007,1.0643549117540265
17696,-0.7780155982086212,1.5921078928533774,0.3271335753490848,0.9359194845880546,1.6127399876380644
17697,0.16783153917804502,-0.4066161191478709,-0.1812342236706335,-0.5407967794307551,-1.0558099238821486
17698,0.28247967704309546,-0.4066161191478709,-0.19397693752387082,-0.6352379358505627,-1.0558099238821486
17699,1.3143129178285495,-0.32974211868628445,-0.17409761137402419,-0.557967898779811,-0.7275512516980412
17700,-0.8831097245849174,0.5927458868527532,0.2579060121861875,1.5197375424559563,1.7324578563169741
17701,0.24426363108807866,-0.4066161191478709,-0.17576316717929788,-0.4978689810581152,-1.0558099238821486
17702,-0.816231644163638,-0.022246116839938542,0.013029141560766198,0.32634474769656924,0.37308076680161245
17703,-0.7923466154417526,-0.1759941177631115,-0.128885908591701,-0.16303215375152466,0.42328503431212294
17704,-0.15700485143959794,-0.32974211868628445,-0.14340498445763147,-0.47211230203453136,-0.7816173859401294
17705,-0.9452107992618198,0.36212388546799384,-0.06038966639777204,-0.06859099733171707,1.1570397133118921
17706,-0.9404337935174427,1.8996038946997231,1.199217209912794,2.798985933960623,1.5895687872485982
17707,-0.0757957537851872,0.1315018840832344,-0.16251143731072742,-0.6266523761760346,1.056631178290871
17708,-0.066241742296433,-0.1759941177631115,-0.14347493087606503,-0.21454551179869244,-0.14440937522980365
17709,-0.15222784569522083,-0.09912011730152501,-0.15823778039831832,-0.3862567052892517,0.6202402376225873
17710,1.0611316133765631,-0.4066161191478709,-0.18438181250014238,-0.5322112197562271,-1.0558099238821486
17711,-0.9117717590511801,-0.32974211868628445,-0.17803815712537857,-0.5150401004071712,0.02165089422803882
17712,-0.7493535637423586,-0.4066161191478709,-0.16849427997258162,-0.45494118268547545,-1.0558099238821486
17713,0.8652743778571019,-0.1759941177631115,-0.12173544551916428,-0.23171663114774838,-0.4147400464402449
17714,0.5691000217057216,-0.09912011730152501,-0.10704739018691913,-0.11151879570435688,-0.31046964468764615
17715,-0.004140667619530661,-0.32974211868628445,-0.1708011267032954,-0.6953368535722584,0.45804183489632255
17716,-0.8544476901186548,1.3614858914686179,0.9003742535801159,2.1636545180455533,1.70542478919593
17717,1.051577601887809,-0.4066161191478709,-0.1786046538608105,-0.4806978617090593,-1.0558099238821486
17718,0.14872351620053662,-0.32974211868628445,-0.17429290731460098,-0.5150401004071712,0.5352791695278772
17719,-0.7827926039529983,0.6696198873143396,0.16898887850364933,0.24907471062581757,-0.21392297639820285
17720,-0.8353396671411465,0.28524988500640736,-0.02001396203051171,-0.008492079610021325,1.0759405119487597
17721,2.1885049690495593,-0.4066161191478709,-0.1834323418103169,-0.6094812568269787,-1.0558099238821486
17722,-0.5009492650347493,-0.09912011730152501,0.03908106600267284,0.6955238137012717,0.02165089422803882
17723,-0.35286208695905913,0.05462788362164793,0.0292594807925309,-0.6524090551996186,-0.09806697445087087
17724,-0.6203744086441768,-0.25286811822469796,-0.13316856850846293,-0.37767114561472376,-0.7970648528664404
17725,-0.8831097245849174,0.36212388546799384,0.03346180620891372,0.2834169493239294,-0.08648137425613768
17726,0.9273754525340043,0.05462788362164793,-0.1290784343770923,-0.2574733101713323,0.05254582808066068
17727,-0.8878867303292945,-0.4066161191478709,-0.13128140028835034,-0.13727547472794077,-1.0558099238821486
17728,-0.9452107992618198,-0.09912011730152501,0.08884274867715744,0.9788472829606945,0.682030105327831
17729,1.8875536071538017,-0.4066161191478709,-0.17432961187080867,-0.5064545407326432,-1.0558099238821486
17730,-0.9452107992618198,1.053989889622272,0.3336579833497017,0.8157216491446632,1.2072439808224027
17731,-0.58215836268916,-0.022246116839938542,-0.0863536384125395,9.34800645066384e-05,1.218829581017136
17732,0.8175043204133309,0.1315018840832344,-0.05467483625011364,0.06877795746073034,-0.6116952497507092
17733,-0.7780155982086212,-0.32974211868628445,-0.15677098322760324,-0.4205989439873636,-0.19461364274031417
17734,-0.7063605120429647,-0.022246116839938542,-0.10482157049538082,-0.05141987798266114,1.218829581017136
17735,-0.949987805006197,1.5152338923917907,0.9580876667145393,2.6530314194936477,0.855814108248829
17736,-0.9165487647955571,-0.25286811822469796,-0.17856864184339918,-0.4978689810581152,-0.6541757837980643
17737,-0.9165487647955571,-0.32974211868628445,-0.19305655346349296,-0.6352379358505627,-0.8665784540348396
17738,-0.8687787073517862,0.5158718863911668,0.08501993452118624,0.7813794104465513,1.3037906491118458
17739,-0.906994753306803,0.900241888699099,0.33066552321057996,-0.22313107147322042,1.7285959895853964
17740,0.8987134180677416,-0.022246116839938542,-0.1751433449565453,-0.6609946148741466,0.13364502944379306
17741,0.9799225157221524,-0.32974211868628445,-0.19770625894233185,-0.6524090551996186,-0.4610824472191777
17742,-0.41974016738033854,0.36212388546799384,-0.059379944832662256,-0.2574733101713323,1.3578567833539341
17743,1.1805567569859907,-0.4066161191478709,-0.18883483696081174,-0.6781657342232025,-1.0558099238821486
17744,-0.9452107992618198,0.05462788362164793,-0.02124460347166403,0.3349303073710972,0.4001138339226566
17745,1.3190899235729268,-0.32974211868628445,-0.16313195207227635,-0.47211230203453136,-0.7545843188190854
17746,0.18693956215555343,-0.1759941177631115,-0.14208985328332183,-0.42918450366189154,0.37308076680161245
17747,-0.42451717312471565,-0.4066161191478709,-0.19976309916755547,-0.6953368535722584,-1.0558099238821486
17748,1.5579402107917817,-0.4066161191478709,-0.1799045491816,-0.557967898779811,-1.0558099238821486
17749,-0.1092347939958269,-0.25286811822469796,-0.13364087996758836,-0.2574733101713323,0.365357033338457
17750,-0.9356567877730656,0.20837588454482087,-0.08625252774826925,0.16321911388053795,-0.441773113561289
17751,1.051577601887809,-0.4066161191478709,-0.19377540873412666,-0.4377700633364195,-1.0558099238821486
17752,0.7554032457364286,-0.4066161191478709,-0.19912319331970815,-0.6953368535722584,-1.0558099238821486
17753,1.2569888488960244,-0.1759941177631115,-0.17824868891947554,-0.16303215375152466,-0.13668564176664819
17754,-0.9595418164949511,0.5158718863911668,0.10355642794486834,0.8844061265408869,1.7556290567064405
17756,0.8318353376464622,-0.25286811822469796,-0.1542390613880687,-0.24030219082227633,-0.9824344559821715
17757,-0.954764810750574,3.8214539062393853,0.4237053403479182,2.4040501889323367,1.6243255878327976
17758,-0.8687787073517862,0.4389978859295803,0.13907050996160006,2.756058135587983,1.0643549117540265
17759,-0.8783327188405403,-0.09912011730152501,-0.11731774053710987,0.27483138964940146,1.130006646190848
17760,-0.859224695863032,-0.022246116839938542,-0.15301742295126922,-0.20595995212416449,1.3694423835486673
17761,-0.8066776326748838,-0.4066161191478709,-0.15534504584587414,-0.5407967794307551,-1.0558099238821486
17762,1.2187728029410074,-0.4066161191478709,-0.19572213529072724,-0.5665534584543389,-1.0558099238821486
17763,0.2968106942762268,-0.1759941177631115,-0.19874160444290737,-0.6094812568269787,0.4734893018226335
17764,-0.720691529276096,-0.09912011730152501,-0.0998872315712332,0.377858105743737,1.593430653980176
17765,-0.20477490888336897,-0.1759941177631115,-0.16841879324377712,-0.09434767635530096,0.06413142827539388
17766,0.8604973721127248,-0.32974211868628445,-0.18395867129555932,-0.5236256600816991,-1.0558099238821486
17767,-0.8878867303292945,-0.32974211868628445,-0.17610251118951994,-0.4034278246383076,0.46962743509105576
17768,-0.9213257705399343,0.05462788362164793,0.023326500924015444,0.44654258313996076,1.7594909234380183
17769,-0.9022177475624259,0.8233678882375126,0.28376610338149927,2.1293122793474417,1.5586738533959763
17770,-0.013694679108284865,-0.09912011730152501,-0.12553194320087335,-0.4205989439873636,-0.731413118429619
17771,-0.6920294948098333,-0.1759941177631115,-0.17787818066341674,-0.16303215375152466,1.0025650440487828
17772,-0.9117717590511801,-0.25286811822469796,-0.1797244890945434,0.1031201961588422,0.4194231675805452
17773,1.4958391361148795,-0.32974211868628445,-0.16486122144681623,-0.2918155488694441,-0.3761213791244676
17774,-0.5009492650347493,0.20837588454482087,0.022017602598873122,1.7515476536682113,1.1570397133118921
17775,0.25381764257683287,-0.4066161191478709,-0.20080190736211287,-0.6781657342232025,-1.0558099238821486
17776,0.8843824008346104,-0.32974211868628445,-0.18181526372078924,-0.06859099733171707,0.2456391646595473
17777,-0.8448936786299006,-0.25286811822469796,-0.15986178387580968,0.5066415008616565,-0.7623080522822409
17778,2.1980589805383133,-0.4066161191478709,-0.19101633416938227,-0.6180668165015067,-1.0558099238821486
17779,-0.859224695863032,-0.25286811822469796,-0.1596706431680111,-0.07717655700624504,-0.5846621826296651
17780,2.226721015004576,-0.25286811822469796,-0.18070720164659468,-0.05141987798266114,-0.990158189445327
17781,-0.19999790313899185,-0.32974211868628445,-0.19168671172426996,-0.6008956971524508,-0.6927944511138416
17782,0.8652743778571019,-0.32974211868628445,-0.15768305682242464,-0.45494118268547545,-1.0558099238821486
17783,-0.6155974028997997,-0.25286811822469796,-0.17860188370562505,0.07736351713525831,0.6434114380120537
17784,1.667811342912455,-0.4066161191478709,-0.19689183331779886,-0.5407967794307551,-1.0558099238821486
17785,-0.7063605120429647,-0.25286811822469796,-0.17677219620561127,-0.2918155488694441,0.9214658426856505
17786,-0.5534963282228974,-0.32974211868628445,-0.18622742839247267,-0.21454551179869244,-0.1598568421561146
17787,-0.23343694334963158,-0.1759941177631115,-0.07883612977792584,0.1031201961588422,-0.2100611096666251
17788,-0.6108203971554227,-0.32974211868628445,-0.1272889141272681,-0.6781657342232025,-0.8395453869137954
17789,0.3827967976750146,-0.32974211868628445,-0.17720364787575077,-0.47211230203453136,0.4116994341173898
17790,-0.8353396671411465,1.053989889622272,-0.012222900571331269,0.9101628055644708,0.9446370430751168
17791,-0.8210086499080151,-0.4066161191478709,-0.19735998954414605,-0.6180668165015067,-1.0558099238821486
17792,1.2713198661291556,-0.32974211868628445,-0.179198159609301,-0.317572227893028,-1.0133293898347935
17793,-0.8401166728855235,-0.4066161191478709,-0.18390811596342418,-0.28322998919491615,-1.0558099238821486
17794,2.317484124147741,-0.32974211868628445,-0.19450672970309507,-0.6438234955250907,-1.048086190418993
17795,-0.1044577882514498,-0.32974211868628445,-0.1809655186176413,-0.33474334724208393,-0.7275512516980412
17796,-0.768461586719867,0.05462788362164793,-0.11908302192906106,0.5753259782578802,0.41556130084896753
17797,-0.8544476901186548,0.1315018840832344,-0.06814817853352302,1.2020718344984216,1.6552205216854194
17798,1.8158985209881453,-0.4066161191478709,-0.19237578782665968,-0.33474334724208393,-1.0558099238821486
17799,-0.8544476901186548,1.053989889622272,0.22791631214811198,3.3999751111775804,1.662944255148575
17800,-0.7827926039529983,0.20837588454482087,-0.12248892772961657,-0.26605886984586025,0.091164495396438
17801,1.194887774219122,-0.25286811822469796,-0.15138026123664675,-0.13727547472794077,-0.12896190830349274
17802,-0.5678273454560288,0.28524988500640736,0.13783709836526228,1.7257909746446274,1.431232251253911
17803,0.913044435300873,-0.4066161191478709,-0.1919194047598508,-0.47211230203453136,-1.0558099238821486
17804,0.8366123433908393,-0.25286811822469796,-0.17812957224649958,9.34800645066384e-05,0.3421858329489906
17805,-0.6108203971554227,-0.32974211868628445,-0.14050740213361274,-0.6180668165015067,1.0180125109750937
17806,-0.906994753306803,-0.4066161191478709,-0.1668924377365741,-0.33474334724208393,-1.0558099238821486
17807,0.9273754525340043,-0.25286811822469796,-0.17438362989692566,0.05160683811167442,0.1375068961753708
17808,1.658257331423701,-0.1759941177631115,-0.18651898722574511,-0.45494118268547545,-0.9283683217400833
17809,-0.8831097245849174,1.053989889622272,0.4937791859199816,-0.19737439244963653,1.7285959895853964
17810,2.231498020748953,-0.32974211868628445,-0.17886504844824624,-0.26605886984586025,-0.9978819229084824
17811,-0.9404337935174427,3.129587902085107,0.454575257196182,3.9151086916492583,0.6472733047436314
17812,-0.9022177475624259,0.05462788362164793,-0.1415489804833556,0.6869382540267437,0.9446370430751168
17813,-0.8926637360736717,-0.09912011730152501,-0.08710989077817728,1.8459888100880188,-0.8356835201822177
17814,0.8318353376464622,-0.32974211868628445,-0.09325270990199333,0.25766027030034555,-0.874302187497995
17815,0.9178214410452501,-0.4066161191478709,-0.16371229958363576,-0.5923101374779228,-1.0558099238821486
17816,-0.7875696096973754,-0.022246116839938542,-0.19805183580172125,-0.35191446659113984,1.6011543874433314
17817,-0.9404337935174427,-0.022246116839938542,-0.15012538093762143,0.2834169493239294,0.5584503699173436
17818,2.561111417110973,-0.4066161191478709,-0.1960663270725239,-0.3433289069166119,-1.0558099238821486
17819,-0.6203744086441768,0.4389978859295803,0.2122732458156704,-0.13727547472794077,1.4737127853012661
17820,0.8270583319020851,-0.4066161191478709,-0.1921998829723813,-0.3690855859401958,-1.0558099238821486
17821,0.9799225157221524,-0.4066161191478709,-0.18153409296946238,-0.6524090551996186,-1.0558099238821486
17822,1.046800596143432,-0.09912011730152501,-0.054916532290047344,0.601082657281464,-0.515148581461266
17823,1.051577601887809,-0.32974211868628445,-0.17359552074665477,0.05160683811167442,-1.0558099238821486
17824,-0.7159145235317189,-0.4066161191478709,-0.18404246848992029,-0.5923101374779228,-1.0558099238821486
17825,1.897107618642556,-0.1759941177631115,-0.1560943728235482,-0.4978689810581152,-0.5653528489717765
17826,0.8270583319020851,-0.4066161191478709,-0.19547351386282982,-0.4205989439873636,-1.0558099238821486
17827,-0.9356567877730656,-0.022246116839938542,-0.04014883499621944,1.3566119086399249,1.3230999827697345
17828,-0.8544476901186548,-0.1759941177631115,-0.07865953238485109,-0.24030219082227633,-0.43018751336655586
17829,0.4640058953294254,-0.09912011730152501,0.12471487325161328,0.3349303073710972,0.3228764992911019
17830,-0.954764810750574,-0.25286811822469796,-0.1770963043623132,-0.549382339105283,0.05254582808066068
17831,-0.8019006269305068,-0.4066161191478709,-0.20225623883449323,-0.6867512938977305,-1.0558099238821486
17832,-0.7254685350204731,-0.4066161191478709,-0.1939478508944232,-0.1802032731005806,-1.0558099238821486
17833,2.4942333366896934,-0.4066161191478709,-0.18126815807165567,-0.4635267423600034,-1.0558099238821486
17834,1.0181385616771692,-0.32974211868628445,-0.1569455030042889,-0.24030219082227633,-0.9360920552032388
17835,-0.949987805006197,-0.25286811822469796,-0.1810063784066272,-0.317572227893028,-0.974710722519016
17836,-0.7350225465092273,-0.4066161191478709,-0.19707535609883733,-0.5064545407326432,-1.0558099238821486
17837,-0.7589075752311129,0.1315018840832344,-0.09797166926046938,0.24048915095128962,-0.5885240493612428
17838,-0.8353396671411465,0.5158718863911668,0.18343523779596083,0.5066415008616565,1.2767575819908017
17839,-0.7589075752311129,-0.4066161191478709,-0.18267470436708638,-0.2746444295203882,-1.0558099238821486
17840,1.1566717282641052,-0.4066161191478709,-0.19252606874547232,-0.326157787567556,-1.0558099238821486
17841,-0.954764810750574,15.736923977785288,4.542316667025357,17.463121858054382,1.7865239905590624
17842,1.9162156416200644,-0.4066161191478709,-0.17488087275272046,-0.549382339105283,-1.0558099238821486
17843,0.48789092405131085,-0.32974211868628445,-0.18251888313790277,-0.20595995212416449,-0.6387283168717534
17844,-0.4531792075909783,-0.4066161191478709,-0.20113709613955674,-0.6609946148741466,-1.0558099238821486
17845,1.6916963716343407,-0.1759941177631115,-0.16342628106073426,-0.3433289069166119,-0.974710722519016
17846,-0.5534963282228974,-0.4066161191478709,-0.06390776348333975,-0.6953368535722584,-1.0558099238821486
17847,1.5006161418592565,-0.32974211868628445,-0.19572629052350546,-0.6266523761760346,-0.5537672487770433
17848,-0.5726043512004059,1.8227298942381367,0.04177434938176199,0.1975613525786498,1.462127185106533
17849,0.08184543577925718,0.1315018840832344,-0.1310383191708239,-0.4978689810581152,0.5545885031857659
17850,0.8175043204133309,11.431979951936446,3.3417050931612984,0.15463355420601,0.3421858329489906
17851,1.0563546076321861,-0.022246116839938542,-0.09720156611890417,0.8844061265408869,0.15681622983325944
17852,-0.906994753306803,-0.09912011730152501,-0.1591519316095288,9.34800645066384e-05,1.7247341228538187
17853,0.9846995214665295,-0.25286811822469796,-0.09415855064764737,0.017264599413562565,0.21474423080692542
17854,-0.0757957537851872,-0.022246116839938542,-0.1307100557813438,0.2662458299748735,1.0527693115592933
17855,0.8175043204133309,-0.4066161191478709,-0.19023584294587148,-0.557967898779811,-1.0558099238821486
17856,-0.954764810750574,-0.1759941177631115,-0.10650374723176742,-0.6008956971524508,0.025512760959616555
17857,-0.9404337935174427,1.3614858914686179,1.689180790418937,-0.5236256600816991,1.404199184132867
17858,-0.9356567877730656,1.8227298942381367,0.6622572541460777,0.7813794104465513,1.7556290567064405
17859,0.49266792979568796,-0.4066161191478709,-0.194879315575543,-0.5064545407326432,-1.0558099238821486
17860,0.7983962974358225,-0.1759941177631115,-0.15502578546074686,0.38644366541826497,0.3344620994858351
17861,-0.9452107992618198,0.900241888699099,0.1476759970453135,2.1207267196729136,1.747905323243285
17862,0.583431038938853,-0.1759941177631115,-0.11780182515577362,0.06877795746073034,-0.12896190830349274
17863,-0.6776984775767021,0.4389978859295803,0.1665262105437519,0.6182537766305201,1.2342770479434466
17864,-0.9022177475624259,-0.09912011730152501,-0.14400195290010379,0.09453463648431423,0.5468647697226104
17865,-0.816231644163638,3.0527139016235205,1.6175134130764224,2.6530314194936477,1.6783917220748859
17866,-0.2812070007934026,-0.25286811822469796,-0.12610813547945451,-0.5322112197562271,1.1956583806276695
17867,-0.816231644163638,0.6696198873143396,-0.09514472589368053,0.3177591880220413,1.6745298553433081
17868,0.8843824008346104,-0.4066161191478709,-0.1889768074140679,-0.549382339105283,-1.0558099238821486
17869,-0.4484022018466012,0.05462788362164793,-0.14836009954567025,-0.08576211668077299,0.6434114380120537
17870,-0.949987805006197,0.5158718863911668,-0.014031811907453867,1.1419729167767259,0.40783756738581206
17871,0.014967355357977748,-0.09912011730152501,-0.13067889153550705,-0.1544465940769967,0.8326429078593626
17872,0.8604973721127248,-0.4066161191478709,-0.18837291358363187,-0.5751390181288669,-1.0558099238821486
17873,-0.5773813569447829,0.900241888699099,0.2291905835334357,-0.14586103440246875,1.4273703845223333
17874,-0.0757957537851872,-0.022246116839938542,-0.15737556959683566,-0.3862567052892517,-0.7854792526717072
17875,2.3270381356364953,-0.4066161191478709,-0.19313550288627934,-0.48928342138358727,-1.0558099238821486
17876,0.9464834755115127,-0.25286811822469796,0.03241884278157811,-0.6781657342232025,0.010065294033305626
17877,-0.14745083995084374,-0.4066161191478709,-0.1882524118330632,-0.6008956971524508,-1.0558099238821486
17878,-0.7541305694867357,-0.25286811822469796,-0.10921157392558035,9.34800645066384e-05,0.3035671656332133
17879,-0.13311982271771242,-0.4066161191478709,-0.19234462358082297,-0.6524090551996186,-1.0558099238821486
17880,0.7792882744583141,-0.25286811822469796,-0.14757891578336307,-0.33474334724208393,0.3576332998753015
17881,0.49266792979568796,-0.4066161191478709,-0.19547282132403346,-0.6352379358505627,-1.0558099238821486
17882,0.8509433606239707,-0.32974211868628445,-0.18451616502663845,-0.30040110854397206,-1.0558099238821486
17883,-0.9452107992618198,0.05462788362164793,-0.1362559064626875,0.626839336305048,1.4505415849117997
17884,-0.9452107992618198,1.053989889622272,-0.017828309589162962,1.9146732874842425,1.7710765236327515
17885,-0.9022177475624259,-0.4066161191478709,-0.19388067463117514,-0.2746444295203882,-1.0558099238821486
17886,-0.8114546384192609,-0.022246116839938542,-0.09580263775023354,0.4808848218380726,1.0991117123382261
17887,-0.3433080754703049,-0.4066161191478709,-0.19699640667605098,-0.6180668165015067,-1.0558099238821486
17888,-0.859224695863032,1.4383598919302043,-0.07953559396226115,0.5409837395597683,1.6359111880275308
17889,0.053183401312994566,0.05462788362164793,-0.1530153453348801,0.1288768751824261,0.5121079691384108
17890,0.5786540331944758,-0.32974211868628445,-0.16406341675339617,0.05160683811167442,-0.9051971213506169
17891,-0.18566688590586056,-0.4066161191478709,-0.19058973027081733,-0.41201338431283563,-1.0558099238821486
17892,-0.6920294948098333,-0.25286811822469796,-0.18780295415421805,-0.47211230203453136,-0.673485117455953
17893,0.1152844759898969,-0.4066161191478709,-0.19728311773774881,-0.5751390181288669,-1.0558099238821486
17894,-0.6203744086441768,0.900241888699099,-0.0451067202394437,1.1419729167767259,0.48121303528578896
17895,-0.7493535637423586,-0.4066161191478709,-0.1980975433622818,-0.5751390181288669,-1.0558099238821486
17896,-0.8496706843742777,-0.4066161191478709,-0.18695667174505196,-0.6867512938977305,-1.0558099238821486
17897,-0.13789682846208953,0.20837588454482087,-0.05928229686237387,1.107630678078614,0.5043842356752554
17898,-0.5534963282228974,-0.1759941177631115,-0.1839884504638033,-0.2918155488694441,0.8056098407383184
17899,-0.19999790313899185,-0.4066161191478709,-0.19400463907572565,-0.45494118268547545,-1.0558099238821486
17900,-0.05191072506330168,-0.32974211868628445,-0.19693754087835938,-0.6695801745486745,-1.0558099238821486
17901,-0.8210086499080151,-0.25286811822469796,-0.18669627715761625,-0.5150401004071712,0.8442285080540958
17902,1.6487033199349468,-0.4066161191478709,-0.18972128662016735,-0.4978689810581152,-1.0558099238821486
17903,0.9225984467896272,-0.4066161191478709,-0.17831586518272355,-0.326157787567556,-1.0558099238821486
17904,-0.859224695863032,-0.4066161191478709,-0.1921680261877482,-0.4205989439873636,-1.0558099238821486
17905,-0.6203744086441768,0.5158718863911668,-0.05381262544863102,0.40361478476732093,1.2960669156486904
17906,0.22037860236619314,-0.4066161191478709,-0.19965921834809974,-0.6008956971524508,-1.0558099238821486
17907,2.097741859906394,-0.4066161191478709,-0.18450231425071104,-0.5923101374779228,-1.0558099238821486
17908,0.822281326157708,-0.09912011730152501,-0.1255873463045831,0.8243072088191912,0.3035671656332133
17909,2.561111417110973,-0.4066161191478709,-0.19708643671957926,-0.6352379358505627,-1.0558099238821486
17910,2.508564353922825,-0.4066161191478709,-0.18658408587260406,-0.48928342138358727,-1.0558099238821486
17911,-0.9165487647955571,-0.4066161191478709,-0.17934497783413175,-0.3690855859401958,-1.0558099238821486
17912,0.5213299642619506,-0.022246116839938542,-0.1787687855555506,-0.2918155488694441,-0.8047885863295958
17913,-0.6824754833210792,0.5927458868527532,0.03278381072726594,1.2192429538474774,1.562535720127554
17914,-0.9452107992618198,-0.4066161191478709,-0.18189836837635381,-0.08576211668077299,-1.0558099238821486
17915,1.6725883486568323,-0.4066161191478709,-0.18907168522917078,-0.47211230203453136,-1.0558099238821486
17916,2.040417790973869,-0.32974211868628445,-0.2016696584739665,-0.5751390181288669,-0.6503139170664866
17917,-0.7445765579979815,-0.25286811822469796,-0.18150569887881113,-0.04283431830813318,0.16840183002799264
17918,1.4289610556936,-0.25286811822469796,-0.17725628082427503,-0.41201338431283563,-1.0365005902242599
17919,-0.5391653109897661,-0.32974211868628445,-0.07725852639979135,-0.3862567052892517,0.2958434321700578
17920,-0.9404337935174427,3.6677059053162124,1.428421927576326,5.434752754040708,1.7594909234380183
17921,-0.6538134488548165,0.28524988500640736,-0.038889106925619504,1.2707563118946452,0.6743063718646756
17922,1.6343723027018153,-0.4066161191478709,-0.19290696508347668,-0.6352379358505627,-1.0558099238821486
17923,0.38757380341939174,-0.25286811822469796,-0.1702886479939804,-0.6867512938977305,-0.04400084020878262
17924,-0.906994753306803,0.1315018840832344,0.020900537520325734,-0.47211230203453136,0.5005223689436776
17925,0.8175043204133309,-0.4066161191478709,-0.18780433923181078,-0.6953368535722584,-1.0558099238821486
17926,-0.3242000524927965,-0.09912011730152501,-0.1329961263481664,-0.47211230203453136,0.6665826384015201
17927,2.4846793252009394,-0.4066161191478709,-0.18434718556032378,-0.6180668165015067,-1.0558099238821486
17928,-0.7445765579979815,-0.25286811822469796,-0.18107563228626436,-0.47211230203453136,0.9755319769277386
17929,-0.906994753306803,0.4389978859295803,0.008739556256040537,-0.6524090551996186,1.720872256122241
17930,-0.7923466154417526,0.5158718863911668,0.09136774512872828,-0.3690855859401958,1.299928782380268
17931,-0.3194230467484194,0.5927458868527532,0.03091049328308076,1.6485209375738756,0.9793938436593164
17932,-0.8210086499080151,-0.25286811822469796,-0.11249143766519623,0.017264599413562565,-0.3529501787350012
17933,2.0595258139513777,-0.4066161191478709,-0.19676509871806286,-0.6008956971524508,-1.0558099238821486
17934,-0.7159145235317189,-0.25286811822469796,-0.1320501183523228,-0.39484226496377967,0.3151527658279465
17935,-0.300315023770911,0.05462788362164793,-0.15718996919940809,-0.18878883277510855,1.2497245148697576
17936,-0.9356567877730656,-0.4066161191478709,-0.17838234890717525,-0.12010435537888485,-1.0558099238821486
17937,-0.9213257705399343,0.05462788362164793,0.09316834599929442,-0.5407967794307551,0.31129089909636876
17938,1.046800596143432,-0.4066161191478709,-0.19471518388080294,-0.45494118268547545,-1.0558099238821486
17939,-0.19999790313899185,-0.4066161191478709,-0.19784199654642068,-0.6008956971524508,-1.0558099238821486
17940,-0.7254685350204731,0.7464938877759261,1.8941549606750199,-0.6094812568269787,1.5972925207117536
17941,-0.33853106972592784,-0.1759941177631115,-0.10544762556730074,-0.6609946148741466,1.1531778465803144
17942,-0.9261027762843114,-0.4066161191478709,-0.1993406505017688,-0.6867512938977305,-1.0558099238821486
17944,1.0611316133765631,-0.4066161191478709,-0.1995144777396581,-0.4978689810581152,-1.0558099238821486
17945,2.3652541815915122,-0.25286811822469796,-0.17975219064639827,-0.13727547472794077,-1.0558099238821486
17946,0.1535005219449137,-0.32974211868628445,-0.19434883085752236,-0.549382339105283,-0.9554013888611275
17947,-0.7827926039529983,-0.4066161191478709,-0.19247205071935536,-0.6266523761760346,-1.0558099238821486
17948,-0.2573219720715171,-0.4066161191478709,-0.17987615509094879,-0.6953368535722584,-1.0558099238821486
17949,-0.954764810750574,8.587641934857746,7.919747349890449,-0.20595995212416449,1.7865239905590624
17950,-0.6155974028997997,0.05462788362164793,-0.12393771889162596,0.4379570234654328,1.3848898504749783
17951,-0.7732385924642441,-0.1759941177631115,-0.11186746020966543,-0.4978689810581152,0.3537714331437238
17952,0.8461663548795936,-0.1759941177631115,-0.1501039122349339,0.02585015908809053,-0.42632564663497813
17953,1.620041285468684,-0.4066161191478709,-0.19368468615180198,-0.5322112197562271,-1.0558099238821486
17954,-0.9356567877730656,0.9771158891606855,0.0587602484403681,3.4085606708521086,1.7440434565117073
17955,-0.013694679108284865,-0.022246116839938542,-0.1389235659063109,-0.5665534584543389,0.7476818397646525
17956,0.22993261385494734,-0.4066161191478709,-0.20382483920827488,-0.6953368535722584,-1.0558099238821486
17957,-0.6442594373660624,-0.4066161191478709,-0.1969735528957707,-0.4377700633364195,-1.0558099238821486
17958,-0.40540915014720724,-0.32974211868628445,-0.1372628578726118,-0.4034278246383076,1.3076525158434236
17959,1.8684455841762935,-0.4066161191478709,-0.19496034261471848,-0.6867512938977305,-1.0558099238821486
17960,-0.14267383420646662,-0.25286811822469796,-0.19535301211226117,-0.3862567052892517,0.7592674399593856
17961,-0.859224695863032,7.20390992654919,-0.006174959262618137,3.468659588573804,1.7131485226590855
17962,-0.2812070007934026,-0.1759941177631115,-0.15851825861084878,0.5495692992342963,1.0798023786803375
17963,1.290427889106664,-0.1759941177631115,-0.1601665009462132,0.13746243485695406,-0.21392297639820285
17964,-0.8114546384192609,-0.32974211868628445,-0.17262873658692002,0.017264599413562565,0.2610866315858582
17965,-0.7827926039529983,1.7458558937765503,0.28052986958605475,4.344386675375657,1.6011543874433314
17966,-0.7827926039529983,0.28524988500640736,-0.06869874687663843,9.34800645066384e-05,1.4659890518381107
17967,0.8127273146689539,-0.32974211868628445,-0.1892351243851145,-0.19737439244963653,-0.8820259209611505
17968,0.822281326157708,-0.1759941177631115,-0.16381756548068424,0.20614691225317777,-0.5190104481928437
17969,-0.16655886292835215,1.053989889622272,-0.041664109882680496,0.2662458299748735,1.1338685129224257
17970,0.048406395568617464,-0.4066161191478709,-0.1657324352526517,-0.47211230203453136,-1.0558099238821486
17971,1.658257331423701,-0.4066161191478709,-0.19349285290520707,-0.5236256600816991,-1.0558099238821486
17972,0.19171656789993052,-0.4066161191478709,-0.1953453941855011,-0.44635562301094744,-1.0558099238821486
17973,-0.7159145235317189,-0.4066161191478709,-0.18136649858074044,-0.5751390181288669,-1.0558099238821486
17974,-0.8448936786299006,-0.022246116839938542,-0.084269096635461,1.6914487359465153,0.42328503431212294
17975,-0.8878867303292945,1.3614858914686179,0.2590390056570514,1.3823685876635088,0.7785767736172743
17976,0.8175043204133309,-0.4066161191478709,-0.18242262024520714,-0.22313107147322042,-1.0558099238821486
17977,-0.8210086499080151,-0.32974211868628445,-0.10003404979606398,0.1031201961588422,0.3769426335331902
17978,0.7840652802026912,-0.1759941177631115,-0.12437401833334005,-0.17161771342605264,0.3576332998753015
17979,-0.7923466154417526,-0.1759941177631115,-0.1539855921885967,0.2920025089984574,-0.19075177600873644
17980,-0.17133586867272924,-0.1759941177631115,-0.13457303718750452,-0.35191446659113984,-0.17530430908242553
17981,0.9990305386996609,-0.4066161191478709,-0.18814783847481112,-0.557967898779811,-1.0558099238821486
17982,2.2888220896814784,-0.4066161191478709,-0.19513832508538598,-0.5923101374779228,-1.0558099238821486
17983,0.9273754525340043,-0.4066161191478709,-0.192816242501152,-0.5064545407326432,-1.0558099238821486
17984,-0.26687598356027126,-0.09912011730152501,-0.12491419859450989,1.090459558729558,1.2342770479434466
17985,-0.8544476901186548,-0.4066161191478709,-0.16098438926472805,-0.5322112197562271,-1.0558099238821486
17986,-0.6920294948098333,-0.4066161191478709,-0.20326734547719574,-0.6953368535722584,-1.0558099238821486
17987,-0.0757957537851872,-0.09912011730152501,-0.13784736061674943,0.4894703815126006,0.3537714331437238
17988,-0.906994753306803,0.5927458868527532,-0.17080528193607364,0.2834169493239294,1.7285959895853964
17989,0.8509433606239707,-0.4066161191478709,-0.1903494193084764,-0.4806978617090593,-1.0558099238821486
17990,0.16783153917804502,-0.022246116839938542,-0.09891490710112749,-0.36050002626566785,0.8596759749804067
17991,0.1152844759898969,-0.25286811822469796,-0.18391088611860967,-0.3862567052892517,0.3576332998753015
17992,0.8987134180677416,-0.4066161191478709,-0.18719490509100378,-0.28322998919491615,-1.0558099238821486
17993,1.987870727785721,-0.4066161191478709,-0.18905714191444697,-0.18878883277510855,-1.0558099238821486
17994,-0.3815241214253217,0.36212388546799384,-0.047499441780907536,1.2449996328710613,0.8712615751751399
17995,0.3827967976750146,-0.25286811822469796,-0.1703939138910289,-0.4635267423600034,-0.6464520503349088
17996,0.8509433606239707,-0.25286811822469796,-0.17130460240825754,-0.16303215375152466,-0.4108781797086672
17997,-0.6060433914110456,0.1315018840832344,-0.06879985754090868,0.4379570234654328,-0.7082419180401526
17998,0.8557203663683477,-0.25286811822469796,-0.16043797615439084,-0.21454551179869244,0.32673836602267964
17999,-0.7827926039529983,-0.25286811822469796,-0.16810992094059538,0.36927254606920906,0.2610866315858582
18000,1.7346894233337347,-0.4066161191478709,-0.1961030316287316,-0.6524090551996186,-1.0558099238821486
18001,-0.9022177475624259,-0.022246116839938542,-0.14070754584576411,0.32634474769656924,1.7440434565117073
18002,0.8318353376464622,-0.1759941177631115,-0.18778425560671602,-0.2574733101713323,0.3190146325595242
18003,0.8366123433908393,-0.4066161191478709,-0.18022588718311644,-0.5064545407326432,-1.0558099238821486
18004,0.7697342629695599,-0.4066161191478709,-0.19377125350134844,-0.42918450366189154,-1.0558099238821486
18005,-0.9452107992618198,-0.32974211868628445,-0.18902390005222117,-0.2574733101713323,-0.8858877876927282
18006,-0.8496706843742777,-0.1759941177631115,-0.13756549732662618,-0.21454551179869244,1.6436349214906862
18007,0.913044435300873,-0.4066161191478709,-0.18980300619813922,-0.30898666821850007,-1.0558099238821486
18008,-0.6251514143885539,1.2846118910070314,1.1636851218873565,-0.04283431830813318,1.3848898504749783
18009,0.1630545334336679,0.1315018840832344,-0.05621157983926221,0.5409837395597683,0.5545885031857659
18010,0.26337165406558705,-0.4066161191478709,-0.19260224801307319,-0.5837245778033949,-1.0558099238821486
18011,0.822281326157708,-0.32974211868628445,-0.17625902495749993,-0.16303215375152466,-0.3066077779560684
18012,2.4942333366896934,-0.4066161191478709,-0.19672285385148416,-0.5923101374779228,-1.0558099238821486
18013,-0.21910592611650026,-0.32974211868628445,-0.19173726705640506,-0.4377700633364195,-1.0558099238821486
18014,-0.8257856556523923,-0.4066161191478709,-0.19347346181890868,-0.45494118268547545,-1.0558099238821486
18015,-0.9404337935174427,-0.4066161191478709,-0.19639528300080042,-0.30898666821850007,-1.0558099238821486
18016,-0.8066776326748838,0.05462788362164793,-0.06934696319004226,0.2834169493239294,1.4505415849117997
18017,-0.5726043512004059,-0.1759941177631115,-0.15706115698328296,-0.6953368535722584,0.2958434321700578
18018,-0.44362519610222406,-0.1759941177631115,-0.1840708625805715,-0.33474334724208393,0.149092496370104
18019,-0.7159145235317189,-0.4066161191478709,-0.2020450145015999,-0.6609946148741466,-1.0558099238821486
18020,1.6343723027018153,-0.4066161191478709,-0.19151634718036253,-0.6008956971524508,-1.0558099238821486
18021,1.471954107392994,-0.32974211868628445,-0.189720594081371,-0.42918450366189154,-1.0442243236874154
18022,-0.7923466154417526,-0.09912011730152501,-0.10032491609054006,1.9232588471587704,0.9176039759540727
18024,-0.23343694334963158,-0.32974211868628445,-0.17771404896867665,-0.5236256600816991,-1.0558099238821486
18025,0.8509433606239707,-0.022246116839938542,-0.12314614704737321,0.008679039739034602,-0.12896190830349274
18026,1.4289610556936,-0.32974211868628445,-0.06107043203460531,-0.6008956971524508,-1.0365005902242599
18027,-0.4913952535459951,-0.4066161191478709,-0.19672216131268783,-0.5236256600816991,-1.0558099238821486
18028,1.8254525324768995,-0.4066161191478709,-0.1914076185893322,-0.6695801745486745,-1.0558099238821486
18029,2.1072958713951486,-0.4066161191478709,-0.174667570803438,-0.549382339105283,-1.0558099238821486
18030,-0.9404337935174427,-0.32974211868628445,-0.18873441883533784,-0.6352379358505627,-0.9090589880821947
18031,0.8461663548795936,-0.4066161191478709,-0.1734535502933986,-0.28322998919491615,-1.0558099238821486
18032,0.635978102127001,-0.4066161191478709,-0.19961766602031744,-0.6609946148741466,-1.0558099238821486
18033,-0.6490364431104395,-0.4066161191478709,-0.19821042718609036,-0.42918450366189154,-1.0558099238821486
18034,-0.859224695863032,-0.25286811822469796,-0.152476550151303,0.858649447517303,0.31129089909636876
18035,-0.7923466154417526,-0.09912011730152501,-0.11743200943851119,-0.2574733101713323,0.2958434321700578
18036,-0.8066776326748838,0.36212388546799384,-0.09767664773321508,1.1934862748238935,1.6050162541749091
18037,-0.22388293186087738,0.6696198873143396,-0.19311334164479543,-0.4377700633364195,1.1995202473592472
18038,1.6964733773787177,-0.4066161191478709,-0.19490978728258335,-0.48928342138358727,-1.0558099238821486
18039,0.8270583319020851,-0.1759941177631115,-0.1667414642789651,0.4722992621635446,-0.028553373282471695
18040,-0.8687787073517862,-0.32974211868628445,-0.17997034036725532,-0.549382339105283,-0.18302804254558097
18041,-0.906994753306803,2.4377218979308286,0.3506231062444166,3.279777275734189,1.5818450537854427
18042,-0.7063605120429647,-0.32974211868628445,-0.18523709791366127,-0.5923101374779228,0.8287810411277848
18043,-0.8448936786299006,-0.25286811822469796,-0.16805244022049654,0.20614691225317777,0.26494849831743594
18044,-0.9404337935174427,0.900241888699099,0.03806926682117396,0.395029225092793,1.0913879788750707
18045,-0.7445765579979815,-0.4066161191478709,-0.19235708927915765,-0.33474334724208393,-1.0558099238821486
18046,2.1407349116057883,-0.4066161191478709,-0.1915752129780541,-0.4806978617090593,-1.0558099238821486
18047,0.8604973721127248,-0.32974211868628445,-0.18212482856276732,-0.06859099733171707,-1.0558099238821486
18048,0.010190349613600646,-0.25286811822469796,-0.1773573914885453,-0.22313107147322042,0.06413142827539388
18049,1.1280096937978425,-0.32974211868628445,-0.17001717278580275,9.34800645066384e-05,-0.4649443139507554
18050,0.7554032457364286,-0.32974211868628445,-0.17617107253036074,-0.5150401004071712,-0.9245064550085056
18051,2.0690798254401317,0.05462788362164793,-0.04665108175535233,-0.35191446659113984,-0.6850707176506862
18052,1.7346894233337347,-0.4066161191478709,0.5485790883380696,-0.5665534584543389,-1.0558099238821486
18053,-0.6251514143885539,-0.25286811822469796,-0.165159013129256,-0.45494118268547545,0.7090631724488752
18054,0.913044435300873,-0.4066161191478709,-0.19248451641769002,-0.6094812568269787,-1.0558099238821486
18055,-0.9261027762843114,0.5927458868527532,0.4977093435893904,2.043456682602162,0.5121079691384108
18056,0.4162358378856543,-0.32974211868628445,-0.16629962452688005,-0.4635267423600034,0.21860609753850316
18057,0.9178214410452501,-0.25286811822469796,-0.12240236038007012,0.3349303073710972,0.091164495396438
18058,-0.9165487647955571,-0.25286811822469796,-0.151101168101709,-0.6008956971524508,1.4852983854959994
18059,-0.8496706843742777,-0.25286811822469796,-0.1834842822200448,-0.557967898779811,-0.8858877876927282
18060,0.9894765272109066,-0.32974211868628445,-0.1226101220189816,-0.06859099733171707,-0.4533587137560222
18061,-0.859224695863032,1.6689818933149638,0.21661961930169854,-0.44635562301094744,1.7015629224643523
18062,-0.13311982271771242,-0.022246116839938542,-0.09163909450644751,-0.30898666821850007,0.5816215703068099
18063,0.9034904238121187,-0.32974211868628445,-0.1917850522333547,-0.6867512938977305,-0.11737630810875954
18064,-0.3242000524927965,0.36212388546799384,0.10567628920056177,-0.2488877504968043,1.0411837113645601
18065,-0.9356567877730656,1.7458558937765503,0.20157906172210022,0.9530906039371105,1.7440434565117073
18066,-0.6012663856666685,-0.25286811822469796,-0.10495453794428417,-0.3862567052892517,0.2572247648542805
18067,-0.768461586719867,-0.4066161191478709,-0.17726043605705327,-0.39484226496377967,-1.0558099238821486
18068,0.42101284363003144,-0.4066161191478709,-0.19766470661454957,-0.6953368535722584,-1.0558099238821486
18069,-0.8353396671411465,0.36212388546799384,0.10450520609589742,4.464584510819048,1.3501330498907786
18070,2.23627502649333,-0.4066161191478709,-0.18295518257961688,-0.6266523761760346,-1.0558099238821486
18071,0.26814865980996416,-0.022246116839938542,-0.12370294823965597,-0.2574733101713323,0.7863005070804298
18072,-0.0757957537851872,-0.4066161191478709,-0.18757164619622993,-0.549382339105283,-1.0558099238821486
18073,-0.4149631616359615,0.4389978859295803,0.06259968352745222,-0.5064545407326432,-0.7352749851611967
18074,0.822281326157708,-0.32974211868628445,-0.13410765111634282,-0.3862567052892517,-0.5460435153138878
18075,-0.8496706843742777,1.053989889622272,0.19580744339313935,0.8414783281682471,0.7785767736172743
18076,0.8557203663683477,-0.4066161191478709,-0.19421655594741535,-0.6352379358505627,-1.0558099238821486
18077,-0.9213257705399343,0.900241888699099,0.07776420555160102,0.5066415008616565,1.7401815897801296
18078,0.07706843003488008,-0.1759941177631115,-0.15446205888050035,-0.14586103440246875,0.5314173027962995
18079,-0.7445765579979815,-0.09912011730152501,0.08643063604939517,0.21473247192770573,0.6665826384015201
18080,-0.8735557130961633,-0.32974211868628445,-0.11942167340048677,-0.6867512938977305,-0.19075177600873644
18081,-0.7875696096973754,-0.25286811822469796,-0.18092258121226626,-0.5837245778033949,-0.6812088509191084
18082,-0.8401166728855235,-0.4066161191478709,-0.157557014761485,-0.17161771342605264,-1.0558099238821486
18083,0.9369294640227585,-0.4066161191478709,-0.17260657534543614,-0.39484226496377967,-1.0558099238821486
18084,-0.8831097245849174,-0.25286811822469796,-0.14963506346979033,-0.6438234955250907,0.3808045002647679
18085,0.6168700791494927,-0.1759941177631115,-0.11177950778252624,-0.3433289069166119,0.09502636212801574
18086,0.3493577574643749,-0.4066161191478709,-0.19768963801121892,-0.6438234955250907,-1.0558099238821486
18087,-0.4913952535459951,0.8233678882375126,0.8175847031678737,-0.326157787567556,1.4157847843276001
18088,-0.6681444660879479,-0.4066161191478709,-0.19320960453749106,-0.4034278246383076,-1.0558099238821486
18089,1.1710027454972365,-0.4066161191478709,-0.1750360014431077,-0.6266523761760346,-1.0558099238821486
18090,1.051577601887809,-0.4066161191478709,-0.18241500231844704,-0.30040110854397206,-1.0558099238821486
18091,1.8732225899206705,-0.4066161191478709,-0.17971756370657968,-0.48928342138358727,-1.0558099238821486
18092,-0.949987805006197,0.900241888699099,0.8128892901284741,-0.3433289069166119,1.7749383903643292
18093,-0.5152802822678806,0.1315018840832344,0.10365961622552769,-0.33474334724208393,0.9716701101961609
18094,-0.5726043512004059,0.5158718863911668,0.23792973060484887,-0.23171663114774838,1.3385474496960454
18095,0.5308839757507048,-0.09912011730152501,-0.04520990852010305,-0.3862567052892517,0.05254582808066068
18096,-0.906994753306803,-0.022246116839938542,-0.0898938967395911,1.8631599294370746,0.8828471753698731
18097,-0.9261027762843114,0.36212388546799384,0.1157935884767544,0.03443571876261849,1.70542478919593
18098,0.9321524582783813,-0.4066161191478709,-0.1681459329580067,0.02585015908809053,-1.0558099238821486
18099,-0.35286208695905913,-0.4066161191478709,-0.19305170569191837,-0.5407967794307551,-1.0558099238821486
18100,1.667811342912455,-0.4066161191478709,-0.17343554428469293,-0.44635562301094744,-1.0558099238821486
18101,-0.906994753306803,-0.09912011730152501,-0.16163122050053913,0.06019239778620238,1.504607719153888
18102,-0.9595418164949511,10.66323994732058,40.03089871273591,2.575761382422896,1.7942477240222179
18103,1.663034337168078,-0.4066161191478709,-0.1973807657080372,-0.6180668165015067,-1.0558099238821486
18104,-0.7827926039529983,-0.4066161191478709,-0.15244607844426267,-0.37767114561472376,-1.0558099238821486
18105,-0.7827926039529983,-0.4066161191478709,-0.19684889591242383,-0.549382339105283,-1.0558099238821486
18106,0.6120930734051155,-0.022246116839938542,-0.10490883038372364,0.377858105743737,0.34990956641214604
18107,1.151894722519728,-0.4066161191478709,-0.19321999261943665,-0.37767114561472376,-1.0558099238821486
18108,0.25381764257683287,-0.25286811822469796,-0.14592444059883133,-0.33474334724208393,0.8094717074698962
18109,-0.954764810750574,2.4377218979308286,0.4570621640139524,1.0389462006823902,0.9716701101961609
18110,-0.8687787073517862,-0.32974211868628445,-0.17754091426958374,-0.20595995212416449,0.45804183489632255
18111,1.854114566943162,-0.4066161191478709,-0.1766011391229075,-0.47211230203453136,-1.0558099238821486
18112,-0.9022177475624259,-0.1759941177631115,-0.15114964581745502,-0.19737439244963653,1.0257362444382492
18113,0.7983962974358225,-0.4066161191478709,-0.19942237007974065,-0.6953368535722584,-1.0558099238821486
18114,0.42578984937440856,-0.4066161191478709,-0.1894650472655099,-0.4635267423600034,-1.0558099238821486
18115,2.370031187335889,-0.4066161191478709,-0.20403606354116824,-0.6781657342232025,-1.0558099238821486
18116,-0.6394824316216853,0.5158718863911668,-0.056886112626928165,1.9661866455314103,0.2726722317805914
18117,-0.8401166728855235,-0.4066161191478709,-0.18284783906617927,-0.12010435537888485,-1.0558099238821486
18118,-0.9117717590511801,1.7458558937765503,0.2261219441267132,3.1080660822436297,0.3769426335331902
18119,0.7936192916914454,-0.4066161191478709,-0.19219365012321396,-0.45494118268547545,-1.0558099238821486
18120,0.06273741280174877,-0.4066161191478709,-0.1970102574519784,-0.557967898779811,-1.0558099238821486
18121,-0.24776796058276288,-0.32974211868628445,-0.1594642666066924,-0.4635267423600034,-1.0365005902242599
18122,-0.9213257705399343,-0.022246116839938542,-0.08053146475144352,1.348026348965397,-0.5074248479981105
18123,-0.8448936786299006,-0.25286811822469796,-0.1585404198523327,-0.2488877504968043,0.8326429078593626
18124,1.295204894851041,-0.4066161191478709,-0.19759891542889424,-0.5322112197562271,-1.0558099238821486
18125,-0.8210086499080151,-0.1759941177631115,-0.12632974789429344,0.7041093733757996,0.05254582808066068
18126,-0.672921471832325,-0.4066161191478709,-0.1907933366769506,-0.2574733101713323,-1.0558099238821486
18127,-0.8687787073517862,-0.1759941177631115,-0.16619366609103517,-0.22313107147322042,0.4271469010437007
18128,1.6057102682355529,-0.4066161191478709,-0.17705544457332728,-0.3433289069166119,-1.0558099238821486
18129,0.20127057938868473,-0.4066161191478709,-0.19691330202048635,-0.5923101374779228,-1.0558099238821486
18130,-0.8878867303292945,-0.25286811822469796,-0.1313409586248383,-0.20595995212416449,-0.8936115211558837
18131,2.0547488082070005,-0.4066161191478709,-0.1892669811697476,-0.6695801745486745,-1.0558099238821486
18132,1.4480690786711083,-0.4066161191478709,-0.18946296964912074,-0.18878883277510855,-1.0558099238821486
18133,0.053183401312994566,-0.4066161191478709,-0.14019783729163462,-0.6953368535722584,-1.0558099238821486
18134,1.897107618642556,-0.32974211868628445,-0.1738898497351127,-0.47211230203453136,-0.6850707176506862
18135,-0.8210086499080151,0.28524988500640736,-0.11816679310146146,-0.5064545407326432,1.2806194487223794
18136,-0.6585904545991936,-0.09912011730152501,-0.0917298170887722,-0.04283431830813318,0.4425943679700116
18137,1.6725883486568323,-0.32974211868628445,-0.19459745228541975,-0.4806978617090593,-1.0558099238821486
18138,0.44967487809629403,-0.4066161191478709,-0.19413622144703627,-0.6352379358505627,-1.0558099238821486
18139,-0.8783327188405403,-0.022246116839938542,0.37967995652377956,-0.4034278246383076,-1.0519480571505708
18140,1.2999819005954183,-0.4066161191478709,-0.16755935259747998,-0.28322998919491615,-1.0558099238821486
18141,0.9560374870002669,-0.32974211868628445,-0.14359335501024456,-0.37767114561472376,-0.3297789783455348
18142,-0.20955191462774606,-0.32974211868628445,-0.13410211080597184,-0.6266523761760346,-0.83182165345064
18143,-0.40540915014720724,-0.32974211868628445,-0.13544286591574725,-0.19737439244963653,-0.9592632555927052
18144,-0.9261027762843114,0.9771158891606855,0.13414794419699078,-0.26605886984586025,1.7092866559275077
18145,-0.9022177475624259,0.36212388546799384,0.1837884325821103,1.4424675053852045,1.720872256122241
18146,-0.2907610122821568,-0.32974211868628445,-0.19360296657383017,-0.6180668165015067,-0.7468605853559299
18147,-0.7445765579979815,-0.32974211868628445,-0.1922878353995205,-0.6438234955250907,-0.8125123197927513
18148,2.126403894372657,-0.4066161191478709,-0.19689252585659522,-0.6266523761760346,-1.0558099238821486
18149,-0.720691529276096,0.05462788362164793,-0.09709006737268833,-0.24030219082227633,1.203382114090825
18150,-0.8066776326748838,-0.25286811822469796,-0.16546996304882686,-0.45494118268547545,-0.4031544462455117
18151,-0.3194230467484194,-0.022246116839938542,-0.07454931462838567,0.146047994531482,0.9176039759540727
18152,2.126403894372657,-0.4066161191478709,-0.1751578882712691,-0.6180668165015067,-1.0558099238821486
18153,2.1885049690495593,-0.4066161191478709,-0.1876561359293873,-0.557967898779811,-1.0558099238821486
18154,-0.9452107992618198,-0.09912011730152501,-0.14012165802403376,-0.41201338431283563,0.8249191743962071
18155,-0.6012663856666685,-0.25286811822469796,-0.1789716994228875,-0.5407967794307551,-0.22164670986135832
18156,-0.9022177475624259,-0.32974211868628445,-0.15791713493559825,0.15463355420601,0.3228764992911019
18157,1.7681284635443744,-0.4066161191478709,-0.18989442131926026,-0.48928342138358727,-1.0558099238821486
18158,-0.9165487647955571,-0.32974211868628445,-0.17330811714616057,-0.4978689810581152,-0.7507224520875077
18159,0.47833691256255667,-0.4066161191478709,-0.16799288188400857,-0.5064545407326432,-1.0558099238821486
18160,-0.6872524890654563,-0.25286811822469796,-0.135185241483497,-0.22313107147322042,0.21474423080692542
18161,-0.8878867303292945,-0.022246116839938542,-0.07983615579988643,-0.21454551179869244,0.34990956641214604
18162,2.5372263883890875,-0.4066161191478709,-0.17897931734964756,-0.317572227893028,-1.0558099238821486
18163,1.8302295382212765,-0.4066161191478709,-0.15423282853890136,-0.4205989439873636,-1.0558099238821486
18164,-0.7827926039529983,-0.4066161191478709,-0.17703051317665788,-0.4978689810581152,-1.0558099238821486
18165,-0.114011799740204,-0.4066161191478709,-0.18376129773859343,-0.6180668165015067,-1.0558099238821486
18166,2.0165327622519835,-0.4066161191478709,-0.19255377029732718,-0.6180668165015067,-1.0558099238821486
18167,-0.8496706843742777,-0.25286811822469796,-0.108800898419332,-0.4978689810581152,-0.7391368518927744
18168,-0.11878880548458111,0.7464938877759261,0.0332138773198127,1.090459558729558,1.1068354458013816
18169,-0.672921471832325,-0.4066161191478709,-0.1906735274651783,-0.6266523761760346,-1.0558099238821486
18170,-0.8019006269305068,0.20837588454482087,-0.005395160577903706,-0.19737439244963653,1.520055186080199
18171,-0.6824754833210792,0.20837588454482087,-0.03591465279520352,-0.05141987798266114,1.4350941179854888
18172,-0.8926637360736717,3.5139579043930396,1.0049663103797288,0.8071360894701352,1.7015629224643523
18173,-0.5487193224785203,-0.09912011730152501,-0.017974435275197344,-0.41201338431283563,0.9755319769277386
18174,-0.9261027762843114,-0.32974211868628445,-0.19345407073261026,-0.6953368535722584,1.2458626481381798
18175,2.2649370609595927,-0.4066161191478709,-0.1925122179695449,-0.6438234955250907,-1.0558099238821486
18176,0.7506262399920515,-0.4066161191478709,-0.17171874060848777,-0.44635562301094744,-1.0558099238821486
18177,-0.8114546384192609,0.20837588454482087,-0.05121906765621938,-0.13727547472794077,1.6204637211012198
18178,-0.348085081214682,0.36212388546799384,0.21799984912286707,1.047531760356918,0.9948413105856273
18179,-0.9165487647955571,0.1315018840832344,-0.028280105104003042,0.16321911388053795,1.4698509185696884
18180,-0.9404337935174427,-0.022246116839938542,-0.0770209855926359,0.22331803160223368,-0.5228723149244214
18181,-0.8448936786299006,-0.09912011730152501,-0.12241067084562658,0.4894703815126006,1.689977322269619
18182,1.2522118431516471,-0.4066161191478709,-0.18454594419488243,-0.6180668165015067,-1.0558099238821486
18183,0.1248384874786511,-0.32974211868628445,-0.16093452647138928,-0.39484226496377967,-0.874302187497995
18184,-0.8878867303292945,-0.4066161191478709,-0.20125898296771813,-0.6953368535722584,-1.0558099238821486
18185,0.22993261385494734,-0.4066161191478709,-0.18363733329404291,-0.557967898779811,-1.0558099238821486
18186,2.4894563309453166,-0.4066161191478709,-0.18188313252283367,-0.6094812568269787,-1.0558099238821486
18187,2.0547488082070005,-0.4066161191478709,-0.15450638136346814,-0.2918155488694441,-1.0558099238821486
18188,-0.8878867303292945,-0.022246116839938542,0.022485758825220338,0.11170575583337017,1.2922050489171126
18189,-0.5917123741779142,-0.25286811822469796,-0.1074940777105788,-0.025663198959077253,1.0604930450224488
18190,-0.042356713574547476,-0.09912011730152501,-0.15307074843858984,-0.41201338431283563,0.9716701101961609
18191,0.2872566827874726,-0.32974211868628445,-0.16804482229373643,-0.5751390181288669,-0.22164670986135832
18192,-0.6203744086441768,-0.4066161191478709,-0.13836468709763902,-0.317572227893028,-1.0558099238821486
18193,-0.17133586867272924,-0.25286811822469796,-0.12109415459372419,-0.13727547472794077,0.013927160764883359
18194,-0.5678273454560288,-0.022246116839938542,0.08352959103139454,-0.5064545407326432,1.2535863816013353
18195,0.8891594065789875,-0.4066161191478709,-0.19770210370955363,-0.6609946148741466,-1.0558099238821486
18196,-0.5057262707791264,-0.1759941177631115,-0.10379176530517625,1.099045118404086,1.0180125109750937
18197,1.7872364865218826,-0.4066161191478709,-0.1887725084691383,-0.6266523761760346,-1.0558099238821486
18198,-0.9404337935174427,0.8233678882375126,0.17103325303053832,-0.008492079610021325,0.22632983100165863
18199,2.3031531069146096,-0.4066161191478709,-0.18083255116873795,-0.5322112197562271,-1.0558099238821486
18200,-0.4531792075909783,-0.4066161191478709,-0.19429550537020177,-0.45494118268547545,-1.0558099238821486
18201,2.4894563309453166,-0.4066161191478709,-0.17371463741963067,-0.47211230203453136,-1.0558099238821486
18202,-0.008917673363907763,-0.25286811822469796,-0.10796084885933326,-0.23171663114774838,-0.6232808499454424
18203,-0.20955191462774606,-0.1759941177631115,-0.1705989053747549,-0.36050002626566785,1.1609015800434699
18204,-0.6203744086441768,-0.25286811822469796,-0.0679071750323857,0.6611815750031599,-0.5885240493612428
18205,-0.7875696096973754,-0.32974211868628445,-0.16887863900456784,-0.44635562301094744,-0.9090589880821947
18206,1.6821423601455865,-0.4066161191478709,-0.1829164004070201,-0.5407967794307551,-1.0558099238821486
18207,1.4241840499492229,-0.4066161191478709,-0.16700116632760448,-0.4377700633364195,-1.0558099238821486
18208,1.7394664290781117,-0.4066161191478709,-0.1797708891939003,-0.557967898779811,-1.0558099238821486
18209,-0.8257856556523923,-0.4066161191478709,-0.1950746115161198,-0.6352379358505627,-1.0558099238821486
18210,-0.954764810750574,0.05462788362164793,-0.01295560661789241,0.2920025089984574,0.41556130084896753
18211,-0.8401166728855235,-0.09912011730152501,-0.16315065061977838,-0.3862567052892517,-0.07875764079298221
18212,0.5977620561719842,-0.32974211868628445,-0.16908570810468296,-0.36050002626566785,0.29970529890163555
18213,0.16783153917804502,-0.4066161191478709,-0.18860768423560184,-0.5751390181288669,-1.0558099238821486
18214,1.5722712280249131,-0.1759941177631115,-0.08141237410042818,-0.37767114561472376,-0.9631251223242829
18215,-0.534388305245389,-0.09912011730152501,-0.05009923242248653,-0.2488877504968043,1.0064269107803605
18216,-0.8114546384192609,-0.4066161191478709,-0.17134476965844708,-0.4806978617090593,-1.0558099238821486
18217,-0.8210086499080151,-0.1759941177631115,-0.1392601397613475,-0.4205989439873636,0.8635378417119844
18218,0.048406395568617464,-0.1759941177631115,-0.1270160538414977,-0.48928342138358727,0.6781682385962533
18219,-0.949987805006197,0.8233678882375126,0.027479656085855883,0.043021278437146454,1.763352790169596
18220,0.120061481734274,-0.022246116839938542,-0.07161849044214108,-0.557967898779811,0.8673997084435622
18221,-0.8544476901186548,-0.022246116839938542,-0.10602520292347464,-0.09434767635530096,0.365357033338457
18222,-0.5200572880122577,-0.4066161191478709,-0.17402835749438703,-0.5407967794307551,-1.0558099238821486
18223,-0.9404337935174427,1.5152338923917907,0.7649053545442756,0.9445050442625826,1.7672146569011737
18224,0.2968106942762268,-0.4066161191478709,-0.19369992200532218,-0.6180668165015067,-1.0558099238821486
18225,-0.9452107992618198,1.5152338923917907,0.6966175665280544,1.579836460177652,1.7710765236327515
18226,-0.7493535637423586,1.5152338923917907,0.6179506995706122,1.8631599294370746,1.2613101150644908
18227,0.07706843003488008,-0.32974211868628445,-0.17778538046470294,-0.6524090551996186,-0.024691506550893964
18228,-0.6920294948098333,-0.32974211868628445,-0.150696725444628,-0.5064545407326432,-0.9669869890558606
18229,-0.906994753306803,1.6689818933149638,0.49825437162213493,-0.07717655700624504,1.7440434565117073
18230,-0.9165487647955571,0.20837588454482087,0.09246472658218088,-0.3433289069166119,0.9369133096119614
18231,-0.042356713574547476,1.6689818933149638,0.2699700380189807,1.1677295958003098,0.898294642296184
18232,-0.5726043512004059,-0.1759941177631115,-0.16364235316520223,-0.4377700633364195,-0.6078333830191315
18233,0.5929850504276071,-0.4066161191478709,-0.1742361191332985,-0.6953368535722584,-1.0558099238821486
18234,1.6725883486568323,-0.4066161191478709,-0.19226982939081483,-0.44635562301094744,-1.0558099238821486
18235,-0.6203744086441768,-0.25286811822469796,-0.08029461648308442,0.15463355420601,-0.49197738107179956
18236,-0.8210086499080151,0.4389978859295803,-0.08037287336707442,-0.01707763928454929,1.1609015800434699
18237,-0.949987805006197,-0.09912011730152501,-0.13634732158380855,-0.36050002626566785,-0.5460435153138878
18238,1.5006161418592565,-0.4066161191478709,-0.1859455651023494,-0.5837245778033949,-1.0558099238821486
18239,0.08184543577925718,-0.022246116839938542,-0.08612717822612599,0.02585015908809053,-0.2679891106402911
18240,-0.7397995522536044,-0.4066161191478709,-0.17544252171657782,-0.6524090551996186,-1.0558099238821486
18241,-0.9165487647955571,1.1308638900838586,0.00215281976375029,0.16321911388053795,1.2922050489171126
18242,-0.6155974028997997,0.1315018840832344,0.04496695323303504,0.2662458299748735,1.3578567833539341
18243,1.0181385616771692,-0.4066161191478709,-0.16898806013439455,-0.4806978617090593,-1.0558099238821486
18244,1.0945706535872028,-0.32974211868628445,-0.16532730005677432,-0.5407967794307551,-0.7777555192085517
18245,-0.9261027762843114,1.053989889622272,0.23332157745379223,2.1808256373946096,1.3926135839381337
18246,-0.8496706843742777,-0.25286811822469796,-0.15215659722737931,-0.6781657342232025,1.2072439808224027
18247,1.0181385616771692,-0.25286811822469796,-0.14655326582593675,-0.4635267423600034,-0.21778484312978058
18248,-0.37674711568094466,-0.32974211868628445,-0.14902632186777973,-0.3690855859401958,-0.8086504530611736
18249,-0.8783327188405403,-0.4066161191478709,-0.19810516128904188,-0.6352379358505627,-1.0558099238821486
18250,0.5213299642619506,-0.4066161191478709,-0.18051952363277798,-0.5236256600816991,-1.0558099238821486
18251,-0.5439423167341432,0.20837588454482087,1.615205181268116,0.043021278437146454,1.3771661170118228
18252,-0.720691529276096,0.05462788362164793,-0.09849384351293355,0.36927254606920906,1.53550265300651
18253,2.1072958713951486,-0.4066161191478709,-0.1826934029145884,-0.6438234955250907,-1.0558099238821486
18254,1.8158985209881453,-0.4066161191478709,-0.18615471181885365,-0.5665534584543389,-1.0558099238821486
18255,-0.534388305245389,-0.32974211868628445,-0.18371351256164378,-0.5665534584543389,0.36149516660687925
18256,0.8891594065789875,-0.4066161191478709,-0.19704142169781513,-0.6180668165015067,-1.0558099238821486
18257,-0.7732385924642441,0.4389978859295803,0.11387040823923046,1.1763151554748377,1.3385474496960454
18258,1.2569888488960244,-0.022246116839938542,-0.06206768790138041,-0.44635562301094744,-0.6387283168717534
18259,-0.8448936786299006,0.05462788362164793,0.06828404196807027,-0.26605886984586025,1.6745298553433081
18260,-0.13789682846208953,1.2846118910070314,0.4841785205858823,1.116216237753142,1.0759405119487597
18261,-0.7541305694867357,-0.32974211868628445,-0.18225294824009608,-0.5407967794307551,-0.8549928538401064
18262,-0.2907610122821568,-0.25286811822469796,-0.16471094052800359,-0.36050002626566785,0.7283725061067639
18263,-0.8401166728855235,-0.25286811822469796,-0.12069178955303228,-0.19737439244963653,-0.17916617581400324
18264,1.4194070442048459,-0.4066161191478709,-0.1629304232825322,-0.39484226496377967,-1.0558099238821486
18265,-0.6155974028997997,-0.32974211868628445,-0.149200149105669,-0.326157787567556,-0.7236893849664635
18266,1.1136786765647113,-0.4066161191478709,-0.18731817699675793,-0.5837245778033949,-1.0558099238821486
18267,2.2506060437264614,-0.4066161191478709,-0.18605290861578702,-0.557967898779811,-1.0558099238821486
18268,-0.3194230467484194,-0.022246116839938542,-0.10150361712196451,-0.39484226496377967,1.2381389146750243
18269,0.7888422859470683,-0.4066161191478709,-0.1930316220668236,-0.6438234955250907,-1.0558099238821486
18270,-0.7780155982086212,-0.25286811822469796,-0.17392101398094942,-0.557967898779811,0.465765568359478
18271,1.9496546818307041,-0.32974211868628445,-0.15755632222268864,-0.5407967794307551,-0.5846621826296651
18272,-0.949987805006197,0.20837588454482087,0.09903830483734001,0.5409837395597683,1.4273703845223333
18273,-0.949987805006197,-0.1759941177631115,-0.17998419114318273,-0.6953368535722584,1.2149677142855582
18274,-0.816231644163638,-0.4066161191478709,-0.19252468366787956,-0.6094812568269787,-1.0558099238821486
18275,1.801567503755014,-0.32974211868628445,-0.1533318355648219,-0.5407967794307551,-0.4649443139507554
18276,-0.7541305694867357,-0.022246116839938542,-0.08998738947710126,-0.008492079610021325,1.593430653980176
18277,-0.6824754833210792,-0.09912011730152501,-0.12298478550781863,-0.2488877504968043,0.6279639710857428
18278,-0.6108203971554227,-0.32974211868628445,-0.17602286922793722,-0.5150401004071712,0.2224679642700809
18279,1.519724164836765,-0.4066161191478709,-0.1886866336583882,-0.5923101374779228,-1.0558099238821486
18280,0.3636887746975062,-0.32974211868628445,-0.17090154482876926,-0.4635267423600034,-0.6039715162875537
18281,-0.0996807825070727,-0.32974211868628445,-0.1907781008234304,-0.557967898779811,0.4773511685542112
18282,-0.9261027762843114,-0.32974211868628445,-0.1923771729042524,-0.6008956971524508,-0.5962477828243983
18283,-0.9452107992618198,1.207737890545445,-0.020153162328582382,2.318194592187057,1.4737127853012661
18284,1.0993476593315799,-0.4066161191478709,-0.1727346950227649,-0.4635267423600034,-1.0558099238821486
18285,2.1932819747939365,-0.4066161191478709,-0.17513641956858159,-0.6008956971524508,-1.0558099238821486
18286,1.3143129178285495,-0.32974211868628445,-0.11492501899564601,-0.12868991505341282,-0.1019288411824486
18287,-0.7589075752311129,0.05462788362164793,0.08498045980979302,0.32634474769656924,0.9871175771224718
