CustomerID,Country,Recency,Frequency,MonetaryValue,TotalItems,UniqueProducts,AverageOrderValue,AverageItemsPerOrder,CustomerLifetimeDays
12346,United Kingdom,326,12,77556.46,74285,27,6463.04,6190.42,400
12347,Iceland,3,8,4921.53,2967,126,615.19,370.88,402
12348,Finland,76,5,2019.40,2714,25,403.88,542.80,363
12349,Italy,19,4,4428.69,1624,138,1107.17,406.00,571
12350,Norway,311,1,334.40,197,17,334.40,197.00,0
12351,Unspecified,376,1,300.93,261,21,300.93,261.00,0
12352,Norway,37,10,2849.84,724,70,284.98,72.40,356
12353,Bahrain,205,2,406.76,212,23,203.38,106.00,204
12354,Spain,233,1,1079.40,530,58,1079.40,530.00,0
12355,Bahrain,215,2,947.61,543,35,473.81,271.50,353
12356,Portugal,23,6,6371.73,3416,104,1061.95,569.33,402
12357,Switzerland,34,3,18287.66,6587,261,6095.89,2195.67,355
12358,Austria,2,5,3887.07,1079,56,777.41,215.80,730
12359,Cyprus,58,10,8873.39,2739,305,887.34,273.90,677
12360,Austria,53,8,4252.89,2459,160,531.61,307.38,603
12361,Belgium,288,4,511.25,235,18,127.81,58.75,395
12362,Belgium,4,11,5356.23,2230,201,486.93,202.73,735
12363,Unspecified,110,2,552.00,408,23,276.00,204.00,133
12364,Belgium,8,4,1313.10,1506,70,328.27,376.50,105
12365,Cyprus,292,2,641.38,174,22,320.69,87.00,0
12366,Cyprus,634,1,500.24,296,3,500.24,296.00,0
12367,Denmark,5,1,168.90,173,11,168.90,173.00,0
12368,Cyprus,629,1,917.70,330,18,917.70,330.00,0
12369,Austria,414,3,1791.15,1241,90,597.05,413.67,228
12370,Cyprus,52,7,4316.56,2604,168,616.65,372.00,617
12371,Switzerland,45,5,4067.38,1436,134,813.48,287.20,601
12372,Denmark,72,3,1298.04,794,34,432.68,264.67,225
12373,Austria,312,3,1127.65,516,36,375.88,172.00,362
12374,Austria,26,4,2989.22,1362,79,747.31,340.50,563
12375,Finland,11,2,457.50,178,14,228.75,89.00,88
12376,Switzerland,390,2,503.15,240,11,251.57,120.00,28
12377,Switzerland,316,4,3426.32,2105,129,856.58,526.25,274
12378,Switzerland,130,2,5416.32,3316,281,2708.16,1658.00,433
12379,Belgium,82,4,1620.22,815,58,405.06,203.75,453
12380,Belgium,22,11,9676.30,3355,156,879.66,305.00,641
12381,Norway,5,5,1845.31,808,70,369.06,161.60,115
12383,Belgium,185,5,1850.56,1532,84,370.11,306.40,168
12384,Switzerland,29,2,585.27,126,26,292.63,63.00,93
12385,Belgium,380,1,1938.40,612,65,1938.40,612.00,0
12386,Australia,338,2,401.90,354,10,200.95,177.00,29
12387,Australia,416,1,143.94,134,9,143.94,134.00,0
12388,Australia,16,8,3901.11,2001,83,487.64,250.12,567
12389,Australia,403,3,1433.33,614,41,477.78,204.67,253
12390,Belgium,80,1,549.84,353,32,549.84,353.00,0
12391,Cyprus,22,6,2724.84,1204,241,454.14,200.67,641
12392,Australia,592,1,234.75,73,7,234.75,73.00,0
12393,Australia,73,6,2399.45,1311,63,399.91,218.50,356
12394,Belgium,64,2,1272.48,819,26,636.24,409.50,154
12395,Belgium,20,15,4721.17,3205,145,314.74,213.67,583
12396,RSA,675,1,931.43,591,65,931.43,591.00,0
12397,Belgium,36,2,2409.90,1263,110,1204.95,631.50,100
12398,Switzerland,46,1,1635.66,1394,85,1635.66,1394.00,0
12399,Belgium,120,7,1962.30,2198,67,280.33,314.00,525
12400,Australia,415,1,205.25,91,11,205.25,91.00,0
12401,Belgium,304,1,84.30,11,5,84.30,11.00,0
12402,Belgium,324,6,1256.90,584,43,209.48,97.33,347
12403,Denmark,50,2,1019.36,260,5,509.68,130.00,472
12404,Finland,683,1,63.24,1,1,63.24,1.00,0
12405,Finland,149,1,1710.39,857,54,1710.39,857.00,0
12406,Denmark,23,5,6390.36,3416,114,1278.07,683.20,675
12407,Belgium,50,5,1708.12,1416,57,341.62,283.20,215
12408,Belgium,33,8,4340.77,2229,104,542.60,278.62,466
12409,Switzerland,79,7,23419.29,13143,177,3345.61,1877.57,487
12410,Switzerland,309,3,1013.71,341,36,337.90,113.67,194
12411,Australia,410,1,346.90,138,22,346.90,138.00,0
12412,Denmark,75,6,2596.93,1997,82,432.82,332.83,465
12413,France,67,4,999.45,319,41,249.86,79.75,336
12414,Austria,218,6,952.41,495,21,158.73,82.50,246
12415,Australia,25,28,144458.37,91447,498,5159.23,3265.96,503
12416,Australia,657,1,202.56,132,11,202.56,132.00,0
12417,Belgium,4,20,6797.41,2884,270,339.87,144.20,730
12418,Switzerland,113,4,2021.20,1088,90,505.30,272.00,518
12419,Spain,386,2,503.01,231,23,251.50,115.50,28
12420,Cyprus,64,1,600.39,345,29,600.39,345.00,0
12421,Spain,16,6,1098.60,652,44,183.10,108.67,490
12422,Switzerland,96,17,5231.80,2596,137,307.75,152.71,626
12423,Belgium,1,10,2622.39,1793,128,262.24,179.30,465
12424,Australia,163,4,3340.03,2025,78,835.01,506.25,386
12425,Portugal,79,2,1741.41,1147,87,870.71,573.50,370
12426,Germany,195,2,1345.21,584,73,672.61,292.00,468
12427,Germany,22,3,825.80,533,26,275.27,177.67,350
12428,Finland,26,9,7956.46,3536,258,884.05,392.89,258
12429,Denmark,10,8,6204.41,2890,124,775.55,361.25,537
12430,Norway,44,1,256.40,117,11,256.40,117.00,0
12431,Australia,36,27,10432.22,4600,244,386.38,170.37,658
12432,Norway,43,5,5059.32,1801,107,1011.86,360.20,130
12433,Norway,1,10,16794.14,13534,285,1679.41,1353.40,476
12434,Australia,85,3,1103.43,532,62,367.81,177.33,297
12435,Denmark,80,6,13925.93,4958,88,2320.99,826.33,658
12436,Norway,100,1,509.01,211,16,509.01,211.00,0
12437,France,2,39,12683.40,8000,273,325.22,205.13,736
12438,Norway,15,2,2906.85,1180,84,1453.42,590.00,126
12439,Cyprus,683,2,1142.88,478,69,571.44,239.00,43
12440,Austria,463,2,859.20,331,21,429.60,165.50,255
12441,France,367,1,173.55,121,11,173.55,121.00,0
12442,Spain,4,1,172.06,182,12,172.06,182.00,0
12443,Norway,733,1,485.31,182,21,485.31,182.00,0
12444,Norway,22,5,5005.46,1153,138,1001.09,230.60,150
12445,Spain,23,2,434.98,206,24,217.49,103.00,398
12446,RSA,58,1,1002.31,351,57,1002.31,351.00,0
12447,Belgium,244,1,476.49,190,26,476.49,190.00,0
12448,Spain,45,1,449.45,243,22,449.45,243.00,0
12449,Belgium,23,6,4835.89,2282,125,805.98,380.33,416
12450,Spain,157,5,688.20,442,31,137.64,88.40,318
12451,Switzerland,11,8,12669.88,9359,352,1583.73,1169.88,519
12452,Switzerland,17,2,430.57,185,21,215.28,92.50,0
12453,Austria,135,1,707.09,473,43,707.09,473.00,0
12454,Spain,57,5,16679.78,7703,24,3335.96,1540.60,365
12455,Cyprus,74,10,5879.95,3302,199,588.00,330.20,648
12456,Switzerland,45,3,3181.04,1633,105,1060.35,544.33,210
12457,Switzerland,67,8,2995.91,1094,63,374.49,136.75,369
12458,Switzerland,72,4,1777.49,986,71,444.37,246.50,416
12459,Spain,606,1,454.36,258,23,454.36,258.00,0
12460,Belgium,457,1,326.65,170,18,326.65,170.00,0
12461,Switzerland,95,2,826.88,287,35,413.44,143.50,60
12462,Spain,19,2,1189.59,536,51,594.79,268.00,285
12463,Belgium,54,4,1344.78,776,65,336.19,194.00,188
12464,Belgium,11,8,1212.05,112,6,151.51,14.00,299
12465,Belgium,18,2,742.19,479,46,371.09,239.50,152
12466,France,683,1,56.73,1,1,56.73,1.00,0
12467,USA,424,1,132.80,129,9,132.80,129.00,0
12468,Germany,188,5,3670.74,2201,127,734.15,440.20,495
12469,Thailand,523,2,3070.54,2552,76,1535.27,1276.00,14
12470,Unspecified,690,1,211.95,95,23,211.95,95.00,0
12471,Germany,3,79,39918.19,16858,255,505.29,213.39,730
12472,Germany,33,19,16249.29,10378,397,855.23,546.21,693
12473,Germany,30,5,3928.05,2414,140,785.61,482.80,162
12474,Germany,18,31,12372.75,7940,369,399.12,256.13,649
12475,Germany,54,2,1149.64,771,54,574.82,385.50,356
12476,Germany,16,23,14083.91,5631,358,612.34,244.83,486
12477,Germany,23,9,20276.37,6119,295,2252.93,679.89,601
12478,Greece,4,1,680.99,236,36,680.99,236.00,0
12479,Germany,12,1,527.20,385,31,527.20,385.00,0
12480,Germany,29,7,5464.85,2952,177,780.69,421.71,479
12481,Germany,23,15,12185.51,7158,248,812.37,477.20,585
12482,Sweden,577,29,23691.40,27042,42,816.94,932.48,77
12483,Sweden,18,19,5097.18,2160,68,268.27,113.68,660
12484,Spain,33,12,6354.10,3266,329,529.51,272.17,649
12485,Sweden,530,1,708.10,414,34,708.10,414.00,0
12486,Sweden,432,1,1037.28,523,49,1037.28,523.00,0
12487,Sweden,731,1,285.30,174,2,285.30,174.00,0
12488,France,10,3,1298.66,529,46,432.89,176.33,66
12489,France,337,1,334.93,105,15,334.93,105.00,0
12490,France,6,21,9823.64,5906,195,467.79,281.24,733
12491,France,39,1,460.40,260,25,460.40,260.00,0
12492,Germany,64,3,715.21,444,38,238.40,148.00,340
12493,France,166,2,433.74,207,20,216.87,103.50,32
12494,France,16,9,1815.27,979,83,201.70,108.78,561
12495,Sweden,641,1,357.40,130,17,357.40,130.00,0
12496,Spain,621,2,45.34,30,10,22.67,15.00,0
12497,Germany,82,3,6248.50,5685,41,2082.83,1895.00,563
12498,Germany,22,3,403.70,159,21,134.57,53.00,36
12499,Germany,561,1,393.72,302,27,393.72,302.00,0
12500,Germany,24,19,5955.21,3377,88,313.43,177.74,650
12501,Germany,337,1,2169.39,1783,149,2169.39,1783.00,0
12502,Spain,96,5,3723.87,820,102,744.77,164.00,214
12503,Spain,585,1,1126.00,561,2,1126.00,561.00,0
12504,Germany,19,4,779.05,458,11,194.76,114.50,578
12505,Italy,409,1,955.20,324,42,955.20,324.00,0
12506,France,233,1,73.50,23,23,73.50,23.00,0
12507,Spain,135,4,1844.06,1256,46,461.01,314.00,450
12508,France,27,2,397.88,271,57,198.94,135.50,3
12509,France,285,1,176.50,55,7,176.50,55.00,0
12510,Spain,143,9,5178.02,2049,94,575.34,227.67,593
12511,Greece,429,1,3084.02,1753,190,3084.02,1753.00,0
12512,Israel,67,2,132.18,96,31,66.09,48.00,0
12513,France,113,1,612.29,462,35,612.29,462.00,0
12514,Italy,268,2,1597.76,840,76,798.88,420.00,374
12515,Italy,354,1,383.70,131,16,383.70,131.00,0
12516,Germany,78,4,2648.62,1952,49,662.15,488.00,522
12517,Germany,29,5,2481.60,1361,232,496.32,272.20,162
12518,Germany,1,5,2056.89,1318,84,411.38,263.60,110
12519,Germany,64,2,716.54,387,34,358.27,193.50,413
12520,Germany,80,5,2634.26,1439,121,526.85,287.80,194
12521,Germany,143,1,599.68,309,38,599.68,309.00,0
12522,Germany,40,2,192.72,194,11,96.36,97.00,12
12523,France,20,23,4352.35,2263,176,189.23,98.39,713
12524,Germany,10,17,11126.11,7178,157,654.48,422.24,660
12525,France,499,3,973.73,509,56,324.58,169.67,149
12526,Germany,1,3,1316.66,632,64,438.89,210.67,94
12527,Germany,82,5,735.51,526,26,147.10,105.20,448
12528,Germany,10,6,1933.48,756,50,322.25,126.00,303
12529,France,529,1,316.48,192,21,316.48,192.00,0
12530,Germany,60,9,3759.26,2713,94,417.70,301.44,583
12531,Germany,15,2,1933.20,1119,126,966.60,559.50,672
12532,France,31,1,349.83,153,16,349.83,153.00,0
12533,Germany,628,2,1367.89,704,63,683.95,352.00,111
12534,Germany,131,1,1089.18,651,63,1089.18,651.00,0
12535,France,92,2,716.35,219,28,358.18,109.50,95
12536,France,44,3,12601.83,2803,260,4200.61,934.33,16
12537,Sweden,409,1,732.94,449,43,732.94,449.00,0
12538,Spain,30,2,640.45,336,33,320.23,168.00,349
12539,Spain,23,7,11214.75,4535,276,1602.11,647.86,694
12540,Spain,20,33,22254.49,11019,354,674.38,333.91,713
12541,Spain,30,3,981.18,680,46,327.06,226.67,251
12542,Spain,485,2,481.88,522,39,240.94,261.00,156
12543,Spain,449,1,980.25,688,43,980.25,688.00,0
12544,Spain,37,1,372.70,136,19,372.70,136.00,0
12545,Spain,76,2,1000.39,523,42,500.19,261.50,184
12546,Spain,47,2,1161.50,633,59,580.75,316.50,31
12547,Spain,198,3,383.58,309,13,127.86,103.00,303
12548,Spain,167,1,95.20,49,5,95.20,49.00,0
12549,USA,576,6,1575.68,1366,38,262.61,227.67,122
12550,Spain,80,1,964.83,569,57,964.83,569.00,0
12551,Spain,358,1,168.00,100,10,168.00,100.00,0
12552,Italy,39,2,437.82,88,20,218.91,44.00,1
12553,France,9,12,4608.75,2325,109,384.06,193.75,415
12554,Spain,449,1,468.50,240,26,468.50,240.00,0
12555,Spain,683,1,129.23,1,1,129.23,1.00,0
12556,Spain,51,2,599.56,355,100,299.78,177.50,101
12557,Spain,17,8,18096.14,6382,15,2262.02,797.75,706
12558,USA,8,1,269.96,196,11,269.96,196.00,0
12559,Germany,311,2,561.71,283,21,280.86,141.50,9
12560,Germany,6,3,2134.01,1110,91,711.34,370.00,138
12561,Germany,303,1,238.85,177,16,238.85,177.00,0
12562,France,9,9,4966.92,2327,113,551.88,258.56,427
12563,Italy,409,1,249.24,113,13,249.24,113.00,0
12564,France,262,1,456.90,133,21,456.90,133.00,0
12565,Saudi Arabia,289,1,145.92,80,9,145.92,80.00,0
12566,Germany,87,1,351.65,265,19,351.65,265.00,0
12567,France,23,15,11767.48,5308,365,784.50,353.87,644
12568,Germany,645,1,70.00,48,5,70.00,48.00,0
12569,Germany,3,32,4124.69,1801,92,128.90,56.28,250
12570,Spain,683,1,77.52,1,1,77.52,1.00,0
12571,France,40,2,519.61,523,31,259.81,261.50,82
12572,Germany,9,2,1020.42,452,53,510.21,226.00,43
12573,France,228,5,717.41,479,107,143.48,95.80,238
12574,France,316,1,218.45,61,11,218.45,61.00,0
12575,France,458,2,622.82,315,34,311.41,157.50,69
12576,Poland,36,8,2142.72,1494,114,267.84,186.75,491
12577,France,36,8,1617.10,1191,259,202.14,148.88,701
12578,Italy,22,4,4642.45,2380,149,1160.61,595.00,422
12579,France,79,1,440.42,285,29,440.42,285.00,0
12580,Germany,247,2,1052.90,569,52,526.45,284.50,330
12581,Germany,40,1,197.71,161,15,197.71,161.00,0
12582,Finland,239,4,1980.40,985,88,495.10,246.25,339
12583,France,3,27,13591.58,8535,141,503.39,316.11,731
12584,Italy,4,9,2338.15,416,44,259.79,46.22,277
12585,Germany,235,2,2040.10,1279,77,1020.05,639.50,117
12586,Italy,18,4,2062.67,687,82,515.67,171.75,706
12587,Finland,8,1,144.00,51,4,144.00,51.00,0
12588,Finland,40,4,958.78,438,31,239.69,109.50,558
12589,France,29,8,4695.66,1764,121,586.96,220.50,661
12590,Germany,212,2,9864.26,4283,68,4932.13,2141.50,0
12591,Italy,318,3,1338.95,653,63,446.32,217.67,91
12592,Germany,93,5,2582.66,1875,42,516.53,375.00,427
12593,France,109,3,418.10,206,14,139.37,68.67,110
12594,Italy,38,15,5090.11,2768,78,339.34,184.53,609
12595,Germany,505,1,299.02,271,19,299.02,271.00,0
12596,Spain,52,2,618.27,474,25,309.13,237.00,191
12597,Spain,20,4,3811.22,2236,184,952.80,559.00,249
12598,France,10,11,4534.09,2906,130,412.19,264.18,639
12599,France,30,13,2296.72,2189,47,176.67,168.38,548
12600,Germany,29,21,4967.42,1383,53,236.54,65.86,704
12601,Germany,190,6,681.26,290,24,113.54,48.33,215
12602,France,59,1,153.12,162,12,153.12,162.00,0
12603,Germany,22,1,739.20,63,2,739.20,63.00,0
12604,France,80,2,254.18,201,15,127.09,100.50,182
12605,Germany,377,4,1232.95,929,63,308.24,232.25,82
12606,Spain,683,1,21.00,1,1,21.00,1.00,0
12607,USA,61,1,1579.51,1228,101,1579.51,1228.00,0
12608,United Kingdom,405,1,415.79,323,16,415.79,323.00,0
12609,Germany,79,9,3435.86,1553,129,381.76,172.56,641
12610,Italy,23,5,2099.54,1049,85,419.91,209.80,104
12611,Italy,53,1,1193.32,846,65,1193.32,846.00,0
12612,Germany,75,1,704.04,262,19,704.04,262.00,0
12613,Germany,58,10,6817.37,4157,218,681.74,415.70,668
12614,Germany,278,1,315.60,76,20,315.60,76.00,0
12615,France,3,8,5740.98,3317,198,717.62,414.62,629
12616,France,96,3,1131.10,498,32,377.03,166.00,293
12617,France,30,1,352.98,210,39,352.98,210.00,0
12618,Italy,22,1,177.31,96,11,177.31,96.00,0
12619,Germany,17,10,3781.38,3518,55,378.14,351.80,544
12620,France,15,3,1339.41,1181,89,446.47,393.67,190
12621,Germany,2,35,24311.20,13706,344,694.61,391.60,667
12622,Germany,233,1,180.10,69,11,180.10,69.00,0
12623,Germany,277,7,3747.84,1971,112,535.41,281.57,420
12624,France,107,2,641.13,355,36,320.56,177.50,71
12625,Germany,212,4,5164.88,3309,144,1291.22,827.25,385
12626,Germany,24,9,6620.48,3453,232,735.61,383.67,303
12627,Germany,11,7,4478.53,2752,162,639.79,393.14,130
12628,Germany,5,3,786.46,448,34,262.15,149.33,60
12629,Sweden,386,2,1558.22,722,40,779.11,361.00,38
12630,Finland,10,2,1270.88,548,60,635.44,274.00,34
12631,Finland,58,6,3481.57,1607,131,580.26,267.83,636
12632,Germany,521,2,804.88,694,32,402.44,347.00,44
12633,Germany,59,7,5678.16,3238,220,811.17,462.57,467
12634,USA,536,2,490.00,337,20,245.00,168.50,13
12635,Germany,90,4,2930.41,1949,159,732.60,487.25,367
12636,USA,739,1,141.00,1,1,141.00,1.00,0
12637,France,68,12,8283.81,4257,295,690.32,354.75,476
12638,Sweden,34,2,921.49,663,47,460.75,331.50,606
12639,Sweden,239,3,1312.37,631,58,437.46,210.33,389
12640,France,24,3,1174.58,311,47,391.53,103.67,58
12641,Sweden,116,1,185.90,72,10,185.90,72.00,0
12642,Germany,26,3,1013.26,552,39,337.75,184.00,82
12643,France,129,12,8304.82,4665,14,692.07,388.75,483
12644,Germany,130,4,1918.49,1032,106,479.62,258.00,565
12645,Germany,34,8,3539.30,2125,111,442.41,265.62,635
12646,USA,5,2,1346.97,897,43,673.49,448.50,45
12647,Germany,23,36,16955.55,6633,240,470.99,184.25,673
12648,Germany,155,4,1112.00,518,38,278.00,129.50,547
12649,Germany,108,8,2294.65,1959,94,286.83,244.88,589
12650,France,4,1,314.44,254,20,314.44,254.00,0
12651,France,335,4,377.75,265,30,94.44,66.25,131
12652,France,332,2,1017.03,536,51,508.51,268.00,103
12653,Israel,149,3,4160.83,1681,76,1386.94,560.33,378
12654,Germany,11,5,601.98,264,31,120.40,52.80,285
12655,France,424,1,261.35,80,16,261.35,80.00,0
12656,France,18,8,6407.83,2860,174,800.98,357.50,545
12657,France,12,4,1643.18,1044,35,410.80,261.00,67
12658,Germany,19,1,686.05,320,36,686.05,320.00,0
12659,France,30,1,91.68,105,5,91.68,105.00,0
12660,France,12,1,245.10,127,13,245.10,127.00,0
12661,Sweden,437,1,162.00,216,11,162.00,216.00,0
12662,Germany,1,20,6726.54,3424,163,336.33,171.20,617
12663,Germany,625,2,239.40,181,9,119.70,90.50,44
12664,Finland,9,11,6070.04,1495,10,551.82,135.91,718
12665,Germany,325,3,313.60,165,13,104.53,55.00,345
12666,Israel,395,1,1248.42,370,31,1248.42,370.00,0
12667,Finland,59,1,620.13,395,33,620.13,395.00,0
12668,Germany,12,10,11383.03,5049,263,1138.30,504.90,666
12669,France,151,3,2744.03,1115,98,914.68,371.67,106
12670,France,11,7,3760.29,1627,71,537.18,232.43,656
12671,Germany,607,1,2622.48,1460,45,2622.48,1460.00,0
12672,France,330,2,437.05,138,22,218.53,69.00,266
12673,Germany,6,3,1230.02,700,68,410.01,233.33,396
12674,France,39,4,1970.60,1133,52,492.65,283.25,169
12675,Italy,554,2,957.25,336,111,478.62,168.00,25
12676,Sweden,25,11,2843.09,1867,67,258.46,169.73,459
12677,France,556,2,395.10,176,13,197.55,88.00,111
12678,France,43,21,34281.18,22372,199,1632.44,1065.33,659
12679,France,59,4,1113.02,554,43,278.25,138.50,225
12680,France,1,4,880.81,444,33,220.20,111.00,113
12681,France,15,45,29834.76,17011,459,662.99,378.02,712
12682,France,4,52,22950.22,10522,327,441.35,202.35,735
12683,France,5,21,11633.70,7019,236,553.99,334.24,722
12684,France,8,7,2283.63,1985,61,326.23,283.57,206
12685,France,29,6,2863.08,1523,117,477.18,253.83,65
12686,France,372,1,89.14,107,7,89.14,107.00,0
12687,Sweden,481,2,2138.91,1403,126,1069.45,701.50,0
12688,Israel,114,1,4873.81,3028,171,4873.81,3028.00,0
12689,France,26,2,1247.61,628,57,623.80,314.00,102
12690,France,206,1,389.01,106,16,389.01,106.00,0
12691,France,29,7,1170.40,445,24,167.20,63.57,392
12692,France,638,1,110.95,36,13,110.95,36.00,0
12693,Germany,128,7,1703.02,536,63,243.29,76.57,395
12694,France,71,3,1843.35,1355,69,614.45,451.67,351
12695,France,8,7,1407.12,454,46,201.02,64.86,658
12696,Finland,435,2,851.91,564,43,425.95,282.00,74
12697,Sweden,29,3,957.59,508,37,319.20,169.33,141
12698,Germany,591,1,339.75,111,16,339.75,111.00,0
12699,Germany,418,1,638.11,373,41,638.11,373.00,0
12700,France,8,4,4939.99,2967,193,1235.00,741.75,208
12701,Germany,80,6,2446.41,1727,118,407.73,287.83,554
12702,Germany,20,1,219.00,53,12,219.00,53.00,0
12703,Germany,72,4,1006.53,595,56,251.63,148.75,613
12704,Finland,8,8,2340.84,1006,64,292.61,125.75,162
12705,Germany,16,14,11762.10,7188,320,840.15,513.43,518
12707,France,292,1,603.42,256,33,603.42,256.00,0
12708,Germany,30,18,5117.66,2432,130,284.31,135.11,692
12709,Germany,16,34,30291.76,13772,189,890.93,405.06,715
12710,Germany,97,3,1149.02,851,75,383.01,283.67,105
12711,Germany,612,2,1339.05,770,56,669.52,385.00,65
12712,Germany,29,21,6723.03,2205,126,320.14,105.00,702
12713,Germany,1,1,848.55,508,38,848.55,508.00,0
12714,France,10,12,14093.71,8774,436,1174.48,731.17,726
12715,Sweden,107,1,343.36,192,20,343.36,192.00,0
12716,France,4,2,1053.49,708,60,526.75,354.00,130
12717,Greece,152,3,1308.91,600,60,436.30,200.00,439
12718,France,72,1,238.25,203,19,238.25,203.00,0
12719,France,6,2,644.95,374,34,322.48,187.00,60
12720,Germany,3,30,7787.28,6018,262,259.58,200.60,504
12721,France,32,8,4013.08,2655,183,501.63,331.88,440
12722,France,86,4,997.63,566,50,249.41,141.50,65
12723,France,4,5,725.07,434,53,145.01,86.80,62
12724,France,6,7,2317.52,1379,94,331.07,197.00,530
12725,Italy,372,4,2266.76,1142,92,566.69,285.50,213
12726,France,29,11,4014.60,4618,63,364.96,419.82,596
12727,France,11,10,5679.53,2832,132,567.95,283.20,644
12728,France,72,5,1070.17,543,48,214.03,108.60,312
12729,France,114,1,453.01,233,26,453.01,233.00,0
12730,Germany,522,1,829.25,234,47,829.25,234.00,0
12731,France,24,17,25775.71,11641,137,1516.22,684.76,624
12732,France,180,1,236.26,111,12,236.26,111.00,0
12733,USA,235,4,2424.87,896,117,606.22,224.00,455
12734,France,353,3,639.65,265,17,213.22,88.33,40
12735,France,316,2,779.57,368,38,389.78,184.00,22
12736,France,333,1,234.00,173,4,234.00,173.00,0
12737,France,499,2,3710.50,2,2,1855.25,1.00,0
12738,Germany,373,1,155.35,148,11,155.35,148.00,0
12739,United Arab Emirates,79,4,2726.73,951,85,681.68,237.75,316
12740,France,64,1,427.60,342,27,427.60,342.00,0
12741,USA,530,2,406.07,214,16,203.03,107.00,4
12742,United Arab Emirates,626,1,1201.52,1359,67,1201.52,1359.00,0
12743,Unspecified,135,2,540.13,315,114,270.06,157.50,0
12744,Singapore,52,11,25317.06,6994,245,2301.55,635.82,540
12745,United Kingdom,487,3,925.41,468,21,308.47,156.00,196
12746,United Kingdom,541,1,254.55,97,17,254.55,97.00,0
12747,United Kingdom,3,26,8898.48,2640,85,342.25,101.54,730
12748,United Kingdom,1,336,53539.64,37109,2286,159.34,110.44,735
12749,United Kingdom,4,9,6897.36,2360,260,766.37,262.22,518
12750,Poland,129,1,275.88,137,15,275.88,137.00,0
12751,Brazil,445,1,268.27,189,61,268.27,189.00,0
12752,Norway,82,1,4366.78,2262,53,4366.78,2262.00,0
12753,Japan,23,6,21429.39,11421,132,3571.57,1903.50,340
12754,Japan,236,3,3010.74,6481,49,1003.58,2160.33,73
12755,Japan,281,11,5236.26,2293,34,476.02,208.45,413
12756,Japan,87,1,112.08,144,4,112.08,144.00,0
12757,Portugal,16,13,7834.65,2395,237,602.67,184.23,196
12758,Portugal,117,7,9903.24,6155,187,1414.75,879.29,622
12759,Netherlands,53,8,5020.74,3202,206,627.59,400.25,683
12760,Netherlands,456,1,347.80,198,21,347.80,198.00,0
12761,Netherlands,458,2,782.95,281,27,391.48,140.50,7
12762,Portugal,8,2,1898.52,1227,62,949.26,613.50,18
12763,Japan,139,2,494.08,316,16,247.04,158.00,231
12764,Lebanon,317,1,1693.88,386,45,1693.88,386.00,0
12765,Netherlands,473,6,1404.58,1009,49,234.10,168.17,169
12766,Portugal,4,9,8918.99,5022,253,991.00,558.00,404
12767,Korea,376,1,949.82,598,43,949.82,598.00,0
12768,Korea,451,1,168.69,102,10,168.69,102.00,0
12769,Brazil,239,1,1143.60,356,32,1143.60,356.00,0
12770,Japan,211,2,3246.45,1843,19,1623.22,921.50,246
12771,Portugal,486,1,282.30,104,15,282.30,104.00,0
12772,Portugal,60,1,892.47,556,55,892.47,556.00,0
12773,Portugal,565,1,124.25,109,6,124.25,109.00,0
12774,Netherlands,536,1,98.70,53,6,98.70,53.00,0
12775,Netherlands,18,7,1686.12,1083,55,240.87,154.71,392
12776,Portugal,668,1,55.50,46,4,55.50,46.00,0
12777,United Kingdom,458,1,519.45,458,26,519.45,458.00,0
12778,Netherlands,20,9,1775.68,1735,77,197.30,192.78,583
12779,Poland,38,14,6474.11,3501,142,462.44,250.07,699
12780,Netherlands,599,1,337.40,285,20,337.40,285.00,0
12781,Czech Republic,64,2,826.74,671,25,413.37,335.50,221
12782,Portugal,5,11,4618.24,2017,142,419.84,183.36,515
12783,Portugal,3,6,2225.91,624,76,370.98,104.00,73
12784,Portugal,10,3,1763.15,862,121,587.72,287.33,520
12785,Portugal,365,3,1100.40,453,42,366.80,151.00,367
12786,Netherlands,610,1,728.50,324,18,728.50,324.00,0
12787,Netherlands,10,4,862.18,510,30,215.54,127.50,404
12788,Netherlands,464,4,444.90,194,20,111.22,48.50,65
12789,Netherlands,66,3,273.35,36,5,91.12,12.00,628
12790,Netherlands,193,2,591.85,306,36,295.93,153.00,218
12791,Netherlands,374,6,863.51,353,17,143.92,58.83,251
12792,Portugal,257,2,827.01,394,39,413.50,197.00,278
12793,Portugal,335,3,885.53,461,34,295.18,153.67,67
12794,Portugal,54,2,860.41,592,43,430.20,296.00,45
12795,Portugal,19,1,430.48,68,14,430.48,68.00,0
12796,Netherlands,629,1,381.00,182,7,381.00,182.00,0
12797,Portugal,366,2,552.08,215,27,276.04,107.50,59
12798,Japan,11,4,8510.93,8455,27,2127.73,2113.75,411
12799,Japan,530,1,219.35,137,15,219.35,137.00,0
12800,Portugal,471,3,584.25,284,31,194.75,94.67,206
12801,Sweden,501,1,1071.82,505,50,1071.82,505.00,0
12802,Netherlands,187,7,2416.42,1972,108,345.20,281.71,377
12803,Netherlands,394,1,1092.81,872,55,1092.81,872.00,0
12804,Netherlands,466,2,325.37,270,60,162.69,135.00,35
12805,Netherlands,382,4,1434.95,593,44,358.74,148.25,293
12806,Netherlands,436,4,2878.96,2087,58,719.74,521.75,153
12807,Sweden,384,1,330.35,145,16,330.35,145.00,0
12808,Portugal,37,5,776.70,322,46,155.34,64.40,426
12809,Portugal,178,3,1755.94,518,75,585.31,172.67,470
12810,Japan,535,2,534.99,389,32,267.50,194.50,142
12811,Portugal,261,5,1033.90,435,47,206.78,87.00,167
12812,Japan,45,1,229.64,164,15,229.64,164.00,0
12813,Netherlands,502,3,1687.80,1141,37,562.60,380.33,192
12814,Poland,102,1,125.92,49,2,125.92,49.00,0
12815,Poland,148,2,1063.46,379,38,531.73,189.50,51
12816,Poland,96,2,572.20,128,27,286.10,64.00,81
12817,Austria,282,3,690.98,219,16,230.33,73.00,153
12818,Austria,262,1,1542.08,929,14,1542.08,929.00,0
12819,United Kingdom,459,1,540.52,344,19,540.52,344.00,0
12820,United Kingdom,4,11,2689.52,1964,131,244.50,178.55,731
12821,United Kingdom,215,2,220.80,162,13,110.40,81.00,397
12822,United Kingdom,71,2,948.88,550,41,474.44,275.00,17
12823,United Kingdom,75,18,6501.50,930,1,361.19,51.67,605
12824,United Kingdom,60,1,397.12,232,25,397.12,232.00,0
12825,United Kingdom,522,2,518.63,139,20,259.31,69.50,120
12826,United Kingdom,3,12,2800.75,1915,93,233.40,159.58,719
12827,United Kingdom,6,3,430.15,197,19,143.38,65.67,39
12828,United Kingdom,3,6,1018.71,494,46,169.78,82.33,128
12829,United Kingdom,337,3,385.30,550,17,128.43,183.33,214
12830,United Kingdom,38,6,6814.64,9848,13,1135.77,1641.33,134
12831,United Kingdom,263,3,451.11,303,16,150.37,101.00,201
12832,United Kingdom,33,2,383.03,195,27,191.51,97.50,66
12833,United Kingdom,146,1,417.38,156,24,417.38,156.00,0
12834,United Kingdom,283,1,312.38,110,18,312.38,110.00,0
12835,United Kingdom,428,41,5996.83,2349,138,146.26,57.29,309
12836,United Kingdom,60,15,6559.73,2231,280,437.32,148.73,679
12837,United Kingdom,174,2,662.66,194,83,331.33,97.00,396
12838,United Kingdom,34,10,2975.91,1606,230,297.59,160.60,559
12839,United Kingdom,3,26,9669.12,6578,156,371.89,253.00,730
12840,United Kingdom,144,7,4041.97,2258,109,577.42,322.57,531
12841,United Kingdom,5,40,6958.20,5008,307,173.95,125.20,515
12842,United Kingdom,71,4,1917.99,887,45,479.50,221.75,667
12843,United Kingdom,66,30,6583.36,3028,130,219.45,100.93,661
12844,United Kingdom,30,4,648.60,223,88,162.15,55.75,564
12845,United Kingdom,268,4,354.09,204,26,88.52,51.00,23
12846,United Kingdom,683,1,15.58,1,1,15.58,1.00,0
12847,United Kingdom,23,2,1609.00,1497,100,804.50,748.50,365
12848,United Kingdom,676,1,208.00,58,16,208.00,58.00,0
12849,United Kingdom,32,6,3042.47,1855,123,507.08,309.17,560
12850,United Kingdom,446,1,330.00,200,2,330.00,200.00,0
12851,United Kingdom,97,2,280.76,157,71,140.38,78.50,381
12852,United Kingdom,295,1,311.55,149,17,311.55,149.00,0
12853,United Kingdom,135,11,3907.50,1668,111,355.23,151.64,538
12854,United Kingdom,79,7,2970.97,1630,188,424.42,232.86,650
12855,United Kingdom,373,4,612.84,240,65,153.21,60.00,30
12856,United Kingdom,8,6,2170.78,1076,155,361.80,179.33,56
12857,United Kingdom,211,6,3688.00,1420,71,614.67,236.67,473
12858,United Kingdom,384,1,147.27,51,36,147.27,51.00,0
12859,United Kingdom,459,1,575.10,292,21,575.10,292.00,0
12860,United Kingdom,694,1,54.22,26,16,54.22,26.00,0
12861,United Kingdom,620,1,68.25,27,4,68.25,27.00,0
12862,United Kingdom,426,2,984.62,611,119,492.31,305.50,70
12863,United Kingdom,53,6,2792.55,895,24,465.42,149.17,537
12864,United Kingdom,139,2,299.57,447,5,149.78,223.50,370
12865,Austria,27,4,3323.47,1973,156,830.87,493.25,450
12866,Belgium,284,3,1227.35,553,58,409.12,184.33,219
12867,United Kingdom,27,13,7829.26,7876,365,602.25,605.85,697
12868,United Kingdom,186,8,2043.76,1170,86,255.47,146.25,207
12869,United Kingdom,682,1,337.67,144,35,337.67,144.00,0
12870,United Kingdom,376,3,1676.95,906,85,558.98,302.00,249
12871,United Kingdom,85,3,744.02,484,13,248.01,161.33,355
12872,United Kingdom,327,12,3283.96,1642,217,273.66,136.83,410
12873,United Kingdom,283,3,2027.30,786,33,675.77,262.00,399
12874,Belgium,386,2,948.42,623,44,474.21,311.50,169
12875,United Kingdom,144,5,1356.99,5187,2,271.40,1037.40,554
12876,Belgium,58,4,4081.79,3047,117,1020.45,761.75,533
12877,United Kingdom,4,20,2942.14,2237,149,147.11,111.85,687
12878,United Kingdom,237,2,854.99,547,38,427.50,273.50,30
12879,United Kingdom,45,3,573.22,370,7,191.07,123.33,47
12880,United Kingdom,382,2,640.13,279,32,320.06,139.50,193
12881,United Kingdom,276,1,298.00,21,7,298.00,21.00,0
12882,United Kingdom,10,2,1463.04,246,12,731.52,123.00,24
12883,United Kingdom,25,4,703.47,196,39,175.87,49.00,65
12884,United Kingdom,89,1,309.05,43,7,309.05,43.00,0
12885,United Kingdom,64,3,1175.22,655,66,391.74,218.33,60
12886,United Kingdom,68,2,1378.40,770,75,689.20,385.00,152
12887,United Kingdom,384,1,222.40,100,13,222.40,100.00,0
12888,United Kingdom,215,2,354.12,76,4,177.06,38.00,41
12889,United Kingdom,382,4,385.46,124,25,96.37,31.00,121
12890,United Kingdom,25,2,706.02,457,124,353.01,228.50,363
12891,United Kingdom,186,11,840.50,2325,2,76.41,211.36,474
12892,United Kingdom,397,1,263.38,140,18,263.38,140.00,0
12893,United Kingdom,31,1,176.55,90,27,176.55,90.00,0
12894,United Kingdom,576,1,157.35,33,21,157.35,33.00,0
12895,United Kingdom,43,2,372.80,210,22,186.40,105.00,44
12897,United Kingdom,205,4,514.25,249,10,128.56,62.25,339
12898,United Kingdom,464,2,296.21,235,27,148.11,117.50,196
12899,United Kingdom,414,1,366.40,108,17,366.40,108.00,0
12900,United Kingdom,423,1,340.33,139,13,340.33,139.00,0
12901,United Kingdom,9,28,17654.54,23075,30,630.52,824.11,262
12902,United Kingdom,265,1,138.68,66,10,138.68,66.00,0
12903,United Kingdom,429,1,833.53,493,41,833.53,493.00,0
12904,United Kingdom,19,2,496.06,294,59,248.03,147.00,154
12905,United Kingdom,577,2,1018.42,532,52,509.21,266.00,106
12906,United Kingdom,12,5,2919.81,1749,55,583.96,349.80,67
12907,United Kingdom,396,2,508.91,177,23,254.46,88.50,99
12908,United Kingdom,177,5,1776.00,3000,1,355.20,600.00,454
12909,United Kingdom,40,8,3103.19,1948,120,387.90,243.50,614
12910,United Kingdom,24,13,5796.52,3632,75,445.89,279.38,598
12911,United Kingdom,552,1,1651.72,807,220,1651.72,807.00,0
12912,United Kingdom,3,5,1662.30,670,17,332.46,134.00,38
12913,United Kingdom,5,13,6283.24,3086,52,483.33,237.38,734
12914,United Kingdom,401,1,223.98,336,9,223.98,336.00,0
12915,United Kingdom,149,4,975.10,411,46,243.78,102.75,441
12916,United Kingdom,139,7,4479.73,1681,82,639.96,240.14,546
12917,United Kingdom,129,6,4359.20,1104,45,726.53,184.00,602
12918,United Kingdom,627,1,10953.50,1,1,10953.50,1.00,0
12919,United Kingdom,9,6,1335.19,673,34,222.53,112.17,161
12920,United Kingdom,18,4,486.64,420,59,121.66,105.00,708
12921,United Kingdom,10,74,35233.24,21328,322,476.12,288.22,729
12922,United Kingdom,162,1,405.38,370,28,405.38,370.00,0
12923,United Kingdom,65,3,770.42,230,54,256.81,76.67,511
12924,United Kingdom,89,12,2469.40,1423,56,205.78,118.58,642
12925,United Kingdom,5,3,729.33,649,46,243.11,216.33,588
12926,United Kingdom,412,4,1523.97,754,202,380.99,188.50,314
12927,United Kingdom,395,1,197.31,145,11,197.31,145.00,0
12928,United Kingdom,36,12,4304.89,2899,94,358.74,241.58,514
12929,United Kingdom,312,1,117.85,37,8,117.85,37.00,0
12930,United Kingdom,79,2,415.80,252,20,207.90,126.00,93
12931,United Kingdom,22,57,92347.34,62906,37,1620.13,1103.61,717
12932,United Kingdom,540,8,1698.56,1609,69,212.32,201.12,128
12933,United Kingdom,25,8,1636.63,949,227,204.58,118.62,705
12934,United Kingdom,737,1,181.65,31,2,181.65,31.00,0
12935,United Kingdom,3,15,4243.86,3201,113,282.92,213.40,605
12936,United Kingdom,18,4,1063.90,559,56,265.98,139.75,61
12937,United Kingdom,16,9,3097.61,1983,128,344.18,220.33,721
12938,United Kingdom,26,1,114.14,140,9,114.14,140.00,0
12939,United Kingdom,65,20,25264.80,10328,24,1263.24,516.40,632
12940,United Kingdom,55,2,899.69,404,87,449.85,202.00,33
12941,United Kingdom,725,1,377.49,381,27,377.49,381.00,0
12942,United Kingdom,132,3,675.60,198,68,225.20,66.00,234
12943,United Kingdom,559,2,496.50,222,22,248.25,111.00,47
12944,United Kingdom,36,2,604.51,289,29,302.25,144.50,319
12945,United Kingdom,289,2,900.11,446,47,450.06,223.00,368
12946,United Kingdom,437,1,324.45,149,20,324.45,149.00,0
12947,United Kingdom,144,6,1603.99,1165,83,267.33,194.17,230
12948,United Kingdom,17,9,2317.43,1304,89,257.49,144.89,721
12949,United Kingdom,31,22,15526.70,8233,347,705.76,374.23,706
12950,United Kingdom,3,3,1843.00,1380,13,614.33,460.00,22
12951,United Kingdom,9,15,3213.72,1662,110,214.25,110.80,690
12952,United Kingdom,6,4,1387.79,653,64,346.95,163.25,73
12953,United Kingdom,10,2,828.81,364,45,414.41,182.00,513
12954,United Kingdom,639,1,162.45,83,10,162.45,83.00,0
12955,United Kingdom,2,11,4757.16,3664,81,432.47,333.09,266
12956,United Kingdom,307,4,521.89,340,42,130.47,85.00,418
12957,United Kingdom,10,13,8706.97,4686,402,669.77,360.46,719
12958,United Kingdom,401,2,467.34,118,45,233.67,59.00,183
12959,United Kingdom,485,1,150.95,109,8,150.95,109.00,0
12960,United Kingdom,414,4,1322.07,1379,49,330.52,344.75,248
12961,United Kingdom,380,1,211.99,180,37,211.99,180.00,0
12962,United Kingdom,8,2,266.39,129,15,133.19,64.50,106
12963,United Kingdom,9,12,3235.79,1637,129,269.65,136.42,511
12964,United Kingdom,438,1,132.24,56,26,132.24,56.00,0
12965,United Kingdom,90,1,769.81,282,108,769.81,282.00,0
12966,United Kingdom,10,1,160.18,75,10,160.18,75.00,0
12967,United Kingdom,359,3,2938.52,912,47,979.51,304.00,25
12968,United Kingdom,113,1,135.95,73,5,135.95,73.00,0
12969,United Kingdom,603,1,122.45,55,5,122.45,55.00,0
12970,United Kingdom,8,10,1453.60,954,280,145.36,95.40,728
12971,United Kingdom,4,116,15704.60,14306,102,135.38,123.33,721
12972,United Kingdom,414,4,1161.20,844,69,290.30,211.00,248
12973,United Kingdom,414,1,385.55,31,6,385.55,31.00,0
12974,United Kingdom,198,2,408.95,104,27,204.47,52.00,368
12975,United Kingdom,437,6,2100.09,911,92,350.02,151.83,297
12976,United Kingdom,212,8,3156.38,2684,106,394.55,335.50,454
12977,United Kingdom,157,4,513.88,128,54,128.47,32.00,355
12978,United Kingdom,386,5,2502.82,1394,126,500.56,278.80,344
12979,United Arab Emirates,730,1,517.70,520,56,517.70,520.00,0
12980,United Kingdom,158,21,16245.78,1910,7,773.61,90.95,580
12981,United Kingdom,30,2,372.22,242,12,186.11,121.00,104
12982,United Kingdom,243,8,2744.81,1729,139,343.10,216.12,364
12983,United Kingdom,599,1,490.08,638,30,490.08,638.00,0
12984,United Kingdom,19,1,97.50,26,4,97.50,26.00,0
12985,United Kingdom,1,2,1239.38,1533,73,619.69,766.50,28
12986,United Kingdom,429,10,2729.84,1164,61,272.98,116.40,259
12987,United Kingdom,74,5,1312.21,585,61,262.44,117.00,615
12988,United Kingdom,293,1,505.82,126,75,505.82,126.00,0
12989,United Kingdom,4,33,13551.75,6935,50,410.66,210.15,726
12990,United Kingdom,32,7,955.50,480,9,136.50,68.57,588
12991,United Kingdom,24,3,764.82,483,45,254.94,161.00,366
12992,United Kingdom,726,1,93.35,21,6,93.35,21.00,0
12993,United Kingdom,24,8,1259.63,751,57,157.45,93.88,636
12994,United Kingdom,5,3,974.42,459,52,324.81,153.00,264
12995,United Kingdom,86,1,211.32,108,3,211.32,108.00,0
12996,United Kingdom,376,1,355.50,122,22,355.50,122.00,0
12997,United Kingdom,23,8,2110.91,1186,65,263.86,148.25,590
12998,United Kingdom,493,3,920.08,1124,58,306.69,374.67,161
12999,United Kingdom,197,3,455.88,342,25,151.96,114.00,49
13000,United Kingdom,107,4,1032.50,548,57,258.12,137.00,619
13001,United Kingdom,5,33,24042.65,13448,300,728.57,407.52,732
13002,United Kingdom,319,3,414.13,201,19,138.04,67.00,116
13003,United Kingdom,106,3,149.05,103,4,49.68,34.33,109
13004,United Kingdom,12,36,11650.85,8768,417,323.63,243.56,713
13005,United Kingdom,174,4,999.68,462,41,249.92,115.50,284
13006,United Kingdom,57,1,81.57,55,4,81.57,55.00,0
13007,United Kingdom,580,1,175.25,59,11,175.25,59.00,0
13008,United Kingdom,324,3,612.13,379,31,204.04,126.33,400
13009,United Kingdom,673,1,234.00,120,4,234.00,120.00,0
13010,United Kingdom,375,2,330.12,323,10,165.06,161.50,274
13011,United Kingdom,373,1,50.55,13,3,50.55,13.00,0
13012,United Kingdom,10,11,2957.83,1559,95,268.89,141.73,583
13013,United Kingdom,2,29,11097.43,5661,289,382.67,195.21,724
13014,United Kingdom,11,11,5381.08,1979,140,489.19,179.91,422
13015,United Kingdom,54,11,6579.78,3527,260,598.16,320.64,550
13016,United Kingdom,74,3,789.89,527,39,263.30,175.67,50
13017,United Kingdom,8,1,204.00,48,1,204.00,48.00,0
13018,United Kingdom,17,35,9763.16,6746,401,278.95,192.74,632
13019,United Kingdom,380,6,1229.95,397,46,204.99,66.17,354
13020,United Kingdom,563,2,618.96,278,38,309.48,139.00,97
13021,United Kingdom,5,17,4887.24,2546,166,287.48,149.76,730
13022,Belgium,430,1,65.30,35,5,65.30,35.00,0
13023,United Kingdom,65,3,1449.03,585,69,483.01,195.00,464
13024,United Kingdom,471,2,555.87,181,26,277.94,90.50,112
13025,United Kingdom,732,1,323.39,241,13,323.39,241.00,0
13026,United Kingdom,2,9,1733.08,2466,52,192.56,274.00,725
13027,United Kingdom,114,19,17239.20,42840,7,907.33,2254.74,575
13028,United Kingdom,23,2,661.32,798,40,330.66,399.00,23
13029,United Kingdom,31,5,1927.30,194,13,385.46,38.80,493
13030,United Kingdom,12,2,752.44,348,76,376.22,174.00,357
13031,United Kingdom,408,5,3292.84,2309,275,658.57,461.80,147
13032,United Kingdom,53,9,2815.96,1274,147,312.88,141.56,408
13033,United Kingdom,358,2,220.55,98,12,110.28,49.00,72
13034,United Kingdom,55,3,756.82,406,42,252.27,135.33,347
13035,United Kingdom,74,3,1364.20,926,27,454.73,308.67,358
13036,United Kingdom,685,1,307.10,38,6,307.10,38.00,0
13037,United Kingdom,139,12,3914.95,2130,181,326.25,177.50,598
13038,United Kingdom,81,3,908.46,360,24,302.82,120.00,210
13039,United Kingdom,585,4,1010.73,290,37,252.68,72.50,138
13040,United Kingdom,9,2,676.99,355,38,338.50,177.50,25
13041,United Kingdom,451,4,799.13,335,23,199.78,83.75,139
13042,United Kingdom,599,3,1488.59,812,164,496.20,270.67,134
13043,United Kingdom,274,1,516.42,254,13,516.42,254.00,0
13044,United Kingdom,292,11,4848.05,2548,356,440.73,231.64,409
13045,United Kingdom,100,3,808.92,405,41,269.64,135.00,387
13046,United Kingdom,31,3,949.25,505,50,316.42,168.33,426
13047,United Kingdom,32,24,8428.53,3328,190,351.19,138.67,692
13048,United Kingdom,15,9,4049.13,2661,125,449.90,295.67,667
13049,United Kingdom,65,4,1408.24,620,19,352.06,155.00,337
13050,United Kingdom,15,35,11986.52,7015,513,342.47,200.43,710
13051,United Kingdom,579,2,155.80,72,4,77.90,36.00,41
13052,United Kingdom,213,7,3119.33,1424,161,445.62,203.43,442
13053,United Kingdom,622,1,127.65,47,17,127.65,47.00,0
13055,United Kingdom,79,4,2321.11,1821,145,580.28,455.25,351
13056,United Kingdom,552,1,209.48,158,18,209.48,158.00,0
13057,United Kingdom,531,3,709.59,456,34,236.53,152.00,101
13058,United Kingdom,25,3,271.40,52,5,90.47,17.33,127
13059,United Kingdom,250,10,2291.77,860,155,229.18,86.00,369
13060,United Kingdom,254,1,307.53,123,15,307.53,123.00,0
13061,United Kingdom,73,1,248.61,107,10,248.61,107.00,0
13062,United Kingdom,192,1,346.98,343,11,346.98,343.00,0
13063,United Kingdom,481,1,188.40,116,12,188.40,116.00,0
13064,United Kingdom,13,6,1666.84,668,58,277.81,111.33,579
13065,United Kingdom,374,5,1055.05,381,49,211.01,76.20,174
13066,United Kingdom,25,2,470.80,322,48,235.40,161.00,8
13067,United Kingdom,83,3,508.51,131,24,169.50,43.67,364
13068,United Kingdom,11,2,344.00,200,1,172.00,100.00,309
13069,United Kingdom,1,38,9284.45,15171,573,244.33,399.24,543
13070,United Kingdom,193,4,751.70,372,12,187.93,93.00,540
13071,United Kingdom,613,1,129.22,30,12,129.22,30.00,0
13072,United Kingdom,267,1,177.15,69,7,177.15,69.00,0
13073,United Kingdom,412,2,418.08,261,25,209.04,130.50,26
13074,United Kingdom,512,4,1378.74,826,26,344.69,206.50,212
13075,United Kingdom,130,1,919.61,485,22,919.61,485.00,0
13076,United Kingdom,458,1,135.40,44,9,135.40,44.00,0
13077,United Kingdom,2,11,2740.65,2468,208,249.15,224.36,727
13078,United Kingdom,4,57,29018.06,12032,153,509.09,211.09,735
13079,United Kingdom,5,6,419.18,158,11,69.86,26.33,413
13080,United Kingdom,180,4,280.73,193,17,70.18,48.25,430
13081,United Kingdom,12,28,56838.37,40077,738,2029.94,1431.32,720
13082,United Kingdom,127,21,7335.75,8466,99,349.32,403.14,591
13083,United Kingdom,5,3,395.43,307,19,131.81,102.33,421
13084,United Kingdom,492,1,122.40,144,2,122.40,144.00,0
13085,United Kingdom,158,8,2433.28,944,50,304.16,118.00,581
13086,United Kingdom,383,1,439.33,155,47,439.33,155.00,0
13087,United Kingdom,727,1,313.64,86,15,313.64,86.00,0
13088,United Kingdom,418,1,236.11,76,19,236.11,76.00,0
13089,United Kingdom,3,203,113416.91,58932,857,558.70,290.31,735
13090,United Kingdom,9,24,13091.74,3247,163,545.49,135.29,486
13091,United Kingdom,29,3,2321.82,1339,41,773.94,446.33,701
13092,United Kingdom,71,12,2140.28,664,52,178.36,55.33,597
13093,United Kingdom,276,55,54144.25,25971,199,984.44,472.20,460
13094,United Kingdom,22,13,2209.44,1896,5,169.96,145.85,368
13095,United Kingdom,71,1,74.40,144,6,74.40,144.00,0
13096,United Kingdom,395,1,419.70,6,1,419.70,6.00,0
13097,United Kingdom,33,28,13324.10,5345,390,475.86,190.89,706
13098,United Kingdom,2,28,28882.44,15968,156,1031.52,570.29,316
13099,United Kingdom,100,1,207.36,288,1,207.36,288.00,0
13101,United Kingdom,235,4,695.40,478,48,173.85,119.50,447
13102,United Kingdom,2,37,11380.10,6366,212,307.57,172.05,581
13103,United Kingdom,40,3,709.64,426,27,236.55,142.00,538
13104,United Kingdom,4,9,1709.10,834,15,189.90,92.67,650
13105,United Kingdom,437,1,72.00,100,1,72.00,100.00,0
13106,United Kingdom,134,2,603.46,231,15,301.73,115.50,280
13107,United Kingdom,45,9,5253.07,4316,142,583.67,479.56,629
13108,United Kingdom,373,2,748.46,745,27,374.23,372.50,63
13109,United Kingdom,60,3,1134.03,757,57,378.01,252.33,492
13110,United Kingdom,32,12,2957.47,763,167,246.46,63.58,707
13111,United Kingdom,719,1,321.88,180,12,321.88,180.00,0
13112,United Kingdom,542,1,20.60,11,2,20.60,11.00,0
13113,United Kingdom,1,37,18230.07,4435,166,492.70,119.86,621
13114,United Kingdom,731,1,234.38,74,16,234.38,74.00,0
13115,United Kingdom,12,10,5494.70,3934,178,549.47,393.40,588
13116,United Kingdom,139,1,501.14,291,30,501.14,291.00,0
13117,United Kingdom,22,18,2255.66,1852,122,125.31,102.89,602
13118,United Kingdom,20,9,2415.41,834,111,268.38,92.67,420
13119,United Kingdom,669,1,134.90,110,11,134.90,110.00,0
13120,United Kingdom,239,1,30.60,12,1,30.60,12.00,0
13121,United Kingdom,270,1,283.73,252,50,283.73,252.00,0
13122,United Kingdom,95,2,922.39,585,54,461.19,292.50,146
13123,United Kingdom,473,2,506.75,268,36,253.38,134.00,57
13124,United Kingdom,90,4,4641.66,2738,216,1160.41,684.50,296
13125,United Kingdom,524,1,148.62,53,20,148.62,53.00,0
13126,United Kingdom,5,13,3774.81,3289,183,290.37,253.00,643
13127,United Kingdom,78,1,259.17,127,15,259.17,127.00,0
13128,United Kingdom,632,1,263.50,31,1,263.50,31.00,0
13129,United Kingdom,453,2,233.25,296,10,116.62,148.00,77
13130,United Kingdom,95,1,64.00,32,2,64.00,32.00,0
13131,United Kingdom,24,7,3313.77,1523,107,473.40,217.57,645
13132,United Kingdom,262,1,77.30,20,3,77.30,20.00,0
13133,United Kingdom,274,3,200.45,55,12,66.82,18.33,186
13134,United Kingdom,86,6,2475.23,1364,110,412.54,227.33,331
13135,United Kingdom,197,2,3371.45,4423,18,1685.72,2211.50,295
13136,United Kingdom,57,13,6274.56,3109,204,482.66,239.15,675
13137,United Kingdom,11,16,7586.94,4238,628,474.18,264.88,492
13138,United Kingdom,23,7,1274.01,593,41,182.00,84.71,374
13139,United Kingdom,17,8,8202.98,4614,214,1025.37,576.75,421
13140,United Kingdom,109,5,1054.92,572,89,210.98,114.40,383
13141,United Kingdom,85,17,7656.08,5159,285,450.36,303.47,646
13142,United Kingdom,20,1,307.09,258,23,307.09,258.00,0
13143,United Kingdom,585,1,405.10,198,23,405.10,198.00,0
13144,United Kingdom,333,2,135.35,29,6,67.67,14.50,99
13145,United Kingdom,40,7,1128.52,265,5,161.22,37.86,560
13146,United Kingdom,27,1,228.91,154,16,228.91,154.00,0
13147,United Kingdom,11,4,712.80,144,1,178.20,36.00,89
13148,United Kingdom,30,26,8497.82,4487,451,326.84,172.58,703
13149,United Kingdom,15,4,1676.06,1280,76,419.01,320.00,275
13150,United Kingdom,485,3,449.97,171,7,149.99,57.00,146
13151,United Kingdom,296,3,2465.21,813,131,821.74,271.00,332
13152,United Kingdom,418,7,2146.38,977,114,306.63,139.57,277
13153,United Kingdom,6,1,486.22,418,15,486.22,418.00,0
13154,United Kingdom,400,3,1624.84,976,78,541.61,325.33,336
13155,United Kingdom,34,6,1370.48,741,79,228.41,123.50,458
13156,United Kingdom,386,3,1586.54,914,94,528.85,304.67,291
13157,United Kingdom,50,9,5687.36,4762,173,631.93,529.11,592
13158,United Kingdom,95,5,1508.18,992,70,301.64,198.40,294
13159,United Kingdom,9,4,1429.35,1058,114,357.34,264.50,107
13160,United Kingdom,23,1,91.80,56,4,91.80,56.00,0
13161,United Kingdom,314,2,472.13,105,30,236.06,52.50,187
13162,United Kingdom,123,16,9275.49,5755,186,579.72,359.69,613
13163,United Kingdom,611,1,17.65,3,2,17.65,3.00,0
13164,United Kingdom,570,2,372.20,120,7,186.10,60.00,98
13165,United Kingdom,47,3,1451.16,1736,47,483.72,578.67,367
13166,United Kingdom,284,2,875.93,522,55,437.96,261.00,131
13167,United Kingdom,19,5,1125.15,1007,64,225.03,201.40,372
13168,United Kingdom,37,5,1840.73,898,127,368.15,179.60,506
13169,United Kingdom,64,3,840.08,296,16,280.03,98.67,499
13170,United Kingdom,27,1,108.81,141,29,108.81,141.00,0
13171,United Kingdom,22,3,468.41,229,37,156.14,76.33,278
13172,United Kingdom,401,1,69.60,48,1,69.60,48.00,0
13173,United Kingdom,5,11,2399.82,1481,160,218.17,134.64,725
13174,United Kingdom,17,12,7995.36,3794,602,666.28,316.17,719
13175,United Kingdom,583,2,831.45,423,40,415.73,211.50,153
13176,United Kingdom,47,1,481.49,448,66,481.49,448.00,0
13177,United Kingdom,65,2,512.20,180,23,256.10,90.00,366
13178,United Kingdom,27,21,14059.19,8778,194,669.49,418.00,697
13179,United Kingdom,619,1,572.31,368,34,572.31,368.00,0
13180,United Kingdom,608,1,86.10,42,4,86.10,42.00,0
13181,United Kingdom,382,1,359.69,171,19,359.69,171.00,0
13182,United Kingdom,46,1,121.18,201,11,121.18,201.00,0
13183,United Kingdom,8,15,7036.18,4027,64,469.08,268.47,628
13184,United Kingdom,15,10,1668.95,1662,138,166.90,166.20,276
13185,United Kingdom,268,1,71.40,12,1,71.40,12.00,0
13186,United Kingdom,40,3,1575.89,820,69,525.30,273.33,89
13187,United Kingdom,338,4,341.36,296,51,85.34,74.00,287
13188,United Kingdom,12,1,114.60,25,2,114.60,25.00,0
13189,United Kingdom,19,2,260.68,842,29,130.34,421.00,97
13190,United Kingdom,545,3,570.66,308,16,190.22,102.67,188
13191,United Kingdom,659,1,164.69,115,58,164.69,115.00,0
13192,United Kingdom,96,6,2558.58,1629,135,426.43,271.50,591
13193,United Kingdom,62,1,112.08,46,22,112.08,46.00,0
13194,United Kingdom,136,2,472.78,326,10,236.39,163.00,286
13195,United Kingdom,415,1,136.73,70,43,136.73,70.00,0
13196,United Kingdom,12,7,3068.84,2006,141,438.41,286.57,606
13197,United Kingdom,610,1,373.01,204,19,373.01,204.00,0
13198,United Kingdom,11,8,4974.23,3449,265,621.78,431.12,424
13199,United Kingdom,4,67,15964.21,11567,61,238.27,172.64,731
13200,United Kingdom,20,4,870.09,516,42,217.52,129.00,107
13201,United Kingdom,503,4,1233.06,1036,65,308.26,259.00,140
13202,United Kingdom,395,7,1580.30,572,55,225.76,81.71,336
13203,United Kingdom,10,10,2648.25,2413,158,264.82,241.30,713
13204,United Kingdom,732,1,966.66,428,57,966.66,428.00,0
13205,United Kingdom,444,1,2803.20,256,1,2803.20,256.00,0
13206,United Kingdom,401,13,8308.19,7086,393,639.09,545.08,332
13207,United Kingdom,16,4,535.86,178,10,133.97,44.50,597
13208,United Kingdom,59,9,1976.30,1343,198,219.59,149.22,678
13209,United Kingdom,31,13,8509.51,5781,284,654.58,444.69,654
13210,United Kingdom,94,1,353.48,316,22,353.48,316.00,0
13211,United Kingdom,11,10,2618.77,1845,98,261.88,184.50,723
13212,United Kingdom,20,3,786.83,309,128,262.28,103.00,42
13213,United Kingdom,57,11,3851.52,2962,181,350.14,269.27,512
13214,United Kingdom,418,7,3264.23,2966,207,466.32,423.71,229
13215,United Kingdom,403,1,81.60,96,1,81.60,96.00,0
13216,United Kingdom,268,1,333.74,297,5,333.74,297.00,0
13217,United Kingdom,123,4,666.48,512,3,166.62,128.00,533
13218,United Kingdom,128,1,62.64,88,5,62.64,88.00,0
13219,United Kingdom,619,1,76.23,11,11,76.23,11.00,0
13220,United Kingdom,79,5,1336.09,396,46,267.22,79.20,497
13221,United Kingdom,241,2,847.41,244,62,423.70,122.00,119
13222,United Kingdom,578,1,88.50,30,1,88.50,30.00,0
13223,United Kingdom,201,6,969.12,568,8,161.52,94.67,465
13224,United Kingdom,61,2,2155.95,1518,101,1077.97,759.00,91
13225,United Kingdom,4,16,16260.07,7401,60,1016.25,462.56,719
13226,United Kingdom,274,2,312.46,179,28,156.23,89.50,120
13227,United Kingdom,202,1,257.70,99,9,257.70,99.00,0
13228,United Kingdom,82,1,358.00,200,2,358.00,200.00,0
13229,United Kingdom,226,1,160.95,63,10,160.95,63.00,0
13230,United Kingdom,5,30,6120.01,3520,653,204.00,117.33,627
13232,United Kingdom,13,7,1328.35,773,147,189.76,110.43,231
13233,United Kingdom,75,4,1176.46,1604,74,294.12,401.00,620
13234,United Kingdom,673,2,346.50,159,56,173.25,79.50,60
13235,United Kingdom,213,1,1031.07,441,53,1031.07,441.00,0
13236,United Kingdom,25,2,744.85,416,34,372.43,208.00,82
13237,United Kingdom,388,1,643.00,128,24,643.00,128.00,0
13238,United Kingdom,18,6,1006.63,442,24,167.77,73.67,573
13239,United Kingdom,262,5,1594.69,1151,86,318.94,230.20,241
13240,United Kingdom,97,8,1475.79,709,160,184.47,88.62,556
13241,United Kingdom,412,1,112.53,46,40,112.53,46.00,0
13242,United Kingdom,113,7,699.40,350,19,99.91,50.00,556
13243,United Kingdom,204,5,1220.38,554,165,244.08,110.80,428
13244,United Kingdom,93,1,121.74,38,27,121.74,38.00,0
13245,United Kingdom,51,2,989.22,371,43,494.61,185.50,382
13246,United Kingdom,19,11,3351.75,2796,229,304.70,254.18,507
13247,United Kingdom,18,4,501.12,328,18,125.28,82.00,65
13248,United Kingdom,125,2,465.68,305,25,232.84,152.50,65
13249,United Kingdom,93,9,1608.93,1246,21,178.77,138.44,592
13250,United Kingdom,461,2,253.09,107,17,126.55,53.50,42
13251,United Kingdom,403,1,252.68,215,25,252.68,215.00,0
13252,United Kingdom,395,2,399.30,134,19,199.65,67.00,231
13253,United Kingdom,157,4,2951.11,3015,73,737.78,753.75,547
13254,United Kingdom,377,1,51.41,43,4,51.41,43.00,0
13255,United Kingdom,10,3,678.76,407,26,226.25,135.67,503
13257,United Kingdom,437,1,149.75,33,7,149.75,33.00,0
13258,United Kingdom,12,5,1009.43,446,29,201.89,89.20,389
13259,United Kingdom,62,9,1402.54,503,234,155.84,55.89,637
13260,United Kingdom,62,1,557.62,142,8,557.62,142.00,0
13261,United Kingdom,269,2,944.10,210,8,472.05,105.00,17
13262,United Kingdom,264,3,573.45,247,48,191.15,82.33,337
13263,United Kingdom,2,39,8676.20,5372,507,222.47,137.74,412
13264,United Kingdom,443,1,722.56,375,38,722.56,375.00,0
13265,United Kingdom,54,5,2092.66,1740,66,418.53,348.00,220
13266,United Kingdom,12,19,6135.04,6837,154,322.90,359.84,711
13267,United Kingdom,3,36,9429.81,3959,152,261.94,109.97,730
13268,United Kingdom,18,11,3174.75,3624,257,288.61,329.45,250
13269,United Kingdom,2,28,8537.32,6366,238,304.90,227.36,736
13270,United Kingdom,367,1,590.00,200,1,590.00,200.00,0
13271,United Kingdom,38,1,211.49,240,79,211.49,240.00,0
13272,United Kingdom,32,2,276.56,96,15,138.28,48.00,58
13273,United Kingdom,114,1,138.98,153,16,138.98,153.00,0
13274,United Kingdom,410,1,360.85,199,19,360.85,199.00,0
13275,United Kingdom,384,2,238.86,138,48,119.43,69.00,249
13276,United Kingdom,64,5,1891.91,840,209,378.38,168.00,579
13277,United Kingdom,16,7,523.30,382,10,74.76,54.57,524
13278,United Kingdom,41,4,1435.85,1358,80,358.96,339.50,570
13279,United Kingdom,79,1,137.75,73,9,137.75,73.00,0
13280,United Kingdom,123,7,2293.33,1489,159,327.62,212.71,522
13281,United Kingdom,440,1,350.85,201,22,350.85,201.00,0
13282,United Kingdom,19,4,1313.19,410,42,328.30,102.50,388
13283,United Kingdom,60,4,373.36,204,19,93.34,51.00,581
13284,United Kingdom,331,1,201.19,91,13,201.19,91.00,0
13285,United Kingdom,24,6,3364.59,2457,182,560.76,409.50,601
13286,United Kingdom,601,1,734.91,274,46,734.91,274.00,0
13287,United Kingdom,604,3,781.59,429,46,260.53,143.00,101
13288,United Kingdom,444,5,927.61,379,7,185.52,75.80,223
13289,United Kingdom,724,1,307.95,119,16,307.95,119.00,0
13290,United Kingdom,439,1,208.63,1,1,208.63,1.00,0
13291,United Kingdom,156,11,3270.79,1600,155,297.34,145.45,511
13292,United Kingdom,39,5,994.51,530,55,198.90,106.00,488
13293,United Kingdom,393,6,1192.94,555,51,198.82,92.50,276
13294,United Kingdom,190,3,1689.53,996,93,563.18,332.00,457
13295,United Kingdom,360,4,1101.97,733,56,275.49,183.25,217
13296,United Kingdom,138,6,792.51,653,50,132.09,108.83,440
13297,United Kingdom,8,7,4368.62,2694,108,624.09,384.86,535
13298,United Kingdom,2,1,360.00,96,2,360.00,96.00,0
13299,United Kingdom,269,3,1218.70,416,56,406.23,138.67,260
13300,United Kingdom,170,3,1285.51,455,44,428.50,151.67,405
13301,United Kingdom,104,4,618.09,345,75,154.52,86.25,189
13302,United Kingdom,156,2,159.20,12,3,79.60,6.00,371
13303,United Kingdom,401,1,61.72,26,4,61.72,26.00,0
13304,United Kingdom,352,4,1217.99,716,59,304.50,179.00,318
13305,United Kingdom,5,16,3616.41,2228,153,226.03,139.25,635
13306,United Kingdom,431,1,53.65,74,4,53.65,74.00,0
13307,United Kingdom,121,3,273.34,140,15,91.11,46.67,472
13308,United Kingdom,23,4,1670.37,1073,65,417.59,268.25,574
13309,United Kingdom,8,6,1706.37,1914,95,284.40,319.00,385
13310,United Kingdom,29,5,1541.20,816,80,308.24,163.20,374
13311,United Kingdom,5,2,598.57,305,25,299.29,152.50,146
13312,United Kingdom,452,1,124.75,41,5,124.75,41.00,0
13313,United Kingdom,23,12,3445.32,2308,105,287.11,192.33,715
13314,United Kingdom,2,3,775.94,560,55,258.65,186.67,72
13315,United Kingdom,690,1,310.26,232,22,310.26,232.00,0
13316,United Kingdom,38,10,12940.82,19931,115,1294.08,1993.10,602
13317,United Kingdom,67,19,6486.09,3149,222,341.37,165.74,660
13318,United Kingdom,2,3,640.76,304,14,213.59,101.33,36
13319,United Kingdom,6,58,21323.22,8974,345,367.64,154.72,728
13320,United Kingdom,79,6,2211.60,1509,98,368.60,251.50,400
13321,United Kingdom,73,2,567.36,372,10,283.68,186.00,14
13322,United Kingdom,18,1,199.48,117,25,199.48,117.00,0
13323,United Kingdom,4,5,787.85,175,6,157.57,35.00,81
13324,United Kingdom,37,18,10513.47,8448,36,584.08,469.33,527
13325,United Kingdom,82,1,675.30,240,12,675.30,240.00,0
13326,United Kingdom,433,1,281.76,140,13,281.76,140.00,0
13327,United Kingdom,39,20,9134.48,4203,175,456.72,210.15,683
13328,United Kingdom,317,1,1308.48,680,17,1308.48,680.00,0
13329,United Kingdom,32,8,4808.77,3311,68,601.10,413.88,704
13330,United Kingdom,93,6,2796.10,1951,80,466.02,325.17,562
13331,United Kingdom,402,1,262.40,54,12,262.40,54.00,0
13332,United Kingdom,15,1,350.90,179,21,350.90,179.00,0
13333,United Kingdom,412,3,1015.74,685,54,338.58,228.33,247
13334,United Kingdom,83,5,6201.80,3198,307,1240.36,639.60,570
13336,United Kingdom,78,1,795.12,559,51,795.12,559.00,0
13337,United Kingdom,547,1,1575.26,980,87,1575.26,980.00,0
13338,United Kingdom,158,4,2445.62,1151,113,611.40,287.75,546
13339,United Kingdom,201,1,860.12,326,54,860.12,326.00,0
13340,United Kingdom,46,12,22100.56,9636,190,1841.71,803.00,610
13341,United Kingdom,261,1,775.85,301,42,775.85,301.00,0
13343,United Kingdom,178,1,353.43,135,19,353.43,135.00,0
13344,United Kingdom,68,3,2511.69,952,115,837.23,317.33,210
13345,United Kingdom,288,1,389.50,141,20,389.50,141.00,0
13346,United Kingdom,463,6,299.40,180,4,49.90,30.00,134
13347,United Kingdom,71,1,341.36,205,8,341.36,205.00,0
13348,United Kingdom,65,1,233.76,136,14,233.76,136.00,0
13349,United Kingdom,11,1,247.32,225,16,247.32,225.00,0
13350,United Kingdom,17,2,979.12,287,36,489.56,143.50,63
13351,United Kingdom,67,1,373.94,117,16,373.94,117.00,0
13352,United Kingdom,61,1,397.98,321,24,397.98,321.00,0
13354,United Kingdom,72,1,743.53,604,51,743.53,604.00,0
13355,United Kingdom,123,1,674.70,314,32,674.70,314.00,0
13356,United Kingdom,81,1,768.24,325,42,768.24,325.00,0
13357,United Kingdom,258,5,3805.51,2112,284,761.10,422.40,370
13358,United Kingdom,269,1,439.03,285,29,439.03,285.00,0
13359,United Kingdom,64,2,1043.31,381,52,521.65,190.50,340
13360,United Kingdom,432,4,1553.65,942,58,388.41,235.50,269
13361,United Kingdom,473,2,1450.50,324,29,725.25,162.00,145
13362,United Kingdom,10,7,5394.07,2481,186,770.58,354.43,416
13363,United Kingdom,18,3,1723.86,1146,78,574.62,382.00,392
13364,United Kingdom,72,1,134.96,71,10,134.96,71.00,0
13365,United Kingdom,34,2,2225.37,1247,122,1112.68,623.50,184
13366,United Kingdom,51,1,56.16,144,1,56.16,144.00,0
13367,United Kingdom,432,1,510.20,253,20,510.20,253.00,0
13368,United Kingdom,257,4,1121.50,606,45,280.38,151.50,167
13369,United Kingdom,366,1,308.28,149,14,308.28,149.00,0
13370,United Kingdom,372,1,754.87,343,39,754.87,343.00,0
13371,United Kingdom,506,2,2297.66,1019,75,1148.83,509.50,127
13372,United Kingdom,90,1,378.64,159,23,378.64,159.00,0
13373,United Kingdom,61,6,7587.19,4263,292,1264.53,710.50,673
13374,United Kingdom,415,2,422.80,135,17,211.40,67.50,35
13375,United Kingdom,89,2,1792.23,1124,62,896.12,562.00,356
13376,United Kingdom,100,3,1019.76,493,45,339.92,164.33,135
13377,United Kingdom,397,2,1552.88,748,71,776.44,374.00,249
13379,United Kingdom,27,3,572.56,601,85,190.85,200.33,110
13380,United Kingdom,433,1,62.40,48,3,62.40,48.00,0
13381,United Kingdom,32,12,8224.37,5125,154,685.36,427.08,707
13382,United Kingdom,281,5,1387.58,863,74,277.52,172.60,451
13383,United Kingdom,544,1,305.28,288,1,305.28,288.00,0
13384,United Kingdom,31,11,6680.83,4142,192,607.35,376.55,470
13385,United Kingdom,330,1,534.57,281,35,534.57,281.00,0
13386,United Kingdom,415,2,835.46,514,24,417.73,257.00,23
13387,United Kingdom,418,1,186.94,123,71,186.94,123.00,0
13388,United Kingdom,132,3,1185.65,701,68,395.22,233.67,472
13389,United Kingdom,12,3,797.96,429,50,265.99,143.00,221
13390,United Kingdom,75,1,544.08,224,13,544.08,224.00,0
13391,United Kingdom,204,1,59.80,4,1,59.80,4.00,0
13392,United Kingdom,678,1,91.14,82,8,91.14,82.00,0
13393,United Kingdom,584,4,1131.45,662,53,282.86,165.50,149
13394,United Kingdom,2,19,6621.70,5354,254,348.51,281.79,737
13395,United Kingdom,186,3,1180.23,1660,77,393.41,553.33,236
13396,United Kingdom,30,2,1360.99,600,42,680.50,300.00,290
13397,United Kingdom,73,10,3191.87,1336,68,319.19,133.60,616
13398,United Kingdom,193,2,670.34,341,37,335.17,170.50,256
13399,United Kingdom,465,3,275.40,120,10,91.80,40.00,55
13400,United Kingdom,583,1,310.83,284,23,310.83,284.00,0
13402,United Kingdom,128,4,1226.85,917,55,306.71,229.25,437
13403,United Kingdom,18,3,229.50,114,9,76.50,38.00,706
13404,United Kingdom,2,2,252.49,111,11,126.25,55.50,211
13405,United Kingdom,75,6,1213.81,855,33,202.30,142.50,650
13406,United Kingdom,428,2,568.92,292,7,284.46,146.00,204
13407,United Kingdom,579,3,2244.70,1690,85,748.23,563.33,83
13408,United Kingdom,2,106,50174.78,28675,321,473.35,270.52,734
13410,United Kingdom,25,9,2201.96,1244,25,244.66,138.22,707
13411,United Kingdom,108,1,213.55,72,17,213.55,72.00,0
13412,United Kingdom,621,1,487.35,176,33,487.35,176.00,0
13413,United Kingdom,640,6,429.44,455,38,71.57,75.83,48
13414,United Kingdom,134,6,2494.14,2702,48,415.69,450.33,470
13415,United Kingdom,473,4,784.17,496,85,196.04,124.00,256
13416,United Kingdom,44,3,940.80,208,16,313.60,69.33,693
13417,United Kingdom,5,6,1669.49,532,57,278.25,88.67,665
13418,United Kingdom,12,31,11559.66,7354,328,372.89,237.23,717
13419,United Kingdom,64,1,221.06,275,16,221.06,275.00,0
13420,United Kingdom,150,2,159.85,101,8,79.92,50.50,21
13421,United Kingdom,41,8,4058.75,2351,174,507.34,293.88,623
13422,United Kingdom,65,1,2626.30,1326,127,2626.30,1326.00,0
13423,United Kingdom,429,1,217.03,141,12,217.03,141.00,0
13424,United Kingdom,450,1,572.77,529,40,572.77,529.00,0
13425,United Kingdom,109,5,3390.43,2358,124,678.09,471.60,471
13426,United Kingdom,1,22,8167.38,4868,162,371.24,221.27,730
13427,United Kingdom,20,6,1006.53,880,35,167.75,146.67,703
13428,United Kingdom,11,3,478.54,356,122,159.51,118.67,504
13429,United Kingdom,11,4,1006.80,1390,55,251.70,347.50,65
13430,United Kingdom,19,2,679.45,751,48,339.73,375.50,68
13431,United Kingdom,68,8,3316.24,1570,113,414.53,196.25,592
13432,United Kingdom,572,2,439.10,217,98,219.55,108.50,41
13433,United Kingdom,502,4,658.32,190,22,164.58,47.50,195
13434,United Kingdom,75,5,1666.86,864,17,333.37,172.80,581
13435,United Kingdom,6,9,4447.33,2754,96,494.15,306.00,495
13436,United Kingdom,2,1,196.89,76,12,196.89,76.00,0
13437,United Kingdom,15,7,3408.06,1283,143,486.87,183.29,176
13438,United Kingdom,548,1,46.50,10,1,46.50,10.00,0
13439,United Kingdom,256,3,986.61,952,132,328.87,317.33,271
13440,United Kingdom,424,7,1295.25,573,49,185.04,81.86,28
13441,United Kingdom,92,2,720.90,520,33,360.45,260.00,340
13442,United Kingdom,668,3,419.87,115,33,139.96,38.33,71
13443,United Kingdom,449,6,1273.16,805,176,212.19,134.17,229
13444,United Kingdom,375,2,619.08,331,51,309.54,165.50,132
13445,United Kingdom,627,1,241.90,198,7,241.90,198.00,0
13446,United Kingdom,431,11,3881.89,2403,113,352.90,218.45,233
13447,United Kingdom,24,3,1129.14,584,55,376.38,194.67,12
13448,United Kingdom,17,13,8745.93,4195,321,672.76,322.69,717
13449,United Kingdom,24,1,291.88,222,19,291.88,222.00,0
13450,United Kingdom,27,13,4120.04,4318,57,316.93,332.15,577
13451,United Kingdom,27,11,7090.06,5229,561,644.55,475.36,602
13452,United Kingdom,260,3,729.80,6,2,243.27,2.00,213
13453,United Kingdom,166,3,781.69,341,33,260.56,113.67,237
13454,United Kingdom,642,1,219.87,198,23,219.87,198.00,0
13455,United Kingdom,25,6,2212.99,795,79,368.83,132.50,706
13456,United Kingdom,18,6,1766.72,765,43,294.45,127.50,190
13457,United Kingdom,689,2,148.22,96,9,74.11,48.00,49
13458,United Kingdom,8,16,11959.27,6760,290,747.45,422.50,381
13459,United Kingdom,625,2,1160.41,986,57,580.20,493.00,58
13460,United Kingdom,30,2,183.44,286,16,91.72,143.00,20
13461,United Kingdom,39,6,4160.00,3132,30,693.33,522.00,559
13462,United Kingdom,253,5,1153.85,697,64,230.77,139.40,473
13464,United Kingdom,59,6,3097.64,1440,128,516.27,240.00,560
13465,United Kingdom,447,2,931.12,584,34,465.56,292.00,140
13466,United Kingdom,185,5,1013.35,660,49,202.67,132.00,444
13467,United Kingdom,11,2,1071.91,580,89,535.96,290.00,26
13468,United Kingdom,2,72,12793.28,5617,290,177.68,78.01,735
13469,United Kingdom,654,1,82.40,52,6,82.40,52.00,0
13470,United Kingdom,100,2,165.00,100,7,82.50,50.00,16
13471,United Kingdom,2,4,2501.84,1583,214,625.46,395.75,46
13472,United Kingdom,464,2,592.24,310,24,296.12,155.00,92
13473,United Kingdom,61,8,2657.76,1000,65,332.22,125.00,664
13474,United Kingdom,237,3,646.59,318,116,215.53,106.00,259
13475,United Kingdom,192,4,1431.78,1012,64,357.94,253.00,107
13476,United Kingdom,179,5,2061.47,713,86,412.29,142.60,466
13477,United Kingdom,38,11,2819.17,2091,112,256.29,190.09,646
13478,United Kingdom,470,5,2215.78,1189,114,443.16,237.80,208
13479,United Kingdom,201,4,851.37,716,45,212.84,179.00,277
13480,United Kingdom,417,2,627.82,362,40,313.91,181.00,263
13481,United Kingdom,46,11,3830.84,2055,162,348.26,186.82,690
13482,United Kingdom,233,2,336.09,187,20,168.04,93.50,395
13483,United Kingdom,66,1,140.34,160,10,140.34,160.00,0
13484,United Kingdom,242,3,790.72,224,38,263.57,74.67,398
13485,United Kingdom,234,11,3019.22,1798,131,274.47,163.45,503
13486,United Kingdom,79,3,1122.41,669,69,374.14,223.00,77
13487,United Kingdom,58,5,846.87,362,31,169.37,72.40,677
13488,United Kingdom,18,23,14205.96,7375,370,617.65,320.65,666
13489,United Kingdom,106,4,449.52,560,11,112.38,140.00,189
13490,United Kingdom,655,1,154.25,25,8,154.25,25.00,0
13491,United Kingdom,52,27,4467.66,2349,144,165.47,87.00,681
13492,Switzerland,137,3,1269.84,408,38,423.28,136.00,78
13493,Switzerland,276,2,618.63,380,6,309.31,190.00,12
13494,United Kingdom,312,1,316.26,162,18,316.26,162.00,0
13495,United Kingdom,8,10,4863.31,2465,59,486.33,246.50,725
13496,United Kingdom,11,2,653.33,341,28,326.67,170.50,349
13497,United Kingdom,283,6,1166.83,525,52,194.47,87.50,387
13498,United Kingdom,731,1,327.38,362,17,327.38,362.00,0
13499,United Kingdom,18,5,1159.11,1365,31,231.82,273.00,252
13500,United Kingdom,24,4,1466.30,838,77,366.57,209.50,378
13501,Switzerland,289,3,2885.11,1253,90,961.70,417.67,282
13502,United Kingdom,17,5,780.50,490,28,156.10,98.00,532
13503,United Kingdom,72,6,1859.24,1105,158,309.87,184.17,590
13504,United Kingdom,65,1,295.93,178,22,295.93,178.00,0
13505,Switzerland,73,4,4393.63,2486,182,1098.41,621.50,160
13506,United Kingdom,317,5,1338.08,942,55,267.62,188.40,144
13507,United Kingdom,4,4,2479.16,1597,146,619.79,399.25,142
13508,United Kingdom,244,2,287.05,180,27,143.53,90.00,399
13509,United Kingdom,9,8,1114.72,1214,27,139.34,151.75,499
13510,United Kingdom,2,11,4558.29,3044,176,414.39,276.73,717
13511,United Kingdom,677,1,282.76,60,5,282.76,60.00,0
13512,United Kingdom,261,4,713.39,419,31,178.35,104.75,323
13513,United Kingdom,127,3,824.59,364,32,274.86,121.33,529
13514,United Kingdom,74,4,815.90,288,15,203.98,72.00,609
13515,United Kingdom,73,6,1265.82,819,64,210.97,136.50,572
13516,United Kingdom,22,4,1685.26,1114,55,421.31,278.50,396
13517,United Kingdom,60,3,2128.42,1369,125,709.47,456.33,120
13518,United Kingdom,86,1,627.16,382,36,627.16,382.00,0
13519,United Kingdom,79,2,343.21,133,19,171.60,66.50,364
13520,Switzerland,59,11,6606.00,3179,81,600.55,289.00,664
13521,United Kingdom,2,3,1071.73,718,313,357.24,239.33,9
13522,United Kingdom,31,1,125.80,44,5,125.80,44.00,0
13523,United Kingdom,34,6,4534.57,1989,177,755.76,331.50,369
13524,United Kingdom,41,5,680.18,324,17,136.04,64.80,179
13525,United Kingdom,15,2,628.78,394,5,314.39,197.00,234
13526,United Kingdom,739,2,1182.00,1911,29,591.00,955.50,0
13527,United Kingdom,34,12,4541.29,2736,266,378.44,228.00,654
13529,United Kingdom,79,2,307.76,74,15,153.88,37.00,126
13530,United Kingdom,635,1,402.98,272,18,402.98,272.00,0
13531,United Kingdom,206,6,1433.07,497,44,238.84,82.83,531
13532,United Kingdom,34,1,210.31,129,66,210.31,129.00,0
13533,United Kingdom,183,3,269.09,202,61,89.70,67.33,85
13534,United Kingdom,3,35,7720.90,3869,163,220.60,110.54,518
13535,United Kingdom,403,1,89.50,10,1,89.50,10.00,0
13536,United Kingdom,2,7,3444.39,2126,91,492.06,303.71,74
13537,United Kingdom,426,2,717.85,337,38,358.93,168.50,26
13538,United Kingdom,44,12,3103.13,959,105,258.59,79.92,632
13539,United Kingdom,86,7,1569.36,710,69,224.19,101.43,505
13540,United Kingdom,468,3,632.39,189,26,210.80,63.00,188
13541,United Kingdom,428,2,785.25,279,10,392.62,139.50,143
13542,United Kingdom,377,17,3959.49,804,98,232.91,47.29,353
13543,United Kingdom,635,2,1439.61,329,37,719.81,164.50,53
13544,United Kingdom,40,6,790.20,331,219,131.70,55.17,605
13545,United Kingdom,391,2,364.93,252,54,182.47,126.00,154
13546,United Kingdom,13,5,1086.24,587,95,217.25,117.40,412
13547,United Kingdom,409,1,167.08,79,44,167.08,79.00,0
13548,United Kingdom,97,3,901.44,558,169,300.48,186.00,375
13549,United Kingdom,26,8,1005.80,554,44,125.72,69.25,362
13550,United Kingdom,384,1,342.55,430,40,342.55,430.00,0
13551,United Kingdom,320,2,244.20,36,5,122.10,18.00,347
13552,United Kingdom,67,22,6948.92,2630,162,315.86,119.55,592
13553,United Kingdom,675,1,499.60,201,85,499.60,201.00,0
13554,United Kingdom,381,7,1629.35,578,156,232.76,82.57,66
13555,United Kingdom,74,13,8891.84,4762,264,683.99,366.31,616
13556,United Kingdom,430,2,200.82,134,8,100.41,67.00,6
13557,United Kingdom,29,13,3032.26,2398,126,233.25,184.46,703
13558,United Kingdom,6,4,594.52,338,123,148.63,84.50,63
13559,United Kingdom,513,2,990.00,360,1,495.00,180.00,31
13560,United Kingdom,8,1,171.42,63,32,171.42,63.00,0
13561,United Kingdom,216,11,1803.40,1125,131,163.95,102.27,434
13562,United Kingdom,82,8,4838.18,1603,88,604.77,200.38,613
13563,United Kingdom,85,2,777.53,209,49,388.76,104.50,56
13564,United Kingdom,145,37,16498.97,8878,484,445.92,239.95,593
13565,United Kingdom,20,3,414.80,260,45,138.27,86.67,392
13566,United Kingdom,41,5,1688.60,1257,263,337.72,251.40,599
13567,United Kingdom,429,4,1079.29,643,180,269.82,160.75,113
13568,United Kingdom,174,1,187.05,66,41,187.05,66.00,0
13569,United Kingdom,18,4,726.54,345,140,181.63,86.25,411
13570,United Kingdom,244,1,239.49,161,27,239.49,161.00,0
13571,United Kingdom,13,26,4537.26,3191,263,174.51,122.73,719
13572,United Kingdom,206,1,1384.25,534,32,1384.25,534.00,0
13573,United Kingdom,51,6,904.52,647,73,150.75,107.83,587
13574,United Kingdom,412,1,404.45,304,84,404.45,304.00,0
13575,United Kingdom,24,5,732.07,449,41,146.41,89.80,153
13576,United Kingdom,11,28,11202.59,4506,145,400.09,160.93,721
13577,United Kingdom,26,11,3489.28,1661,102,317.21,151.00,700
13578,United Kingdom,410,1,147.66,127,9,147.66,127.00,0
13579,United Kingdom,15,5,1374.34,718,72,274.87,143.60,645
13580,United Kingdom,407,1,107.75,45,5,107.75,45.00,0
13581,United Kingdom,310,2,280.53,119,32,140.27,59.50,105
13582,United Kingdom,390,2,241.68,106,10,120.84,53.00,228
13583,United Kingdom,156,2,1445.03,1097,93,722.52,548.50,524
13584,United Kingdom,307,3,385.70,360,74,128.57,120.00,369
13585,United Kingdom,531,3,684.54,1386,29,228.18,462.00,208
13586,United Kingdom,542,1,127.28,38,20,127.28,38.00,0
13587,United Kingdom,64,4,1673.50,664,27,418.38,166.00,600
13588,United Kingdom,16,9,2478.95,2606,131,275.44,289.56,240
13589,United Kingdom,15,6,1120.74,293,48,186.79,48.83,719
13590,United Kingdom,12,18,6336.04,5271,255,352.00,292.83,727
13591,United Kingdom,65,7,2093.94,850,89,299.13,121.43,661
13592,United Kingdom,36,4,247.96,84,15,61.99,21.00,229
13593,United Kingdom,109,14,5493.29,2170,212,392.38,155.00,539
13594,United Kingdom,53,2,533.32,396,31,266.66,198.00,433
13595,United Kingdom,517,3,784.48,341,114,261.49,113.67,130
13596,United Kingdom,6,2,664.11,384,133,332.06,192.00,7
13597,United Kingdom,401,2,396.71,231,17,198.35,115.50,2
13598,United Kingdom,48,5,761.96,393,78,152.39,78.60,604
13599,United Kingdom,2,33,9811.04,6248,235,297.30,189.33,737
13600,United Kingdom,313,2,518.42,599,35,259.21,299.50,322
13601,United Kingdom,46,4,1159.99,957,160,290.00,239.25,501
13602,United Kingdom,65,4,1025.17,538,49,256.29,134.50,496
13603,United Kingdom,27,1,164.34,164,27,164.34,164.00,0
13604,United Kingdom,659,1,717.62,242,21,717.62,242.00,0
13605,United Kingdom,388,2,522.67,425,50,261.33,212.50,184
13606,United Kingdom,30,3,276.75,276,40,92.25,92.00,282
13607,United Kingdom,41,2,1075.81,466,110,537.90,233.00,362
13608,United Kingdom,541,1,232.05,110,31,232.05,110.00,0
13609,United Kingdom,594,1,167.35,19,7,167.35,19.00,0
13610,United Kingdom,13,14,2103.71,869,309,150.27,62.07,691
13611,United Kingdom,90,10,3297.93,1988,170,329.79,198.80,647
13612,United Kingdom,633,1,818.29,444,50,818.29,444.00,0
13613,United Kingdom,453,5,1039.85,445,50,207.97,89.00,208
13614,United Kingdom,25,6,2332.74,821,227,388.79,136.83,527
13615,United Kingdom,319,8,6272.53,2910,259,784.07,363.75,362
13616,United Kingdom,569,2,283.85,172,31,141.93,86.00,123
13617,United Kingdom,41,8,1278.75,593,48,159.84,74.12,455
13618,United Kingdom,174,1,177.34,246,13,177.34,246.00,0
13619,United Kingdom,545,2,224.94,79,39,112.47,39.50,130
13620,United Kingdom,529,1,112.34,74,5,112.34,74.00,0
13621,United Kingdom,117,1,213.85,343,19,213.85,343.00,0
13622,United Kingdom,697,1,658.95,379,32,658.95,379.00,0
13623,United Kingdom,31,10,2533.06,1010,211,253.31,101.00,707
13624,United Kingdom,389,1,462.08,820,22,462.08,820.00,0
13625,United Kingdom,597,1,301.26,144,21,301.26,144.00,0
13626,United Kingdom,253,2,707.04,398,44,353.52,199.00,127
13627,United Kingdom,60,7,2245.90,1632,118,320.84,233.14,581
13628,United Kingdom,677,1,310.14,106,16,310.14,106.00,0
13629,United Kingdom,24,19,13370.86,7722,28,703.73,406.42,643
13630,United Kingdom,6,7,2031.78,1391,51,290.25,198.71,280
13631,United Kingdom,100,11,3070.42,467,6,279.13,42.45,168
13632,United Kingdom,25,8,3645.81,1633,166,455.73,204.12,587
13634,United Kingdom,34,16,5033.77,2090,269,314.61,130.62,665
13635,United Kingdom,68,4,2999.16,1884,135,749.79,471.00,671
13636,United Kingdom,37,5,949.12,592,57,189.82,118.40,249
13637,United Kingdom,53,3,804.30,405,79,268.10,135.00,174
13638,United Kingdom,16,1,122.64,93,8,122.64,93.00,0
13639,United Kingdom,75,2,1346.27,997,49,673.13,498.50,362
13640,United Kingdom,612,1,405.00,108,4,405.00,108.00,0
13641,United Kingdom,641,5,1016.47,1098,41,203.29,219.60,94
13642,United Kingdom,216,4,472.20,231,93,118.05,57.75,217
13643,United Kingdom,32,10,2156.77,902,71,215.68,90.20,700
13644,United Kingdom,17,4,2624.26,2067,144,656.07,516.75,89
13645,United Kingdom,121,1,252.10,158,5,252.10,158.00,0
13646,United Kingdom,400,2,326.25,79,58,163.12,39.50,0
13647,United Kingdom,10,8,3041.68,1795,98,380.21,224.38,594
13648,United Kingdom,401,8,1764.02,960,95,220.50,120.00,338
13649,United Kingdom,257,6,1453.68,782,97,242.28,130.33,271
13650,United Kingdom,17,10,3288.00,1746,127,328.80,174.60,666
13651,United Kingdom,36,3,226.85,62,14,75.62,20.67,346
13652,United Kingdom,46,5,2262.05,1458,116,452.41,291.60,607
13653,United Kingdom,488,1,152.20,72,9,152.20,72.00,0
13654,United Kingdom,44,11,6308.00,4762,262,573.45,432.91,694
13655,United Kingdom,115,6,2280.51,1225,103,380.09,204.17,477
13656,United Kingdom,165,4,1078.85,862,81,269.71,215.50,431
13657,United Kingdom,11,2,382.14,209,16,191.07,104.50,191
13658,United Kingdom,10,9,6025.50,2171,164,669.50,241.22,663
13659,United Kingdom,206,12,4884.68,2527,224,407.06,210.58,455
13660,United Kingdom,401,1,306.64,136,39,306.64,136.00,0
13661,United Kingdom,604,1,325.24,118,17,325.24,118.00,0
13662,United Kingdom,86,11,2233.61,1169,126,203.06,106.27,573
13663,United Kingdom,180,5,2047.51,893,87,409.50,178.60,467
13665,United Kingdom,387,3,1711.66,1652,97,570.55,550.67,118
13666,United Kingdom,61,5,127.90,54,19,25.58,10.80,675
13667,United Kingdom,150,1,299.05,149,82,299.05,149.00,0
13668,United Kingdom,3,35,12948.48,6096,411,369.96,174.17,726
13669,United Kingdom,51,3,413.55,393,13,137.85,131.00,357
13670,United Kingdom,76,1,349.70,282,25,349.70,282.00,0
13671,United Kingdom,395,1,172.60,95,61,172.60,95.00,0
13672,United Kingdom,302,3,419.92,138,13,139.97,46.00,429
13673,United Kingdom,19,2,387.44,114,47,193.72,57.00,14
13674,United Kingdom,433,1,240.68,102,14,240.68,102.00,0
13675,United Kingdom,152,2,486.82,330,25,243.41,165.00,133
13676,United Kingdom,540,2,243.90,104,13,121.95,52.00,80
13677,United Kingdom,405,2,551.24,217,98,275.62,108.50,116
13678,United Kingdom,152,1,232.60,924,16,232.60,924.00,0
13679,United Kingdom,494,3,281.26,102,44,93.75,34.00,242
13680,United Kingdom,2,12,11419.67,5244,354,951.64,437.00,734
13681,United Kingdom,18,4,827.83,360,37,206.96,90.00,138
13682,United Kingdom,188,1,59.50,10,3,59.50,10.00,0
13683,United Kingdom,458,1,258.60,180,10,258.60,180.00,0
13684,United Kingdom,286,4,594.88,234,81,148.72,58.50,336
13685,United Kingdom,3,7,3119.44,5056,29,445.63,722.29,58
13686,United Kingdom,183,3,409.04,378,27,136.35,126.00,219
13687,United Kingdom,439,1,11880.84,87167,45,11880.84,87167.00,0
13688,United Kingdom,636,1,375.50,130,5,375.50,130.00,0
13689,United Kingdom,64,2,1259.50,722,6,629.75,361.00,381
13690,United Kingdom,60,1,172.25,67,9,172.25,67.00,0
13691,United Kingdom,397,1,212.78,145,54,212.78,145.00,0
13692,United Kingdom,25,5,3114.40,2101,83,622.88,420.20,396
13693,United Kingdom,375,9,2011.82,880,78,223.54,97.78,358
13694,United Kingdom,4,143,195640.69,188201,896,1368.12,1316.09,732
13695,United Kingdom,32,16,2770.73,1791,47,173.17,111.94,546
13696,United Kingdom,422,3,2020.40,552,24,673.47,184.00,245
13697,United Kingdom,39,1,151.30,177,12,151.30,177.00,0
13698,United Kingdom,597,2,451.73,227,31,225.87,113.50,85
13699,United Kingdom,156,2,764.15,219,33,382.07,109.50,395
13700,United Kingdom,27,13,2596.97,2786,163,199.77,214.31,644
13701,United Kingdom,447,1,161.00,80,9,161.00,80.00,0
13702,United Kingdom,446,1,135.18,74,5,135.18,74.00,0
13703,United Kingdom,319,2,425.56,128,36,212.78,64.00,97
13704,United Kingdom,6,9,2308.06,1531,111,256.45,170.11,83
13705,United Kingdom,8,7,1717.19,906,55,245.31,129.43,617
13706,United Kingdom,303,2,631.17,301,38,315.58,150.50,324
13707,United Kingdom,268,5,3365.86,2210,142,673.17,442.00,269
13708,United Kingdom,272,1,285.33,301,49,285.33,301.00,0
13709,United Kingdom,4,18,7571.35,4122,296,420.63,229.00,694
13710,United Kingdom,32,3,509.52,336,13,169.84,112.00,581
13711,United Kingdom,219,9,1792.26,819,80,199.14,91.00,506
13712,United Kingdom,247,2,766.42,1128,32,383.21,564.00,364
13713,United Kingdom,409,3,740.76,284,70,246.92,94.67,175
13714,United Kingdom,466,1,161.35,50,30,161.35,50.00,0
13715,United Kingdom,282,17,8153.04,4800,277,479.59,282.35,357
13716,United Kingdom,270,1,138.28,138,21,138.28,138.00,0
13717,United Kingdom,33,8,1763.30,2144,110,220.41,268.00,453
13718,United Kingdom,247,2,306.55,173,9,153.28,86.50,49
13719,United Kingdom,16,11,2783.08,1588,194,253.01,144.36,556
13720,United Kingdom,117,4,799.90,501,42,199.97,125.25,138
13721,United Kingdom,37,2,741.54,512,41,370.77,256.00,359
13722,United Kingdom,132,10,5635.41,3059,137,563.54,305.90,515
13723,United Kingdom,218,6,1194.08,593,51,199.01,98.83,394
13724,United Kingdom,638,1,213.01,130,39,213.01,130.00,0
13725,United Kingdom,50,8,1980.56,806,95,247.57,100.75,259
13726,United Kingdom,39,2,1079.66,1054,39,539.83,527.00,62
13727,United Kingdom,29,8,1074.15,368,74,134.27,46.00,702
13728,United Kingdom,37,16,2855.17,1269,75,178.45,79.31,694
13729,United Kingdom,436,3,724.73,419,36,241.58,139.67,249
13730,United Kingdom,136,2,752.60,488,38,376.30,244.00,26
13731,United Kingdom,220,2,610.59,278,36,305.30,139.00,27
13732,United Kingdom,29,1,491.86,498,33,491.86,498.00,0
13733,United Kingdom,411,2,487.03,335,28,243.52,167.50,325
13734,United Kingdom,509,4,6695.69,302,24,1673.92,75.50,94
13735,United Kingdom,25,13,9762.77,4135,362,750.98,318.08,702
13736,United Kingdom,6,7,2752.47,1549,325,393.21,221.29,728
13737,United Kingdom,201,1,339.60,125,29,339.60,125.00,0
13738,United Kingdom,397,1,434.78,237,88,434.78,237.00,0
13739,United Kingdom,19,2,292.20,76,6,146.10,38.00,509
13740,United Kingdom,241,5,1582.77,987,83,316.55,197.40,497
13741,United Kingdom,72,3,668.43,218,34,222.81,72.67,146
13742,United Kingdom,17,12,3107.87,1115,200,258.99,92.92,304
13743,United Kingdom,3,7,1341.60,1776,8,191.66,253.71,257
13744,United Kingdom,96,2,1080.52,1153,54,540.26,576.50,197
13745,United Kingdom,163,2,777.36,1146,46,388.68,573.00,384
13746,United Kingdom,414,1,176.69,83,9,176.69,83.00,0
13747,United Kingdom,374,2,169.80,60,4,84.90,30.00,51
13748,United Kingdom,96,9,2064.35,1028,40,229.37,114.22,643
13750,United Kingdom,54,11,3602.18,1370,51,327.47,124.55,564
13751,United Kingdom,289,1,296.25,152,9,296.25,152.00,0
13752,United Kingdom,125,7,1579.83,1005,75,225.69,143.57,403
13753,United Kingdom,288,4,2094.57,1450,64,523.64,362.50,449
13754,United Kingdom,152,3,447.05,315,16,149.02,105.00,286
13755,United Kingdom,4,9,2108.06,1242,232,234.23,138.00,60
13756,United Kingdom,3,23,8655.95,5138,142,376.35,223.39,722
13757,United Kingdom,675,1,195.55,54,8,195.55,54.00,0
13758,United Kingdom,12,15,8698.13,4667,213,579.88,311.13,727
13759,United Kingdom,34,2,659.41,287,24,329.71,143.50,38
13760,United Kingdom,55,5,1363.64,623,95,272.73,124.60,539
13761,United Kingdom,51,6,1952.17,1079,118,325.36,179.83,606
13762,United Kingdom,219,5,2472.48,2608,23,494.50,521.60,480
13763,United Kingdom,64,3,5217.44,3224,50,1739.15,1074.67,372
13764,United Kingdom,71,6,2919.62,2084,295,486.60,347.33,572
13765,United Kingdom,654,1,352.82,297,17,352.82,297.00,0
13766,United Kingdom,496,1,190.35,137,16,190.35,137.00,0
13767,United Kingdom,3,73,33903.57,14595,117,464.43,199.93,736
13768,United Kingdom,727,2,875.97,373,30,437.99,186.50,4
13769,United Kingdom,3,20,5478.12,2452,121,273.91,122.60,721
13770,United Kingdom,423,4,785.37,468,48,196.34,117.00,308
13771,United Kingdom,65,9,5728.82,3140,182,636.54,348.89,588
13772,United Kingdom,34,8,3100.02,1446,394,387.50,180.75,621
13773,United Kingdom,397,2,301.54,174,19,150.77,87.00,263
13774,United Kingdom,82,1,345.00,192,22,345.00,192.00,0
13775,United Kingdom,591,1,1049.66,455,63,1049.66,455.00,0
13776,United Kingdom,429,2,623.98,2,1,311.99,1.00,0
13777,United Kingdom,1,61,49638.26,23190,44,813.74,380.16,737
13778,United Kingdom,104,4,1124.49,511,33,281.12,127.75,462
13779,United Kingdom,516,1,161.13,53,27,161.13,53.00,0
13780,United Kingdom,8,3,732.07,479,90,244.02,159.67,400
13781,United Kingdom,251,3,778.83,300,56,259.61,100.00,471
13782,United Kingdom,13,13,1786.08,643,187,137.39,49.46,721
13783,United Kingdom,488,4,1542.09,3437,4,385.52,859.25,186
13784,United Kingdom,10,14,2910.23,2827,13,207.87,201.93,441
13785,United Kingdom,429,4,542.49,151,26,135.62,37.75,32
13786,United Kingdom,368,6,3127.99,1515,80,521.33,252.50,369
13787,United Kingdom,76,6,1222.50,998,71,203.75,166.33,619
13788,United Kingdom,506,1,3.75,1,1,3.75,1.00,0
13789,United Kingdom,389,1,239.46,258,18,239.46,258.00,0
13790,United Kingdom,5,1,348.80,748,45,348.80,748.00,0
13791,United Kingdom,128,2,1516.00,1200,7,758.00,600.00,41
13792,United Kingdom,67,3,383.95,156,23,127.98,52.00,356
13793,United Kingdom,647,1,96.00,52,7,96.00,52.00,0
13794,United Kingdom,547,1,126.03,63,9,126.03,63.00,0
13795,United Kingdom,389,4,836.30,1250,23,209.07,312.50,249
13796,United Kingdom,500,1,289.70,218,22,289.70,218.00,0
13797,United Kingdom,437,3,1179.45,573,71,393.15,191.00,211
13798,United Kingdom,2,110,75428.87,48187,168,685.72,438.06,730
13799,United Kingdom,117,9,2803.57,1539,64,311.51,171.00,528
13800,United Kingdom,310,3,1679.56,891,73,559.85,297.00,427
13801,United Kingdom,67,1,324.80,168,23,324.80,168.00,0
13802,United Kingdom,139,19,26259.11,14129,212,1382.06,743.63,523
13803,United Kingdom,256,3,1338.91,831,73,446.30,277.00,363
13804,United Kingdom,31,9,3161.12,1797,149,351.24,199.67,406
13805,United Kingdom,53,2,924.60,1900,10,462.30,950.00,77
13806,United Kingdom,64,1,256.38,56,10,256.38,56.00,0
13807,United Kingdom,368,3,422.20,116,24,140.73,38.67,368
13808,United Kingdom,6,5,1747.66,782,70,349.53,156.40,91
13809,Cyprus,306,3,679.70,281,23,226.57,93.67,155
13810,Germany,29,3,1499.01,312,32,499.67,104.00,28
13811,Germany,184,3,814.50,68,7,271.50,22.67,56
13812,Germany,43,3,539.00,333,33,179.67,111.00,63
13813,Germany,40,8,2765.47,1292,84,345.68,161.50,694
13814,Germany,93,3,2257.32,1214,56,752.44,404.67,435
13815,Germany,23,8,7475.74,5381,203,934.47,672.62,643
13816,Germany,24,2,571.67,269,25,285.84,134.50,41
13817,Germany,30,2,382.98,211,20,191.49,105.50,322
13818,United Kingdom,430,1,61.28,60,5,61.28,60.00,0
13819,United Kingdom,302,6,2642.35,2309,47,440.39,384.83,437
13820,United Kingdom,419,3,652.75,285,68,217.58,95.00,262
13821,United Kingdom,145,6,1379.08,477,158,229.85,79.50,560
13822,United Kingdom,6,2,632.00,611,90,316.00,305.50,35
13823,United Kingdom,19,7,3403.45,1564,108,486.21,223.43,706
13824,United Kingdom,33,12,3314.76,1442,59,276.23,120.17,605
13825,United Kingdom,622,2,255.59,182,38,127.80,91.00,109
13826,United Kingdom,177,1,189.50,82,10,189.50,82.00,0
13827,United Kingdom,58,3,409.80,138,83,136.60,46.00,86
13828,United Kingdom,23,1,209.49,311,15,209.49,311.00,0
13829,United Kingdom,422,1,102.00,12,1,102.00,12.00,0
13830,United Kingdom,582,1,156.85,47,11,156.85,47.00,0
13831,United Kingdom,17,18,6585.54,2393,121,365.86,132.94,713
13832,United Kingdom,20,2,609.89,420,54,304.94,210.00,403
13833,United Kingdom,160,2,700.41,243,43,350.20,121.50,245
13834,United Kingdom,577,2,324.19,221,15,162.09,110.50,93
13835,United Kingdom,26,7,1095.27,520,60,156.47,74.29,620
13836,United Kingdom,400,2,620.37,273,29,310.19,136.50,15
13837,United Kingdom,212,2,266.59,182,17,133.30,91.00,106
13838,United Kingdom,6,10,1690.07,694,328,169.01,69.40,574
13839,United Kingdom,487,1,139.95,25,7,139.95,25.00,0
13840,United Kingdom,417,1,651.40,358,40,651.40,358.00,0
13841,United Kingdom,253,1,85.00,100,1,85.00,100.00,0
13842,United Kingdom,59,18,5319.34,2716,214,295.52,150.89,603
13843,United Kingdom,382,1,319.75,145,18,319.75,145.00,0
13844,United Kingdom,12,1,361.62,196,20,361.62,196.00,0
13845,United Kingdom,65,1,312.98,182,9,312.98,182.00,0
13846,United Kingdom,25,4,1307.79,705,81,326.95,176.25,375
13847,United Kingdom,720,1,310.72,96,19,310.72,96.00,0
13848,United Kingdom,93,8,3015.00,9200,3,376.88,1150.00,638
13849,United Kingdom,52,5,3469.30,1883,189,693.86,376.60,573
13850,United Kingdom,130,1,1595.48,944,93,1595.48,944.00,0
13851,United Kingdom,96,8,4606.46,2525,111,575.81,315.62,584
13852,United Kingdom,611,1,187.35,85,11,187.35,85.00,0
13853,United Kingdom,58,1,1090.14,312,23,1090.14,312.00,0
13854,United Kingdom,9,39,11944.56,3642,61,306.27,93.38,692
13855,United Kingdom,501,4,1310.34,575,64,327.59,143.75,231
13856,United Kingdom,169,11,1142.03,1105,33,103.82,100.45,451
13857,United Kingdom,394,6,1001.01,782,99,166.84,130.33,178
13858,United Kingdom,58,1,216.17,75,11,216.17,75.00,0
13859,United Kingdom,327,2,515.86,167,34,257.93,83.50,203
13860,United Kingdom,2,5,1245.90,591,58,249.18,118.20,85
13861,United Kingdom,430,2,273.26,225,21,136.63,112.50,101
13862,United Kingdom,19,9,2556.09,1927,113,284.01,214.11,371
13863,United Kingdom,248,4,1239.55,553,59,309.89,138.25,346
13864,United Kingdom,387,1,662.40,192,1,662.40,192.00,0
13865,United Kingdom,59,4,501.56,204,26,125.39,51.00,231
13866,United Kingdom,75,1,145.67,57,7,145.67,57.00,0
13867,United Kingdom,32,3,1005.09,501,51,335.03,167.00,187
13868,United Kingdom,8,2,3192.54,1964,32,1596.27,982.00,31
13869,United Kingdom,124,10,7996.87,4302,502,799.69,430.20,568
13870,United Kingdom,3,15,5712.08,3449,159,380.81,229.93,667
13871,United Kingdom,23,17,7885.85,3502,183,463.87,206.00,697
13872,United Kingdom,528,3,919.57,339,51,306.52,113.00,198
13873,United Kingdom,120,8,1038.92,472,55,129.87,59.00,527
13874,United Kingdom,359,7,2049.15,864,46,292.74,123.43,315
13875,United Kingdom,54,14,4814.37,3072,159,343.88,219.43,669
13876,United Kingdom,64,1,122.70,36,7,122.70,36.00,0
13877,United Kingdom,87,3,449.68,478,23,149.89,159.33,603
13878,United Kingdom,55,4,2416.90,927,93,604.23,231.75,550
13879,United Kingdom,646,1,395.50,204,25,395.50,204.00,0
13880,United Kingdom,22,17,4293.86,2535,148,252.58,149.12,541
13881,United Kingdom,4,43,45179.10,29760,182,1050.68,692.09,642
13882,United Kingdom,3,5,1191.13,953,54,238.23,190.60,62
13883,United Kingdom,11,15,6560.02,3584,200,437.33,238.93,721
13884,United Kingdom,8,10,1825.03,752,108,182.50,75.20,463
13885,United Kingdom,190,2,506.80,182,28,253.40,91.00,11
13886,United Kingdom,72,1,243.56,126,16,243.56,126.00,0
13887,United Kingdom,205,1,349.55,147,19,349.55,147.00,0
13888,United Kingdom,120,7,2001.59,795,124,285.94,113.57,456
13889,United Kingdom,93,6,1991.23,979,57,331.87,163.17,594
13890,United Kingdom,2,14,2927.38,1392,100,209.10,99.43,732
13891,United Kingdom,379,3,859.21,476,97,286.40,158.67,204
13892,United Kingdom,27,6,1267.65,3125,33,211.27,520.83,549
13893,United Kingdom,298,1,821.10,190,21,821.10,190.00,0
13894,United Kingdom,24,3,564.62,354,25,188.21,118.00,287
13895,United Kingdom,29,6,4008.52,2060,154,668.09,343.33,708
13896,United Kingdom,626,1,388.55,149,21,388.55,149.00,0
13897,United Kingdom,51,3,1160.72,820,58,386.91,273.33,627
13898,United Kingdom,326,2,686.40,544,43,343.20,272.00,86
13899,United Kingdom,17,2,388.52,156,19,194.26,78.00,258
13900,United Kingdom,184,6,1610.59,938,80,268.43,156.33,441
13901,United Kingdom,73,15,5676.34,3344,280,378.42,222.93,631
13902,Denmark,633,5,34095.26,220600,58,6819.05,44120.00,92
13903,United Kingdom,401,1,165.45,103,10,165.45,103.00,0
13904,United Kingdom,38,2,332.64,332,24,166.32,166.00,257
13905,United Kingdom,733,1,312.65,135,12,312.65,135.00,0
13906,United Kingdom,410,1,42.00,100,1,42.00,100.00,0
13907,United Kingdom,692,1,136.80,68,4,136.80,68.00,0
13908,United Kingdom,80,4,2369.55,1478,104,592.39,369.50,197
13909,United Kingdom,424,2,282.85,301,35,141.43,150.50,98
13911,United Kingdom,58,20,4234.99,4487,178,211.75,224.35,591
13912,United Kingdom,424,1,124.95,29,7,124.95,29.00,0
13913,United Kingdom,507,1,42.22,10,3,42.22,10.00,0
13914,United Kingdom,12,2,626.45,380,28,313.23,190.00,25
13915,United Kingdom,395,1,70.80,24,2,70.80,24.00,0
13916,United Kingdom,464,4,1275.81,673,72,318.95,168.25,212
13917,United Kingdom,50,2,272.04,228,16,136.02,114.00,142
13918,United Kingdom,50,2,1212.84,1140,30,606.42,570.00,204
13919,Denmark,60,4,1360.68,1133,65,340.17,283.25,481
13920,United Kingdom,432,4,1774.68,1772,81,443.67,443.00,131
13921,United Kingdom,403,4,730.70,210,36,182.68,52.50,319
13922,United Kingdom,352,3,865.20,467,30,288.40,155.67,116
13923,United Kingdom,54,1,351.13,185,20,351.13,185.00,0
13924,United Kingdom,2,6,1838.85,1575,90,306.48,262.50,71
13925,United Kingdom,93,4,678.25,331,28,169.56,82.75,42
13926,United Kingdom,24,1,223.85,104,11,223.85,104.00,0
13927,United Kingdom,75,2,708.26,463,37,354.13,231.50,363
13928,United Kingdom,11,4,464.57,129,23,116.14,32.25,123
13929,United Kingdom,170,11,3494.10,1566,38,317.65,142.36,525
13930,United Kingdom,58,2,337.34,274,15,168.67,137.00,79
13931,United Kingdom,96,11,5257.38,3488,205,477.94,317.09,641
13932,United Kingdom,295,1,307.40,72,16,307.40,72.00,0
13933,United Kingdom,110,2,608.79,205,23,304.40,102.50,39
13934,United Kingdom,264,1,922.10,390,31,922.10,390.00,0
13935,United Kingdom,597,3,6116.92,2252,67,2038.97,750.67,56
13936,United Kingdom,180,3,939.66,661,56,313.22,220.33,235
13937,United Kingdom,170,2,880.13,587,54,440.06,293.50,233
13938,United Kingdom,36,1,71.66,70,7,71.66,70.00,0
13939,United Kingdom,24,7,1560.96,1608,91,222.99,229.71,589
13940,United Kingdom,18,4,839.14,516,39,209.78,129.00,127
13941,United Kingdom,22,15,10027.18,4782,42,668.48,318.80,702
13942,United Kingdom,535,1,320.00,1000,1,320.00,1000.00,0
13943,United Kingdom,578,1,246.54,94,15,246.54,94.00,0
13944,United Kingdom,654,1,200.43,153,35,200.43,153.00,0
13945,United Kingdom,395,2,854.15,413,49,427.07,206.50,85
13946,United Kingdom,80,6,1876.23,2847,49,312.70,474.50,656
13947,United Kingdom,66,1,90.60,44,5,90.60,44.00,0
13948,United Kingdom,361,4,548.76,248,23,137.19,62.00,375
13949,United Kingdom,3,6,2427.32,2474,124,404.55,412.33,92
13950,United Kingdom,12,4,745.06,323,33,186.26,80.75,235
13951,United Kingdom,177,3,674.45,459,38,224.82,153.00,118
13952,United Kingdom,218,14,12823.52,5947,238,915.97,424.79,506
13953,United Kingdom,8,12,6640.68,5224,8,553.39,435.33,721
13954,United Kingdom,2,2,439.92,150,24,219.96,75.00,69
13955,United Kingdom,155,3,544.07,272,82,181.36,90.67,221
13956,United Kingdom,6,5,1019.27,486,123,203.85,97.20,266
13957,United Kingdom,418,3,458.25,157,21,152.75,52.33,241
13958,United Kingdom,380,8,4709.23,2264,172,588.65,283.00,355
13959,United Kingdom,80,6,1064.77,694,120,177.46,115.67,432
13960,United Kingdom,22,2,230.22,142,11,115.11,71.00,50
13961,United Kingdom,393,1,538.40,226,19,538.40,226.00,0
13962,United Kingdom,22,3,362.80,160,23,120.93,53.33,414
13963,United Kingdom,309,17,2860.57,2007,129,168.27,118.06,289
13964,United Kingdom,388,2,438.90,228,22,219.45,114.00,43
13965,United Kingdom,477,3,996.61,425,23,332.20,141.67,227
13966,United Kingdom,436,1,384.26,760,21,384.26,760.00,0
13967,United Kingdom,146,2,166.30,66,4,83.15,33.00,251
13968,United Kingdom,424,1,123.66,174,8,123.66,174.00,0
13969,United Kingdom,8,35,12973.46,6640,472,370.67,189.71,617
13970,United Kingdom,387,2,846.55,469,10,423.27,234.50,51
13971,United Kingdom,19,14,4667.57,3084,184,333.40,220.29,664
13972,United Kingdom,71,2,190.25,187,15,95.12,93.50,131
13973,United Kingdom,288,1,264.70,109,11,264.70,109.00,0
13974,United Kingdom,50,2,677.72,356,43,338.86,178.00,533
13975,United Kingdom,32,12,5256.40,3884,434,438.03,323.67,644
13976,United Kingdom,207,4,1192.36,452,49,298.09,113.00,462
13977,United Kingdom,412,1,519.81,303,13,519.81,303.00,0
13978,United Kingdom,15,2,196.79,315,14,98.40,157.50,31
13979,United Kingdom,74,7,3379.93,2270,356,482.85,324.29,663
13980,United Kingdom,61,5,768.82,463,57,153.76,92.60,596
13981,United Kingdom,416,1,331.14,234,22,331.14,234.00,0
13982,United Kingdom,40,9,3954.29,2478,123,439.37,275.33,649
13983,United Kingdom,30,21,6753.89,3925,238,321.61,186.90,701
13984,United Kingdom,27,12,1893.80,1301,53,157.82,108.42,706
13985,United Kingdom,5,22,10020.86,4936,149,455.49,224.36,664
13986,United Kingdom,18,1,320.46,430,12,320.46,430.00,0
13987,United Kingdom,380,2,682.54,492,46,341.27,246.00,21
13988,United Kingdom,20,8,4757.80,3385,218,594.73,423.12,606
13989,United Kingdom,66,5,2026.06,2207,61,405.21,441.40,498
13990,United Kingdom,214,1,311.30,190,16,311.30,190.00,0
13991,United Kingdom,13,6,852.88,995,58,142.15,165.83,131
13992,United Kingdom,31,3,219.50,154,10,73.17,51.33,433
13993,United Kingdom,43,19,6775.71,2135,110,356.62,112.37,694
13994,United Kingdom,4,6,2274.14,932,122,379.02,155.33,145
13995,United Kingdom,16,14,3902.01,2359,146,278.72,168.50,706
13996,United Kingdom,387,2,895.76,613,29,447.88,306.50,13
13997,United Kingdom,520,3,376.46,143,36,125.49,47.67,31
13998,United Kingdom,447,3,566.70,204,30,188.90,68.00,130
13999,United Kingdom,11,29,9502.26,5043,174,327.66,173.90,724
14000,United Kingdom,212,5,2046.34,1838,28,409.27,367.60,526
14001,United Kingdom,46,9,4228.85,1779,60,469.87,197.67,448
14002,United Kingdom,135,2,529.73,877,47,264.87,438.50,22
14003,United Kingdom,733,1,209.41,149,16,209.41,149.00,0
14004,United Kingdom,44,11,6258.45,3425,127,568.95,311.36,392
14005,United Kingdom,10,5,2874.72,2478,53,574.94,495.60,206
14006,United Kingdom,116,7,2196.67,2181,55,313.81,311.57,537
14007,United Kingdom,513,1,79.48,16,5,79.48,16.00,0
14008,United Kingdom,433,1,509.04,326,32,509.04,326.00,0
14009,United Kingdom,199,3,1099.91,951,71,366.64,317.00,264
14010,United Kingdom,566,2,445.15,177,20,222.57,88.50,0
14011,United Kingdom,481,2,457.82,644,32,228.91,322.00,127
14012,United Kingdom,278,1,328.80,160,11,328.80,160.00,0
14013,United Kingdom,111,5,1084.57,775,56,216.91,155.00,513
14014,United Kingdom,78,3,1948.21,2004,76,649.40,668.00,499
14015,United Kingdom,53,1,917.34,378,20,917.34,378.00,0
14016,EIRE,162,11,11403.41,5722,354,1036.67,520.18,539
14017,United Kingdom,572,1,229.75,73,14,229.75,73.00,0
14018,United Kingdom,646,1,367.15,224,13,367.15,224.00,0
14019,United Kingdom,47,3,1421.61,1037,37,473.87,345.67,92
14020,United Kingdom,17,4,1249.01,648,63,312.25,162.00,513
14021,United Kingdom,156,7,1716.58,878,84,245.23,125.43,437
14022,United Kingdom,226,2,792.15,681,45,396.07,340.50,261
14023,United Kingdom,8,2,584.07,345,30,292.04,172.50,243
14024,United Kingdom,122,3,645.74,238,33,215.25,79.33,269
14025,United Kingdom,465,8,4057.90,1914,60,507.24,239.25,119
14026,United Kingdom,471,2,713.11,427,43,356.56,213.50,155
14027,United Kingdom,61,1,104.82,62,6,104.82,62.00,0
14028,United Kingdom,551,3,10396.50,7170,3,3465.50,2390.00,0
14029,United Kingdom,64,2,467.66,198,15,233.83,99.00,81
14030,United Kingdom,19,20,7521.80,4215,591,376.09,210.75,711
14031,United Kingdom,8,44,39019.51,13783,280,886.81,313.25,729
14032,United Kingdom,3,16,4546.41,3740,79,284.15,233.75,723
14033,United Kingdom,556,1,109.44,576,1,109.44,576.00,0
14034,United Kingdom,23,3,648.89,420,82,216.30,140.00,135
14035,United Kingdom,29,9,2794.75,1405,70,310.53,156.11,584
14036,United Kingdom,285,1,626.65,268,38,626.65,268.00,0
14037,United Kingdom,177,6,836.95,590,96,139.49,98.33,556
14038,United Kingdom,79,5,3069.88,1708,99,613.98,341.60,595
14039,United Kingdom,34,2,267.28,192,10,133.64,96.00,542
14040,United Kingdom,41,35,12523.81,4972,335,357.82,142.06,698
14041,United Kingdom,267,1,141.41,94,21,141.41,94.00,0
14042,United Kingdom,726,1,431.98,180,21,431.98,180.00,0
14043,United Kingdom,492,2,302.60,152,37,151.30,76.00,238
14044,United Kingdom,27,10,3077.70,2100,533,307.77,210.00,658
14045,United Kingdom,110,16,10986.63,4459,16,686.66,278.69,591
14046,United Kingdom,285,1,154.99,460,14,154.99,460.00,0
14047,United Kingdom,9,14,3968.11,1541,91,283.44,110.07,668
14048,United Kingdom,306,3,748.69,467,126,249.56,155.67,77
14049,United Kingdom,17,13,13023.40,8480,573,1001.80,652.31,601
14050,United Kingdom,32,2,746.36,689,49,373.18,344.50,75
14051,United Kingdom,1,37,21770.98,5709,82,588.40,154.30,736
14052,United Kingdom,20,2,466.66,174,115,233.33,87.00,371
14053,United Kingdom,125,4,572.30,490,3,143.07,122.50,362
14054,United Kingdom,66,1,92.46,62,6,92.46,62.00,0
14055,United Kingdom,107,3,1520.96,720,33,506.99,240.00,617
14056,United Kingdom,2,23,8152.71,4252,320,354.47,184.87,283
14057,United Kingdom,24,22,8346.66,6438,244,379.39,292.64,713
14058,United Kingdom,463,2,469.19,211,23,234.59,105.50,68
14059,United Kingdom,267,1,183.60,128,8,183.60,128.00,0
14060,United Kingdom,5,30,8898.24,7419,100,296.61,247.30,634
14061,United Kingdom,508,3,917.43,133,17,305.81,44.33,231
14062,United Kingdom,10,24,25585.65,12794,141,1066.07,533.08,720
14063,United Kingdom,439,9,22710.20,3850,30,2523.36,427.78,293
14064,United Kingdom,30,15,3260.24,3911,131,217.35,260.73,658
14065,United Kingdom,390,3,891.02,582,42,297.01,194.00,42
14066,United Kingdom,267,1,152.55,45,7,152.55,45.00,0
14067,United Kingdom,64,2,374.70,361,51,187.35,180.50,33
14068,United Kingdom,321,4,1516.72,510,93,379.18,127.50,357
14069,United Kingdom,515,2,225.81,58,37,112.91,29.00,47
14070,United Kingdom,685,1,321.60,85,40,321.60,85.00,0
14071,United Kingdom,4,8,1437.57,994,271,179.70,124.25,261
14072,United Kingdom,667,1,390.85,65,19,390.85,65.00,0
14073,United Kingdom,33,1,151.04,130,13,151.04,130.00,0
14074,United Kingdom,624,1,219.40,228,6,219.40,228.00,0
14075,United Kingdom,5,6,1734.87,1494,59,289.14,249.00,537
14076,United Kingdom,130,1,118.67,79,43,118.67,79.00,0
14077,United Kingdom,41,6,615.08,376,43,102.51,62.67,355
14078,United Kingdom,102,9,1553.47,586,107,172.61,65.11,520
14079,United Kingdom,125,2,618.73,302,13,309.37,151.00,558
14080,United Kingdom,33,5,1115.68,268,74,223.14,53.60,705
14081,United Kingdom,303,10,4867.57,3381,465,486.76,338.10,427
14082,United Kingdom,365,2,413.36,246,48,206.68,123.00,28
14083,United Kingdom,5,11,1082.19,760,169,98.38,69.09,717
14084,United Kingdom,513,1,150.50,306,7,150.50,306.00,0
14085,United Kingdom,3,33,9720.67,6434,479,294.57,194.97,729
14086,United Kingdom,463,1,39.95,1,1,39.95,1.00,0
14087,United Kingdom,3,3,829.47,718,175,276.49,239.33,733
14088,United Kingdom,11,16,64036.80,15276,436,4002.30,954.75,411
14089,United Kingdom,57,1,158.75,133,13,158.75,133.00,0
14090,United Kingdom,325,1,76.32,72,1,76.32,72.00,0
14091,United Kingdom,655,2,9530.08,3316,13,4765.04,1658.00,44
14092,United Kingdom,8,24,7229.45,3606,169,301.23,150.25,716
14093,United Kingdom,13,1,433.86,391,95,433.86,391.00,0
14094,United Kingdom,440,1,311.77,158,41,311.77,158.00,0
14095,United Kingdom,723,1,2.95,1,1,2.95,1.00,0
14096,United Kingdom,5,17,65164.79,16352,1119,3833.22,961.88,97
14097,United Kingdom,482,2,422.86,352,39,211.43,176.00,164
14098,United Kingdom,37,1,147.35,104,21,147.35,104.00,0
14099,United Kingdom,17,20,5750.91,3666,273,287.55,183.30,713
14100,United Kingdom,138,1,191.95,63,24,191.95,63.00,0
14101,United Kingdom,74,13,9961.93,10542,19,766.30,810.92,548
14102,United Kingdom,6,5,1105.88,769,35,221.18,153.80,39
14104,United Kingdom,155,5,743.53,496,117,148.71,99.20,406
14105,United Kingdom,240,5,5988.83,3534,200,1197.77,706.80,482
14106,United Kingdom,738,1,214.80,24,1,214.80,24.00,0
14107,United Kingdom,52,11,4877.30,3489,102,443.39,317.18,679
14108,United Kingdom,31,4,1044.96,660,49,261.24,165.00,708
14109,United Kingdom,73,1,144.20,88,9,144.20,88.00,0
14110,United Kingdom,4,33,12987.95,5825,177,393.57,176.52,735
14111,United Kingdom,15,4,692.85,458,10,173.21,114.50,227
14112,United Kingdom,23,13,5834.59,3539,199,448.81,272.23,632
14113,United Kingdom,4,16,7092.61,3439,76,443.29,214.94,728
14114,United Kingdom,274,7,1364.09,650,72,194.87,92.86,333
14115,United Kingdom,502,2,622.67,509,22,311.34,254.50,165
14116,United Kingdom,20,5,1382.74,707,61,276.55,141.40,102
14117,United Kingdom,144,1,90.00,72,3,90.00,72.00,0
14118,United Kingdom,429,1,458.45,97,15,458.45,97.00,0
14119,United Kingdom,376,2,183.37,177,11,91.69,88.50,343
14121,United Kingdom,4,4,2780.15,2082,148,695.04,520.50,56
14122,United Kingdom,407,3,362.42,114,12,120.81,38.00,331
14123,United Kingdom,734,1,436.18,234,24,436.18,234.00,0
14124,United Kingdom,85,1,419.58,1618,4,419.58,1618.00,0
14125,United Kingdom,11,3,2720.63,1628,159,906.88,542.67,68
14126,United Kingdom,8,4,1172.46,887,37,293.12,221.75,437
14127,United Kingdom,123,6,1900.08,828,96,316.68,138.00,303
14128,United Kingdom,61,3,924.21,814,50,308.07,271.33,491
14129,United Kingdom,2,9,2591.34,1414,40,287.93,157.11,578
14130,United Kingdom,320,4,1858.77,1215,189,464.69,303.75,409
14131,United Kingdom,649,1,168.22,105,45,168.22,105.00,0
14132,United Kingdom,3,11,3586.03,3368,100,326.00,306.18,181
14133,United Kingdom,130,4,911.14,398,33,227.78,99.50,604
14134,United Kingdom,383,15,11123.35,5814,130,741.56,387.60,347
14135,United Kingdom,2,24,8839.67,8534,138,368.32,355.58,736
14136,United Kingdom,401,5,1570.81,1148,86,314.16,229.60,331
14137,United Kingdom,696,1,332.70,462,11,332.70,462.00,0
14138,United Kingdom,2,2,965.88,600,40,482.94,300.00,62
14139,United Kingdom,47,4,1086.80,1049,48,271.70,262.25,496
14140,United Kingdom,4,2,935.05,811,60,467.52,405.50,28
14141,United Kingdom,3,4,915.13,355,27,228.78,88.75,103
14142,United Kingdom,374,2,671.34,518,42,335.67,259.00,273
14143,United Kingdom,134,1,115.80,30,7,115.80,30.00,0
14144,United Kingdom,487,1,30.60,12,1,30.60,12.00,0
14145,United Kingdom,47,7,7600.05,1655,11,1085.72,236.43,564
14146,United Kingdom,9,12,9450.30,5780,337,787.52,481.67,687
14147,United Kingdom,79,9,2590.20,995,24,287.80,110.56,562
14148,United Kingdom,234,2,466.29,223,15,233.15,111.50,181
14149,United Kingdom,221,1,446.62,218,28,446.62,218.00,0
14150,United Kingdom,36,2,658.64,496,23,329.32,248.00,324
14151,United Kingdom,674,2,679.45,405,44,339.73,202.50,43
14152,United Kingdom,76,7,1997.34,1844,104,285.33,263.43,584
14153,United Kingdom,484,1,233.40,312,17,233.40,312.00,0
14154,United Kingdom,240,8,6460.70,3222,236,807.59,402.75,456
14155,United Kingdom,267,1,118.75,25,6,118.75,25.00,0
14156,EIRE,10,156,313437.62,164325,1446,2009.22,1053.37,729
14157,United Kingdom,20,5,978.69,521,75,195.74,104.20,627
14158,United Kingdom,41,1,507.66,781,41,507.66,781.00,0
14159,United Kingdom,20,20,7860.80,6520,706,393.04,326.00,717
14160,United Kingdom,611,7,8421.47,4661,80,1203.07,665.86,88
14161,United Kingdom,216,7,2996.93,1480,202,428.13,211.43,511
14162,United Kingdom,174,2,289.36,142,25,144.68,71.00,119
14163,United Kingdom,88,5,2594.62,950,42,518.92,190.00,375
14164,United Kingdom,71,2,1631.77,1033,28,815.88,516.50,10
14165,United Kingdom,276,1,120.44,53,23,120.44,53.00,0
14166,United Kingdom,506,2,251.15,82,39,125.58,41.00,121
14167,United Kingdom,40,8,1274.29,340,48,159.29,42.50,642
14168,United Kingdom,421,2,370.45,147,11,185.22,73.50,144
14169,United Kingdom,431,2,621.51,205,50,310.75,102.50,14
14170,United Kingdom,376,3,570.18,270,123,190.06,90.00,20
14171,United Kingdom,99,2,498.79,211,61,249.40,105.50,632
14172,United Kingdom,606,3,369.02,78,38,123.01,26.00,37
14173,United Kingdom,11,6,586.00,194,30,97.67,32.33,720
14174,United Kingdom,34,1,134.46,94,26,134.46,94.00,0
14175,United Kingdom,60,8,7678.88,3009,237,959.86,376.12,568
14176,United Kingdom,298,5,756.46,265,33,151.29,53.00,84
14177,United Kingdom,87,13,2209.69,1043,141,169.98,80.23,565
14178,United Kingdom,9,7,1600.26,1494,191,228.61,213.43,174
14179,United Kingdom,41,2,701.57,319,135,350.79,159.50,12
14180,United Kingdom,11,33,6117.50,847,125,185.38,25.67,538
14181,United Kingdom,411,2,308.35,120,48,154.18,60.00,152
14182,United Kingdom,444,4,678.77,174,42,169.69,43.50,153
14183,United Kingdom,412,2,278.34,60,27,139.17,30.00,70
14184,United Kingdom,67,1,452.89,127,24,452.89,127.00,0
14185,United Kingdom,332,1,197.65,6,3,197.65,6.00,0
14186,United Kingdom,428,5,1550.63,1550,75,310.13,310.00,217
14187,United Kingdom,474,1,123.50,50,8,123.50,50.00,0
14188,United Kingdom,31,6,2054.36,1162,34,342.39,193.67,280
14189,United Kingdom,3,16,5503.15,4392,199,343.95,274.50,386
14190,United Kingdom,667,1,79.90,2,1,79.90,2.00,0
14191,United Kingdom,2,15,4817.66,3724,147,321.18,248.27,727
14192,United Kingdom,389,1,293.74,218,14,293.74,218.00,0
14193,United Kingdom,68,3,1210.19,653,49,403.40,217.67,329
14194,United Kingdom,5,36,18670.59,10037,432,518.63,278.81,698
14195,United Kingdom,202,6,2615.60,2144,10,435.93,357.33,433
14196,United Kingdom,107,1,335.52,142,6,335.52,142.00,0
14197,United Kingdom,411,1,390.05,143,20,390.05,143.00,0
14198,United Kingdom,19,9,1569.73,623,58,174.41,69.22,685
14199,United Kingdom,219,4,1091.70,254,15,272.93,63.50,312
14200,United Kingdom,618,1,379.20,140,21,379.20,140.00,0
14201,United Kingdom,61,10,1193.54,806,47,119.35,80.60,528
14202,United Kingdom,382,3,847.76,166,27,282.59,55.33,243
14203,United Kingdom,398,1,339.34,80,16,339.34,80.00,0
14204,United Kingdom,3,4,1024.83,469,186,256.21,117.25,735
14205,United Kingdom,17,9,2414.20,1342,79,268.24,149.11,626
14206,United Kingdom,240,3,1185.01,930,62,395.00,310.00,163
14207,United Kingdom,688,1,157.80,36,2,157.80,36.00,0
14208,United Kingdom,95,2,567.05,529,34,283.52,264.50,457
14209,United Kingdom,11,15,4993.27,1739,133,332.88,115.93,676
14210,United Kingdom,106,16,5556.57,2511,143,347.29,156.94,597
14211,United Kingdom,54,18,4402.29,2575,155,244.57,143.06,677
14212,United Kingdom,90,2,2190.14,2046,18,1095.07,1023.00,356
14213,United Kingdom,405,1,1192.20,244,5,1192.20,244.00,0
14214,United Kingdom,31,5,1004.38,751,64,200.88,150.20,247
14215,United Kingdom,12,9,3250.33,2181,167,361.15,242.33,720
14216,United Kingdom,4,5,2150.04,712,65,430.01,142.40,411
14217,United Kingdom,2,23,3298.59,1230,122,143.42,53.48,526
14218,United Kingdom,43,1,169.48,160,12,169.48,160.00,0
14219,United Kingdom,5,3,633.83,363,39,211.28,121.00,489
14220,United Kingdom,248,4,1515.00,468,26,378.75,117.00,322
14221,United Kingdom,43,17,6517.49,3808,166,383.38,224.00,570
14222,United Kingdom,178,1,683.17,607,41,683.17,607.00,0
14223,United Kingdom,93,3,991.13,585,50,330.38,195.00,172
14224,United Kingdom,111,9,1841.71,826,189,204.63,91.78,434
14225,United Kingdom,435,4,2031.07,1167,70,507.77,291.75,262
14226,United Kingdom,29,6,2985.13,1714,89,497.52,285.67,413
14227,United Kingdom,27,15,6368.71,4048,246,424.58,269.87,643
14228,United Kingdom,438,3,745.50,260,38,248.50,86.67,109
14229,United Kingdom,52,7,2594.04,934,41,370.58,133.43,420
14230,United Kingdom,436,3,979.80,246,27,326.60,82.00,113
14231,United Kingdom,184,4,1235.62,610,66,308.91,152.50,267
14232,United Kingdom,43,5,2048.07,1941,81,409.61,388.20,222
14233,United Kingdom,50,7,2904.27,1261,42,414.90,180.14,595
14234,United Kingdom,23,4,754.12,951,122,188.53,237.75,35
14235,United Kingdom,76,9,4717.99,3014,107,524.22,334.89,544
14236,United Kingdom,81,5,1555.34,774,39,311.07,154.80,425
14237,United Kingdom,374,2,471.14,238,26,235.57,119.00,217
14238,United Kingdom,327,3,434.23,189,13,144.74,63.00,408
14239,United Kingdom,44,21,4263.17,1729,97,203.01,82.33,691
14240,United Kingdom,31,3,1247.49,655,46,415.83,218.33,393
14241,United Kingdom,184,2,333.70,242,12,166.85,121.00,513
14242,United Kingdom,235,2,280.55,123,13,140.28,61.50,91
14243,United Kingdom,9,17,7217.75,3631,235,424.57,213.59,468
14244,United Kingdom,661,1,366.42,814,16,366.42,814.00,0
14245,United Kingdom,220,2,1693.45,976,107,846.73,488.00,44
14246,United Kingdom,111,3,1474.06,804,57,491.35,268.00,135
14247,United Kingdom,279,5,753.56,378,82,150.71,75.60,273
14248,United Kingdom,319,3,1032.95,692,41,344.32,230.67,197
14249,United Kingdom,411,12,5400.46,2383,178,450.04,198.58,269
14250,United Kingdom,8,3,1904.05,1200,94,634.68,400.00,82
14251,United Kingdom,2,5,2879.70,1674,37,575.94,334.80,56
14252,United Kingdom,382,1,350.99,111,10,350.99,111.00,0
14253,United Kingdom,494,2,363.40,88,11,181.70,44.00,130
14254,United Kingdom,433,1,601.03,263,23,601.03,263.00,0
14255,United Kingdom,547,1,1000.63,1,1,1000.63,1.00,0
14256,United Kingdom,261,5,2460.79,1147,100,492.16,229.40,434
14257,United Kingdom,65,9,5954.45,3332,167,661.61,370.22,584
14258,United Kingdom,10,25,32051.34,17488,97,1282.05,699.52,726
14259,United Kingdom,142,1,120.00,68,5,120.00,68.00,0
14260,United Kingdom,472,3,824.28,544,50,274.76,181.33,77
14261,United Kingdom,51,2,1163.45,406,52,581.73,203.00,28
14262,United Kingdom,9,8,2618.23,1645,87,327.28,205.62,232
14263,United Kingdom,424,1,322.93,171,16,322.93,171.00,0
14264,United Kingdom,155,6,1517.36,553,59,252.89,92.17,457
14265,Unspecified,110,4,1373.35,715,74,343.34,178.75,503
14266,United Kingdom,429,1,40.56,24,1,40.56,24.00,0
14267,United Kingdom,163,3,1516.24,530,25,505.41,176.67,98
14268,United Kingdom,471,1,354.85,147,19,354.85,147.00,0
14269,United Kingdom,440,1,295.73,123,16,295.73,123.00,0
14270,United Kingdom,332,1,492.65,197,29,492.65,197.00,0
14271,United Kingdom,226,2,214.18,148,38,107.09,74.00,184
14272,United Kingdom,74,4,920.81,1097,62,230.20,274.25,509
14273,United Kingdom,52,4,559.97,264,22,139.99,66.00,191
14274,United Kingdom,687,1,256.60,178,15,256.60,178.00,0
14275,United Kingdom,396,6,1189.38,538,14,198.23,89.67,212
14276,United Kingdom,99,7,2102.68,1406,75,300.38,200.86,562
14277,France,16,9,17197.61,89806,334,1910.85,9978.44,711
14278,United Kingdom,410,1,205.83,131,13,205.83,131.00,0
14279,United Kingdom,521,2,191.86,46,3,95.93,23.00,161
14280,United Kingdom,197,1,134.04,52,8,134.04,52.00,0
14281,United Kingdom,409,1,245.15,45,7,245.15,45.00,0
14282,United Kingdom,4,25,7250.76,5166,100,290.03,206.64,659
14283,United Kingdom,464,4,628.44,550,36,157.11,137.50,106
14284,United Kingdom,31,3,1299.65,510,59,433.22,170.00,623
14285,United Kingdom,22,8,3284.42,954,48,410.55,119.25,710
14286,United Kingdom,24,7,8479.76,8795,270,1211.39,1256.43,712
14287,United Kingdom,9,3,176.63,261,9,58.88,87.00,190
14288,United Kingdom,214,1,426.60,188,16,426.60,188.00,0
14289,United Kingdom,9,6,911.26,292,33,151.88,48.67,281
14290,United Kingdom,12,8,4516.56,1600,120,564.57,200.00,720
14291,United Kingdom,2,23,7904.10,6146,241,343.66,267.22,729
14292,United Kingdom,8,16,9226.25,3429,120,576.64,214.31,623
14293,United Kingdom,4,9,2903.01,1558,88,322.56,173.11,726
14294,United Kingdom,408,1,375.34,190,23,375.34,190.00,0
14295,United Kingdom,41,5,2362.91,1029,66,472.58,205.80,691
14296,United Kingdom,422,2,456.40,314,27,228.20,157.00,153
14297,United Kingdom,18,4,1305.33,865,48,326.33,216.25,257
14298,United Kingdom,9,82,91194.49,100272,1370,1112.13,1222.83,720
14299,United Kingdom,9,27,14070.25,8136,164,521.12,301.33,729
14300,United Kingdom,19,1,43.20,32,3,43.20,32.00,0
14301,United Kingdom,118,4,1992.18,1686,37,498.05,421.50,549
14302,United Kingdom,431,3,742.90,298,25,247.63,99.33,307
14303,United Kingdom,408,2,277.94,218,21,138.97,109.00,27
14304,United Kingdom,223,3,1725.01,775,69,575.00,258.33,348
14305,United Kingdom,72,3,1858.96,1089,96,619.65,363.00,64
14306,United Kingdom,52,6,3151.40,2065,43,525.23,344.17,626
14307,United Kingdom,89,10,4287.92,2816,205,428.79,281.60,644
14308,United Kingdom,550,2,1147.02,2,1,573.51,1.00,0
14309,United Kingdom,9,11,3780.81,2583,125,343.71,234.82,542
14310,United Kingdom,433,1,492.10,230,22,492.10,230.00,0
14311,United Kingdom,243,2,516.45,235,31,258.23,117.50,325
14312,United Kingdom,47,11,3090.29,1904,148,280.94,173.09,458
14314,United Kingdom,107,2,229.80,332,10,114.90,166.00,324
14315,United Kingdom,45,8,3197.82,1344,83,399.73,168.00,590
14316,United Kingdom,423,5,1370.34,4494,21,274.07,898.80,208
14317,United Kingdom,65,1,508.58,255,24,508.58,255.00,0
14318,United Kingdom,461,1,158.02,152,9,158.02,152.00,0
14319,United Kingdom,425,1,494.85,329,26,494.85,329.00,0
14320,United Kingdom,207,5,1346.75,713,68,269.35,142.60,481
14321,United Kingdom,11,7,2218.06,3275,162,316.87,467.86,463
14322,United Kingdom,430,4,474.10,158,10,118.53,39.50,230
14323,United Kingdom,115,2,605.06,350,32,302.53,175.00,124
14324,United Kingdom,410,2,701.61,402,41,350.81,201.00,284
14325,United Kingdom,570,1,245.48,320,18,245.48,320.00,0
14326,United Kingdom,243,3,940.98,572,54,313.66,190.67,290
14327,United Kingdom,164,6,1894.93,1296,99,315.82,216.00,537
14328,United Kingdom,439,1,445.05,1,1,445.05,1.00,0
14329,United Kingdom,18,15,9887.62,5913,349,659.17,394.20,706
14330,United Kingdom,624,1,200.63,103,13,200.63,103.00,0
14331,United Kingdom,125,2,462.66,252,27,231.33,126.00,11
14332,United Kingdom,23,5,1917.41,875,47,383.48,175.00,394
14333,United Kingdom,68,1,415.20,58,15,415.20,58.00,0
14334,United Kingdom,17,12,4318.48,2986,148,359.87,248.83,552
14335,Germany,17,2,454.86,375,55,227.43,187.50,80
14336,United Kingdom,17,4,1614.91,1759,77,403.73,439.75,260
14338,United Kingdom,162,3,928.10,622,43,309.37,207.33,375
14339,United Kingdom,243,2,620.27,456,21,310.13,228.00,186
14340,United Kingdom,219,1,134.70,58,6,134.70,58.00,0
14341,United Kingdom,46,18,4452.02,2813,185,247.33,156.28,693
14342,United Kingdom,22,6,918.44,521,27,153.07,86.83,451
14343,United Kingdom,422,4,1079.66,626,193,269.92,156.50,269
14344,United Kingdom,128,20,2993.05,1546,140,149.65,77.30,499
14345,United Kingdom,39,1,108.98,50,6,108.98,50.00,0
14346,United Kingdom,121,5,2315.75,1878,123,463.15,375.60,377
14347,United Kingdom,737,1,82.60,48,6,82.60,48.00,0
14348,United Kingdom,261,1,409.57,183,18,409.57,183.00,0
14349,United Kingdom,11,1,133.50,86,31,133.50,86.00,0
14350,United Kingdom,275,3,972.03,543,55,324.01,181.00,156
14351,United Kingdom,165,1,51.00,12,1,51.00,12.00,0
14352,United Kingdom,158,4,1078.96,538,44,269.74,134.50,116
14353,United Kingdom,216,3,376.50,344,18,125.50,114.67,216
14354,United Kingdom,6,2,163.62,210,9,81.81,105.00,25
14355,United Kingdom,366,3,840.05,617,57,280.02,205.67,262
14356,United Kingdom,80,2,701.23,277,33,350.62,138.50,2
14357,United Kingdom,44,1,225.12,147,39,225.12,147.00,0
14358,United Kingdom,390,2,400.06,338,21,200.03,169.00,39
14359,United Kingdom,20,3,912.18,371,44,304.06,123.67,68
14360,United Kingdom,32,4,2118.03,1139,104,529.51,284.75,63
14361,United Kingdom,579,1,214.71,251,14,214.71,251.00,0
14362,United Kingdom,23,1,151.50,96,37,151.50,96.00,0
14363,United Kingdom,403,2,227.47,105,8,113.74,52.50,49
14364,United Kingdom,109,8,3717.35,1967,61,464.67,245.88,103
14365,United Kingdom,395,2,634.68,557,50,317.34,278.50,287
14366,United Kingdom,526,1,136.00,16,1,136.00,16.00,0
14367,United Kingdom,9,16,9227.82,4426,270,576.74,276.62,268
14368,United Kingdom,320,1,155.00,36,8,155.00,36.00,0
14369,United Kingdom,643,2,469.13,255,24,234.56,127.50,19
14370,United Kingdom,451,6,1175.78,266,37,195.96,44.33,226
14371,United Kingdom,296,1,100.50,34,4,100.50,34.00,0
14372,United Kingdom,444,2,860.08,378,36,430.04,189.00,156
14373,United Kingdom,359,1,76.55,17,4,76.55,17.00,0
14374,United Kingdom,542,1,108.00,20,7,108.00,20.00,0
14375,United Kingdom,186,3,1106.82,647,176,368.94,215.67,356
14376,United Kingdom,684,1,215.46,50,17,215.46,50.00,0
14377,United Kingdom,192,2,617.05,219,11,308.52,109.50,71
14378,United Kingdom,622,1,131.25,57,9,131.25,57.00,0
14379,United Kingdom,45,4,1265.16,712,93,316.29,178.00,436
14380,United Kingdom,683,1,48.96,1,1,48.96,1.00,0
14381,United Kingdom,53,2,625.94,449,104,312.97,224.50,399
14382,United Kingdom,27,2,1193.63,1667,227,596.81,833.50,364
14383,United Kingdom,39,3,1247.69,817,49,415.90,272.33,125
14384,United Kingdom,501,1,58.50,30,3,58.50,30.00,0
14385,United Kingdom,10,3,202.11,159,13,67.37,53.00,14
14386,United Kingdom,297,1,142.40,54,7,142.40,54.00,0
14387,United Kingdom,33,3,1727.60,795,125,575.87,265.00,77
14388,United Kingdom,11,16,6388.20,4190,184,399.26,261.88,678
14389,United Kingdom,66,5,1898.01,1388,48,379.60,277.60,525
14390,United Kingdom,11,13,6150.03,2830,197,473.08,217.69,415
14391,United Kingdom,577,1,135.60,168,14,135.60,168.00,0
14392,United Kingdom,433,1,266.40,114,14,266.40,114.00,0
14393,United Kingdom,219,1,67.95,13,5,67.95,13.00,0
14394,United Kingdom,565,1,93.80,58,6,93.80,58.00,0
14395,United Kingdom,3,20,7801.93,3872,320,390.10,193.60,598
14396,United Kingdom,66,7,1969.38,959,202,281.34,137.00,672
14397,United Kingdom,3,19,2612.96,1890,18,137.52,99.47,211
14398,United Kingdom,402,2,707.79,267,50,353.89,133.50,126
14399,United Kingdom,395,8,2108.21,965,119,263.53,120.62,280
14400,United Kingdom,150,3,1732.47,1706,71,577.49,568.67,482
14401,United Kingdom,5,22,6795.90,6401,171,308.90,290.95,721
14402,United Kingdom,653,1,285.60,240,8,285.60,240.00,0
14403,United Kingdom,131,6,1880.51,737,20,313.42,122.83,509
14404,United Kingdom,34,13,2724.13,1577,123,209.55,121.31,686
14405,United Kingdom,387,1,195.00,100,2,195.00,100.00,0
14406,United Kingdom,120,1,156.75,77,8,156.75,77.00,0
14407,United Kingdom,108,6,2157.73,1415,67,359.62,235.83,169
14408,United Kingdom,11,11,4102.27,2438,63,372.93,221.64,722
14409,United Kingdom,72,9,3427.29,2233,76,380.81,248.11,496
14410,United Kingdom,93,11,2631.90,1369,307,239.26,124.45,345
14411,United Kingdom,311,1,1063.00,196,14,1063.00,196.00,0
14412,United Kingdom,43,3,1426.19,1428,75,475.40,476.00,382
14413,United Kingdom,363,4,764.52,277,93,191.13,69.25,327
14414,United Kingdom,92,8,2399.33,2877,99,299.92,359.62,283
14415,United Kingdom,2,23,11980.09,6263,445,520.87,272.30,722
14416,United Kingdom,23,2,490.22,326,13,245.11,163.00,20
14417,United Kingdom,388,1,524.65,543,106,524.65,543.00,0
14418,United Kingdom,4,3,1937.25,1711,114,645.75,570.33,105
14419,United Kingdom,11,7,1254.64,552,118,179.23,78.86,372
14420,United Kingdom,100,4,1639.17,1120,85,409.79,280.00,592
14421,United Kingdom,58,6,2469.37,1342,72,411.56,223.67,634
14422,United Kingdom,1,19,10271.52,6067,317,540.61,319.32,722
14423,United Kingdom,219,3,916.61,419,12,305.54,139.67,476
14424,United Kingdom,18,1,322.08,48,1,322.08,48.00,0
14425,United Kingdom,435,3,661.39,325,35,220.46,108.33,303
14426,United Kingdom,24,17,11727.94,7023,452,689.88,413.12,622
14427,United Kingdom,51,4,1263.52,538,43,315.88,134.50,581
14428,United Kingdom,8,5,1224.06,428,108,244.81,85.60,318
14429,United Kingdom,404,1,516.28,286,22,516.28,286.00,0
14430,United Kingdom,512,3,1220.90,446,29,406.97,148.67,96
14431,United Kingdom,303,4,2614.20,1202,72,653.55,300.50,385
14432,United Kingdom,10,6,2248.50,2013,256,374.75,335.50,80
14433,United Kingdom,466,1,280.70,131,72,280.70,131.00,0
14434,United Kingdom,22,6,1372.80,368,3,228.80,61.33,51
14435,United Kingdom,502,1,90.42,282,3,90.42,282.00,0
14436,United Kingdom,99,2,271.70,297,11,135.85,148.50,455
14437,United Kingdom,366,5,873.34,420,34,174.67,84.00,218
14438,United Kingdom,307,1,131.90,82,9,131.90,82.00,0
14439,Greece,320,5,9443.04,2244,105,1888.61,448.80,368
14440,United Kingdom,9,13,5982.03,1605,63,460.16,123.46,729
14441,United Kingdom,1,11,4611.69,1260,103,419.24,114.55,690
14442,Channel Islands,205,7,5367.02,1431,128,766.72,204.43,486
14443,United Kingdom,54,5,2082.97,1357,119,416.59,271.40,326
14444,United Kingdom,457,1,120.44,172,11,120.44,172.00,0
14445,United Kingdom,456,1,221.65,83,32,221.65,83.00,0
14446,United Kingdom,1,5,1200.28,1091,259,240.06,218.20,386
14447,United Kingdom,19,6,1711.73,913,81,285.29,152.17,382
14448,United Kingdom,10,2,375.35,104,20,187.68,52.00,355
14449,United Kingdom,19,8,2230.96,1604,301,278.87,200.50,418
14450,United Kingdom,181,7,1128.44,522,47,161.21,74.57,430
14451,United Kingdom,61,12,3258.68,1737,245,271.56,144.75,631
14452,United Kingdom,11,4,658.95,285,108,164.74,71.25,511
14453,United Kingdom,191,1,119.93,49,22,119.93,49.00,0
14454,United Kingdom,377,5,977.30,400,93,195.46,80.00,357
14455,United Kingdom,433,4,617.72,706,65,154.43,176.50,63
14456,United Kingdom,6,9,3017.28,2885,580,335.25,320.56,137
14457,United Kingdom,311,1,113.64,88,4,113.64,88.00,0
14458,United Kingdom,381,1,228.07,317,46,228.07,317.00,0
14459,United Kingdom,156,2,5375.74,2303,113,2687.87,1151.50,496
14460,United Kingdom,111,9,1093.50,1879,33,121.50,208.78,614
14461,United Kingdom,149,13,6676.91,3005,515,513.61,231.15,542
14462,United Kingdom,67,12,2242.81,1063,182,186.90,88.58,366
14463,United Kingdom,99,4,786.57,210,7,196.64,52.50,401
14464,United Kingdom,569,2,111.00,62,4,55.50,31.00,59
14465,United Kingdom,247,11,3925.85,2539,128,356.90,230.82,455
14466,United Kingdom,30,13,4267.15,2507,77,328.24,192.85,697
14467,United Kingdom,18,12,2203.24,1187,144,183.60,98.92,720
14468,United Kingdom,734,1,204.24,164,12,204.24,164.00,0
14469,United Kingdom,417,4,2093.46,973,120,523.37,243.25,263
14470,United Kingdom,12,3,712.04,282,56,237.35,94.00,419
14471,United Kingdom,592,2,400.95,187,38,200.47,93.50,141
14472,United Kingdom,104,9,2118.72,1271,173,235.41,141.22,586
14473,United Kingdom,75,2,234.34,88,7,117.17,44.00,208
14474,United Kingdom,47,2,1258.89,448,122,629.44,224.00,533
14475,United Kingdom,72,4,1151.15,541,40,287.79,135.25,337
14476,United Kingdom,258,1,193.00,110,17,193.00,110.00,0
14477,United Kingdom,20,7,1969.60,1120,7,281.37,160.00,685
14478,United Kingdom,383,4,1276.66,1226,59,319.17,306.50,356
14479,United Kingdom,254,4,1124.71,562,127,281.18,140.50,480
14480,United Kingdom,12,4,1299.52,670,52,324.88,167.50,707
14481,United Kingdom,165,5,2284.69,1568,114,456.94,313.60,513
14482,United Kingdom,19,12,4306.72,2869,185,358.89,239.08,452
14483,United Kingdom,282,2,257.10,193,13,128.55,96.50,455
14484,United Kingdom,51,4,1070.98,744,47,267.75,186.00,672
14485,United Kingdom,39,1,162.80,70,44,162.80,70.00,0
14486,United Kingdom,512,2,175.50,90,4,87.75,45.00,42
14487,United Kingdom,27,7,1266.27,761,129,180.90,108.71,353
14488,United Kingdom,68,1,1064.28,799,46,1064.28,799.00,0
14489,United Kingdom,208,4,1574.93,1011,65,393.73,252.75,405
14490,United Kingdom,407,2,1273.47,933,72,636.74,466.50,22
14491,United Kingdom,176,2,340.93,139,17,170.47,69.50,197
14492,United Kingdom,431,7,1921.91,751,70,274.56,107.29,189
14493,United Kingdom,8,10,5087.86,3148,292,508.79,314.80,634
14494,United Kingdom,26,3,401.46,210,17,133.82,70.00,706
14495,United Kingdom,51,3,174.80,68,7,58.27,22.67,609
14496,United Kingdom,312,7,2363.89,905,64,337.70,129.29,322
14497,United Kingdom,310,2,697.06,332,40,348.53,166.00,364
14498,United Kingdom,43,10,3900.83,2120,276,390.08,212.00,508
14499,United Kingdom,27,7,2101.79,1231,199,300.26,175.86,443
14500,United Kingdom,89,3,356.85,117,6,118.95,39.00,101
14501,United Kingdom,184,2,251.21,161,9,125.61,80.50,136
14502,United Kingdom,20,11,2429.83,1480,368,220.89,134.55,294
14503,United Kingdom,4,6,3543.26,2004,113,590.54,334.00,175
14504,United Kingdom,48,4,673.26,308,85,168.31,77.00,231
14505,United Kingdom,18,19,11879.08,5325,898,625.21,280.26,713
14506,United Kingdom,18,7,2960.25,936,251,422.89,133.71,582
14507,United Kingdom,24,11,3216.74,1491,182,292.43,135.55,706
14508,United Kingdom,23,5,822.92,347,142,164.58,69.40,518
14509,United Kingdom,535,1,110.95,38,25,110.95,38.00,0
14510,United Kingdom,376,3,979.85,793,67,326.62,264.33,61
14511,United Kingdom,12,5,1314.81,784,53,262.96,156.80,122
14512,United Kingdom,188,7,1215.97,736,55,173.71,105.14,545
14513,United Kingdom,101,6,788.01,593,15,131.34,98.83,468
14514,United Kingdom,62,9,4380.04,2362,212,486.67,262.44,665
14515,United Kingdom,18,12,3724.06,1893,109,310.34,157.75,533
14516,United Kingdom,517,1,151.17,63,35,151.17,63.00,0
14517,United Kingdom,34,2,330.45,91,17,165.22,45.50,108
14518,United Kingdom,65,1,174.37,278,16,174.37,278.00,0
14519,United Kingdom,684,2,203.14,81,38,101.57,40.50,45
14520,United Kingdom,2,2,270.60,146,3,135.30,73.00,289
14521,United Kingdom,492,1,199.45,211,17,199.45,211.00,0
14522,United Kingdom,25,8,1748.42,956,34,218.55,119.50,660
14523,United Kingdom,109,1,241.09,251,12,241.09,251.00,0
14524,United Kingdom,32,13,2909.86,1169,250,223.84,89.92,385
14525,United Kingdom,20,17,8026.54,5106,340,472.15,300.35,707
14526,United Kingdom,390,1,258.65,178,41,258.65,178.00,0
14527,United Kingdom,3,122,27246.88,6647,607,223.34,54.48,735
14528,United Kingdom,38,1,364.22,278,18,364.22,278.00,0
14529,United Kingdom,61,3,578.61,325,177,192.87,108.33,50
14530,United Kingdom,26,16,6088.87,2989,269,380.55,186.81,662
14531,United Kingdom,480,1,376.34,260,29,376.34,260.00,0
14532,United Kingdom,237,11,3845.78,1111,209,349.62,101.00,462
14533,United Kingdom,25,11,3466.37,6038,74,315.12,548.91,586
14534,United Kingdom,3,26,6187.66,2822,437,237.99,108.54,632
14535,United Kingdom,61,9,5973.23,3214,589,663.69,357.11,593
14536,United Kingdom,260,1,170.95,39,18,170.95,39.00,0
14537,United Kingdom,58,2,641.40,228,23,320.70,114.00,566
14538,United Kingdom,65,5,1370.84,284,45,274.17,56.80,619
14539,United Kingdom,16,2,537.48,428,31,268.74,214.00,29
14540,United Kingdom,10,11,3709.64,1595,197,337.24,145.00,723
14541,United Kingdom,59,14,2491.38,1123,99,177.96,80.21,643
14542,United Kingdom,186,1,103.25,19,5,103.25,19.00,0
14543,United Kingdom,29,39,14587.87,2639,106,374.05,67.67,710
14544,United Kingdom,25,3,2938.53,2412,148,979.51,804.00,446
14545,United Kingdom,675,1,349.25,236,23,349.25,236.00,0
14546,United Kingdom,6,11,5184.84,2688,410,471.35,244.36,728
14547,United Kingdom,4,8,3974.75,2639,198,496.84,329.88,51
14548,United Kingdom,151,9,2541.29,986,66,282.37,109.56,583
14549,United Kingdom,312,4,913.60,394,117,228.40,98.50,426
14550,United Kingdom,11,4,1345.06,771,77,336.26,192.75,473
14551,United Kingdom,19,7,878.09,486,69,125.44,69.43,663
14552,United Kingdom,152,3,507.93,258,124,169.31,86.00,441
14553,United Kingdom,20,9,1818.60,1118,233,202.07,124.22,490
14554,United Kingdom,11,4,2279.49,1443,147,569.87,360.75,42
14555,United Kingdom,58,6,2304.03,842,94,384.01,140.33,664
14556,United Kingdom,597,3,815.69,323,158,271.90,107.67,92
14557,United Kingdom,86,1,788.38,510,16,788.38,510.00,0
14558,United Kingdom,655,3,655.50,162,13,218.50,54.00,77
14559,United Kingdom,391,1,75.60,72,2,75.60,72.00,0
14560,United Kingdom,8,44,6114.03,4580,60,138.96,104.09,730
14561,United Kingdom,76,3,1080.76,1014,67,360.25,338.00,109
14562,United Kingdom,4,26,6638.15,2574,245,255.31,99.00,667
14563,United Kingdom,510,2,640.54,279,95,320.27,139.50,83
14564,Channel Islands,435,2,2605.62,1295,107,1302.81,647.50,301
14565,United Kingdom,96,5,3859.22,1940,139,771.84,388.00,378
14566,Channel Islands,111,4,4092.00,2400,9,1023.00,600.00,423
14567,United Kingdom,57,2,1530.36,412,33,765.18,206.00,74
14568,Channel Islands,436,1,919.70,645,47,919.70,645.00,0
14569,United Kingdom,2,4,597.33,257,31,149.33,64.25,602
14570,United Kingdom,281,3,613.75,431,64,204.58,143.67,163
14571,United Kingdom,426,1,160.00,56,30,160.00,56.00,0
14572,United Kingdom,4,11,5526.88,2878,336,502.44,261.64,618
14573,United Kingdom,180,13,2163.12,683,183,166.39,52.54,521
14574,United Kingdom,733,1,143.70,63,11,143.70,63.00,0
14575,United Kingdom,489,1,420.22,163,71,420.22,163.00,0
14576,United Kingdom,373,1,35.40,12,1,35.40,12.00,0
14577,United Kingdom,13,7,1364.15,569,104,194.88,81.29,716
14578,United Kingdom,4,1,168.63,240,24,168.63,240.00,0
14579,United Kingdom,433,1,105.56,56,24,105.56,56.00,0
14580,United Kingdom,519,1,14.85,3,1,14.85,3.00,0
14581,United Kingdom,17,2,409.65,304,59,204.82,152.00,528
14582,United Kingdom,41,1,114.11,73,6,114.11,73.00,0
14583,United Kingdom,6,8,1660.29,1071,353,207.54,133.88,616
14584,United Kingdom,170,8,1738.16,960,127,217.27,120.00,491
14585,United Kingdom,51,5,1143.27,630,88,228.65,126.00,366
14586,United Kingdom,277,1,237.36,444,19,237.36,444.00,0
14587,United Kingdom,19,9,1580.29,749,170,175.59,83.22,313
14588,United Kingdom,579,1,135.39,62,16,135.39,62.00,0
14589,United Kingdom,372,1,39.75,5,3,39.75,5.00,0
14590,United Kingdom,425,20,2993.37,901,124,149.67,45.05,308
14591,United Kingdom,16,4,1320.21,1228,138,330.05,307.00,198
14592,United Kingdom,36,3,557.94,407,132,185.98,135.67,29
14593,United Kingdom,22,12,3665.53,1848,436,305.46,154.00,709
14594,United Kingdom,8,2,363.33,183,48,181.66,91.50,366
14595,United Kingdom,20,8,2164.45,1228,119,270.56,153.50,669
14596,United Kingdom,627,1,222.22,75,50,222.22,75.00,0
14597,United Kingdom,12,6,2184.63,1436,79,364.11,239.33,426
14598,United Kingdom,45,2,384.04,354,83,192.02,177.00,525
14599,United Kingdom,391,2,457.89,292,77,228.94,146.00,119
14600,United Kingdom,306,2,865.17,487,53,432.59,243.50,88
14601,United Kingdom,11,1,213.96,168,7,213.96,168.00,0
14602,United Kingdom,657,1,205.36,80,31,205.36,80.00,0
14603,United Kingdom,275,1,660.00,400,2,660.00,400.00,0
14604,United Kingdom,634,1,143.86,88,20,143.86,88.00,0
14605,United Kingdom,375,4,921.56,416,88,230.39,104.00,357
14606,United Kingdom,2,192,29951.37,15217,1262,156.00,79.26,735
14607,United Kingdom,16,22,23763.13,15335,106,1080.14,697.05,709
14608,United Kingdom,5,11,3352.94,927,15,304.81,84.27,729
14609,United Kingdom,73,10,1486.20,12720,6,148.62,1272.00,596
14610,United Kingdom,396,2,24.35,15,10,12.18,7.50,119
14611,United Kingdom,444,2,604.33,582,37,302.16,291.00,155
14612,United Kingdom,416,1,877.70,134,14,877.70,134.00,0
14613,United Kingdom,681,1,76.32,72,1,76.32,72.00,0
14614,United Kingdom,387,1,295.13,189,19,295.13,189.00,0
14615,United Kingdom,395,5,951.76,495,40,190.35,99.00,154
14616,United Kingdom,243,5,527.78,170,3,105.56,34.00,306
14617,United Kingdom,403,2,190.47,81,7,95.24,40.50,13
14618,United Kingdom,10,7,1342.32,704,40,191.76,100.57,537
14619,United Kingdom,246,2,1291.24,594,58,645.62,297.00,296
14620,United Kingdom,206,2,412.78,214,26,206.39,107.00,78
14621,United Kingdom,2,9,3000.57,1706,134,333.40,189.56,682
14622,United Kingdom,185,1,320.58,146,21,320.58,146.00,0
14623,United Kingdom,33,10,2016.98,1025,193,201.70,102.50,570
14624,United Kingdom,58,6,814.07,645,39,135.68,107.50,547
14625,United Kingdom,197,11,4497.88,2155,167,408.90,195.91,527
14626,United Kingdom,24,11,5410.92,3135,181,491.90,285.00,706
14627,United Kingdom,380,1,462.75,284,29,462.75,284.00,0
14628,United Kingdom,92,5,1998.00,1147,65,399.60,229.40,592
14629,United Kingdom,5,2,955.26,378,133,477.63,189.00,43
14630,United Kingdom,485,1,338.65,111,21,338.65,111.00,0
14631,United Kingdom,51,6,2025.69,1407,65,337.62,234.50,437
14632,United Kingdom,263,1,114.56,96,8,114.56,96.00,0
14633,United Kingdom,267,1,344.90,96,20,344.90,96.00,0
14634,United Kingdom,438,4,2124.46,1906,105,531.12,476.50,104
14635,United Kingdom,454,1,215.22,118,15,215.22,118.00,0
14636,United Kingdom,37,2,609.85,241,27,304.93,120.50,232
14637,United Kingdom,678,1,106.68,100,7,106.68,100.00,0
14638,United Kingdom,51,1,443.60,166,16,443.60,166.00,0
14639,United Kingdom,53,9,4978.96,2410,203,553.22,267.78,609
14640,United Kingdom,25,10,3649.36,1645,165,364.94,164.50,662
14641,United Kingdom,22,1,110.46,90,7,110.46,90.00,0
14642,United Kingdom,59,1,96.12,76,2,96.12,76.00,0
14643,United Kingdom,171,5,1679.89,1377,57,335.98,275.40,558
14644,United Kingdom,68,7,2247.72,770,50,321.10,110.00,669
14645,United Kingdom,157,3,876.89,587,45,292.30,195.67,478
14646,Netherlands,2,151,528602.52,367193,961,3500.68,2431.74,736
14647,United Kingdom,202,2,506.04,175,42,253.02,87.50,322
14648,United Kingdom,417,15,4466.65,3265,286,297.78,217.67,313
14649,United Kingdom,5,9,3651.19,2415,374,405.69,268.33,684
14650,United Kingdom,590,1,62.50,22,4,62.50,22.00,0
14651,United Kingdom,68,9,2025.52,880,216,225.06,97.78,564
14652,United Kingdom,78,1,114.18,53,29,114.18,53.00,0
14653,United Kingdom,2,12,3593.06,1969,271,299.42,164.08,736
14654,United Kingdom,739,1,246.86,273,27,246.86,273.00,0
14655,United Kingdom,9,7,3878.51,2341,72,554.07,334.43,588
14656,United Kingdom,170,5,790.00,309,148,158.00,61.80,434
14657,United Kingdom,18,6,1450.19,879,143,241.70,146.50,418
14658,United Kingdom,6,2,247.15,47,27,123.58,23.50,112
14659,United Kingdom,9,9,2529.93,1195,147,281.10,132.78,307
14660,United Kingdom,87,2,285.74,228,24,142.87,114.00,14
14661,United Kingdom,27,1,107.95,35,4,107.95,35.00,0
14662,United Kingdom,29,7,1376.43,907,199,196.63,129.57,708
14663,United Kingdom,431,2,490.60,397,60,245.30,198.50,0
14664,United Kingdom,20,2,636.24,465,78,318.12,232.50,14
14665,United Kingdom,61,7,2749.65,1144,94,392.81,163.43,532
14666,United Kingdom,25,1,195.25,161,14,195.25,161.00,0
14667,United Kingdom,11,54,20395.34,11939,578,377.69,221.09,727
14668,United Kingdom,446,1,111.63,49,10,111.63,49.00,0
14669,United Kingdom,242,7,3216.78,2043,334,459.54,291.86,496
14670,United Kingdom,281,3,583.33,423,159,194.44,141.00,452
14671,United Kingdom,550,2,1127.45,571,48,563.73,285.50,19
14672,United Kingdom,235,4,1113.14,646,93,278.29,161.50,446
14673,United Kingdom,4,7,3037.32,1822,86,433.90,260.29,406
14674,United Kingdom,510,1,173.66,103,14,173.66,103.00,0
14675,United Kingdom,17,2,1015.58,660,196,507.79,330.00,372
14676,United Kingdom,32,12,8356.79,8792,77,696.40,732.67,608
14677,United Kingdom,593,1,184.91,139,14,184.91,139.00,0
14678,United Kingdom,580,1,403.39,179,24,403.39,179.00,0
14679,United Kingdom,382,3,1289.44,794,49,429.81,264.67,350
14680,United Kingdom,26,58,55688.50,26894,222,960.15,463.69,710
14681,United Kingdom,72,6,875.15,172,19,145.86,28.67,582
14682,United Kingdom,188,6,1514.81,949,79,252.47,158.17,485
14683,United Kingdom,589,1,146.56,386,21,146.56,386.00,0
14684,United Kingdom,26,6,1430.03,1005,272,238.34,167.50,365
14685,United Kingdom,577,8,4536.64,1969,109,567.08,246.12,150
14686,United Kingdom,415,5,852.53,457,185,170.51,91.40,245
14687,United Kingdom,107,3,1402.06,850,34,467.35,283.33,445
14688,United Kingdom,8,28,7190.42,5041,197,256.80,180.04,449
14689,United Kingdom,209,1,112.80,76,13,112.80,76.00,0
14690,United Kingdom,45,4,777.68,341,69,194.42,85.25,366
14691,United Kingdom,31,5,2114.33,707,50,422.87,141.40,182
14692,United Kingdom,138,12,1715.14,890,101,142.93,74.17,480
14693,United Kingdom,265,7,1165.36,388,43,166.48,55.43,261
14694,United Kingdom,618,1,244.31,193,15,244.31,193.00,0
14695,United Kingdom,520,3,1534.22,661,76,511.41,220.33,213
14696,United Kingdom,5,8,2473.28,1867,137,309.16,233.38,417
14697,United Kingdom,219,2,188.61,181,22,94.30,90.50,0
14698,United Kingdom,2,5,1217.27,602,148,243.45,120.40,50
14699,United Kingdom,215,4,702.60,484,45,175.65,121.00,311
14700,United Kingdom,33,5,3076.06,1606,111,615.21,321.20,453
14701,United Kingdom,11,15,4487.11,1744,455,299.14,116.27,674
14702,United Kingdom,2,29,6368.78,2878,338,219.61,99.24,728
14703,United Kingdom,15,1,318.17,183,22,318.17,183.00,0
14704,United Kingdom,12,11,1752.92,1164,319,159.36,105.82,613
14705,United Kingdom,199,1,179.00,100,1,179.00,100.00,0
14706,United Kingdom,619,1,367.54,246,25,367.54,246.00,0
14707,United Kingdom,436,2,139.20,96,1,69.60,48.00,141
14708,United Kingdom,3,5,1793.22,1159,27,358.64,231.80,453
14709,United Kingdom,16,25,8886.33,4141,105,355.45,165.64,719
14710,United Kingdom,15,13,1899.79,1135,310,146.14,87.31,722
14711,United Kingdom,11,11,2839.62,966,221,258.15,87.82,252
14712,United Kingdom,30,4,1328.07,411,24,332.02,102.75,389
14713,United Kingdom,10,21,5115.76,3329,222,243.61,158.52,727
14714,United Kingdom,25,4,906.24,642,64,226.56,160.50,663
14715,United Kingdom,25,8,1825.45,1030,102,228.18,128.75,665
14716,United Kingdom,44,3,543.28,643,85,181.09,214.33,401
14717,United Kingdom,734,1,81.30,32,11,81.30,32.00,0
14718,United Kingdom,411,1,226.42,202,11,226.42,202.00,0
14719,United Kingdom,2,5,1581.84,1025,177,316.37,205.00,248
14720,United Kingdom,6,3,663.81,219,34,221.27,73.00,121
14721,United Kingdom,380,1,109.07,57,24,109.07,57.00,0
14722,United Kingdom,148,3,489.52,214,72,163.17,71.33,339
14723,United Kingdom,11,11,1803.06,1168,287,163.91,106.18,725
14724,United Kingdom,591,1,341.90,184,40,341.90,184.00,0
14725,United Kingdom,25,4,1252.74,1335,85,313.19,333.75,510
14726,United Kingdom,655,1,116.50,82,15,116.50,82.00,0
14727,United Kingdom,275,3,463.73,458,43,154.58,152.67,272
14728,United Kingdom,414,1,190.58,68,14,190.58,68.00,0
14729,United Kingdom,374,3,586.24,372,126,195.41,124.00,252
14730,United Kingdom,2,8,1897.57,1078,317,237.20,134.75,275
14731,United Kingdom,48,3,380.02,256,38,126.67,85.33,165
14732,United Kingdom,9,19,5517.07,2273,162,290.37,119.63,722
14733,United Kingdom,17,15,14335.15,5799,140,955.68,386.60,386
14734,United Kingdom,426,4,1056.42,378,48,264.11,94.50,126
14735,United Kingdom,4,56,12240.16,4513,198,218.57,80.59,732
14736,United Kingdom,486,2,374.05,148,70,187.03,74.00,0
14737,United Kingdom,4,4,3554.17,1071,28,888.54,267.75,397
14738,United Kingdom,43,9,1821.90,757,58,202.43,84.11,690
14739,United Kingdom,5,25,11573.62,9696,129,462.94,387.84,733
14740,United Kingdom,198,11,4161.06,2081,173,378.28,189.18,455
14741,United Kingdom,12,7,1713.09,1006,48,244.73,143.71,406
14742,United Kingdom,436,1,579.85,374,34,579.85,374.00,0
14743,United Kingdom,593,1,50.48,40,3,50.48,40.00,0
14744,United Kingdom,17,14,3660.08,2399,57,261.43,171.36,554
14745,United Kingdom,113,12,2551.41,1969,74,212.62,164.08,525
14746,United Kingdom,407,4,593.50,398,7,148.38,99.50,17
14747,United Kingdom,250,1,328.20,84,18,328.20,84.00,0
14748,United Kingdom,30,10,2681.90,2422,129,268.19,242.20,616
14749,United Kingdom,480,1,310.15,403,18,310.15,403.00,0
14750,United Kingdom,737,1,112.03,65,32,112.03,65.00,0
14751,United Kingdom,685,2,126.45,65,7,63.23,32.50,42
14752,United Kingdom,44,1,389.64,260,5,389.64,260.00,0
14753,United Kingdom,88,2,869.51,412,45,434.75,206.00,373
14754,United Kingdom,45,6,1547.93,1010,110,257.99,168.33,646
14755,United Kingdom,10,25,9972.55,4401,219,398.90,176.04,727
14756,United Kingdom,16,3,2653.76,1423,102,884.59,474.33,409
14757,United Kingdom,76,1,420.50,160,19,420.50,160.00,0
14758,United Kingdom,145,7,2864.97,840,91,409.28,120.00,466
14759,United Kingdom,5,3,1625.97,569,92,541.99,189.67,228
14760,United Kingdom,298,1,89.20,40,5,89.20,40.00,0
14761,United Kingdom,59,3,447.92,206,21,149.31,68.67,386
14762,United Kingdom,264,2,417.57,428,28,208.78,214.00,363
14764,United Kingdom,47,1,278.30,190,6,278.30,190.00,0
14765,United Kingdom,30,3,254.11,135,38,84.70,45.00,147
14766,United Kingdom,9,11,6375.73,3999,251,579.61,363.55,543
14767,United Kingdom,475,1,382.81,117,18,382.81,117.00,0
14768,United Kingdom,18,2,192.60,52,4,96.30,26.00,110
14769,United Kingdom,3,17,15514.11,11058,834,912.59,650.47,721
14770,United Kingdom,233,8,3637.64,1598,152,454.70,199.75,420
14771,United Kingdom,622,2,594.62,622,46,297.31,311.00,115
14772,United Kingdom,113,1,139.26,82,9,139.26,82.00,0
14773,United Kingdom,593,1,140.55,53,10,140.55,53.00,0
14774,United Kingdom,529,1,241.45,99,13,241.45,99.00,0
14775,United Kingdom,59,3,1011.90,1174,57,337.30,391.33,314
14776,United Kingdom,52,15,3708.30,4658,68,247.22,310.53,395
14777,United Kingdom,404,1,307.56,212,16,307.56,212.00,0
14778,United Kingdom,128,2,730.86,306,34,365.43,153.00,181
14779,United Kingdom,281,3,386.15,84,40,128.72,28.00,43
14780,United Kingdom,55,2,447.68,310,26,223.84,155.00,25
14782,United Kingdom,320,1,200.10,114,6,200.10,114.00,0
14783,United Kingdom,660,1,307.30,262,17,307.30,262.00,0
14784,United Kingdom,27,3,449.93,363,25,149.98,121.00,363
14785,United Kingdom,11,2,77.40,84,2,38.70,42.00,5
14786,United Kingdom,551,1,90.96,112,7,90.96,112.00,0
14787,United Kingdom,472,1,110.65,59,14,110.65,59.00,0
14788,United Kingdom,8,3,1156.32,719,53,385.44,239.67,589
14789,United Kingdom,29,1,197.64,116,6,197.64,116.00,0
14790,United Kingdom,17,10,2526.62,2642,65,252.66,264.20,712
14791,United Kingdom,607,1,303.63,127,19,303.63,127.00,0
14792,United Kingdom,64,1,6.20,2,2,6.20,2.00,0
14793,United Kingdom,22,2,625.90,361,39,312.95,180.50,514
14794,United Kingdom,3,10,1953.90,783,85,195.39,78.30,485
14795,United Kingdom,167,1,131.45,17,6,131.45,17.00,0
14796,United Kingdom,2,27,10169.33,7188,487,376.64,266.22,724
14797,United Kingdom,508,1,300.31,99,16,300.31,99.00,0
14798,United Kingdom,53,8,724.31,601,30,90.54,75.12,596
14799,United Kingdom,52,2,338.15,495,20,169.07,247.50,686
14800,United Kingdom,48,17,7191.33,6501,337,423.02,382.41,388
14801,United Kingdom,62,1,189.34,173,56,189.34,173.00,0
14802,United Kingdom,439,2,1502.98,2,1,751.49,1.00,0
14803,United Kingdom,163,3,845.55,370,35,281.85,123.33,130
14804,United Kingdom,9,1,353.27,121,12,353.27,121.00,0
14805,United Kingdom,16,7,1082.55,416,88,154.65,59.43,606
14806,United Kingdom,76,2,303.43,423,17,151.72,211.50,364
14807,United Kingdom,391,2,504.14,234,37,252.07,117.00,259
14808,United Kingdom,40,8,2718.60,2120,176,339.82,265.00,133
14809,United Kingdom,622,2,686.76,232,18,343.38,116.00,0
14810,United Kingdom,41,13,2354.03,1162,125,181.08,89.38,389
14811,United Kingdom,388,1,170.50,74,28,170.50,74.00,0
14812,United Kingdom,599,1,178.85,135,36,178.85,135.00,0
14813,United Kingdom,370,4,888.91,392,110,222.23,98.00,241
14814,United Kingdom,582,1,154.21,93,28,154.21,93.00,0
14815,United Kingdom,37,2,778.50,744,53,389.25,372.00,31
14816,United Kingdom,198,1,271.85,5,4,271.85,5.00,0
14817,United Kingdom,201,7,3959.86,2462,142,565.69,351.71,427
14818,United Kingdom,74,6,1153.56,543,87,192.26,90.50,574
14819,United Kingdom,65,4,456.41,170,52,114.10,42.50,654
14820,United Kingdom,22,9,1274.76,724,51,141.64,80.44,656
14821,United Kingdom,367,7,1230.15,459,65,175.74,65.57,310
14822,United Kingdom,486,1,157.70,94,9,157.70,94.00,0
14823,United Kingdom,181,3,321.43,88,56,107.14,29.33,14
14824,United Kingdom,11,10,4022.91,1954,84,402.29,195.40,627
14825,United Kingdom,4,24,4735.08,2774,187,197.29,115.58,609
14826,United Kingdom,582,2,385.20,152,10,192.60,76.00,114
14828,United Kingdom,197,13,9839.46,9718,72,756.88,747.54,536
14829,United Kingdom,30,7,1455.87,957,77,207.98,136.71,407
14830,United Kingdom,54,1,188.88,164,39,188.88,164.00,0
14831,United Kingdom,681,3,1676.57,885,67,558.86,295.00,57
14832,United Kingdom,631,1,322.69,1,1,322.69,1.00,0
14833,United Kingdom,499,1,94.80,58,7,94.80,58.00,0
14834,United Kingdom,18,7,2206.16,872,55,315.17,124.57,390
14835,United Kingdom,529,2,297.00,180,1,148.50,90.00,89
14836,United Kingdom,11,3,102.45,45,5,34.15,15.00,20
14837,United Kingdom,90,9,3460.32,3030,171,384.48,336.67,595
14838,United Kingdom,424,2,769.92,361,69,384.96,180.50,313
14839,United Kingdom,419,3,915.28,927,61,305.09,309.00,286
14840,United Kingdom,268,2,362.71,179,20,181.35,89.50,272
14841,United Kingdom,54,14,7163.00,4164,196,511.64,297.43,684
14842,United Kingdom,44,4,2824.69,1166,128,706.17,291.50,265
14843,United Kingdom,437,1,211.80,132,9,211.80,132.00,0
14844,United Kingdom,64,10,6702.43,4369,158,670.24,436.90,543
14845,United Kingdom,600,1,150.00,600,1,150.00,600.00,0
14846,United Kingdom,428,1,437.40,193,12,437.40,193.00,0
14847,United Kingdom,149,3,1348.95,533,56,449.65,177.67,416
14848,United Kingdom,405,1,310.56,260,11,310.56,260.00,0
14849,United Kingdom,22,43,15407.61,11838,279,358.32,275.30,677
14850,United Kingdom,312,7,1770.96,1393,129,252.99,199.00,257
14851,United Kingdom,24,3,829.41,631,38,276.47,210.33,607
14852,United Kingdom,59,18,6132.43,4366,152,340.69,242.56,586
14853,United Kingdom,25,5,1376.87,345,26,275.37,69.00,581
14854,United Kingdom,79,11,4303.06,2987,170,391.19,271.55,608
14855,United Kingdom,120,7,6520.30,3510,168,931.47,501.43,491
14856,United Kingdom,37,3,1290.53,711,65,430.18,237.00,20
14857,United Kingdom,60,7,3651.85,2081,170,521.69,297.29,575
14858,United Kingdom,506,1,180.75,105,11,180.75,105.00,0
14859,United Kingdom,13,5,1705.64,888,51,341.13,177.60,542
14860,United Kingdom,20,1,170.32,232,11,170.32,232.00,0
14861,United Kingdom,53,10,1380.73,1076,62,138.07,107.60,679
14862,United Kingdom,26,2,841.20,772,47,420.60,386.00,123
14863,United Kingdom,30,1,266.76,132,11,266.76,132.00,0
14865,United Kingdom,8,4,92.52,204,4,23.13,51.00,731
14866,United Kingdom,11,19,20746.54,9089,40,1091.92,478.37,460
14867,United Kingdom,186,16,2952.06,996,67,184.50,62.25,549
14868,United Kingdom,4,12,4184.01,2230,132,348.67,185.83,417
14869,United Kingdom,9,6,2778.14,2130,187,463.02,355.00,715
14870,United Kingdom,262,6,1838.95,483,43,306.49,80.50,422
14871,United Kingdom,4,9,1228.17,446,123,136.46,49.56,735
14872,United Kingdom,484,3,816.60,662,34,272.20,220.67,150
14873,United Kingdom,211,2,854.13,311,48,427.06,155.50,423
14874,United Kingdom,536,1,116.18,148,6,116.18,148.00,0
14875,United Kingdom,108,3,2862.40,1332,88,954.13,444.00,334
14876,United Kingdom,522,2,256.70,162,12,128.35,81.00,40
14877,United Kingdom,419,2,425.85,168,57,212.93,84.00,224
14878,United Kingdom,13,25,4076.50,2416,159,163.06,96.64,644
14879,United Kingdom,685,1,185.06,104,27,185.06,104.00,0
14880,United Kingdom,78,3,690.59,365,45,230.20,121.67,211
14881,United Kingdom,20,1,255.40,316,17,255.40,316.00,0
14882,United Kingdom,27,14,3546.65,1614,32,253.33,115.29,593
14883,United Kingdom,19,6,761.59,790,39,126.93,131.67,193
14884,United Kingdom,670,1,120.60,72,8,120.60,72.00,0
14885,United Kingdom,132,3,1598.12,1308,24,532.71,436.00,334
14886,United Kingdom,253,1,364.80,160,18,364.80,160.00,0
14887,United Kingdom,80,1,1862.00,1100,6,1862.00,1100.00,0
14888,United Kingdom,208,1,369.20,184,20,369.20,184.00,0
14889,United Kingdom,337,1,135.90,90,10,135.90,90.00,0
14890,United Kingdom,254,3,817.25,636,55,272.42,212.00,406
14891,United Kingdom,149,4,1106.73,788,55,276.68,197.00,288
14892,United Kingdom,691,1,202.35,79,13,202.35,79.00,0
14893,United Kingdom,10,3,1809.61,1047,98,603.20,349.00,608
14894,United Kingdom,86,3,1492.81,603,39,497.60,201.00,652
14895,United Kingdom,8,38,25119.54,10714,441,661.04,281.95,722
14896,United Kingdom,205,8,1826.00,931,150,228.25,116.38,529
14897,United Kingdom,8,8,3140.54,1162,94,392.57,145.25,717
14898,United Kingdom,24,14,3365.95,2207,185,240.42,157.64,713
14899,United Kingdom,396,1,1331.38,570,126,1331.38,570.00,0
14900,United Kingdom,523,1,13.92,48,1,13.92,48.00,0
14901,United Kingdom,12,12,1919.00,880,103,159.92,73.33,487
14902,United Kingdom,26,3,1035.62,716,51,345.21,238.67,528
14903,United Kingdom,22,5,2795.33,1531,227,559.07,306.20,257
14904,United Kingdom,3,4,1630.49,2522,127,407.62,630.50,425
14905,United Kingdom,158,8,1971.39,1009,45,246.42,126.12,579
14906,United Kingdom,446,1,68.44,1,1,68.44,1.00,0
14907,United Kingdom,4,16,5547.72,2583,153,346.73,161.44,599
14908,United Kingdom,75,2,381.90,182,14,190.95,91.00,389
14909,United Kingdom,438,3,1404.68,888,61,468.23,296.00,226
14910,United Kingdom,3,4,434.35,238,25,108.59,59.50,52
14911,EIRE,2,398,291420.81,147972,2550,732.21,371.79,737
14912,Italy,17,6,1889.25,1819,44,314.88,303.17,666
14913,United Kingdom,36,8,4073.13,3955,176,509.14,494.38,450
14915,United Kingdom,92,11,1811.25,707,65,164.66,64.27,645
14916,United Kingdom,71,8,3042.95,2415,113,380.37,301.88,547
14917,United Kingdom,597,2,1123.75,891,29,561.88,445.50,0
14918,United Kingdom,116,9,5955.81,2551,79,661.76,283.44,495
14919,United Kingdom,540,1,359.35,129,13,359.35,129.00,0
14920,United Kingdom,213,3,1607.17,886,90,535.72,295.33,353
14921,United Kingdom,31,2,1316.07,953,78,658.03,476.50,171
14922,United Kingdom,394,2,843.74,376,49,421.87,188.00,114
14923,United Kingdom,51,1,749.10,418,44,749.10,418.00,0
14924,United Kingdom,246,3,931.01,312,30,310.34,104.00,394
14926,United Kingdom,382,2,359.40,204,2,179.70,102.00,217
14927,United Kingdom,397,1,308.20,196,20,308.20,196.00,0
14928,United Kingdom,628,1,223.91,268,21,223.91,268.00,0
14929,United Kingdom,33,2,836.69,487,34,418.35,243.50,389
14930,Channel Islands,109,6,5236.73,2193,213,872.79,365.50,498
14931,Channel Islands,5,5,1257.68,417,30,251.54,83.40,236
14932,Channel Islands,366,2,666.13,257,29,333.06,128.50,20
14933,Channel Islands,444,4,1770.00,600,1,442.50,150.00,1
14934,Channel Islands,82,5,3503.50,2100,115,700.70,420.00,360
14935,Channel Islands,298,2,2849.83,1931,25,1424.91,965.50,322
14936,Channel Islands,34,12,12410.81,6274,267,1034.23,522.83,550
14937,Channel Islands,57,3,1621.88,484,33,540.63,161.33,74
14938,Channel Islands,563,2,2322.43,1369,71,1161.21,684.50,0
14940,United Kingdom,418,2,531.49,384,32,265.75,192.00,316
14941,United Kingdom,579,1,182.10,80,7,182.10,80.00,0
14942,United Kingdom,402,4,746.56,354,12,186.64,88.50,328
14943,United Kingdom,664,1,107.62,46,5,107.62,46.00,0
14944,United Kingdom,30,19,9784.67,4864,184,514.98,256.00,631
14945,United Kingdom,414,1,179.40,156,11,179.40,156.00,0
14946,United Kingdom,15,1,100.90,22,3,100.90,22.00,0
14947,United Kingdom,73,6,1049.79,416,47,174.97,69.33,552
14948,United Kingdom,24,6,1101.97,673,56,183.66,112.17,196
14949,United Kingdom,470,4,515.00,250,16,128.75,62.50,252
14950,United Kingdom,20,1,371.20,136,19,371.20,136.00,0
14951,United Kingdom,80,1,311.69,311,20,311.69,311.00,0
14952,United Kingdom,60,32,17629.35,6977,240,550.92,218.03,677
14953,United Kingdom,26,4,971.32,1014,202,242.83,253.50,410
14954,United Kingdom,13,2,462.12,209,111,231.06,104.50,691
14955,United Kingdom,733,1,163.77,74,30,163.77,74.00,0
14956,United Kingdom,422,1,1325.00,2500,4,1325.00,2500.00,0
14957,United Kingdom,254,2,261.69,97,27,130.84,48.50,391
14958,United Kingdom,148,6,941.99,248,52,157.00,41.33,589
14959,United Kingdom,65,4,695.42,494,37,173.85,123.50,232
14960,United Kingdom,9,2,221.27,221,23,110.64,110.50,163
14961,United Kingdom,11,22,16410.15,8372,328,745.92,380.55,725
14962,United Kingdom,271,4,366.91,123,14,91.73,30.75,314
14963,United Kingdom,10,12,3123.57,2287,304,260.30,190.58,516
14964,United Kingdom,248,1,206.21,143,13,206.21,143.00,0
14965,United Kingdom,97,2,596.09,363,80,298.05,181.50,0
14966,United Kingdom,15,6,1064.26,1060,125,177.38,176.67,710
14967,United Kingdom,50,6,1982.61,652,22,330.44,108.67,687
14968,United Kingdom,31,2,501.24,257,83,250.62,128.50,428
14969,United Kingdom,704,1,906.23,665,13,906.23,665.00,0
14970,United Kingdom,69,12,4919.35,982,71,409.95,81.83,595
14971,United Kingdom,36,3,1097.98,639,144,365.99,213.00,8
14972,United Kingdom,129,2,145.07,40,20,72.53,20.00,253
14973,United Kingdom,108,3,1314.45,369,29,438.15,123.00,118
14974,United Kingdom,38,1,89.94,37,17,89.94,37.00,0
14975,United Kingdom,58,2,472.39,507,25,236.19,253.50,364
14976,United Kingdom,58,7,790.86,234,47,112.98,33.43,269
14977,United Kingdom,726,1,31.93,17,4,31.93,17.00,0
14978,United Kingdom,73,10,3112.19,736,175,311.22,73.60,518
14979,United Kingdom,736,1,429.66,209,42,429.66,209.00,0
14980,United Kingdom,738,1,150.68,79,24,150.68,79.00,0
14981,United Kingdom,247,2,372.92,241,20,186.46,120.50,177
14982,United Kingdom,573,1,237.78,125,39,237.78,125.00,0
14983,United Kingdom,690,1,183.20,90,30,183.20,90.00,0
14984,United Kingdom,20,6,1260.51,348,48,210.09,58.00,678
14985,United Kingdom,199,2,292.01,256,78,146.00,128.00,160
14986,United Kingdom,377,2,563.10,338,87,281.55,169.00,308
14987,United Kingdom,16,8,1550.65,607,4,193.83,75.88,722
14988,United Kingdom,212,7,2038.65,1260,171,291.24,180.00,391
14989,United Kingdom,662,1,342.40,200,18,342.40,200.00,0
14990,United Kingdom,613,2,304.17,129,41,152.09,64.50,118
14991,United Kingdom,431,1,314.67,191,21,314.67,191.00,0
14992,United Kingdom,443,1,210.50,145,27,210.50,145.00,0
14993,United Kingdom,564,1,36.13,21,9,36.13,21.00,0
14994,United Kingdom,383,5,946.72,568,233,189.34,113.60,241
14995,United Kingdom,39,2,231.98,102,53,115.99,51.00,242
14996,United Kingdom,482,2,442.29,404,37,221.14,202.00,0
14997,United Kingdom,47,4,776.60,1408,36,194.15,352.00,609
14998,United Kingdom,171,4,753.18,352,111,188.29,88.00,435
14999,United Kingdom,593,1,129.48,88,9,129.48,88.00,0
15000,United Kingdom,48,1,490.52,218,76,490.52,218.00,0
15001,United Kingdom,395,2,199.11,70,44,99.55,35.00,0
15002,United Kingdom,116,9,4138.08,2214,220,459.79,246.00,581
15003,United Kingdom,474,6,1027.03,525,253,171.17,87.50,209
15004,United Kingdom,148,1,1220.77,623,154,1220.77,623.00,0
15005,United Kingdom,16,56,13754.58,8666,591,245.62,154.75,723
15006,United Kingdom,52,2,757.78,387,165,378.89,193.50,402
15007,United Kingdom,160,1,156.91,69,12,156.91,69.00,0
15008,United Kingdom,481,2,360.00,1500,6,180.00,750.00,157
15009,United Kingdom,13,3,1259.43,639,148,419.81,213.00,13
15010,United Kingdom,36,1,308.94,184,20,308.94,184.00,0
15011,United Kingdom,396,2,416.60,289,17,208.30,144.50,21
15012,United Kingdom,54,3,646.26,383,165,215.42,127.67,523
15013,United Kingdom,488,10,1610.82,1715,177,161.08,171.50,190
15014,United Kingdom,44,2,257.67,149,29,128.84,74.50,133
15015,United Kingdom,502,13,2354.97,1584,158,181.15,121.85,224
15016,United Kingdom,173,5,620.89,243,93,124.18,48.60,371
15017,United Kingdom,34,1,125.58,63,20,125.58,63.00,0
15018,United Kingdom,39,3,496.21,189,30,165.40,63.00,329
15019,United Kingdom,267,1,252.81,150,64,252.81,150.00,0
15020,United Kingdom,380,1,198.47,111,27,198.47,111.00,0
15021,United Kingdom,9,12,2500.59,1079,355,208.38,89.92,490
15022,United Kingdom,12,5,1133.44,640,115,226.69,128.00,666
15023,United Kingdom,4,20,11578.65,4758,486,578.93,237.90,671
15024,United Kingdom,10,16,3559.39,1924,168,222.46,120.25,415
15025,United Kingdom,34,2,979.79,503,132,489.89,251.50,535
15026,United Kingdom,81,5,1048.89,655,109,209.78,131.00,368
15027,United Kingdom,31,10,3195.60,2782,69,319.56,278.20,594
15028,United Kingdom,9,6,962.94,673,65,160.49,112.17,386
15029,United Kingdom,620,1,365.10,234,10,365.10,234.00,0
15030,United Kingdom,72,8,1979.91,1225,25,247.49,153.12,574
15031,United Kingdom,5,14,3102.94,1576,237,221.64,112.57,727
15032,United Kingdom,257,8,11010.05,6601,39,1376.26,825.12,473
15033,United Kingdom,5,10,2557.18,1672,315,255.72,167.20,325
15034,United Kingdom,16,14,8231.20,4748,416,587.94,339.14,562
15035,United Kingdom,90,1,252.73,245,26,252.73,245.00,0
15036,United Kingdom,73,3,429.56,316,107,143.19,105.33,107
15037,United Kingdom,377,2,397.76,298,40,198.88,149.00,0
15038,United Kingdom,59,9,1146.53,381,190,127.39,42.33,367
15039,United Kingdom,10,93,39141.48,17780,562,420.88,191.18,720
15040,United Kingdom,542,1,7.49,1,1,7.49,1.00,0
15041,United Kingdom,171,2,289.40,194,98,144.70,97.00,274
15042,United Kingdom,200,2,315.45,238,9,157.72,119.00,396
15043,United Kingdom,32,6,2870.32,1019,39,478.39,169.83,502
15044,United Kingdom,20,35,16024.15,5241,344,457.83,149.74,704
15045,United Kingdom,152,2,735.66,114,11,367.83,57.00,106
15046,United Kingdom,10,25,7623.79,4585,248,304.95,183.40,685
15047,United Kingdom,270,1,343.62,222,22,343.62,222.00,0
15048,United Kingdom,66,4,381.00,192,86,95.25,48.00,303
15049,United Kingdom,274,1,121.17,63,3,121.17,63.00,0
15050,United Kingdom,26,5,4087.19,2600,116,817.44,520.00,455
15051,United Kingdom,24,9,3926.91,3052,226,436.32,339.11,715
15052,United Kingdom,320,1,207.73,79,27,207.73,79.00,0
15053,United Kingdom,5,3,693.95,984,49,231.32,328.00,277
15054,United Kingdom,13,2,302.10,198,105,151.05,99.00,28
15055,United Kingdom,475,3,549.12,225,77,183.04,75.00,249
15056,United Kingdom,521,1,113.65,69,6,113.65,69.00,0
15057,United Kingdom,276,5,3255.96,1394,62,651.19,278.80,459
15058,United Kingdom,26,16,3387.58,1645,232,211.72,102.81,628
15059,United Kingdom,41,19,3491.20,1599,308,183.75,84.16,693
15060,United Kingdom,9,4,294.25,257,81,73.56,64.25,1
15061,United Kingdom,4,127,126389.02,74280,131,995.19,584.88,735
15062,United Kingdom,72,8,2585.62,1872,98,323.20,234.00,539
15063,United Kingdom,214,1,370.80,56,5,370.80,56.00,0
15064,United Kingdom,411,4,1254.41,810,75,313.60,202.50,307
15065,United Kingdom,38,5,3326.86,1446,156,665.37,289.20,373
15066,United Kingdom,54,1,893.59,317,42,893.59,317.00,0
15067,United Kingdom,79,5,3862.88,2151,170,772.58,430.20,529
15068,United Kingdom,47,4,1174.90,832,178,293.73,208.00,575
15069,United Kingdom,180,1,1109.53,520,70,1109.53,520.00,0
15070,United Kingdom,373,3,737.05,339,26,245.68,113.00,352
15071,United Kingdom,94,4,1455.56,416,41,363.89,104.00,477
15072,United Kingdom,480,1,187.52,164,13,187.52,164.00,0
15073,United Kingdom,10,8,2788.02,1410,115,348.50,176.25,672
15074,United Kingdom,106,3,1553.13,1039,63,517.71,346.33,362
15075,United Kingdom,78,1,773.03,447,27,773.03,447.00,0
15076,United Kingdom,173,3,1447.74,866,68,482.58,288.67,350
15077,United Kingdom,495,2,2428.08,528,28,1214.04,264.00,236
15078,United Kingdom,8,53,17286.73,8777,118,326.16,165.60,728
15079,United Kingdom,213,11,3625.40,1459,119,329.58,132.64,519
15080,United Kingdom,428,2,546.25,287,31,273.12,143.50,74
15081,United Kingdom,23,12,1854.57,749,75,154.55,62.42,513
15082,United Kingdom,669,1,93.35,43,6,93.35,43.00,0
15083,United Kingdom,257,1,88.20,38,5,88.20,38.00,0
15084,United Kingdom,380,2,965.20,600,31,482.60,300.00,266
15085,United Kingdom,730,1,347.54,169,9,347.54,169.00,0
15086,United Kingdom,565,2,218.53,95,10,109.27,47.50,61
15087,United Kingdom,282,1,306.94,470,15,306.94,470.00,0
15088,United Kingdom,22,2,1160.07,460,53,580.03,230.00,46
15089,United Kingdom,11,6,2420.84,1359,139,403.47,226.50,118
15090,United Kingdom,309,1,381.32,208,23,381.32,208.00,0
15091,United Kingdom,68,3,1046.61,582,55,348.87,194.00,607
15092,United Kingdom,216,3,776.46,230,39,258.82,76.67,247
15093,United Kingdom,19,23,13702.38,10778,104,595.76,468.61,713
15094,United Kingdom,464,2,83.00,28,4,41.50,14.00,181
15095,United Kingdom,104,10,3141.64,2233,90,314.16,223.30,584
15096,United Kingdom,43,1,219.39,120,11,219.39,120.00,0
15097,United Kingdom,5,3,908.35,424,59,302.78,141.33,579
15098,United Kingdom,183,3,39916.50,121,1,13305.50,40.33,0
15099,United Kingdom,85,1,410.48,343,23,410.48,343.00,0
15100,United Kingdom,334,7,2193.90,270,11,313.41,38.57,368
15101,United Kingdom,9,6,1477.94,676,52,246.32,112.67,582
15102,United Kingdom,531,2,554.67,339,26,277.33,169.50,16
15103,United Kingdom,32,2,703.36,329,35,351.68,164.50,55
15104,United Kingdom,197,2,993.54,635,66,496.77,317.50,86
15105,United Kingdom,19,9,3094.91,1747,129,343.88,194.11,608
15106,United Kingdom,18,5,1422.52,1181,90,284.50,236.20,252
15107,United Kingdom,312,9,824.35,330,32,91.59,36.67,140
15108,European Community,142,4,1300.25,499,50,325.06,124.75,86
15109,United Kingdom,246,3,983.10,258,46,327.70,86.00,490
15110,United Kingdom,24,6,1505.85,337,23,250.98,56.17,462
15111,United Kingdom,30,5,2442.37,1058,109,488.47,211.60,563
15112,United Kingdom,612,1,209.40,72,7,209.40,72.00,0
15113,United Kingdom,10,3,3509.43,2344,77,1169.81,781.33,45
15114,United Kingdom,31,12,3400.12,3532,151,283.34,294.33,391
15115,United Kingdom,19,2,531.85,245,35,265.93,122.50,714
15116,United Kingdom,18,4,1352.75,648,37,338.19,162.00,187
15117,United Kingdom,15,8,2485.97,3093,89,310.75,386.62,620
15118,United Kingdom,135,1,244.80,1440,1,244.80,1440.00,0
15119,United Kingdom,246,1,266.40,88,14,266.40,88.00,0
15120,United Kingdom,134,1,358.82,296,21,358.82,296.00,0
15121,United Kingdom,51,2,457.72,199,28,228.86,99.50,238
15122,United Kingdom,115,11,4487.27,2033,155,407.93,184.82,505
15123,United Kingdom,8,5,4656.17,2524,149,931.23,504.80,626
15124,United Kingdom,23,4,450.82,462,30,112.70,115.50,629
15125,United Kingdom,26,24,17024.87,8433,151,709.37,351.38,593
15126,United Kingdom,537,2,449.49,273,25,224.75,136.50,151
15127,United Kingdom,66,2,711.50,464,27,355.75,232.00,454
15128,United Kingdom,61,5,1783.68,1583,87,356.74,316.60,370
15129,United Kingdom,51,23,6860.18,4002,86,298.27,174.00,560
15130,United Kingdom,170,1,330.11,197,22,330.11,197.00,0
15131,United Kingdom,395,1,80.28,88,7,80.28,88.00,0
15132,United Kingdom,19,5,977.93,679,49,195.59,135.80,244
15133,United Kingdom,128,5,1806.90,960,45,361.38,192.00,393
15134,United Kingdom,15,10,1596.29,1057,47,159.63,105.70,408
15135,United Kingdom,240,2,305.68,84,17,152.84,42.00,317
15136,United Kingdom,3,4,1286.70,776,61,321.68,194.00,94
15137,United Kingdom,521,2,823.40,596,34,411.70,298.00,160
15138,United Kingdom,394,1,502.52,300,31,502.52,300.00,0
15139,United Kingdom,240,2,178.96,208,13,89.48,104.00,97
15140,United Kingdom,53,8,3243.69,2010,103,405.46,251.25,390
15141,United Kingdom,458,7,1388.47,1197,44,198.35,171.00,164
15142,United Kingdom,47,6,2619.92,2155,115,436.65,359.17,454
15143,United Kingdom,226,2,563.63,320,27,281.81,160.00,207
15144,United Kingdom,9,29,12160.31,5251,199,419.32,181.07,718
15145,United Kingdom,5,4,1194.73,756,54,298.68,189.00,244
15146,United Kingdom,165,2,1327.16,1473,90,663.58,736.50,127
15147,United Kingdom,241,1,623.50,366,28,623.50,366.00,0
15148,United Kingdom,11,1,301.29,187,20,301.29,187.00,0
15149,United Kingdom,134,5,1554.61,380,62,310.92,76.00,516
15150,United Kingdom,18,13,8977.94,6167,495,690.61,474.38,526
15151,United Kingdom,424,2,2085.61,795,56,1042.81,397.50,86
15152,United Kingdom,10,14,5263.83,2994,214,375.99,213.86,692
15153,United Kingdom,32,1,329.25,198,22,329.25,198.00,0
15154,United Kingdom,76,3,1343.72,333,166,447.91,111.00,403
15155,United Kingdom,384,1,383.97,192,24,383.97,192.00,0
15156,United Kingdom,2,3,961.49,597,51,320.50,199.00,32
15157,United Kingdom,4,5,2654.11,3466,152,530.82,693.20,726
15158,United Kingdom,46,2,606.02,219,11,303.01,109.50,356
15159,United Kingdom,2,34,22116.73,13512,413,650.49,397.41,430
15160,United Kingdom,358,4,589.27,307,17,147.32,76.75,64
15161,United Kingdom,389,1,119.92,144,33,119.92,144.00,0
15162,United Kingdom,732,1,312.90,74,12,312.90,74.00,0
15163,United Kingdom,19,2,304.47,186,29,152.24,93.00,174
15164,United Kingdom,69,9,2028.11,912,243,225.35,101.33,622
15165,United Kingdom,374,1,487.75,160,27,487.75,160.00,0
15166,United Kingdom,468,1,167.16,140,12,167.16,140.00,0
15167,United Kingdom,321,5,1627.62,863,262,325.52,172.60,353
15168,United Kingdom,26,1,106.56,52,5,106.56,52.00,0
15169,United Kingdom,383,2,569.22,356,58,284.61,178.00,344
15170,United Kingdom,407,1,81.15,33,4,81.15,33.00,0
15171,United Kingdom,332,1,1289.50,290,5,1289.50,290.00,0
15172,United Kingdom,9,5,1624.05,1611,106,324.81,322.20,228
15173,United Kingdom,381,7,1494.60,840,68,213.51,120.00,237
15174,United Kingdom,323,2,481.46,382,34,240.73,191.00,88
15175,United Kingdom,72,1,224.14,454,23,224.14,454.00,0
15176,United Kingdom,668,1,988.04,448,52,988.04,448.00,0
15177,United Kingdom,426,1,948.93,485,26,948.93,485.00,0
15178,United Kingdom,261,1,40.50,30,3,40.50,30.00,0
15179,United Kingdom,19,13,7491.92,5416,225,576.30,416.62,718
15180,United Kingdom,368,3,816.93,654,46,272.31,218.00,222
15181,United Kingdom,67,5,1200.20,688,15,240.04,137.60,665
15182,United Kingdom,155,11,2998.95,1186,78,272.63,107.82,502
15183,United Kingdom,548,3,639.93,297,33,213.31,99.00,37
15184,United Kingdom,30,4,685.39,462,72,171.35,115.50,694
15185,United Kingdom,71,1,310.62,666,21,310.62,666.00,0
15186,United Kingdom,15,5,1403.20,716,29,280.64,143.20,682
15187,United Kingdom,2,16,4777.18,1887,61,298.57,117.94,211
15188,United Kingdom,726,1,310.43,233,23,310.43,233.00,0
15189,United Kingdom,2,46,17524.38,6902,90,380.96,150.04,508
15190,United Kingdom,435,1,834.44,790,40,834.44,790.00,0
15191,United Kingdom,464,3,588.05,287,33,196.02,95.67,225
15192,United Kingdom,120,5,1666.39,1448,56,333.28,289.60,560
15193,United Kingdom,61,1,499.32,144,19,499.32,144.00,0
15194,United Kingdom,4,28,12021.53,8922,274,429.34,318.64,733
15195,United Kingdom,3,1,3861.00,1404,1,3861.00,1404.00,0
15196,United Kingdom,433,2,313.70,130,34,156.85,65.00,294
15197,United Kingdom,11,6,1877.51,1058,44,312.92,176.33,718
15198,United Kingdom,93,5,571.35,327,28,114.27,65.40,597
15199,United Kingdom,60,10,3122.40,894,17,312.24,89.40,516
15200,United Kingdom,495,1,549.05,195,30,549.05,195.00,0
15201,United Kingdom,88,7,1842.95,1660,44,263.28,237.14,524
15202,United Kingdom,421,3,6001.49,3,1,2000.50,1.00,0
15203,United Kingdom,26,15,4400.18,4182,150,293.35,278.80,706
15204,United Kingdom,358,1,316.58,258,9,316.58,258.00,0
15205,United Kingdom,86,2,653.24,378,37,326.62,189.00,42
15206,United Kingdom,11,4,420.30,162,3,105.07,40.50,265
15207,United Kingdom,417,3,683.92,428,19,227.97,142.67,131
15208,United Kingdom,2,6,970.52,356,27,161.75,59.33,422
15209,United Kingdom,731,1,178.98,94,13,178.98,94.00,0
15210,United Kingdom,226,3,1176.19,841,66,392.06,280.33,350
15211,United Kingdom,61,2,894.41,240,52,447.21,120.00,305
15212,United Kingdom,242,2,208.28,84,7,104.14,42.00,135
15213,United Kingdom,319,2,328.35,272,22,164.18,136.00,11
15214,United Kingdom,2,8,1661.44,1254,109,207.68,156.75,241
15215,United Kingdom,47,7,2422.43,776,85,346.06,110.86,566
15216,United Kingdom,88,2,486.09,217,24,243.04,108.50,531
15217,United Kingdom,564,1,426.24,190,28,426.24,190.00,0
15218,United Kingdom,11,22,11468.83,6530,139,521.31,296.82,672
15219,United Kingdom,177,2,685.45,271,26,342.73,135.50,472
15220,United Kingdom,52,6,1778.96,1393,110,296.49,232.17,229
15221,United Kingdom,367,4,2062.20,244,21,515.55,61.00,271
15222,United Kingdom,319,11,3550.91,4458,98,322.81,405.27,405
15223,United Kingdom,226,5,1417.95,385,26,283.59,77.00,509
15224,United Kingdom,359,5,871.36,443,24,174.27,88.60,335
15225,United Kingdom,235,1,409.40,226,23,409.40,226.00,0
15226,United Kingdom,311,1,154.41,71,8,154.41,71.00,0
15227,United Kingdom,37,9,2488.49,1217,86,276.50,135.22,597
15228,United Kingdom,67,6,5580.27,3375,184,930.04,562.50,433
15229,United Kingdom,587,1,160.50,114,9,160.50,114.00,0
15230,United Kingdom,240,2,429.60,351,23,214.80,175.50,1
15231,United Kingdom,622,1,250.26,190,14,250.26,190.00,0
15232,United Kingdom,114,2,612.06,686,26,306.03,343.00,27
15233,United Kingdom,402,1,59.40,12,1,59.40,12.00,0
15234,United Kingdom,277,1,197.00,196,14,197.00,196.00,0
15235,United Kingdom,218,16,2772.76,1676,161,173.30,104.75,171
15236,United Kingdom,299,1,321.05,269,15,321.05,269.00,0
15237,United Kingdom,2,4,1412.32,1071,94,353.08,267.75,226
15238,United Kingdom,30,3,1071.99,692,49,357.33,230.67,155
15239,United Kingdom,11,2,780.59,594,48,390.30,297.00,68
15240,United Kingdom,45,12,4459.98,3214,134,371.66,267.83,690
15241,United Kingdom,67,11,3050.16,3328,120,277.29,302.55,588
15242,United Kingdom,423,1,302.04,196,4,302.04,196.00,0
15243,United Kingdom,75,2,927.28,543,56,463.64,271.50,361
15244,United Kingdom,66,3,912.08,472,44,304.03,157.33,601
15245,United Kingdom,135,8,4610.84,3021,72,576.36,377.62,461
15246,United Kingdom,239,3,780.40,359,45,260.13,119.67,317
15247,United Kingdom,123,3,976.06,514,13,325.35,171.33,415
15248,United Kingdom,412,3,1893.93,1065,103,631.31,355.00,123
15249,United Kingdom,32,18,9266.00,4980,304,514.78,276.67,592
15250,United Kingdom,641,1,60.00,48,3,60.00,48.00,0
15251,United Kingdom,10,21,20324.54,12108,183,967.84,576.57,670
15252,United Kingdom,37,5,2103.41,1430,106,420.68,286.00,575
15253,United Kingdom,17,8,2055.09,1588,102,256.89,198.50,570
15254,United Kingdom,128,3,1088.35,711,64,362.78,237.00,433
15255,United Kingdom,67,9,3706.02,2214,137,411.78,246.00,670
15256,United Kingdom,149,2,170.40,92,6,85.20,46.00,413
15257,United Kingdom,284,2,685.90,71,11,342.95,35.50,131
15258,United Kingdom,169,2,623.16,142,32,311.58,71.00,49
15259,United Kingdom,513,4,1182.38,631,50,295.59,157.75,170
15260,United Kingdom,101,25,8767.73,4468,186,350.71,178.72,633
15261,United Kingdom,136,4,1508.00,806,87,377.00,201.50,299
15262,United Kingdom,324,3,418.82,218,22,139.61,72.67,165
15263,United Kingdom,107,1,156.51,89,12,156.51,89.00,0
15264,United Kingdom,65,2,848.40,443,52,424.20,221.50,466
15265,United Kingdom,152,4,3345.64,1570,179,836.41,392.50,587
15266,United Kingdom,339,5,852.21,236,38,170.44,47.20,363
15267,United Kingdom,23,5,1717.36,944,8,343.47,188.80,160
15268,United Kingdom,479,3,961.90,428,21,320.63,142.67,127
15269,United Kingdom,24,3,1225.36,372,33,408.45,124.00,367
15270,United Kingdom,16,21,8524.86,4010,66,405.95,190.95,707
15271,United Kingdom,8,24,4528.54,2412,369,188.69,100.50,484
15272,United Kingdom,58,6,2030.95,665,257,338.49,110.83,606
15273,United Kingdom,600,1,228.96,216,1,228.96,216.00,0
15274,United Kingdom,5,2,716.57,619,44,358.29,309.50,14
15275,United Kingdom,38,1,615.14,498,41,615.14,498.00,0
15276,United Kingdom,67,4,619.80,317,160,154.95,79.25,368
15277,United Kingdom,47,2,476.34,373,23,238.17,186.50,379
15278,United Kingdom,562,4,496.16,458,29,124.04,114.50,104
15279,United Kingdom,355,5,1580.54,802,74,316.11,160.40,321
15280,United Kingdom,173,3,397.52,507,48,132.51,169.00,399
15281,United Kingdom,59,16,8543.57,5233,427,533.97,327.06,369
15282,United Kingdom,571,1,348.59,395,27,348.59,395.00,0
15283,United Kingdom,391,3,148.33,27,9,49.44,9.00,128
15284,United Kingdom,501,1,24.75,5,1,24.75,5.00,0
15285,United Kingdom,408,1,94.92,120,6,94.92,120.00,0
15286,United Kingdom,50,1,240.55,55,3,240.55,55.00,0
15287,United Kingdom,23,5,856.03,1010,23,171.21,202.00,715
15288,United Kingdom,44,10,3715.38,1336,128,371.54,133.60,622
15289,United Kingdom,30,5,1593.09,1627,67,318.62,325.40,592
15290,United Kingdom,5,26,10496.28,6567,106,403.70,252.58,649
15291,United Kingdom,26,40,13517.76,4905,116,337.94,122.62,711
15292,United Kingdom,202,1,178.39,55,24,178.39,55.00,0
15293,United Kingdom,666,1,247.50,178,19,247.50,178.00,0
15294,United Kingdom,411,1,233.35,97,15,233.35,97.00,0
15295,United Kingdom,655,1,207.04,139,50,207.04,139.00,0
15296,United Kingdom,51,12,10323.03,5452,342,860.25,454.33,637
15297,United Kingdom,11,3,641.94,292,30,213.98,97.33,53
15298,United Kingdom,3,23,9061.77,6000,199,393.99,260.87,729
15299,United Kingdom,68,10,6156.53,3356,9,615.65,335.60,629
15300,United Kingdom,65,1,496.44,292,28,496.44,292.00,0
15301,United Kingdom,51,17,6909.67,3763,231,406.45,221.35,400
15302,United Kingdom,731,1,308.00,102,15,308.00,102.00,0
15303,United Kingdom,291,3,1224.18,514,63,408.06,171.33,393
15304,United Kingdom,61,9,796.40,112,8,88.49,12.44,361
15305,United Kingdom,556,1,93.60,40,5,93.60,40.00,0
15306,United Kingdom,65,9,3484.73,3074,123,387.19,341.56,595
15307,United Kingdom,96,1,205.30,37,12,205.30,37.00,0
15308,United Kingdom,275,1,310.47,175,19,310.47,175.00,0
15309,United Kingdom,611,4,797.96,440,49,199.49,110.00,125
15310,United Kingdom,479,1,1634.64,1476,45,1634.64,1476.00,0
15311,United Kingdom,1,208,114966.42,70149,864,552.72,337.25,738
15312,United Kingdom,76,12,2930.19,1693,118,244.18,141.08,648
15313,United Kingdom,111,1,52.00,25,1,52.00,25.00,0
15314,United Kingdom,200,3,820.45,750,49,273.48,250.00,229
15315,United Kingdom,65,2,570.50,862,35,285.25,431.00,52
15316,United Kingdom,327,1,165.00,100,1,165.00,100.00,0
15317,United Kingdom,678,1,129.75,45,5,129.75,45.00,0
15318,United Kingdom,4,1,312.62,642,33,312.62,642.00,0
15319,United Kingdom,284,1,204.50,175,16,204.50,175.00,0
15320,United Kingdom,45,1,267.13,326,36,267.13,326.00,0
15321,United Kingdom,71,12,6709.73,3653,242,559.14,304.42,604
15322,United Kingdom,86,2,1390.86,971,76,695.43,485.50,391
15323,United Kingdom,563,3,434.60,188,29,144.87,62.67,99
15324,United Kingdom,702,1,140.22,74,8,140.22,74.00,0
15325,United Kingdom,104,8,1601.46,1382,164,200.18,172.75,558
15326,United Kingdom,334,5,1700.52,1351,94,340.10,270.20,405
15327,United Kingdom,53,1,208.75,116,10,208.75,116.00,0
15328,United Kingdom,408,1,107.24,88,8,107.24,88.00,0
15329,United Kingdom,40,11,2958.83,1217,98,268.98,110.64,686
15330,United Kingdom,33,2,714.96,1312,10,357.48,656.00,28
15331,United Kingdom,500,3,767.91,701,41,255.97,233.67,110
15332,Lithuania,367,6,4892.68,2306,113,815.45,384.33,147
15333,United Kingdom,209,1,1028.56,344,16,1028.56,344.00,0
15334,United Kingdom,157,3,350.82,273,67,116.94,91.00,17
15335,United Kingdom,54,1,170.22,79,34,170.22,79.00,0
15336,United Kingdom,402,1,240.50,84,15,240.50,84.00,0
15337,United Kingdom,412,1,373.02,200,21,373.02,200.00,0
15338,United Kingdom,678,1,277.93,148,56,277.93,148.00,0
15339,United Kingdom,67,7,1821.02,1138,162,260.15,162.57,603
15340,United Kingdom,562,1,105.50,76,7,105.50,76.00,0
15341,United Kingdom,81,2,2402.72,1008,22,1201.36,504.00,369
15342,United Kingdom,130,1,406.09,283,24,406.09,283.00,0
15343,United Kingdom,88,1,364.50,84,21,364.50,84.00,0
15344,United Kingdom,1,3,563.94,116,21,187.98,38.67,74
15345,United Kingdom,46,1,393.54,81,20,393.54,81.00,0
15346,United Kingdom,333,3,596.12,260,36,198.71,86.67,99
15347,United Kingdom,367,4,1162.00,542,29,290.50,135.50,71
15348,United Kingdom,73,1,158.04,84,9,158.04,84.00,0
15349,United Kingdom,159,2,463.91,321,65,231.95,160.50,29
15350,United Kingdom,374,2,547.60,272,26,273.80,136.00,10
15351,United Kingdom,13,10,3430.22,1350,201,343.02,135.00,420
15352,United Kingdom,549,1,111.15,40,34,111.15,40.00,0
15353,United Kingdom,255,7,2794.47,1391,274,399.21,198.71,483
15354,United Kingdom,604,3,284.40,3,1,94.80,1.00,0
15355,United Kingdom,30,2,277.05,45,9,138.53,22.50,24
15356,United Kingdom,32,13,3239.57,1892,290,249.20,145.54,391
15358,United Kingdom,5,42,16425.86,14902,359,391.09,354.81,728
15359,United Kingdom,663,8,181.35,145,10,22.67,18.12,31
15360,United Kingdom,40,1,427.93,223,13,427.93,223.00,0
15361,United Kingdom,362,4,689.07,373,10,172.27,93.25,182
15362,United Kingdom,449,2,613.08,368,38,306.54,184.00,290
15363,United Kingdom,373,2,678.11,383,32,339.06,191.50,120
15364,United Kingdom,96,2,913.19,493,29,456.60,246.50,159
15365,United Kingdom,26,13,4557.13,2131,126,350.55,163.92,648
15366,United Kingdom,76,7,2389.08,2447,86,341.30,349.57,576
15367,United Kingdom,58,11,5081.33,2944,214,461.94,267.64,672
15368,United Kingdom,22,2,722.74,406,8,361.37,203.00,373
15369,United Kingdom,493,11,6251.26,3288,44,568.30,298.91,239
15370,United Kingdom,41,8,3739.01,1397,90,467.38,174.62,370
15371,United Kingdom,663,1,59.40,12,1,59.40,12.00,0
15372,United Kingdom,138,8,6017.06,6410,45,752.13,801.25,526
15373,United Kingdom,9,17,3084.54,726,107,181.44,42.71,578
15374,United Kingdom,129,2,307.32,290,8,153.66,145.00,496
15375,United Kingdom,691,1,60.96,84,6,60.96,84.00,0
15376,United Kingdom,41,3,1221.56,615,100,407.19,205.00,182
15377,United Kingdom,383,4,1211.75,253,15,302.94,63.25,33
15378,United Kingdom,463,2,246.50,130,8,123.25,65.00,39
15379,United Kingdom,170,8,4877.84,3000,177,609.73,375.00,231
15380,United Kingdom,9,11,3248.96,954,27,295.36,86.73,730
15381,United Kingdom,214,5,1890.57,802,20,378.11,160.40,370
15382,United Kingdom,15,12,13733.55,9178,315,1144.46,764.83,721
15384,United Kingdom,170,4,2027.79,1767,83,506.95,441.75,423
15385,United Kingdom,41,3,942.08,428,18,314.03,142.67,637
15386,United Kingdom,187,1,394.14,446,31,394.14,446.00,0
15387,United Kingdom,493,1,468.65,335,20,468.65,335.00,0
15388,Canada,271,1,140.54,88,10,140.54,88.00,0
15389,United Kingdom,173,5,2733.80,3940,2,546.76,788.00,509
15390,Canada,397,2,1216.66,894,77,608.33,447.00,13
15391,United Kingdom,585,1,289.87,109,12,289.87,109.00,0
15392,United Kingdom,5,7,2911.62,2144,100,415.95,306.29,427
15393,United Kingdom,17,5,891.34,378,37,178.27,75.60,708
15394,United Kingdom,10,11,5286.80,2372,129,480.62,215.64,715
15395,United Kingdom,326,1,107.45,17,7,107.45,17.00,0
15396,United Kingdom,113,2,796.38,278,16,398.19,139.00,471
15397,United Kingdom,290,1,94.00,20,6,94.00,20.00,0
15398,United Kingdom,17,2,1345.53,769,60,672.76,384.50,62
15399,United Kingdom,2,3,815.77,611,45,271.92,203.67,78
15400,United Kingdom,93,8,1302.30,662,16,162.79,82.75,468
15401,United Kingdom,453,2,216.95,93,14,108.48,46.50,116
15402,United Kingdom,149,6,1830.54,2034,79,305.09,339.00,443
15403,United Kingdom,492,2,170.88,492,6,85.44,246.00,239
15404,United Kingdom,376,1,257.06,334,16,257.06,334.00,0
15405,United Kingdom,190,2,659.84,348,29,329.92,174.00,387
15406,United Kingdom,32,4,975.87,547,108,243.97,136.75,422
15407,United Kingdom,34,4,1046.74,552,142,261.69,138.00,272
15408,United Kingdom,265,1,267.18,106,34,267.18,106.00,0
15409,United Kingdom,722,1,131.25,59,9,131.25,59.00,0
15410,United Kingdom,85,10,4685.72,1902,80,468.57,190.20,515
15411,United Kingdom,27,4,1348.93,529,86,337.23,132.25,156
15412,United Kingdom,172,1,190.53,108,10,190.53,108.00,0
15413,United Kingdom,692,5,6798.72,2694,20,1359.74,538.80,47
15414,United Kingdom,10,3,774.90,443,37,258.30,147.67,233
15415,United Kingdom,314,1,559.61,551,46,559.61,551.00,0
15416,United Kingdom,65,7,4572.82,2420,189,653.26,345.71,612
15417,United Kingdom,86,1,508.80,284,28,508.80,284.00,0
15418,United Kingdom,426,2,449.42,264,64,224.71,132.00,161
15419,United Kingdom,25,1,135.86,230,8,135.86,230.00,0
15420,United Kingdom,435,6,743.00,844,52,123.83,140.67,300
15421,United Kingdom,59,10,3805.34,1927,170,380.53,192.70,674
15422,United Kingdom,324,7,1619.97,710,80,231.42,101.43,347
15423,United Kingdom,39,3,266.89,198,13,88.96,66.00,583
15424,United Kingdom,255,3,597.78,873,33,199.26,291.00,209
15425,United Kingdom,401,4,1941.12,1041,114,485.28,260.25,263
15426,United Kingdom,20,9,2156.35,1041,327,239.59,115.67,567
15427,United Kingdom,34,3,1430.54,967,233,476.85,322.33,14
15428,United Kingdom,16,4,762.75,347,39,190.69,86.75,707
15429,United Kingdom,27,2,397.35,380,77,198.68,190.00,49
15430,United Kingdom,468,2,954.75,309,36,477.38,154.50,61
15431,United Kingdom,503,1,153.24,84,2,153.24,84.00,0
15432,United Kingdom,24,2,320.76,92,16,160.38,46.00,518
15433,United Kingdom,214,2,533.30,534,40,266.65,267.00,54
15434,United Kingdom,9,11,2567.06,1423,82,233.37,129.36,676
15435,United Kingdom,23,1,149.29,54,29,149.29,54.00,0
15436,United Kingdom,13,3,1067.75,574,243,355.92,191.33,222
15437,United Kingdom,263,2,393.45,177,56,196.72,88.50,378
15438,United Kingdom,132,1,156.58,59,25,156.58,59.00,0
15439,United Kingdom,405,4,1269.05,572,49,317.26,143.00,249
15440,United Kingdom,55,3,383.68,197,50,127.89,65.67,154
15441,United Kingdom,397,3,1254.21,587,45,418.07,195.67,334
15442,United Kingdom,249,1,594.00,120,2,594.00,120.00,0
15443,United Kingdom,2,14,5114.23,2699,408,365.30,192.79,641
15444,United Kingdom,10,2,1411.21,759,191,705.61,379.50,31
15445,United Kingdom,265,2,284.50,118,12,142.25,59.00,326
15446,United Kingdom,377,3,399.75,265,90,133.25,88.33,350
15447,United Kingdom,331,5,492.88,228,27,98.58,45.60,295
15448,United Kingdom,313,2,788.81,487,49,394.40,243.50,362
15449,United Kingdom,27,3,974.52,812,47,324.84,270.67,235
15450,United Kingdom,31,1,429.84,376,30,429.84,376.00,0
15451,United Kingdom,435,2,226.86,76,56,113.43,38.00,165
15452,United Kingdom,30,6,1785.11,1087,158,297.52,181.17,482
15453,United Kingdom,2,7,1371.77,837,169,195.97,119.57,186
15454,United Kingdom,363,2,305.99,146,35,153.00,73.00,256
15455,United Kingdom,598,1,38.25,3,2,38.25,3.00,0
15456,United Kingdom,284,10,2091.52,2727,128,209.15,272.70,448
15457,United Kingdom,263,1,237.07,132,56,237.07,132.00,0
15458,United Kingdom,26,2,370.44,300,13,185.22,150.00,377
15459,United Kingdom,418,2,202.83,121,6,101.41,60.50,80
15460,United Kingdom,355,1,214.26,107,53,214.26,107.00,0
15461,United Kingdom,461,2,429.70,230,1,214.85,115.00,171
15462,United Kingdom,95,4,737.05,495,32,184.26,123.75,351
15463,United Kingdom,30,1,126.14,106,7,126.14,106.00,0
15464,United Kingdom,339,1,1044.65,348,155,1044.65,348.00,0
15465,United Kingdom,20,32,12100.40,2638,94,378.14,82.44,710
15466,United Kingdom,86,4,1560.46,941,211,390.12,235.25,651
15467,United Kingdom,10,3,524.88,310,41,174.96,103.33,143
15468,United Kingdom,52,3,1430.48,1400,80,476.83,466.67,341
15469,United Kingdom,51,3,874.25,287,38,291.42,95.67,388
15470,United Kingdom,576,1,63.42,232,4,63.42,232.00,0
15471,United Kingdom,3,3,1292.01,670,122,430.67,223.33,548
15472,United Kingdom,114,1,371.56,251,76,371.56,251.00,0
15473,United Kingdom,15,8,2046.00,776,5,255.75,97.00,430
15474,United Kingdom,596,1,150.35,55,19,150.35,55.00,0
15475,United Kingdom,78,1,454.11,319,29,454.11,319.00,0
15476,United Kingdom,381,4,2209.98,1174,67,552.50,293.50,62
15477,United Kingdom,650,1,368.40,216,2,368.40,216.00,0
15478,United Kingdom,41,3,1983.48,894,53,661.16,298.00,535
15479,United Kingdom,734,1,147.40,38,9,147.40,38.00,0
15480,Malta,117,5,6279.00,1852,199,1255.80,370.40,560
15481,Norway,402,1,1993.34,1450,38,1993.34,1450.00,0
15482,United Kingdom,16,19,14417.36,6516,74,758.81,342.95,722
15483,United Kingdom,162,10,817.82,905,216,81.78,90.50,523
15484,United Kingdom,2,6,4652.10,4074,180,775.35,679.00,733
15485,United Kingdom,31,7,4810.92,2153,80,687.27,307.57,708
15486,United Kingdom,528,1,102.00,40,1,102.00,40.00,0
15487,United Kingdom,680,1,231.32,144,14,231.32,144.00,0
15488,United Kingdom,93,5,431.92,251,10,86.38,50.20,491
15489,United Kingdom,23,8,2419.61,1264,75,302.45,158.00,671
15490,United Kingdom,431,1,210.85,82,22,210.85,82.00,0
15491,United Kingdom,96,6,3100.09,1646,108,516.68,274.33,140
15492,United Kingdom,29,2,659.46,483,32,329.73,241.50,46
15493,United Kingdom,33,9,4121.68,1206,289,457.96,134.00,622
15494,United Kingdom,22,5,3702.60,3052,307,740.52,610.40,708
15495,United Kingdom,380,1,246.50,194,20,246.50,194.00,0
15496,United Kingdom,632,1,146.14,98,22,146.14,98.00,0
15497,United Kingdom,18,9,8657.39,2937,66,961.93,326.33,704
15498,United Kingdom,3,44,24972.86,12134,597,567.57,275.77,721
15499,United Kingdom,724,1,158.65,59,40,158.65,59.00,0
15500,United Kingdom,9,4,1131.56,572,64,282.89,143.00,73
15501,United Kingdom,405,2,399.95,205,64,199.97,102.50,11
15502,United Kingdom,16,14,13003.87,5559,231,928.85,397.07,539
15503,United Kingdom,363,2,257.30,130,112,128.65,65.00,364
15504,United Kingdom,82,4,402.70,141,42,100.67,35.25,584
15505,United Kingdom,53,5,3610.96,2390,90,722.19,478.00,103
15506,United Kingdom,23,6,2030.33,1637,180,338.39,272.83,455
15507,United Kingdom,172,1,475.86,160,41,475.86,160.00,0
15508,United Kingdom,190,6,1000.27,440,78,166.71,73.33,46
15509,United Kingdom,381,1,152.41,58,26,152.41,58.00,0
15510,United Kingdom,331,1,250.00,2,1,250.00,2.00,0
15511,United Kingdom,12,5,900.53,269,117,180.11,53.80,74
15512,United Kingdom,156,4,331.58,235,29,82.89,58.75,521
15513,United Kingdom,34,35,26437.05,10477,278,755.34,299.34,662
15514,United Kingdom,13,18,6392.06,4087,171,355.11,227.06,723
15515,United Kingdom,388,1,171.81,131,7,171.81,131.00,0
15516,United Kingdom,45,3,62.43,27,15,20.81,9.00,2
15517,United Kingdom,234,1,267.03,293,27,267.03,293.00,0
15518,United Kingdom,65,15,4189.99,2810,250,279.33,187.33,655
15519,United Kingdom,384,2,344.61,116,34,172.31,58.00,63
15520,United Kingdom,2,1,343.50,314,18,343.50,314.00,0
15521,United Kingdom,41,16,7098.24,4507,186,443.64,281.69,663
15522,United Kingdom,33,2,397.99,572,47,199.00,286.00,55
15523,United Kingdom,85,16,17259.19,15633,65,1078.70,977.06,653
15524,United Kingdom,25,2,591.40,28,9,295.70,14.00,582
15525,United Kingdom,3,4,890.22,527,152,222.56,131.75,380
15526,United Kingdom,34,2,148.44,24,4,74.22,12.00,0
15527,United Kingdom,19,23,5554.89,2211,226,241.52,96.13,706
15528,United Kingdom,255,1,229.33,123,26,229.33,123.00,0
15529,United Kingdom,23,12,4783.66,4271,451,398.64,355.92,372
15530,United Kingdom,22,5,1808.68,1328,111,361.74,265.60,491
15531,United Kingdom,9,2,1972.39,1085,196,986.20,542.50,22
15532,United Kingdom,26,10,3738.85,1337,417,373.88,133.70,524
15533,United Kingdom,20,3,807.57,289,73,269.19,96.33,70
15534,United Kingdom,726,1,162.25,63,8,162.25,63.00,0
15535,United Kingdom,174,6,1044.37,314,88,174.06,52.33,276
15536,United Kingdom,410,1,259.09,242,16,259.09,242.00,0
15537,United Kingdom,164,1,110.92,29,24,110.92,29.00,0
15538,United Kingdom,538,6,3358.40,1016,3,559.73,169.33,126
15539,United Kingdom,8,1,538.46,410,41,538.46,410.00,0
15540,United Kingdom,12,2,460.68,444,31,230.34,222.00,364
15541,United Kingdom,115,1,85.13,49,29,85.13,49.00,0
15542,United Kingdom,513,3,855.71,418,212,285.24,139.33,225
15543,United Kingdom,289,2,242.26,167,50,121.13,83.50,171
15544,United Kingdom,10,20,7807.89,6745,175,390.39,337.25,671
15545,United Kingdom,55,2,288.97,162,78,144.48,81.00,317
15546,United Kingdom,607,2,1079.10,198,6,539.55,99.00,0
15547,United Kingdom,8,26,10057.05,7278,652,386.81,279.92,726
15548,United Kingdom,596,1,158.09,64,23,158.09,64.00,0
15549,United Kingdom,78,8,2334.16,936,139,291.77,117.00,620
15550,United Kingdom,5,12,2211.05,1139,166,184.25,94.92,732
15551,United Kingdom,37,7,1679.81,796,117,239.97,113.71,514
15552,United Kingdom,218,2,252.52,166,29,126.26,83.00,406
15553,United Kingdom,61,1,428.93,449,51,428.93,449.00,0
15554,United Kingdom,278,1,217.20,74,14,217.20,74.00,0
15555,United Kingdom,13,36,11243.91,8511,667,312.33,236.42,721
15556,United Kingdom,25,1,279.77,236,31,279.77,236.00,0
15557,United Kingdom,29,1,468.91,213,16,468.91,213.00,0
15558,United Kingdom,640,1,202.68,73,23,202.68,73.00,0
15559,United Kingdom,569,1,1109.40,526,62,1109.40,526.00,0
15560,United Kingdom,398,2,153.52,72,10,76.76,36.00,0
15561,United Kingdom,12,8,1934.39,1334,65,241.80,166.75,652
15562,United Kingdom,352,3,671.43,560,32,223.81,186.67,375
15563,United Kingdom,23,7,2859.46,3005,179,408.49,429.29,658
15564,United Kingdom,464,2,70.74,42,4,35.37,21.00,213
15565,United Kingdom,51,2,173.16,60,8,86.58,30.00,20
15566,United Kingdom,393,2,227.87,153,9,113.94,76.50,332
15567,United Kingdom,19,1,186.01,223,7,186.01,223.00,0
15568,United Kingdom,3,3,758.29,461,27,252.76,153.67,71
15569,United Kingdom,104,10,3583.45,1734,123,358.34,173.40,546
15570,United Kingdom,8,25,8736.49,4079,442,349.46,163.16,614
15571,United Kingdom,12,14,3892.35,2411,442,278.02,172.21,722
15572,United Kingdom,5,10,3965.20,2089,259,396.52,208.90,600
15573,United Kingdom,32,5,1188.42,770,181,237.68,154.00,698
15574,United Kingdom,178,6,1101.44,750,191,183.57,125.00,287
15575,United Kingdom,620,1,30.10,6,3,30.10,6.00,0
15576,United Kingdom,38,1,921.37,394,43,921.37,394.00,0
15577,United Kingdom,152,5,396.03,120,58,79.21,24.00,575
15578,United Kingdom,163,1,127.10,52,13,127.10,52.00,0
15579,United Kingdom,69,5,1250.63,713,140,250.13,142.60,364
15580,United Kingdom,377,8,1375.39,955,150,171.92,119.38,294
15581,United Kingdom,121,38,7480.40,3028,542,196.85,79.68,617
15582,United Kingdom,25,3,682.91,453,39,227.64,151.00,196
15583,United Kingdom,377,1,95.96,56,37,95.96,56.00,0
15584,United Kingdom,24,6,1268.20,483,174,211.37,80.50,647
15585,United Kingdom,177,1,455.30,320,31,455.30,320.00,0
15586,United Kingdom,593,3,1139.10,1338,30,379.70,446.00,108
15587,United Kingdom,51,7,1522.08,528,3,217.44,75.43,441
15588,United Kingdom,678,1,579.60,96,4,579.60,96.00,0
15589,United Kingdom,256,3,478.53,243,28,159.51,81.00,55
15590,United Kingdom,383,5,1496.60,832,75,299.32,166.40,224
15591,United Kingdom,583,3,217.90,58,6,72.63,19.33,91
15592,United Kingdom,47,1,388.58,354,24,388.58,354.00,0
15593,United Kingdom,71,1,199.80,60,5,199.80,60.00,0
15594,United Kingdom,16,5,1771.78,983,85,354.36,196.60,219
15595,United Kingdom,488,1,357.60,144,4,357.60,144.00,0
15596,United Kingdom,101,9,2727.72,1208,82,303.08,134.22,399
15597,United Kingdom,36,2,563.37,393,35,281.69,196.50,540
15598,United Kingdom,54,2,548.02,404,32,274.01,202.00,374
15599,United Kingdom,27,3,1250.06,1098,77,416.69,366.00,419
15600,United Kingdom,429,4,1199.31,657,55,299.83,164.25,165
15601,United Kingdom,12,30,14191.74,10395,310,473.06,346.50,727
15602,United Kingdom,9,16,3137.96,2292,62,196.12,143.25,729
15603,United Kingdom,79,2,88.48,128,4,44.24,64.00,570
15604,United Kingdom,53,1,216.39,159,17,216.39,159.00,0
15605,United Kingdom,37,9,1741.95,641,80,193.55,71.22,658
15606,United Kingdom,62,17,5230.99,1615,84,307.71,95.00,586
15607,United Kingdom,337,9,1708.97,1470,95,189.89,163.33,364
15608,United Kingdom,29,5,1785.98,1262,93,357.20,252.40,387
15609,United Kingdom,185,1,298.48,148,16,298.48,148.00,0
15610,United Kingdom,52,1,112.46,66,6,112.46,66.00,0
15611,United Kingdom,10,26,2997.28,747,43,115.28,28.73,674
15612,United Kingdom,37,2,195.15,52,4,97.58,26.00,25
15613,United Kingdom,611,1,433.72,700,27,433.72,700.00,0
15614,United Kingdom,438,4,3147.36,1632,73,786.84,408.00,189
15615,United Kingdom,11,47,21373.97,12090,292,454.77,257.23,727
15616,United Kingdom,439,1,317.11,137,13,317.11,137.00,0
15617,United Kingdom,397,3,828.55,485,41,276.18,161.67,111
15618,United Kingdom,33,4,776.85,454,39,194.21,113.50,104
15619,United Kingdom,11,1,336.40,136,3,336.40,136.00,0
15620,United Kingdom,57,4,1942.36,1249,114,485.59,312.25,353
15621,United Kingdom,5,4,1293.03,501,11,323.26,125.25,17
15622,United Kingdom,44,17,7852.61,4091,331,461.92,240.65,602
15623,United Kingdom,142,8,2437.05,1087,91,304.63,135.88,588
15624,United Kingdom,117,4,588.13,357,26,147.03,89.25,140
15625,United Kingdom,104,9,3236.40,3020,106,359.60,335.56,439
15626,United Kingdom,75,3,1067.52,1138,73,355.84,379.33,347
15627,United Kingdom,458,2,566.90,344,23,283.45,172.00,65
15628,United Kingdom,5,17,5333.08,3569,136,313.71,209.94,722
15629,United Kingdom,451,4,2240.90,1518,39,560.23,379.50,82
15630,United Kingdom,46,3,1481.40,987,76,493.80,329.00,599
15631,United Kingdom,643,1,596.67,525,39,596.67,525.00,0
15632,United Kingdom,16,8,3285.31,2109,107,410.66,263.62,259
15633,United Kingdom,510,13,4335.96,2048,77,333.54,157.54,222
15634,United Kingdom,18,2,554.65,227,34,277.32,113.50,366
15635,United Kingdom,396,1,100.35,5,2,100.35,5.00,0
15636,United Kingdom,90,4,1444.58,560,39,361.14,140.00,480
15637,United Kingdom,53,5,797.59,651,37,159.52,130.20,672
15638,United Kingdom,379,6,2265.20,1134,20,377.53,189.00,232
15639,United Kingdom,135,3,1065.08,849,61,355.03,283.00,471
15640,United Kingdom,5,29,23494.31,12140,303,810.15,418.62,721
15641,United Kingdom,106,12,5345.55,4422,249,445.46,368.50,628
15642,United Kingdom,730,1,105.78,270,6,105.78,270.00,0
15643,United Kingdom,192,3,664.00,246,31,221.33,82.00,91
15644,United Kingdom,167,4,803.54,550,166,200.88,137.50,95
15645,United Kingdom,19,3,1055.17,396,59,351.72,132.00,407
15646,United Kingdom,158,5,784.81,821,65,156.96,164.20,253
15647,United Kingdom,416,1,169.00,124,11,169.00,124.00,0
15648,United Kingdom,205,2,639.50,218,23,319.75,109.00,63
15649,United Kingdom,337,4,1660.35,365,8,415.09,91.25,51
15650,United Kingdom,522,2,553.88,210,33,276.94,105.00,107
15651,United Kingdom,37,5,1259.06,871,52,251.81,174.20,560
15652,United Kingdom,92,5,1405.94,657,93,281.19,131.40,394
15653,United Kingdom,93,2,877.44,1200,4,438.72,600.00,23
15654,United Kingdom,10,2,922.53,475,15,461.26,237.50,17
15655,United Kingdom,244,1,560.67,324,34,560.67,324.00,0
15656,United Kingdom,46,4,748.50,343,46,187.12,85.75,239
15657,United Kingdom,23,1,30.00,24,1,30.00,24.00,0
15658,United Kingdom,191,8,2117.27,627,79,264.66,78.38,546
15659,United Kingdom,44,3,532.49,161,14,177.50,53.67,610
15660,United Kingdom,26,15,2603.69,1783,73,173.58,118.87,647
15661,United Kingdom,318,8,1215.95,779,27,151.99,97.38,261
15662,United Kingdom,662,2,283.73,145,12,141.87,72.50,77
15663,United Kingdom,107,1,138.14,106,9,138.14,106.00,0
15664,United Kingdom,51,4,1254.03,530,54,313.51,132.50,599
15665,United Kingdom,169,5,3987.07,2777,163,797.41,555.40,467
15666,United Kingdom,473,2,632.94,469,62,316.47,234.50,23
15667,United Kingdom,40,1,301.32,240,13,301.32,240.00,0
15668,United Kingdom,218,1,76.32,72,1,76.32,72.00,0
15669,United Kingdom,41,4,684.34,342,31,171.09,85.50,223
15670,United Kingdom,297,2,325.20,132,19,162.60,66.00,260
15671,United Kingdom,19,7,2657.13,1699,52,379.59,242.71,252
15672,United Kingdom,726,1,45.30,10,3,45.30,10.00,0
15673,United Kingdom,89,9,6204.32,3274,177,689.37,363.78,567
15674,United Kingdom,74,13,6948.23,3648,262,534.48,280.62,658
15675,United Kingdom,82,4,542.04,624,32,135.51,156.00,323
15676,United Kingdom,19,3,3435.76,2252,191,1145.25,750.67,265
15677,United Kingdom,50,3,1305.63,675,63,435.21,225.00,414
15678,United Kingdom,53,3,1825.94,1022,77,608.65,340.67,470
15679,United Kingdom,25,4,781.28,1170,98,195.32,292.50,158
15680,United Kingdom,10,10,4028.69,2743,155,402.87,274.30,728
15681,United Kingdom,26,14,2989.70,1392,48,213.55,99.43,539
15682,United Kingdom,600,2,318.24,222,25,159.12,111.00,88
15683,United Kingdom,118,2,524.54,332,25,262.27,166.00,356
15684,United Kingdom,548,3,173.95,77,9,57.98,25.67,188
15685,United Kingdom,451,1,55.98,36,17,55.98,36.00,0
15686,United Kingdom,421,1,90.00,72,1,90.00,72.00,0
15687,United Kingdom,9,9,2993.10,1310,119,332.57,145.56,322
15688,United Kingdom,419,1,190.57,95,26,190.57,95.00,0
15689,United Kingdom,120,3,521.03,207,20,173.68,69.00,498
15690,United Kingdom,5,2,239.76,408,19,119.88,204.00,96
15691,United Kingdom,253,4,571.30,212,12,142.82,53.00,481
15692,United Kingdom,29,1,191.04,138,12,191.04,138.00,0
15693,United Kingdom,660,1,37.50,30,1,37.50,30.00,0
15694,United Kingdom,1,24,9978.48,2467,55,415.77,102.79,732
15695,United Kingdom,267,4,1131.04,484,55,282.76,121.00,415
15696,United Kingdom,34,13,3881.22,1386,163,298.56,106.62,651
15697,United Kingdom,690,1,246.75,127,14,246.75,127.00,0
15698,United Kingdom,625,1,46.20,60,2,46.20,60.00,0
15699,United Kingdom,18,1,309.65,113,18,309.65,113.00,0
15700,United Kingdom,173,2,696.68,357,85,348.34,178.50,1
15701,United Kingdom,3,4,1529.00,912,193,382.25,228.00,108
15702,Nigeria,477,2,140.39,103,30,70.20,51.50,206
15703,United Kingdom,265,1,211.50,66,5,211.50,66.00,0
15704,United Kingdom,141,6,3734.66,1709,129,622.44,284.83,443
15705,United Kingdom,202,1,143.10,62,6,143.10,62.00,0
15706,United Kingdom,64,4,1060.56,321,50,265.14,80.25,53
15707,United Kingdom,36,4,916.98,594,126,229.25,148.50,51
15708,United Kingdom,41,9,3887.15,1465,135,431.91,162.78,385
15709,United Kingdom,284,2,327.85,169,26,163.93,84.50,306
15710,United Kingdom,418,1,898.87,641,110,898.87,641.00,0
15711,United Kingdom,557,2,420.25,199,25,210.12,99.50,128
15712,United Kingdom,10,12,3472.41,1277,86,289.37,106.42,729
15713,United Kingdom,144,4,839.64,451,48,209.91,112.75,580
15714,United Kingdom,12,5,783.96,361,45,156.79,72.20,544
15715,United Kingdom,556,5,658.02,246,33,131.60,49.20,64
15716,United Kingdom,146,11,2485.26,1379,188,225.93,125.36,587
15717,United Kingdom,235,5,607.00,224,17,121.40,44.80,358
15718,United Kingdom,541,1,293.79,95,18,293.79,95.00,0
15719,United Kingdom,33,31,10195.97,5356,449,328.90,172.77,706
15720,United Kingdom,25,2,739.22,327,152,369.61,163.50,526
15721,United Kingdom,12,1,471.40,388,80,471.40,388.00,0
15722,United Kingdom,36,11,5234.00,2279,91,475.82,207.18,605
15723,United Kingdom,365,4,930.70,427,108,232.68,106.75,210
15724,United Kingdom,202,3,310.85,117,17,103.62,39.00,199
15725,United Kingdom,16,1,415.25,221,32,415.25,221.00,0
15726,United Kingdom,391,1,321.91,123,23,321.91,123.00,0
15727,United Kingdom,17,15,9371.71,5908,426,624.78,393.87,668
15728,United Kingdom,380,2,544.60,132,10,272.30,66.00,65
15729,United Kingdom,213,3,192.55,47,10,64.18,15.67,191
15730,United Kingdom,66,5,1726.58,1061,102,345.32,212.20,366
15731,United Kingdom,554,1,125.30,122,8,125.30,122.00,0
15732,United Kingdom,213,10,1543.97,1264,53,154.40,126.40,461
15733,United Kingdom,283,1,162.30,62,10,162.30,62.00,0
15734,United Kingdom,115,4,2263.30,516,36,565.83,129.00,433
15735,United Kingdom,422,1,327.68,206,19,327.68,206.00,0
15736,United Kingdom,436,2,1767.12,1208,95,883.56,604.00,0
15737,United Kingdom,15,8,1188.12,597,60,148.52,74.62,228
15738,United Kingdom,19,41,13043.32,9030,70,318.13,220.24,711
15739,United Kingdom,67,1,449.12,472,8,449.12,472.00,0
15740,United Kingdom,50,1,154.88,152,9,154.88,152.00,0
15741,United Kingdom,459,2,208.62,70,11,104.31,35.00,160
15742,United Kingdom,620,1,156.87,51,41,156.87,51.00,0
15743,United Kingdom,17,4,775.96,214,59,193.99,53.50,168
15744,United Kingdom,78,1,34.80,120,3,34.80,120.00,0
15745,United Kingdom,20,4,1094.59,421,57,273.65,105.25,217
15746,United Kingdom,135,1,196.88,178,28,196.88,178.00,0
15747,United Kingdom,13,9,2499.81,1344,116,277.76,149.33,678
15748,United Kingdom,41,3,609.81,261,34,203.27,87.00,409
15749,United Kingdom,236,3,44534.30,18028,5,14844.77,6009.33,97
15750,United Kingdom,3,18,6452.99,4281,389,358.50,237.83,736
15751,United Kingdom,461,11,1380.44,443,90,125.49,40.27,273
15752,United Kingdom,40,9,3924.91,2792,359,436.10,310.22,418
15753,United Kingdom,305,1,79.20,144,1,79.20,144.00,0
15754,United Kingdom,52,9,3037.61,1762,114,337.51,195.78,604
15755,United Kingdom,11,17,5993.12,4034,281,352.54,237.29,725
15756,United Kingdom,62,4,528.01,241,160,132.00,60.25,188
15757,United Kingdom,66,6,2940.36,1757,162,490.06,292.83,482
15758,United Kingdom,25,1,205.25,47,9,205.25,47.00,0
15759,United Kingdom,219,7,830.93,523,10,118.70,74.71,519
15760,Norway,631,2,13916.34,2,1,6958.17,1.00,0
15761,United Kingdom,443,1,143.05,31,5,143.05,31.00,0
15762,United Kingdom,66,2,583.75,251,37,291.88,125.50,12
15763,United Kingdom,32,2,1086.92,271,58,543.46,135.50,46
15764,United Kingdom,89,8,4503.08,2945,187,562.88,368.12,390
15765,United Kingdom,667,1,370.63,335,25,370.63,335.00,0
15766,United Kingdom,65,3,831.06,334,21,277.02,111.33,618
15768,United Kingdom,116,34,15308.89,4215,437,450.26,123.97,621
15769,United Kingdom,8,46,88612.52,49068,26,1926.36,1066.70,721
15770,United Kingdom,613,1,321.45,67,18,321.45,67.00,0
15771,United Kingdom,605,3,1006.54,512,26,335.51,170.67,89
15772,United Kingdom,419,1,280.88,110,16,280.88,110.00,0
15773,United Kingdom,6,2,774.52,410,46,387.26,205.00,404
15774,United Kingdom,69,6,1288.34,465,88,214.72,77.50,588
15775,United Kingdom,246,2,150.50,260,9,75.25,130.00,386
15776,United Kingdom,134,1,241.62,138,18,241.62,138.00,0
15777,United Kingdom,242,7,1762.61,599,29,251.80,85.57,327
15778,United Kingdom,432,1,307.95,101,17,307.95,101.00,0
15779,United Kingdom,464,2,124.08,20,8,62.04,10.00,69
15780,United Kingdom,184,3,475.28,220,26,158.43,73.33,174
15781,United Kingdom,26,3,345.46,180,20,115.15,60.00,280
15782,United Kingdom,10,4,4014.10,1844,51,1003.52,461.00,421
15783,United Kingdom,11,1,246.30,212,14,246.30,212.00,0
15784,United Kingdom,468,2,848.33,381,33,424.16,190.50,205
15785,United Kingdom,33,16,5969.93,4479,102,373.12,279.94,692
15786,United Kingdom,47,5,8501.62,5957,358,1700.32,1191.40,490
15787,United Kingdom,27,3,933.26,534,156,311.09,178.00,35
15788,United Kingdom,509,1,221.83,115,14,221.83,115.00,0
15789,United Kingdom,359,6,1962.01,2499,110,327.00,416.50,265
15790,United Kingdom,11,1,218.75,113,34,218.75,113.00,0
15791,United Kingdom,44,5,3608.34,1970,121,721.67,394.00,598
15792,United Kingdom,400,2,933.84,606,57,466.92,303.00,219
15793,United Kingdom,15,8,2399.57,1685,12,299.95,210.62,724
15794,United Kingdom,737,2,777.00,288,15,388.50,144.00,1
15795,United Kingdom,150,8,1979.87,1411,111,247.48,176.38,541
15796,United Kingdom,2,17,5171.63,1733,138,304.21,101.94,617
15797,United Kingdom,114,6,2821.08,1281,12,470.18,213.50,568
15798,United Kingdom,493,3,1535.37,915,73,511.79,305.00,189
15799,United Kingdom,76,4,1421.34,1341,143,355.33,335.25,343
15800,United Kingdom,108,7,1227.07,575,198,175.30,82.14,511
15801,United Kingdom,47,3,1063.95,570,61,354.65,190.00,63
15802,United Kingdom,143,1,451.42,1,1,451.42,1.00,0
15803,United Kingdom,52,4,1929.66,1030,48,482.42,257.50,625
15804,United Kingdom,1,13,4206.39,2565,170,323.57,197.31,198
15805,United Kingdom,24,30,10148.93,6205,337,338.30,206.83,706
15806,United Kingdom,47,3,784.58,602,24,261.53,200.67,230
15807,United Kingdom,51,5,1817.52,1532,85,363.50,306.40,616
15808,United Kingdom,307,21,17180.25,6753,348,818.11,321.57,432
15809,United Kingdom,37,7,1274.44,700,51,182.06,100.00,499
15810,United Kingdom,79,8,2999.04,1653,89,374.88,206.62,595
15811,United Kingdom,23,7,3486.15,1781,205,498.02,254.43,366
15812,United Kingdom,108,12,5201.47,3450,87,433.46,287.50,617
15813,United Kingdom,208,2,1303.91,603,40,651.95,301.50,32
15814,United Kingdom,17,6,2634.44,1728,83,439.07,288.00,587
15815,United Kingdom,64,5,2100.60,1856,33,420.12,371.20,196
15816,United Kingdom,543,2,144.15,54,11,72.07,27.00,0
15817,United Kingdom,421,3,2766.40,1596,133,922.13,532.00,123
15818,United Kingdom,589,1,340.50,284,11,340.50,284.00,0
15819,United Kingdom,50,10,3934.79,2928,182,393.48,292.80,582
15820,United Kingdom,320,1,206.98,128,17,206.98,128.00,0
15821,United Kingdom,45,2,570.96,202,57,285.48,101.00,17
15822,United Kingdom,4,6,1840.06,950,46,306.68,158.33,730
15823,United Kingdom,373,3,3882.17,1774,155,1294.06,591.33,359
15824,United Kingdom,454,2,890.94,478,24,445.47,239.00,79
15825,United Kingdom,173,1,532.94,220,20,532.94,220.00,0
15826,United Kingdom,57,4,2598.28,1824,100,649.57,456.00,512
15827,United Kingdom,74,28,3603.14,1715,124,128.68,61.25,627
15828,United Kingdom,376,1,1108.82,367,74,1108.82,367.00,0
15829,United Kingdom,100,2,636.14,996,44,318.07,498.00,41
15830,United Kingdom,38,1,576.00,415,39,576.00,415.00,0
15831,United Kingdom,59,3,794.64,1092,63,264.88,364.00,266
15832,United Kingdom,255,1,836.79,465,54,836.79,465.00,0
15833,United Kingdom,738,1,80.40,24,5,80.40,24.00,0
15834,United Kingdom,71,7,3764.39,1815,333,537.77,259.29,354
15835,United Kingdom,45,4,954.09,439,47,238.52,109.75,286
15836,United Kingdom,51,1,137.37,26,10,137.37,26.00,0
15837,United Kingdom,65,2,777.01,405,52,388.50,202.50,421
15838,United Kingdom,12,34,73205.50,64114,61,2153.10,1885.71,713
15839,United Kingdom,34,3,1048.49,675,56,349.50,225.00,115
15840,United Kingdom,59,2,355.56,396,26,177.78,198.00,114
15841,United Kingdom,73,9,2742.41,2391,60,304.71,265.67,657
15842,United Kingdom,394,2,548.80,296,24,274.40,148.00,134
15843,United Kingdom,304,1,118.95,27,8,118.95,27.00,0
15844,United Kingdom,47,1,130.74,134,11,130.74,134.00,0
15845,United Kingdom,18,11,4426.28,2128,129,402.39,193.45,665
15846,United Kingdom,386,1,107.01,79,27,107.01,79.00,0
15847,United Kingdom,39,5,822.57,643,39,164.51,128.60,603
15848,United Kingdom,622,1,137.99,45,34,137.99,45.00,0
15850,United Kingdom,20,6,1006.75,1334,269,167.79,222.33,707
15851,United Kingdom,527,1,109.73,67,8,109.73,67.00,0
15852,United Kingdom,187,3,257.26,60,31,85.75,20.00,340
15853,United Kingdom,52,1,110.80,135,29,110.80,135.00,0
15854,United Kingdom,5,21,5578.28,1691,168,265.63,80.52,725
15855,United Kingdom,137,6,1052.72,712,72,175.45,118.67,340
15856,United Kingdom,5,52,32275.95,19550,384,620.69,375.96,732
15857,United Kingdom,19,2,570.48,584,21,285.24,292.00,412
15858,United Kingdom,16,13,3552.41,2715,273,273.26,208.85,714
15859,United Kingdom,433,1,438.46,174,22,438.46,174.00,0
15860,United Kingdom,41,17,2361.30,1259,249,138.90,74.06,693
15861,United Kingdom,13,12,4369.20,3837,452,364.10,319.75,668
15862,United Kingdom,9,13,2512.29,1520,417,193.25,116.92,714
15863,United Kingdom,26,5,355.10,162,74,71.02,32.40,697
15864,United Kingdom,23,7,2180.76,1486,18,311.54,212.29,359
15865,United Kingdom,41,5,2241.42,1141,119,448.28,228.20,663
15866,United Kingdom,102,1,211.89,124,43,211.89,124.00,0
15867,United Kingdom,6,31,8923.30,5067,547,287.85,163.45,720
15868,United Kingdom,584,1,94.53,57,4,94.53,57.00,0
15869,United Kingdom,278,3,321.11,273,29,107.04,91.00,349
15870,United Kingdom,33,4,857.46,504,127,214.37,126.00,414
15871,United Kingdom,438,1,33.10,5,5,33.10,5.00,0
15872,United Kingdom,15,4,729.25,467,164,182.31,116.75,536
15873,United Kingdom,500,4,313.92,1152,3,78.48,288.00,1
15874,United Kingdom,64,21,11284.76,5102,262,537.37,242.95,638
15875,United Kingdom,647,1,108.52,74,18,108.52,74.00,0
15876,United Kingdom,410,2,1449.14,886,11,724.57,443.00,39
15877,United Kingdom,2,2,490.33,368,122,245.16,184.00,16
15878,United Kingdom,562,2,330.77,243,47,165.38,121.50,172
15879,United Kingdom,405,4,1137.80,639,171,284.45,159.75,318
15880,United Kingdom,370,1,329.03,202,95,329.03,202.00,0
15881,United Kingdom,313,5,501.39,260,26,100.28,52.00,52
15882,United Kingdom,199,8,1124.66,650,49,140.58,81.25,531
15883,United Kingdom,3,2,396.48,223,42,198.24,111.50,31
15884,United Kingdom,433,2,244.60,152,14,122.30,76.00,304
15885,United Kingdom,93,15,1951.82,622,83,130.12,41.47,595
15886,United Kingdom,61,4,1052.87,667,58,263.22,166.75,538
15887,United Kingdom,407,3,1027.15,605,27,342.38,201.67,149
15888,United Kingdom,81,3,429.16,139,33,143.05,46.33,446
15889,United Kingdom,157,8,1427.60,800,256,178.45,100.00,573
15890,United Kingdom,395,5,535.65,119,10,107.13,23.80,210
15891,United Kingdom,227,1,511.68,418,60,511.68,418.00,0
15892,United Kingdom,670,1,128.20,46,38,128.20,46.00,0
15893,United Kingdom,482,1,305.28,288,1,305.28,288.00,0
15894,United Kingdom,254,2,258.25,164,35,129.12,82.00,116
15895,United Kingdom,150,1,179.17,94,11,179.17,94.00,0
15897,United Kingdom,195,2,208.59,223,17,104.30,111.50,0
15898,United Kingdom,2,25,4996.45,2160,281,199.86,86.40,727
15899,United Kingdom,369,1,56.25,39,4,56.25,39.00,0
15900,United Kingdom,24,4,886.57,656,100,221.64,164.00,539
15901,United Kingdom,17,7,687.72,695,145,98.25,99.29,527
15902,United Kingdom,381,1,145.01,124,18,145.01,124.00,0
15903,United Kingdom,10,12,8939.84,3926,58,744.99,327.17,685
15904,United Kingdom,9,1,164.68,84,30,164.68,84.00,0
15905,United Kingdom,544,1,114.69,82,22,114.69,82.00,0
15906,United Kingdom,20,10,2530.19,749,143,253.02,74.90,431
15907,United Kingdom,4,3,882.72,478,175,294.24,159.33,207
15908,United Kingdom,491,2,758.62,173,37,379.31,86.50,22
15909,United Kingdom,174,1,191.94,98,7,191.94,98.00,0
15910,United Kingdom,1,15,2661.17,2158,394,177.41,143.87,687
15911,United Kingdom,624,8,1700.24,810,162,212.53,101.25,107
15912,United Kingdom,179,9,1074.70,759,83,119.41,84.33,551
15913,United Kingdom,535,1,6.30,3,1,6.30,3.00,0
15914,United Kingdom,379,2,205.99,149,13,103.00,74.50,0
15915,United Kingdom,402,1,364.45,414,105,364.45,414.00,0
15916,United Kingdom,17,13,3145.24,1618,227,241.94,124.46,713
15917,United Kingdom,248,5,530.17,248,127,106.03,49.60,490
15918,United Kingdom,191,3,582.88,240,49,194.29,80.00,441
15919,United Kingdom,20,2,525.69,385,103,262.85,192.50,349
15920,United Kingdom,155,9,569.14,238,93,63.24,26.44,571
15921,United Kingdom,173,4,775.26,335,69,193.81,83.75,468
15922,United Kingdom,374,1,369.50,138,11,369.50,138.00,0
15923,United Kingdom,373,1,127.08,122,21,127.08,122.00,0
15924,United Kingdom,732,1,102.82,103,14,102.82,103.00,0
15925,United Kingdom,195,1,207.15,93,12,207.15,93.00,0
15926,United Kingdom,543,1,134.44,155,7,134.44,155.00,0
15927,United Kingdom,648,1,106.54,66,13,106.54,66.00,0
15928,United Kingdom,657,1,293.53,164,11,293.53,164.00,0
15929,United Kingdom,645,1,594.00,120,1,594.00,120.00,0
15930,United Kingdom,68,1,426.63,139,21,426.63,139.00,0
15931,United Kingdom,429,1,239.90,118,14,239.90,118.00,0
15932,United Kingdom,5,8,2495.87,2325,93,311.98,290.62,285
15933,United Kingdom,22,3,1107.46,885,63,369.15,295.00,65
15934,United Kingdom,418,2,2190.66,2166,29,1095.33,1083.00,12
15935,United Kingdom,240,2,416.86,115,12,208.43,57.50,2
15936,United Kingdom,380,2,282.79,211,16,141.40,105.50,88
15937,United Kingdom,65,1,145.35,73,7,145.35,73.00,0
15938,United Kingdom,113,9,734.81,449,27,81.65,49.89,444
15939,United Kingdom,90,16,9060.39,6260,52,566.27,391.25,285
15940,United Kingdom,312,1,35.80,4,1,35.80,4.00,0
15941,United Kingdom,638,1,405.00,60,6,405.00,60.00,0
15942,United Kingdom,134,1,337.44,232,14,337.44,232.00,0
15943,United Kingdom,650,2,271.29,183,12,135.64,91.50,28
15944,United Kingdom,277,4,2164.24,859,25,541.06,214.75,450
15945,United Kingdom,366,4,646.27,345,24,161.57,86.25,373
15946,United Kingdom,503,3,2304.18,1614,25,768.06,538.00,131
15947,United Kingdom,83,1,1708.24,898,29,1708.24,898.00,0
15948,United Kingdom,9,3,1509.09,852,63,503.03,284.00,416
15949,United Kingdom,17,2,364.72,284,12,182.36,142.00,55
15950,United Kingdom,32,10,7120.91,3354,225,712.09,335.40,651
15951,United Kingdom,9,3,1013.17,420,44,337.72,140.00,373
15952,United Kingdom,34,4,781.91,391,65,195.48,97.75,192
15953,United Kingdom,16,18,3440.34,1741,102,191.13,96.72,721
15954,United Kingdom,590,1,190.75,119,20,190.75,119.00,0
15955,United Kingdom,25,22,8085.98,3967,222,367.54,180.32,630
15956,United Kingdom,552,2,617.60,278,18,308.80,139.00,175
15957,United Kingdom,32,3,921.25,453,121,307.08,151.00,389
15958,United Kingdom,75,4,462.12,154,50,115.53,38.50,476
15959,United Kingdom,683,3,542.89,269,58,180.96,89.67,0
15960,United Kingdom,375,4,410.95,258,24,102.74,64.50,61
15961,United Kingdom,380,1,451.29,154,42,451.29,154.00,0
15962,United Kingdom,450,1,289.48,228,43,289.48,228.00,0
15963,United Kingdom,20,2,470.76,298,26,235.38,149.00,26
15964,United Kingdom,664,1,269.21,93,20,269.21,93.00,0
15965,United Kingdom,18,13,2771.94,1313,202,213.23,101.00,719
15966,United Kingdom,451,1,426.53,275,27,426.53,275.00,0
15967,United Kingdom,24,12,2966.00,1183,316,247.17,98.58,715
15968,United Kingdom,389,1,404.55,247,70,404.55,247.00,0
15969,United Kingdom,3,5,1127.05,223,31,225.41,44.60,520
15970,United Kingdom,304,2,1017.32,498,19,508.66,249.00,295
15971,United Kingdom,18,18,5902.83,2251,12,327.94,125.06,714
15972,United Kingdom,457,5,1769.33,468,104,353.87,93.60,144
15973,United Kingdom,367,3,680.62,195,8,226.87,65.00,63
15974,United Kingdom,40,7,3442.15,2262,141,491.74,323.14,249
15975,United Kingdom,85,1,371.01,243,24,371.01,243.00,0
15976,United Kingdom,166,6,1694.41,1053,265,282.40,175.50,386
15977,United Kingdom,18,2,1054.73,1016,48,527.37,508.00,22
15978,United Kingdom,78,3,3279.42,2444,107,1093.14,814.67,567
15979,United Kingdom,603,1,329.22,450,22,329.22,450.00,0
15980,United Kingdom,89,7,6543.68,4822,101,934.81,688.86,468
15981,United Kingdom,25,21,9362.77,4827,151,445.85,229.86,596
15982,United Kingdom,606,1,324.51,131,45,324.51,131.00,0
15983,United Kingdom,23,8,3110.37,1872,137,388.80,234.00,711
15984,United Kingdom,3,30,8393.02,5730,458,279.77,191.00,736
15985,United Kingdom,124,7,2715.28,2750,50,387.90,392.86,438
15986,United Kingdom,31,2,354.42,368,25,177.21,184.00,351
15987,United Kingdom,13,8,1535.99,1599,143,192.00,199.88,367
15988,United Kingdom,20,3,738.89,476,114,246.30,158.67,637
15989,United Kingdom,376,2,368.31,169,81,184.16,84.50,362
15990,United Kingdom,45,7,1997.75,1086,117,285.39,155.14,605
15991,United Kingdom,535,1,150.55,41,6,150.55,41.00,0
15992,United Kingdom,4,3,896.60,514,53,298.87,171.33,450
15993,United Kingdom,9,7,2777.67,2037,335,396.81,291.00,36
15994,United Kingdom,55,3,1175.68,462,93,391.89,154.00,581
15995,United Kingdom,415,1,694.54,352,108,694.54,352.00,0
15996,United Kingdom,89,7,1386.40,643,140,198.06,91.86,309
15998,United Kingdom,37,16,8274.14,5350,682,517.13,334.38,702
15999,United Kingdom,736,1,20.40,24,1,20.40,24.00,0
16000,United Kingdom,3,3,12393.70,5110,9,4131.23,1703.33,0
16001,United Kingdom,382,1,583.39,337,29,583.39,337.00,0
16002,United Kingdom,626,1,169.21,70,42,169.21,70.00,0
16003,United Kingdom,30,10,5613.83,2210,146,561.38,221.00,707
16004,United Kingdom,475,5,2146.39,1076,63,429.28,215.20,209
16005,United Kingdom,13,10,2365.49,1269,315,236.55,126.90,438
16006,United Kingdom,212,2,332.82,205,75,166.41,102.50,176
16007,United Kingdom,48,7,3053.06,2631,337,436.15,375.86,496
16008,United Kingdom,24,15,5339.13,3237,63,355.94,215.80,607
16009,United Kingdom,23,4,972.11,366,68,243.03,91.50,137
16010,United Kingdom,246,11,1694.86,919,122,154.08,83.55,166
16011,United Kingdom,9,29,5601.01,3323,181,193.14,114.59,730
16012,United Kingdom,36,5,2978.59,1760,207,595.72,352.00,494
16013,United Kingdom,4,84,56078.44,25520,54,667.60,303.81,728
16014,United Kingdom,38,5,1100.28,462,219,220.06,92.40,640
16015,United Kingdom,4,3,704.55,907,146,234.85,302.33,46
16016,United Kingdom,4,11,2083.40,881,181,189.40,80.09,399
16017,United Kingdom,48,5,1545.58,635,99,309.12,127.00,656
16018,United Kingdom,40,4,698.13,503,48,174.53,125.75,693
16019,United Kingdom,47,27,17329.16,6959,256,641.82,257.74,679
16020,United Kingdom,17,3,851.01,487,42,283.67,162.33,49
16021,United Kingdom,396,2,487.03,276,117,243.51,138.00,149
16022,United Kingdom,261,1,602.63,255,68,602.63,255.00,0
16023,United Kingdom,47,3,719.81,358,90,239.94,119.33,220
16024,United Kingdom,13,3,483.99,504,78,161.33,168.00,399
16025,United Kingdom,30,1,439.66,338,28,439.66,338.00,0
16026,United Kingdom,44,1,236.09,243,30,236.09,243.00,0
16027,United Kingdom,92,15,2048.36,2099,20,136.56,139.93,609
16028,United Kingdom,596,1,82.20,18,5,82.20,18.00,0
16029,United Kingdom,39,107,117763.62,54450,57,1100.59,508.88,693
16030,United Kingdom,310,1,331.24,283,28,331.24,283.00,0
16031,United Kingdom,93,2,547.90,421,91,273.95,210.50,155
16032,United Kingdom,457,6,1965.72,1467,130,327.62,244.50,67
16033,United Kingdom,6,27,10608.81,4200,605,392.92,155.56,480
16034,United Kingdom,197,6,911.32,585,43,151.89,97.50,213
16035,United Kingdom,561,1,217.73,33,21,217.73,33.00,0
16036,United Kingdom,88,4,2556.84,1369,120,639.21,342.25,533
16037,United Kingdom,270,5,1509.34,766,62,301.87,153.20,379
16038,United Kingdom,8,3,471.78,244,24,157.26,81.33,194
16039,United Kingdom,424,2,456.40,409,27,228.20,204.50,205
16040,United Kingdom,66,7,2416.90,1185,95,345.27,169.29,544
16041,United Kingdom,31,3,3166.40,1584,6,1055.47,528.00,111
16042,United Kingdom,23,8,2245.32,1430,88,280.67,178.75,431
16043,United Kingdom,38,8,1856.59,1011,56,232.07,126.38,444
16044,United Kingdom,436,1,340.84,170,19,340.84,170.00,0
16045,United Kingdom,120,8,3434.93,2108,111,429.37,263.50,379
16046,United Kingdom,563,1,235.78,248,22,235.78,248.00,0
16047,EIRE,683,1,107.14,1,1,107.14,1.00,0
16048,United Kingdom,374,4,818.79,425,30,204.70,106.25,176
16049,United Kingdom,41,6,1852.15,1132,383,308.69,188.67,476
16050,United Kingdom,174,3,300.70,388,19,100.23,129.33,228
16051,United Kingdom,682,1,188.44,80,12,188.44,80.00,0
16052,United Kingdom,55,1,362.06,282,34,362.06,282.00,0
16053,United Kingdom,33,6,3634.84,3067,169,605.81,511.17,578
16054,United Kingdom,146,4,2111.88,791,109,527.97,197.75,472
16055,United Kingdom,221,1,134.80,22,8,134.80,22.00,0
16056,United Kingdom,46,1,650.75,345,66,650.75,345.00,0
16057,United Kingdom,17,10,3854.85,1691,175,385.49,169.10,685
16058,United Kingdom,407,1,62.70,18,2,62.70,18.00,0
16059,United Kingdom,66,12,3053.57,1431,233,254.46,119.25,504
16060,United Kingdom,401,3,541.95,243,22,180.65,81.00,94
16061,United Kingdom,432,1,89.65,19,3,89.65,19.00,0
16062,United Kingdom,10,8,2863.45,2035,134,357.93,254.38,527
16063,United Kingdom,261,1,335.32,262,23,335.32,262.00,0
16064,United Kingdom,726,1,109.31,55,17,109.31,55.00,0
16065,United Kingdom,366,8,1992.13,1207,214,249.02,150.88,98
16066,United Kingdom,17,5,1521.04,935,77,304.21,187.00,108
16067,United Kingdom,563,3,3269.11,1236,60,1089.70,412.00,113
16068,United Kingdom,594,1,115.73,48,34,115.73,48.00,0
16069,United Kingdom,418,1,457.70,138,25,457.70,138.00,0
16070,United Kingdom,23,2,852.15,457,32,426.07,228.50,10
16071,United Kingdom,45,4,1076.80,697,62,269.20,174.25,611
16072,United Kingdom,289,4,4180.09,1580,414,1045.02,395.00,261
16073,United Kingdom,298,1,122.40,48,1,122.40,48.00,0
16074,United Kingdom,391,1,252.50,38,23,252.50,38.00,0
16075,United Kingdom,503,2,736.93,271,41,368.47,135.50,62
16076,United Kingdom,4,10,2234.73,1435,71,223.47,143.50,205
16077,United Kingdom,626,1,2300.40,840,8,2300.40,840.00,0
16078,United Kingdom,284,2,362.99,200,39,181.50,100.00,386
16079,United Kingdom,17,3,1352.00,864,18,450.67,288.00,24
16080,United Kingdom,82,4,602.56,298,29,150.64,74.50,369
16081,United Kingdom,57,8,4278.96,2177,235,534.87,272.12,618
16082,United Kingdom,671,1,106.75,39,16,106.75,39.00,0
16083,United Kingdom,101,4,2351.42,1514,61,587.86,378.50,288
16084,United Kingdom,300,1,436.18,216,38,436.18,216.00,0
16085,United Kingdom,24,12,2341.03,1382,259,195.09,115.17,665
16086,United Kingdom,60,10,2687.73,1450,66,268.77,145.00,678
16087,United Kingdom,390,5,1739.92,664,6,347.98,132.80,300
16088,United Kingdom,576,2,1437.43,373,3,718.72,186.50,16
16089,United Kingdom,387,2,263.49,119,42,131.75,59.50,123
16090,United Kingdom,625,1,180.56,58,18,180.56,58.00,0
16091,United Kingdom,155,2,315.06,154,16,157.53,77.00,44
16092,United Kingdom,115,6,1587.94,1188,60,264.66,198.00,465
16093,United Kingdom,107,1,17.00,20,1,17.00,20.00,0
16094,United Kingdom,12,11,3695.56,2020,101,335.96,183.64,591
16095,United Kingdom,457,1,447.05,265,30,447.05,265.00,0
16096,United Kingdom,265,4,1584.97,700,58,396.24,175.00,381
16097,United Kingdom,241,1,185.05,87,10,185.05,87.00,0
16098,United Kingdom,88,14,4010.70,2008,83,286.48,143.43,637
16099,United Kingdom,51,7,1573.20,960,44,224.74,137.14,596
16100,United Kingdom,463,1,582.64,438,37,582.64,438.00,0
16101,United Kingdom,71,4,3229.16,1844,153,807.29,461.00,491
16102,United Kingdom,43,3,1842.14,942,41,614.05,314.00,86
16103,United Kingdom,8,22,6191.71,2639,111,281.44,119.95,693
16104,United Kingdom,62,9,2774.46,1047,187,308.27,116.33,672
16105,United Kingdom,249,5,2386.19,2125,92,477.24,425.00,356
16106,United Kingdom,66,1,108.38,74,6,108.38,74.00,0
16107,United Kingdom,18,7,3204.16,1176,16,457.74,168.00,166
16108,United Kingdom,85,4,2235.92,1473,124,558.98,368.25,547
16109,United Kingdom,219,3,939.48,1092,30,313.16,364.00,480
16110,United Kingdom,46,4,1781.59,880,343,445.40,220.00,477
16111,United Kingdom,429,1,549.33,233,72,549.33,233.00,0
16112,United Kingdom,144,4,195.74,574,15,48.93,143.50,195
16113,United Kingdom,184,1,161.38,176,30,161.38,176.00,0
16114,United Kingdom,171,1,135.75,43,8,135.75,43.00,0
16115,United Kingdom,10,12,2553.80,1589,230,212.82,132.42,565
16116,United Kingdom,212,1,612.78,248,34,612.78,248.00,0
16117,United Kingdom,190,3,654.40,321,64,218.13,107.00,402
16118,United Kingdom,653,1,4376.25,2851,41,4376.25,2851.00,0
16119,United Kingdom,9,8,1720.81,811,37,215.10,101.38,715
16120,United Kingdom,60,6,2967.51,2161,84,494.59,360.17,363
16121,United Kingdom,58,5,1450.04,879,256,290.01,175.80,508
16122,United Kingdom,74,6,895.62,1280,28,149.27,213.33,352
16123,United Kingdom,52,1,307.78,170,16,307.78,170.00,0
16124,United Kingdom,318,4,1772.49,797,63,443.12,199.25,415
16125,United Kingdom,368,14,4292.35,1819,168,306.60,129.93,358
16126,United Kingdom,30,15,14644.60,6140,144,976.31,409.33,708
16127,United Kingdom,40,2,801.31,391,75,400.65,195.50,687
16128,United Kingdom,18,11,3801.05,2445,155,345.55,222.27,494
16129,United Kingdom,408,3,1396.05,1261,91,465.35,420.33,100
16130,United Kingdom,423,4,987.48,296,53,246.87,74.00,195
16131,United Kingdom,52,12,9957.42,4768,131,829.78,397.33,686
16132,United Kingdom,545,2,664.20,280,14,332.10,140.00,83
16133,United Kingdom,4,56,22992.26,13653,303,410.58,243.80,615
16134,United Kingdom,22,5,2145.34,1637,85,429.07,327.40,519
16135,United Kingdom,263,2,819.45,395,35,409.73,197.50,321
16136,United Kingdom,60,4,946.80,674,44,236.70,168.50,604
16137,United Kingdom,681,1,422.70,210,28,422.70,210.00,0
16138,United Kingdom,379,3,910.35,774,35,303.45,258.00,212
16139,United Kingdom,19,5,1111.15,602,47,222.23,120.40,718
16140,United Kingdom,66,3,1433.46,1272,50,477.82,424.00,376
16141,United Kingdom,89,2,955.94,410,47,477.97,205.00,329
16142,United Kingdom,250,1,535.34,422,37,535.34,422.00,0
16143,United Kingdom,4,12,4555.08,1866,107,379.59,155.50,726
16144,United Kingdom,247,1,175.20,16,1,175.20,16.00,0
16145,United Kingdom,9,19,6805.44,5270,217,358.18,277.37,576
16146,United Kingdom,158,4,946.38,544,34,236.59,136.00,291
16147,United Kingdom,134,5,2398.91,1395,113,479.78,279.00,539
16148,United Kingdom,297,2,386.62,250,9,193.31,125.00,140
16149,United Kingdom,5,3,422.22,598,30,140.74,199.33,425
16150,United Kingdom,43,10,4002.17,1990,143,400.22,199.00,680
16152,United Kingdom,269,1,1829.04,642,29,1829.04,642.00,0
16153,United Kingdom,50,11,5133.49,3693,161,466.68,335.73,513
16155,United Kingdom,382,5,796.90,495,45,159.38,99.00,158
16156,United Kingdom,9,20,6188.18,3205,199,309.41,160.25,729
16157,United Kingdom,16,3,656.69,347,12,218.90,115.67,57
16158,United Kingdom,523,9,628.32,182,29,69.81,20.22,212
16159,United Kingdom,282,4,1232.79,635,31,308.20,158.75,455
16160,United Kingdom,66,2,1025.44,1162,20,512.72,581.00,20
16161,United Kingdom,2,43,12580.06,6255,458,292.56,145.47,668
16162,United Kingdom,253,1,37.40,4,2,37.40,4.00,0
16163,United Kingdom,233,6,2407.98,676,59,401.33,112.67,505
16164,United Kingdom,18,3,822.48,433,27,274.16,144.33,25
16165,United Kingdom,506,1,79.90,2,1,79.90,2.00,0
16166,United Kingdom,429,2,435.83,173,18,217.91,86.50,263
16167,United Kingdom,415,5,1386.12,1494,51,277.22,298.80,324
16168,United Kingdom,11,66,10360.67,4975,131,156.98,75.38,726
16169,United Kingdom,9,4,1822.97,1325,71,455.74,331.25,67
16170,United Kingdom,51,20,6869.00,6056,254,343.45,302.80,609
16171,United Kingdom,60,1,73.20,24,3,73.20,24.00,0
16172,United Kingdom,96,8,1884.55,1419,81,235.57,177.38,418
16173,United Kingdom,16,6,1418.32,575,70,236.39,95.83,83
16174,United Kingdom,127,7,2246.75,1431,28,320.96,204.43,477
16175,United Kingdom,95,7,1836.44,932,59,262.35,133.14,469
16176,United Kingdom,422,4,2052.69,952,53,513.17,238.00,199
16177,United Kingdom,51,8,2247.31,1021,79,280.91,127.62,597
16178,United Kingdom,139,2,612.60,304,24,306.30,152.00,263
16179,United Kingdom,61,1,215.83,99,11,215.83,99.00,0
16180,United Kingdom,101,13,16249.87,9813,171,1249.99,754.85,434
16181,United Kingdom,74,1,305.54,152,11,305.54,152.00,0
16182,United Kingdom,73,9,9971.65,5887,20,1107.96,654.11,568
16183,United Kingdom,68,4,1077.81,351,32,269.45,87.75,340
16184,United Kingdom,65,6,1158.79,561,26,193.13,93.50,147
16185,United Kingdom,17,3,644.72,321,39,214.91,107.00,548
16186,United Kingdom,23,26,8718.43,6594,172,335.32,253.62,708
16187,United Kingdom,32,15,6911.44,5048,160,460.76,336.53,253
16188,United Kingdom,45,5,1087.66,838,72,217.53,167.60,364
16189,United Kingdom,16,2,215.48,134,9,107.74,67.00,70
16190,United Kingdom,41,8,2723.55,1231,89,340.44,153.88,685
16191,United Kingdom,3,24,15677.82,9348,113,653.24,389.50,726
16192,United Kingdom,736,1,351.30,208,11,351.30,208.00,0
16193,United Kingdom,237,2,630.43,379,38,315.21,189.50,174
16194,United Kingdom,376,1,308.60,140,8,308.60,140.00,0
16195,United Kingdom,724,1,323.25,123,16,323.25,123.00,0
16196,United Kingdom,489,1,93.30,26,4,93.30,26.00,0
16197,United Kingdom,470,9,2016.71,1420,52,224.08,157.78,254
16198,United Kingdom,76,2,1030.04,384,31,515.02,192.00,362
16199,United Kingdom,393,7,942.75,321,2,134.68,45.86,239
16200,United Kingdom,5,12,5608.10,3068,361,467.34,255.67,733
16201,United Kingdom,4,5,2112.12,1421,86,422.42,284.20,412
16202,United Kingdom,361,9,2501.99,1307,105,278.00,145.22,377
16203,United Kingdom,59,6,943.84,537,56,157.31,89.50,446
16204,United Kingdom,24,3,918.71,671,86,306.24,223.67,708
16205,United Kingdom,31,7,1820.11,1452,147,260.02,207.43,512
16206,United Kingdom,55,13,2589.87,1379,187,199.22,106.08,630
16207,United Kingdom,26,1,394.38,140,19,394.38,140.00,0
16208,United Kingdom,45,10,3440.45,1541,180,344.04,154.10,609
16209,United Kingdom,89,9,4146.78,1895,51,460.75,210.56,458
16210,United Kingdom,2,35,33750.97,12397,145,964.31,354.20,736
16211,United Kingdom,89,3,1090.59,519,35,363.53,173.00,350
16212,United Kingdom,20,4,1293.71,571,71,323.43,142.75,651
16213,United Kingdom,79,1,159.00,48,6,159.00,48.00,0
16214,United Kingdom,171,4,2038.25,1308,84,509.56,327.00,265
16215,United Kingdom,81,1,242.35,104,14,242.35,104.00,0
16216,United Kingdom,268,1,914.93,254,37,914.93,254.00,0
16217,United Kingdom,236,2,304.25,91,13,152.12,45.50,47
16218,United Kingdom,30,13,3968.67,2799,82,305.28,215.31,532
16219,United Kingdom,501,1,40.80,48,1,40.80,48.00,0
16221,United Kingdom,37,9,2019.92,1449,177,224.44,161.00,450
16222,United Kingdom,319,2,1272.05,463,133,636.02,231.50,403
16223,United Kingdom,375,2,1087.05,643,101,543.52,321.50,21
16224,United Kingdom,58,5,1616.54,1555,107,323.31,311.00,330
16225,United Kingdom,45,15,2859.31,1281,189,190.62,85.40,626
16226,United Kingdom,204,5,672.17,521,23,134.43,104.20,210
16227,United Kingdom,226,3,1027.22,436,28,342.41,145.33,310
16228,United Kingdom,386,3,885.71,555,45,295.24,185.00,15
16229,United Kingdom,88,6,2867.86,1292,144,477.98,215.33,477
16230,United Kingdom,190,2,542.03,365,32,271.01,182.50,31
16231,United Kingdom,380,4,1074.47,563,69,268.62,140.75,218
16232,United Kingdom,44,7,2712.97,1849,60,387.57,264.14,507
16233,United Kingdom,72,9,1818.31,677,49,202.03,75.22,666
16234,United Kingdom,477,3,333.18,170,13,111.06,56.67,85
16235,United Kingdom,41,9,2053.71,788,80,228.19,87.56,430
16236,United Kingdom,79,1,432.20,184,20,432.20,184.00,0
16237,United Kingdom,438,1,136.65,57,7,136.65,57.00,0
16238,United Kingdom,423,1,63.66,85,6,63.66,85.00,0
16239,United Kingdom,57,6,1492.20,692,24,248.70,115.33,407
16240,United Kingdom,25,2,3718.80,1641,126,1859.40,820.50,53
16241,United Kingdom,10,16,3992.86,2258,500,249.55,141.12,401
16242,United Kingdom,9,14,7404.65,3921,348,528.90,280.07,626
16243,United Kingdom,34,2,409.10,110,49,204.55,55.00,21
16244,United Kingdom,212,2,1522.75,855,88,761.38,427.50,161
16245,United Kingdom,24,3,1413.66,1014,80,471.22,338.00,233
16246,United Kingdom,460,2,821.35,336,79,410.68,168.00,210
16247,United Kingdom,171,1,114.56,182,16,114.56,182.00,0
16248,United Kingdom,62,1,152.94,78,7,152.94,78.00,0
16249,United Kingdom,53,5,1800.07,950,67,360.01,190.00,187
16250,United Kingdom,262,3,565.24,268,29,188.41,89.33,125
16251,United Kingdom,513,1,128.31,44,20,128.31,44.00,0
16252,United Kingdom,383,1,295.09,158,21,295.09,158.00,0
16253,United Kingdom,67,7,7272.20,6030,218,1038.89,861.43,665
16254,United Kingdom,379,3,967.44,543,65,322.48,181.00,254
16255,United Kingdom,17,15,4530.00,2876,231,302.00,191.73,668
16256,United Kingdom,267,3,1629.37,1590,27,543.12,530.00,331
16257,United Kingdom,177,1,46.95,2,2,46.95,2.00,0
16258,United Kingdom,46,15,11942.52,7200,253,796.17,480.00,594
16259,United Kingdom,411,3,340.94,143,75,113.65,47.67,195
16260,United Kingdom,51,1,1035.45,311,18,1035.45,311.00,0
16261,United Kingdom,18,6,1041.16,454,118,173.53,75.67,425
16262,United Kingdom,379,1,755.15,446,46,755.15,446.00,0
16263,United Kingdom,424,1,348.16,197,19,348.16,197.00,0
16264,United Kingdom,439,2,823.53,616,62,411.76,308.00,8
16265,United Kingdom,10,12,6935.17,3214,192,577.93,267.83,398
16266,United Kingdom,74,14,1757.95,791,73,125.57,56.50,600
16267,United Kingdom,592,1,186.66,198,7,186.66,198.00,0
16268,United Kingdom,72,2,667.65,533,45,333.82,266.50,0
16269,United Kingdom,438,1,717.57,579,53,717.57,579.00,0
16270,United Kingdom,354,1,1141.24,688,54,1141.24,688.00,0
16271,United Kingdom,3,10,3397.82,2359,176,339.78,235.90,640
16272,United Kingdom,117,1,411.70,224,25,411.70,224.00,0
16273,United Kingdom,649,2,318.34,40,15,159.17,20.00,8
16274,United Kingdom,374,1,351.75,153,64,351.75,153.00,0
16275,United Kingdom,197,3,2151.11,1268,105,717.04,422.67,445
16276,United Kingdom,177,3,2629.39,1467,20,876.46,489.00,431
16277,United Kingdom,734,1,188.69,33,23,188.69,33.00,0
16278,United Kingdom,101,3,1117.84,342,50,372.61,114.00,399
16279,United Kingdom,22,9,5698.28,3683,243,633.14,409.22,575
16280,United Kingdom,726,1,238.05,101,16,238.05,101.00,0
16281,United Kingdom,73,3,3424.02,1570,27,1141.34,523.33,610
16282,United Kingdom,340,3,1307.58,790,31,435.86,263.33,379
16283,United Kingdom,6,8,4350.32,2867,385,543.79,358.38,644
16284,United Kingdom,32,3,1018.48,674,108,339.49,224.67,362
16285,United Kingdom,647,1,176.90,60,31,176.90,60.00,0
16286,United Kingdom,478,2,328.95,101,17,164.47,50.50,146
16287,United Kingdom,170,5,1006.98,1426,18,201.40,285.20,520
16288,United Kingdom,471,1,129.85,19,7,129.85,19.00,0
16289,United Kingdom,463,1,136.31,97,21,136.31,97.00,0
16290,United Kingdom,465,4,1957.70,957,85,489.43,239.25,101
16291,Portugal,683,1,117.72,1,1,117.72,1.00,0
16292,United Kingdom,122,5,1253.76,688,51,250.75,137.60,483
16293,United Kingdom,22,15,4279.20,1833,168,285.28,122.20,707
16294,United Kingdom,477,1,126.05,54,8,126.05,54.00,0
16295,United Kingdom,10,4,1328.55,841,70,332.14,210.25,55
16296,United Kingdom,627,4,1313.67,645,56,328.42,161.25,95
16297,United Kingdom,269,1,301.90,206,20,301.90,206.00,0
16298,United Kingdom,23,7,1085.70,308,32,155.10,44.00,420
16299,United Kingdom,478,1,193.65,107,12,193.65,107.00,0
16300,United Kingdom,431,3,1367.32,643,190,455.77,214.33,245
16301,United Kingdom,737,1,107.33,41,6,107.33,41.00,0
16302,United Kingdom,127,1,233.22,158,11,233.22,158.00,0
16303,United Kingdom,26,7,7928.27,3859,156,1132.61,551.29,606
16304,United Kingdom,695,1,381.66,228,25,381.66,228.00,0
16305,United Kingdom,139,1,361.22,256,22,361.22,256.00,0
16306,United Kingdom,214,7,1124.72,712,55,160.67,101.71,221
16307,United Kingdom,430,3,1194.92,1123,69,398.31,374.33,148
16308,United Kingdom,38,7,5120.00,16000,1,731.43,2285.71,687
16309,United Kingdom,107,2,706.57,467,39,353.29,233.50,134
16310,United Kingdom,415,2,460.08,270,26,230.04,135.00,228
16311,United Kingdom,18,2,616.26,394,35,308.13,197.00,32
16312,United Kingdom,433,1,171.15,53,10,171.15,53.00,0
16313,United Kingdom,4,2,274.15,165,16,137.08,82.50,46
16314,United Kingdom,390,3,1491.40,636,58,497.13,212.00,83
16315,United Kingdom,331,2,402.71,143,21,201.35,71.50,206
16316,United Kingdom,65,13,5744.91,3057,193,441.92,235.15,429
16317,United Kingdom,120,5,2192.51,1236,103,438.50,247.20,465
16318,United Kingdom,36,1,328.15,199,19,328.15,199.00,0
16319,United Kingdom,218,1,404.40,72,3,404.40,72.00,0
16320,Unspecified,173,6,5628.99,3319,193,938.16,553.17,509
16321,Australia,73,7,604.55,259,15,86.36,37.00,666
16322,United Kingdom,2,2,326.75,231,28,163.38,115.50,35
16323,United Kingdom,197,2,353.66,146,4,176.83,73.00,381
16324,United Kingdom,129,3,408.59,270,100,136.20,90.00,49
16325,United Kingdom,47,12,3597.50,2464,104,299.79,205.33,689
16326,United Kingdom,6,24,4721.25,1083,243,196.72,45.12,675
16327,United Kingdom,15,16,10159.64,8124,289,634.98,507.75,711
16328,United Kingdom,564,1,310.83,141,16,310.83,141.00,0
16329,United Kingdom,428,4,1664.92,797,83,416.23,199.25,311
16330,United Kingdom,18,7,625.38,326,105,89.34,46.57,645
16331,United Kingdom,433,6,2037.70,756,33,339.62,126.00,210
16332,United Kingdom,29,11,2000.01,1128,158,181.82,102.55,561
16333,United Kingdom,8,22,26626.80,32184,9,1210.31,1462.91,302
16334,United Kingdom,493,1,263.73,206,54,263.73,206.00,0
16335,United Kingdom,552,7,2753.52,1004,193,393.36,143.43,184
16336,United Kingdom,421,4,3517.69,1473,64,879.42,368.25,211
16337,United Kingdom,37,1,151.05,87,10,151.05,87.00,0
16338,United Kingdom,158,1,214.80,94,11,214.80,94.00,0
16339,United Kingdom,285,1,94.05,21,17,94.05,21.00,0
16340,United Kingdom,108,3,1496.24,1319,277,498.75,439.67,444
16341,United Kingdom,25,7,3850.79,3022,103,550.11,431.71,585
16342,United Kingdom,76,4,322.41,157,10,80.60,39.25,104
16343,United Kingdom,17,3,614.12,345,54,204.71,115.00,391
16344,United Kingdom,159,4,842.42,706,43,210.60,176.50,510
16345,United Kingdom,45,2,1178.79,611,95,589.39,305.50,439
16346,United Kingdom,386,1,224.51,289,15,224.51,289.00,0
16347,United Kingdom,12,11,3442.96,1715,209,313.00,155.91,626
16348,United Kingdom,33,8,1744.42,1164,180,218.05,145.50,398
16349,United Kingdom,291,1,53.50,9,9,53.50,9.00,0
16350,United Kingdom,22,9,2253.89,1077,72,250.43,119.67,407
16351,United Kingdom,333,13,3330.03,2165,124,256.16,166.54,403
16352,United Kingdom,18,2,494.44,300,28,247.22,150.00,20
16353,United Kingdom,4,38,9795.46,3483,76,257.78,91.66,729
16354,United Kingdom,64,5,1119.46,592,116,223.89,118.40,528
16355,United Kingdom,376,1,416.35,179,47,416.35,179.00,0
16356,United Kingdom,198,6,415.87,190,27,69.31,31.67,354
16357,United Kingdom,34,4,868.37,389,43,217.09,97.25,348
16358,United Kingdom,2,5,2919.65,2065,118,583.93,413.00,393
16359,United Kingdom,8,16,2697.75,1764,78,168.61,110.25,654
16360,United Kingdom,5,6,3450.41,2110,365,575.07,351.67,84
16361,United Kingdom,10,4,891.21,418,87,222.80,104.50,62
16362,United Kingdom,33,6,922.16,467,67,153.69,77.83,405
16363,United Kingdom,54,1,109.36,52,5,109.36,52.00,0
16364,United Kingdom,12,2,705.79,279,48,352.89,139.50,126
16365,United Kingdom,18,15,3167.34,1034,97,211.16,68.93,711
16366,United Kingdom,19,4,1548.13,882,74,387.03,220.50,705
16367,United Kingdom,38,3,1350.48,1103,196,450.16,367.67,346
16368,United Kingdom,3,3,621.44,307,74,207.15,102.33,433
16369,United Kingdom,19,7,2656.56,1589,115,379.51,227.00,593
16370,United Kingdom,83,4,1301.91,640,143,325.48,160.00,143
16371,United Kingdom,449,1,157.20,108,11,157.20,108.00,0
16372,United Kingdom,34,5,1290.31,722,271,258.06,144.40,574
16373,United Kingdom,383,2,309.49,119,25,154.75,59.50,29
16374,United Kingdom,67,5,1723.40,771,276,344.68,154.20,522
16375,United Kingdom,471,2,104.00,74,11,52.00,37.00,0
16376,United Kingdom,9,2,974.96,691,104,487.48,345.50,9
16377,United Kingdom,268,2,1308.48,2928,6,654.24,1464.00,350
16378,United Kingdom,248,3,362.95,267,22,120.98,89.00,63
16379,United Kingdom,5,4,2157.40,1410,87,539.35,352.50,74
16380,United Kingdom,62,1,1743.15,1428,28,1743.15,1428.00,0
16381,United Kingdom,396,2,247.85,108,60,123.92,54.00,23
16382,United Kingdom,409,2,353.10,167,42,176.55,83.50,142
16383,United Kingdom,75,7,2896.69,1596,239,413.81,228.00,599
16384,United Kingdom,90,4,1358.95,861,80,339.74,215.25,501
16385,United Kingdom,61,5,881.35,476,94,176.27,95.20,571
16386,United Kingdom,29,3,1068.16,700,127,356.05,233.33,359
16387,United Kingdom,323,5,882.46,448,68,176.49,89.60,316
16388,United Kingdom,654,1,186.05,83,13,186.05,83.00,0
16389,United Kingdom,54,4,1382.07,1242,33,345.52,310.50,230
16390,United Kingdom,537,3,467.50,122,16,155.83,40.67,143
16391,United Kingdom,401,4,1052.26,715,261,263.06,178.75,161
16392,United Kingdom,270,3,756.70,604,125,252.23,201.33,292
16393,United Kingdom,3,23,5297.77,3001,313,230.34,130.48,736
16394,United Kingdom,57,5,1555.34,2604,61,311.07,520.80,233
16395,United Kingdom,61,14,3518.41,2901,416,251.31,207.21,673
16396,United Kingdom,477,1,137.80,80,8,137.80,80.00,0
16397,United Kingdom,629,1,123.13,43,9,123.13,43.00,0
16398,United Kingdom,155,2,1705.80,758,75,852.90,379.00,99
16399,United Kingdom,20,3,630.22,452,97,210.07,150.67,370
16400,United Kingdom,95,9,3059.85,2066,214,339.98,229.56,637
16401,United Kingdom,2,23,6849.15,6035,110,297.79,262.39,554
16402,United Kingdom,265,2,293.45,146,55,146.72,73.00,105
16403,United Kingdom,313,1,177.50,114,10,177.50,114.00,0
16404,United Kingdom,71,1,443.05,157,23,443.05,157.00,0
16405,United Kingdom,303,2,167.25,187,3,83.62,93.50,8
16406,United Kingdom,19,3,528.36,257,135,176.12,85.67,635
16407,United Kingdom,13,14,2761.65,1448,120,197.26,103.43,420
16408,United Kingdom,592,1,231.93,227,45,231.93,227.00,0
16409,United Kingdom,37,12,5652.74,3664,335,471.06,305.33,690
16410,United Kingdom,735,1,130.32,348,5,130.32,348.00,0
16411,United Kingdom,20,4,756.39,461,139,189.10,115.25,409
16412,United Kingdom,54,5,593.19,288,84,118.64,57.60,620
16413,United Kingdom,57,2,522.03,283,55,261.01,141.50,319
16414,United Kingdom,22,5,551.21,201,58,110.24,40.20,673
16415,United Kingdom,45,3,696.76,508,120,232.25,169.33,632
16416,United Kingdom,27,9,2957.88,2198,146,328.65,244.22,628
16417,United Kingdom,493,1,35.70,6,1,35.70,6.00,0
16418,United Kingdom,45,5,1028.74,564,121,205.75,112.80,378
16419,United Kingdom,113,8,1463.70,701,62,182.96,87.62,556
16420,United Kingdom,397,1,75.00,120,2,75.00,120.00,0
16421,United Kingdom,377,3,526.27,123,35,175.42,41.00,93
16422,United Kingdom,18,109,61920.87,64225,111,568.08,589.22,679
16423,United Kingdom,25,1,346.12,230,18,346.12,230.00,0
16424,United Kingdom,192,2,443.06,212,10,221.53,106.00,191
16425,United Kingdom,303,1,302.70,199,21,302.70,199.00,0
16426,United Kingdom,3,10,1863.76,1215,211,186.38,121.50,274
16427,United Kingdom,264,2,241.06,156,8,120.53,78.00,21
16428,United Kingdom,414,3,638.49,575,121,212.83,191.67,84
16429,United Kingdom,107,1,284.55,9,2,284.55,9.00,0
16430,United Kingdom,58,7,1117.94,307,19,159.71,43.86,624
16431,United Kingdom,214,3,623.28,442,51,207.76,147.33,84
16432,United Kingdom,65,1,287.40,276,8,287.40,276.00,0
16433,United Kingdom,29,2,384.52,214,33,192.26,107.00,380
16434,United Kingdom,30,12,2673.69,1310,126,222.81,109.17,662
16435,United Kingdom,513,3,1003.07,608,119,334.36,202.67,2
16436,United Kingdom,669,3,319.14,227,37,106.38,75.67,65
16437,United Kingdom,382,2,301.25,197,17,150.62,98.50,48
16438,United Kingdom,6,5,798.35,463,74,159.67,92.60,77
16439,United Kingdom,723,1,310.70,74,9,310.70,74.00,0
16440,United Kingdom,8,6,3856.97,2108,202,642.83,351.33,486
16441,United Kingdom,68,5,1019.13,478,67,203.83,95.60,560
16442,United Kingdom,2,5,891.98,580,226,178.40,116.00,725
16443,United Kingdom,521,1,162.24,96,1,162.24,96.00,0
16444,United Kingdom,47,17,3625.88,1945,217,213.29,114.41,579
16445,United Kingdom,34,4,583.16,287,143,145.79,71.75,378
16446,United Kingdom,1,2,168472.50,80997,3,84236.25,40498.50,205
16447,United Kingdom,136,3,727.10,315,59,242.37,105.00,525
16448,United Kingdom,199,2,361.12,176,45,180.56,88.00,273
16449,United Kingdom,198,2,707.69,367,40,353.85,183.50,83
16450,United Kingdom,150,3,1505.73,681,36,501.91,227.00,507
16451,United Kingdom,88,3,1013.15,524,61,337.72,174.67,648
16452,United Kingdom,631,2,332.17,199,14,166.09,99.50,63
16453,United Kingdom,531,2,251.71,139,15,125.86,69.50,18
16454,United Kingdom,45,4,30.95,9,4,7.74,2.25,567
16455,United Kingdom,64,11,3995.57,2851,111,363.23,259.18,556
16456,United Kingdom,100,13,6000.94,3296,226,461.61,253.54,521
16457,United Kingdom,219,1,208.36,140,9,208.36,140.00,0
16458,United Kingdom,3,30,5690.89,3395,91,189.70,113.17,560
16459,United Kingdom,730,1,71.79,59,5,71.79,59.00,0
16460,United Kingdom,29,3,811.23,876,128,270.41,292.00,53
16461,United Kingdom,178,3,1545.83,933,223,515.28,311.00,469
16462,United Kingdom,74,3,136.00,16,1,45.33,5.33,210
16463,United Kingdom,22,4,1422.40,1163,74,355.60,290.75,183
16464,United Kingdom,20,3,1298.66,952,152,432.89,317.33,123
16465,United Kingdom,421,2,746.24,504,45,373.12,252.00,24
16466,United Kingdom,34,15,3767.09,1777,207,251.14,118.47,609
16467,United Kingdom,509,7,2869.16,7384,14,409.88,1054.86,229
16468,United Kingdom,75,3,787.52,371,38,262.51,123.67,407
16469,United Kingdom,24,5,803.90,332,167,160.78,66.40,491
16470,United Kingdom,52,11,2416.85,1335,286,219.71,121.36,677
16471,United Kingdom,275,4,1189.98,670,48,297.50,167.50,378
16472,United Kingdom,435,2,789.60,252,39,394.80,126.00,163
16473,United Kingdom,165,4,470.83,296,26,117.71,74.00,210
16474,United Kingdom,8,7,1810.65,909,237,258.66,129.86,138
16475,United Kingdom,89,4,544.30,319,23,136.07,79.75,185
16476,United Kingdom,432,1,350.35,187,24,350.35,187.00,0
16477,United Kingdom,64,11,4094.37,2507,177,372.22,227.91,421
16478,United Kingdom,26,3,331.00,224,15,110.33,74.67,40
16479,United Kingdom,11,2,300.83,102,35,150.41,51.00,0
16480,United Kingdom,76,1,769.29,455,51,769.29,455.00,0
16481,United Kingdom,683,1,453.38,201,16,453.38,201.00,0
16482,United Kingdom,16,1,220.62,346,18,220.62,346.00,0
16483,United Kingdom,193,1,139.35,44,19,139.35,44.00,0
16484,United Kingdom,174,2,404.30,200,25,202.15,100.00,17
16485,United Kingdom,78,5,2287.19,1153,126,457.44,230.60,656
16486,United Kingdom,538,1,134.36,24,7,134.36,24.00,0
16487,United Kingdom,578,2,209.40,163,28,104.70,81.50,82
16488,United Kingdom,34,3,498.80,728,28,166.27,242.67,115
16489,United Kingdom,381,2,303.70,38,4,151.85,19.00,56
16490,United Kingdom,437,1,205.41,113,13,205.41,113.00,0
16491,United Kingdom,47,2,1533.16,1060,86,766.58,530.00,367
16492,United Kingdom,541,1,385.56,235,23,385.56,235.00,0
16493,United Kingdom,80,7,2132.09,1988,77,304.58,284.00,544
16494,United Kingdom,297,1,826.53,675,47,826.53,675.00,0
16495,United Kingdom,4,3,648.26,328,78,216.09,109.33,273
16496,United Kingdom,9,6,2330.77,1764,120,388.46,294.00,501
16497,United Kingdom,50,23,6695.28,3050,239,291.10,132.61,687
16498,United Kingdom,162,2,100.97,45,15,50.48,22.50,1
16499,United Kingdom,361,8,2578.34,1364,104,322.29,170.50,186
16500,United Kingdom,5,9,843.91,386,24,93.77,42.89,539
16501,United Kingdom,384,1,1191.23,628,181,1191.23,628.00,0
16502,United Kingdom,621,2,258.55,220,41,129.28,110.00,0
16503,United Kingdom,107,11,3614.34,1535,161,328.58,139.55,430
16504,United Kingdom,26,1,465.88,510,76,465.88,510.00,0
16505,United Kingdom,32,1,777.60,576,4,777.60,576.00,0
16506,United Kingdom,20,2,90.30,42,3,45.15,21.00,21
16507,United Kingdom,573,1,142.71,111,37,142.71,111.00,0
16508,United Kingdom,631,1,240.95,103,42,240.95,103.00,0
16509,United Kingdom,297,1,363.70,64,13,363.70,64.00,0
16510,United Kingdom,373,6,1777.50,930,94,296.25,155.00,319
16511,United Kingdom,22,6,1760.49,769,235,293.42,128.17,627
16513,United Kingdom,5,4,874.59,407,33,218.65,101.75,39
16515,United Kingdom,53,10,3179.06,1573,184,317.91,157.30,488
16516,United Kingdom,31,1,101.70,58,6,101.70,58.00,0
16517,United Kingdom,278,1,162.70,96,17,162.70,96.00,0
16518,United Kingdom,62,4,959.37,524,61,239.84,131.00,495
16519,United Kingdom,26,4,439.06,150,32,109.77,37.50,623
16520,United Kingdom,187,6,2148.38,1045,251,358.06,174.17,461
16521,United Kingdom,416,3,1140.11,1014,212,380.04,338.00,233
16522,United Kingdom,436,2,433.36,212,16,216.68,106.00,15
16523,United Kingdom,2,28,11916.33,4979,180,425.58,177.82,683
16524,United Kingdom,447,2,306.19,259,50,153.09,129.50,245
16525,United Kingdom,3,48,24151.30,14430,115,503.15,300.62,735
16526,United Kingdom,172,2,717.21,279,30,358.61,139.50,413
16527,United Kingdom,82,2,1232.94,708,66,616.47,354.00,343
16528,United Kingdom,4,1,244.41,171,17,244.41,171.00,0
16529,United Kingdom,191,4,1986.80,739,87,496.70,184.75,340
16530,United Kingdom,669,1,48.35,17,3,48.35,17.00,0
16531,United Kingdom,23,11,2298.33,1863,109,208.94,169.36,419
16532,United Kingdom,18,5,8756.64,2544,2,1751.33,508.80,603
16533,United Kingdom,20,3,1082.81,611,112,360.94,203.67,49
16534,United Kingdom,643,1,635.90,168,36,635.90,168.00,0
16535,United Kingdom,6,3,972.04,664,67,324.01,221.33,675
16536,United Kingdom,111,1,548.12,250,49,548.12,250.00,0
16537,United Kingdom,642,1,23.35,59,3,23.35,59.00,0
16538,United Kingdom,542,3,395.07,254,35,131.69,84.67,54
16539,United Kingdom,3,10,3289.66,1014,83,328.97,101.40,530
16540,United Kingdom,415,1,205.75,105,25,205.75,105.00,0
16541,United Kingdom,736,1,424.03,173,38,424.03,173.00,0
16542,United Kingdom,54,2,257.32,142,13,128.66,71.00,348
16543,United Kingdom,592,1,292.21,317,18,292.21,317.00,0
16544,United Kingdom,520,4,376.70,150,8,94.18,37.50,143
16545,United Kingdom,165,2,689.82,322,6,344.91,161.00,211
16546,United Kingdom,291,5,5307.07,4211,75,1061.41,842.20,152
16547,United Kingdom,547,1,104.26,108,25,104.26,108.00,0
16548,United Kingdom,600,1,30.15,6,6,30.15,6.00,0
16549,United Kingdom,11,34,12781.80,7087,836,375.94,208.44,611
16550,United Kingdom,109,18,8813.58,5405,274,489.64,300.28,629
16551,United Kingdom,96,7,2237.12,2076,67,319.59,296.57,631
16552,United Kingdom,243,2,379.73,219,17,189.87,109.50,131
16553,United Kingdom,164,33,16584.01,16427,195,502.55,497.79,503
16554,United Kingdom,43,8,2841.72,1346,108,355.21,168.25,682
16555,United Kingdom,36,6,1915.68,1816,59,319.28,302.67,470
16556,United Kingdom,67,17,8012.58,4353,280,471.33,256.06,666
16557,United Kingdom,25,2,281.85,111,11,140.93,55.50,113
16558,United Kingdom,1,38,13304.11,7813,383,350.11,205.61,736
16559,United Kingdom,398,1,175.00,61,17,175.00,61.00,0
16560,United Kingdom,27,8,3048.38,1603,140,381.05,200.38,705
16561,United Kingdom,6,2,511.12,244,29,255.56,122.00,54
16562,United Kingdom,477,1,223.86,264,34,223.86,264.00,0
16563,United Kingdom,54,6,4412.56,2584,55,735.43,430.67,685
16564,United Kingdom,570,1,87.80,40,5,87.80,40.00,0
16565,United Kingdom,365,4,773.05,211,7,193.26,52.75,191
16566,United Kingdom,16,5,614.66,362,14,122.93,72.40,277
16567,United Kingdom,195,2,865.60,996,34,432.80,498.00,142
16568,United Kingdom,428,2,1020.90,366,5,510.45,183.00,214
16569,United Kingdom,4,5,1455.23,988,27,291.05,197.60,720
16570,United Kingdom,16,20,7434.31,4292,114,371.72,214.60,604
16571,United Kingdom,27,10,4248.74,3703,151,424.87,370.30,605
16572,United Kingdom,128,3,1009.60,532,40,336.53,177.33,148
16573,United Kingdom,85,2,663.61,360,40,331.81,180.00,206
16574,United Kingdom,72,3,1301.78,1002,86,433.93,334.00,587
16576,United Kingdom,421,2,540.87,323,32,270.44,161.50,101
16577,United Kingdom,667,1,380.00,142,23,380.00,142.00,0
16578,United Kingdom,627,1,156.60,108,9,156.60,108.00,0
16579,United Kingdom,426,1,295.05,119,14,295.05,119.00,0
16581,United Kingdom,183,1,105.84,134,9,105.84,134.00,0
16582,United Kingdom,114,1,313.62,164,6,313.62,164.00,0
16583,United Kingdom,374,2,297.95,153,18,148.97,76.50,300
16584,United Kingdom,81,5,3156.17,1913,61,631.23,382.60,581
16585,United Kingdom,594,2,341.59,151,16,170.79,75.50,102
16586,United Kingdom,249,3,1462.78,348,27,487.59,116.00,387
16587,United Kingdom,233,1,225.15,71,13,225.15,71.00,0
16588,United Kingdom,387,4,1361.28,882,64,340.32,220.50,188
16589,United Kingdom,72,4,612.36,536,39,153.09,134.00,379
16590,United Kingdom,401,2,605.90,240,26,302.95,120.00,14
16591,United Kingdom,69,1,213.50,41,10,213.50,41.00,0
16592,United Kingdom,5,28,7807.91,5504,221,278.85,196.57,717
16593,United Kingdom,51,8,1071.14,377,57,133.89,47.12,684
16594,United Kingdom,76,1,181.09,64,53,181.09,64.00,0
16595,United Kingdom,62,5,1757.75,1331,337,351.55,266.20,630
16596,United Kingdom,16,4,458.98,180,23,114.75,45.00,714
16597,United Kingdom,5,1,90.04,184,7,90.04,184.00,0
16598,United Kingdom,286,1,145.05,73,10,145.05,73.00,0
16599,United Kingdom,386,1,172.80,159,12,172.80,159.00,0
16600,United Kingdom,5,13,2153.41,2420,106,165.65,186.15,717
16601,United Kingdom,41,3,677.00,391,60,225.67,130.33,583
16602,United Kingdom,37,2,763.33,429,37,381.67,214.50,352
16603,United Kingdom,75,2,482.47,480,34,241.24,240.00,17
16604,United Kingdom,563,2,432.45,175,10,216.22,87.50,6
16605,United Kingdom,725,1,60.48,144,1,60.48,144.00,0
16606,United Kingdom,405,2,357.66,148,16,178.83,74.00,30
16607,United Kingdom,18,25,5706.87,4436,212,228.27,177.44,572
16608,United Kingdom,454,2,1286.62,612,94,643.31,306.00,210
16609,United Kingdom,16,7,5493.46,2420,155,784.78,345.71,237
16610,United Kingdom,220,1,75.66,66,6,75.66,66.00,0
16611,United Kingdom,187,6,1785.13,874,86,297.52,145.67,453
16612,United Kingdom,33,9,3245.43,1419,105,360.60,157.67,704
16613,United Kingdom,71,1,618.59,293,30,618.59,293.00,0
16614,United Kingdom,183,3,1179.79,349,37,393.26,116.33,396
16615,United Kingdom,627,1,291.50,211,19,291.50,211.00,0
16616,United Kingdom,16,2,500.42,370,31,250.21,185.00,142
16617,United Kingdom,236,1,151.85,91,5,151.85,91.00,0
16618,United Kingdom,32,5,2647.59,1363,79,529.52,272.60,291
16619,United Kingdom,264,4,1938.33,1055,103,484.58,263.75,392
16620,United Kingdom,4,6,1758.93,1146,78,293.16,191.00,735
16621,United Kingdom,52,4,813.48,302,22,203.37,75.50,226
16622,United Kingdom,544,1,225.40,44,12,225.40,44.00,0
16623,United Kingdom,246,4,1015.24,442,44,253.81,110.50,347
16624,United Kingdom,81,2,810.57,488,44,405.28,244.00,117
16625,United Kingdom,275,5,1654.03,1057,82,330.81,211.40,269
16626,United Kingdom,1,17,4413.10,2690,86,259.59,158.24,266
16627,United Kingdom,80,1,322.80,162,20,322.80,162.00,0
16628,United Kingdom,30,7,2318.10,1260,84,331.16,180.00,612
16629,United Kingdom,74,2,408.63,489,58,204.31,244.50,23
16630,United Kingdom,408,1,106.80,72,4,106.80,72.00,0
16631,United Kingdom,482,7,1892.52,775,46,270.36,110.71,170
16632,United Kingdom,486,2,406.40,256,22,203.20,128.00,96
16633,United Kingdom,18,6,2883.10,1138,115,480.52,189.67,217
16634,United Kingdom,223,6,1649.81,1257,72,274.97,209.50,465
16635,United Kingdom,407,1,473.00,277,25,473.00,277.00,0
16636,United Kingdom,439,4,3802.04,2186,62,950.51,546.50,208
16637,United Kingdom,33,4,1154.47,927,66,288.62,231.75,193
16638,United Kingdom,23,15,2380.13,1627,130,158.68,108.47,456
16639,United Kingdom,32,4,1747.98,751,76,437.00,187.75,378
16640,United Kingdom,398,1,179.40,146,13,179.40,146.00,0
16641,United Kingdom,106,2,554.50,454,36,277.25,227.00,596
16642,United Kingdom,5,3,1077.45,775,50,359.15,258.33,411
16643,United Kingdom,246,2,923.11,553,48,461.56,276.50,177
16644,United Kingdom,178,2,833.78,826,62,416.89,413.00,35
16645,United Kingdom,736,1,160.39,117,14,160.39,117.00,0
16646,United Kingdom,450,1,678.80,1072,29,678.80,1072.00,0
16647,United Kingdom,170,4,541.90,396,28,135.47,99.00,375
16648,United Kingdom,43,3,672.80,503,37,224.27,167.67,548
16649,United Kingdom,521,1,306.58,82,20,306.58,82.00,0
16650,United Kingdom,72,7,1916.11,1511,71,273.73,215.86,448
16651,United Kingdom,587,1,136.20,60,6,136.20,60.00,0
16652,United Kingdom,59,16,17550.39,7477,124,1096.90,467.31,574
16653,United Kingdom,17,2,1212.66,733,67,606.33,366.50,55
16654,United Kingdom,142,8,1484.07,640,64,185.51,80.00,471
16655,United Kingdom,18,13,6423.26,3938,408,494.10,302.92,660
16656,United Kingdom,23,30,16833.17,15433,22,561.11,514.43,713
16657,United Kingdom,10,4,874.43,1130,158,218.61,282.50,245
16658,United Kingdom,369,6,690.83,277,49,115.14,46.17,251
16659,United Kingdom,190,1,39.12,72,2,39.12,72.00,0
16660,United Kingdom,17,7,1879.55,991,20,268.51,141.57,678
16661,United Kingdom,541,4,932.76,364,50,233.19,91.00,182
16662,United Kingdom,395,1,151.05,35,28,151.05,35.00,0
16663,United Kingdom,730,1,165.00,100,1,165.00,100.00,0
16664,United Kingdom,570,1,109.20,24,8,109.20,24.00,0
16665,United Kingdom,363,1,135.40,59,9,135.40,59.00,0
16666,United Kingdom,20,2,217.71,354,42,108.86,177.00,602
16667,United Kingdom,69,2,567.18,236,52,283.59,118.00,216
16668,United Kingdom,16,13,862.42,773,28,66.34,59.46,616
16669,United Kingdom,24,3,1348.88,881,141,449.63,293.67,55
16670,United Kingdom,17,20,8030.15,4534,258,401.51,226.70,713
16671,United Kingdom,29,3,1692.27,875,3,564.09,291.67,136
16672,United Kingdom,3,20,8134.94,2832,22,406.75,141.60,264
16673,United Kingdom,680,1,171.13,95,19,171.13,95.00,0
16674,United Kingdom,55,2,304.24,181,89,152.12,90.50,44
16675,United Kingdom,442,2,608.86,296,21,304.43,148.00,37
16676,United Kingdom,34,6,2361.90,927,106,393.65,154.50,385
16677,United Kingdom,412,2,880.62,457,45,440.31,228.50,241
16678,United Kingdom,3,12,3109.99,2397,92,259.17,199.75,280
16679,United Kingdom,367,3,663.31,247,15,221.10,82.33,181
16680,United Kingdom,44,3,821.45,377,24,273.82,125.67,491
16681,United Kingdom,73,7,1921.84,1492,22,274.55,213.14,569
16682,United Kingdom,5,5,1028.00,1040,15,205.60,208.00,183
16683,United Kingdom,534,1,320.25,190,18,320.25,190.00,0
16684,United Kingdom,5,55,147142.77,104810,184,2675.32,1905.64,728
16685,United Kingdom,62,2,324.24,396,60,162.12,198.00,0
16686,United Kingdom,48,16,4881.07,3419,549,305.07,213.69,686
16687,United Kingdom,391,1,157.63,141,8,157.63,141.00,0
16688,United Kingdom,2,4,1260.86,804,52,315.21,201.00,59
16689,United Kingdom,76,2,422.60,330,12,211.30,165.00,7
16690,United Kingdom,73,4,353.03,209,12,88.26,52.25,379
16691,United Kingdom,419,2,178.83,92,11,89.42,46.00,143
16692,United Kingdom,257,4,1914.70,878,3,478.67,219.50,185
16693,United Kingdom,69,5,1179.48,658,149,235.90,131.60,588
16694,United Kingdom,724,1,98.30,26,3,98.30,26.00,0
16695,United Kingdom,562,2,191.90,184,30,95.95,92.00,0
16696,United Kingdom,136,4,657.90,146,7,164.48,36.50,113
16697,United Kingdom,242,1,112.75,27,20,112.75,27.00,0
16698,United Kingdom,227,2,1998.00,840,4,999.00,420.00,27
16699,United Kingdom,381,7,994.60,640,51,142.09,91.43,355
16700,United Kingdom,9,25,8830.77,6644,263,353.23,265.76,729
16701,United Kingdom,9,26,9916.73,11046,154,381.41,424.85,730
16702,United Kingdom,416,4,1110.83,692,84,277.71,173.00,317
16704,United Kingdom,619,2,664.16,433,50,332.08,216.50,54
16705,United Kingdom,1,42,43515.05,22302,400,1036.07,531.00,730
16706,United Kingdom,38,3,531.35,249,108,177.12,83.00,77
16707,United Kingdom,401,4,533.41,396,64,133.35,99.00,240
16708,United Kingdom,46,1,656.63,285,27,656.63,285.00,0
16709,United Kingdom,85,14,9056.01,3261,220,646.86,232.93,646
16710,United Kingdom,20,22,5921.35,4174,541,269.15,189.73,716
16711,United Kingdom,4,9,2868.48,1212,26,318.72,134.67,734
16712,United Kingdom,10,13,4232.87,2074,301,325.61,159.54,392
16713,United Kingdom,19,32,14115.56,8482,541,441.11,265.06,706
16714,United Kingdom,219,4,1497.33,828,95,374.33,207.00,452
16715,United Kingdom,79,2,625.52,1174,27,312.76,587.00,484
16716,United Kingdom,267,3,2149.68,912,7,716.56,304.00,364
16717,United Kingdom,24,14,6663.68,3145,274,475.98,224.64,709
16718,United Kingdom,370,5,3006.08,1924,123,601.22,384.80,364
16719,United Kingdom,15,14,3513.62,2356,204,250.97,168.29,712
16720,United Kingdom,27,3,758.74,460,130,252.91,153.33,696
16721,United Kingdom,263,1,292.47,172,37,292.47,172.00,0
16722,United Kingdom,18,22,8189.56,7986,145,372.25,363.00,719
16723,United Kingdom,92,4,1231.36,958,108,307.84,239.50,644
16724,United Kingdom,405,1,147.35,69,17,147.35,69.00,0
16725,United Kingdom,303,14,1688.26,700,242,120.59,50.00,424
16726,United Kingdom,27,7,2063.88,1323,150,294.84,189.00,385
16727,United Kingdom,365,4,1377.77,1066,158,344.44,266.50,324
16728,United Kingdom,47,4,1048.28,671,218,262.07,167.75,218
16729,United Kingdom,39,21,7205.33,5722,234,343.11,272.48,203
16730,United Kingdom,53,3,743.11,994,75,247.70,331.33,267
16731,United Kingdom,649,1,170.30,124,40,170.30,124.00,0
16732,United Kingdom,32,4,4387.64,2414,199,1096.91,603.50,700
16733,United Kingdom,530,1,259.68,112,12,259.68,112.00,0
16734,United Kingdom,53,3,646.76,345,44,215.59,115.00,62
16735,United Kingdom,79,14,6217.41,4240,178,444.10,302.86,653
16736,United Kingdom,506,5,2956.56,1050,116,591.31,210.00,231
16737,United Kingdom,54,2,835.20,576,1,417.60,288.00,524
16738,United Kingdom,298,1,3.75,3,1,3.75,3.00,0
16739,United Kingdom,177,2,786.43,391,33,393.21,195.50,360
16740,United Kingdom,396,1,226.91,110,30,226.91,110.00,0
16741,United Kingdom,626,1,173.06,81,11,173.06,81.00,0
16742,United Kingdom,47,14,2799.87,2558,51,199.99,182.71,677
16743,United Kingdom,30,14,4212.15,3707,118,300.87,264.79,567
16744,United Kingdom,12,7,1291.91,798,198,184.56,114.00,162
16745,United Kingdom,87,17,7180.70,6719,148,422.39,395.24,225
16746,United Kingdom,5,42,18046.75,11900,390,429.68,283.33,731
16747,United Kingdom,38,2,836.06,583,34,418.03,291.50,30
16748,United Kingdom,18,14,3637.33,2127,55,259.81,151.93,712
16749,United Kingdom,592,2,4157.88,1910,53,2078.94,955.00,133
16750,United Kingdom,45,5,623.93,214,74,124.79,42.80,188
16751,United Kingdom,31,1,1764.72,1031,24,1764.72,1031.00,0
16752,United Kingdom,373,1,207.50,54,9,207.50,54.00,0
16753,United Kingdom,59,1,223.92,189,34,223.92,189.00,0
16754,United Kingdom,373,29,65500.07,63551,38,2258.62,2191.41,269
16755,United Kingdom,115,7,2864.68,1985,219,409.24,283.57,616
16756,United Kingdom,215,7,1312.37,707,64,187.48,101.00,426
16757,United Kingdom,319,2,270.48,180,13,135.24,90.00,91
16758,United Kingdom,66,1,369.34,203,22,369.34,203.00,0
16759,United Kingdom,8,3,789.79,609,40,263.26,203.00,23
16760,United Kingdom,431,1,228.00,168,17,228.00,168.00,0
16761,United Kingdom,97,1,316.62,341,13,316.62,341.00,0
16762,United Kingdom,20,3,1207.24,480,51,402.41,160.00,125
16763,United Kingdom,199,2,964.70,492,44,482.35,246.00,540
16764,United Kingdom,4,13,2790.95,1253,209,214.69,96.38,140
16765,United Kingdom,295,2,454.75,311,52,227.38,155.50,88
16766,United Kingdom,274,2,1145.60,536,17,572.80,268.00,0
16767,United Kingdom,31,15,8056.76,7102,209,537.12,473.47,560
16768,United Kingdom,48,9,1698.57,774,108,188.73,86.00,685
16769,United Kingdom,261,4,1117.05,295,76,279.26,73.75,465
16770,United Kingdom,58,9,1778.93,1052,202,197.66,116.89,417
16771,United Kingdom,34,10,3949.60,2308,303,394.96,230.80,697
16772,United Kingdom,424,3,3698.05,687,54,1232.68,229.00,298
16773,United Kingdom,58,3,421.24,252,53,140.41,84.00,676
16774,United Kingdom,68,8,1567.48,774,89,195.94,96.75,594
16775,United Kingdom,11,16,2820.84,957,132,176.30,59.81,432
16776,United Kingdom,61,2,592.51,435,105,296.25,217.50,355
16777,United Kingdom,81,5,1292.18,470,125,258.44,94.00,552
16778,United Kingdom,75,2,245.94,194,16,122.97,97.00,200
16779,United Kingdom,3,53,32809.03,19411,293,619.04,366.25,734
16780,United Kingdom,101,3,596.40,352,73,198.80,117.33,307
16781,United Kingdom,373,2,623.00,192,36,311.50,96.00,297
16782,United Kingdom,11,38,9636.12,4027,575,253.58,105.97,720
16783,United Kingdom,437,1,391.95,163,25,391.95,163.00,0
16784,United Kingdom,20,5,892.33,494,138,178.47,98.80,602
16785,United Kingdom,410,1,533.78,313,35,533.78,313.00,0
16786,United Kingdom,394,1,51.84,72,1,51.84,72.00,0
16787,United Kingdom,398,4,1017.53,472,102,254.38,118.00,301
16788,United Kingdom,124,5,1928.93,965,348,385.79,193.00,547
16789,United Kingdom,9,1,80.80,32,5,80.80,32.00,0
16790,United Kingdom,4,6,1545.62,898,88,257.60,149.67,34
16791,United Kingdom,30,15,3957.63,1854,393,263.84,123.60,707
16792,United Kingdom,283,5,623.46,324,90,124.69,64.80,422
16793,United Kingdom,58,1,243.84,146,16,243.84,146.00,0
16794,United Kingdom,2,15,2052.70,1576,245,136.85,105.07,623
16795,United Kingdom,366,3,2062.41,1214,306,687.47,404.67,318
16796,United Kingdom,90,1,305.62,186,18,305.62,186.00,0
16797,United Kingdom,394,5,1802.02,898,289,360.40,179.60,344
16798,United Kingdom,555,3,841.16,205,141,280.39,68.33,175
16799,United Kingdom,433,2,452.78,162,81,226.39,81.00,21
16800,United Kingdom,12,1,1162.65,524,148,1162.65,524.00,0
16801,United Kingdom,164,4,1594.23,493,72,398.56,123.25,110
16802,United Kingdom,680,2,582.61,369,48,291.31,184.50,51
16803,United Kingdom,66,1,332.30,245,24,332.30,245.00,0
16804,United Kingdom,24,3,536.99,246,59,179.00,82.00,247
16805,United Kingdom,174,5,1091.34,1120,213,218.27,224.00,558
16806,United Kingdom,104,4,762.16,356,68,190.54,89.00,136
16807,United Kingdom,143,6,2123.88,1433,107,353.98,238.83,481
16808,United Kingdom,100,2,288.42,196,21,144.21,98.00,175
16809,United Kingdom,24,9,1727.43,1093,113,191.94,121.44,582
16810,United Kingdom,193,2,842.04,372,34,421.02,186.00,228
16811,United Kingdom,5,2,547.07,477,26,273.54,238.50,13
16812,United Kingdom,361,4,2392.00,1116,98,598.00,279.00,22
16813,United Kingdom,9,10,1652.18,1501,248,165.22,150.10,196
16814,United Kingdom,15,36,11924.85,4844,247,331.25,134.56,593
16815,United Kingdom,454,2,406.02,237,66,203.01,118.50,83
16816,United Kingdom,104,4,417.06,274,28,104.27,68.50,255
16817,United Kingdom,3,13,2560.70,1401,107,196.98,107.77,429
16818,United Kingdom,11,11,3349.57,2164,172,304.51,196.73,195
16819,United Kingdom,466,2,182.59,253,17,91.30,126.50,0
16820,United Kingdom,96,1,497.61,307,26,497.61,307.00,0
16821,United Kingdom,382,1,113.35,13,7,113.35,13.00,0
16822,United Kingdom,687,1,181.39,171,11,181.39,171.00,0
16823,United Kingdom,228,7,2243.09,1166,149,320.44,166.57,510
16824,United Kingdom,16,3,686.24,390,34,228.75,130.00,378
16825,United Kingdom,39,5,1826.89,1297,48,365.38,259.40,496
16826,United Kingdom,52,1,341.70,158,22,341.70,158.00,0
16827,United Kingdom,394,5,392.13,125,10,78.43,25.00,196
16828,United Kingdom,94,2,128.50,59,8,64.25,29.50,19
16829,United Kingdom,157,2,513.32,215,25,256.66,107.50,232
16830,United Kingdom,39,4,1207.50,699,65,301.88,174.75,688
16831,United Kingdom,565,1,91.80,48,6,91.80,48.00,0
16832,United Kingdom,185,5,417.61,179,19,83.52,35.80,274
16833,United Kingdom,2,6,2409.04,878,87,401.51,146.33,622
16834,United Kingdom,228,2,898.96,760,43,449.48,380.00,447
16835,United Kingdom,129,6,1456.66,496,58,242.78,82.67,441
16836,United Kingdom,40,4,782.37,539,42,195.59,134.75,535
16837,United Kingdom,32,11,3170.98,1563,123,288.27,142.09,214
16838,United Kingdom,198,4,1159.61,509,53,289.90,127.25,466
16839,United Kingdom,9,44,21758.25,11295,132,494.51,256.70,658
16840,United Kingdom,604,2,139.85,117,9,69.92,58.50,71
16841,United Kingdom,37,12,4006.06,3478,187,333.84,289.83,660
16842,United Kingdom,101,3,1264.19,693,45,421.40,231.00,202
16843,United Kingdom,43,35,19571.43,18502,317,559.18,528.63,687
16844,United Kingdom,563,2,614.34,281,26,307.17,140.50,20
16845,United Kingdom,619,1,253.88,167,20,253.88,167.00,0
16846,United Kingdom,51,3,842.41,517,47,280.80,172.33,589
16847,United Kingdom,44,2,614.89,255,37,307.44,127.50,575
16848,United Kingdom,53,4,1411.62,780,75,352.90,195.00,380
16849,United Kingdom,187,1,124.57,33,8,124.57,33.00,0
16850,United Kingdom,334,1,332.41,249,19,332.41,249.00,0
16851,United Kingdom,5,3,342.45,271,17,114.15,90.33,47
16852,United Kingdom,11,2,144.91,56,9,72.46,28.00,166
16854,United Kingdom,418,2,1408.96,997,72,704.48,498.50,223
16855,United Kingdom,24,2,328.40,164,19,164.20,82.00,20
16856,United Kingdom,15,3,358.49,171,16,119.50,57.00,428
16857,United Kingdom,443,1,352.80,168,11,352.80,168.00,0
16858,United Kingdom,369,10,4292.59,1423,75,429.26,142.30,356
16859,United Kingdom,145,7,1932.41,1899,87,276.06,271.29,501
16860,United Kingdom,453,3,1610.62,625,35,536.87,208.33,210
16861,United Kingdom,60,5,946.59,616,39,189.32,123.20,449
16862,United Kingdom,548,4,662.33,513,34,165.58,128.25,154
16863,United Kingdom,32,3,834.27,640,43,278.09,213.33,378
16864,United Kingdom,435,2,409.25,283,17,204.62,141.50,164
16865,United Kingdom,402,1,130.95,157,15,130.95,157.00,0
16866,United Kingdom,141,3,207.74,60,10,69.25,20.00,21
16867,United Kingdom,690,1,76.74,58,6,76.74,58.00,0
16868,United Kingdom,395,3,384.56,112,47,128.19,37.33,199
16869,United Kingdom,23,4,817.12,583,113,204.28,145.75,153
16870,United Kingdom,470,1,450.16,278,28,450.16,278.00,0
16871,United Kingdom,23,6,2812.34,1253,131,468.72,208.83,248
16872,United Kingdom,78,6,1213.13,1079,12,202.19,179.83,386
16873,United Kingdom,5,12,14617.39,8601,252,1218.12,716.75,664
16874,United Kingdom,380,1,209.89,78,31,209.89,78.00,0
16875,United Kingdom,68,11,4234.53,2099,161,384.96,190.82,636
16876,United Kingdom,404,1,136.01,181,32,136.01,181.00,0
16877,United Kingdom,13,6,846.62,458,111,141.10,76.33,196
16878,United Kingdom,85,1,13.30,12,3,13.30,12.00,0
16880,United Kingdom,31,8,1813.21,904,130,226.65,113.00,463
16881,United Kingdom,67,1,432.00,600,1,432.00,600.00,0
16882,United Kingdom,67,3,705.12,424,39,235.04,141.33,251
16883,United Kingdom,188,19,2246.06,1016,159,118.21,53.47,548
16884,United Kingdom,38,4,1070.97,520,64,267.74,130.00,533
16885,United Kingdom,16,4,684.60,358,121,171.15,89.50,370
16886,United Kingdom,457,1,134.00,48,8,134.00,48.00,0
16887,United Kingdom,36,3,658.17,423,94,219.39,141.00,703
16888,United Kingdom,401,3,434.20,145,44,144.73,48.33,301
16889,United Kingdom,195,6,2526.65,1611,163,421.11,268.50,371
16890,United Kingdom,477,3,285.41,243,17,95.14,81.00,106
16891,United Kingdom,2,11,1727.94,652,335,157.09,59.27,734
16892,United Kingdom,2,7,754.75,367,119,107.82,52.43,730
16893,United Kingdom,367,2,249.89,117,80,124.95,58.50,10
16894,United Kingdom,503,3,1306.96,503,186,435.65,167.67,33
16895,United Kingdom,65,5,1102.90,421,135,220.58,84.20,601
16896,United Kingdom,556,1,103.95,18,18,103.95,18.00,0
16897,United Kingdom,300,2,289.78,73,37,144.89,36.50,14
16898,United Kingdom,27,5,885.21,695,223,177.04,139.00,550
16899,United Kingdom,8,8,1695.77,811,101,211.97,101.38,390
16900,United Kingdom,17,3,887.11,833,78,295.70,277.67,47
16901,United Kingdom,730,1,204.26,42,23,204.26,42.00,0
16902,United Kingdom,117,1,1706.88,629,43,1706.88,629.00,0
16903,United Kingdom,30,3,1041.75,717,148,347.25,239.00,386
16904,United Kingdom,5,21,4675.36,2607,484,222.64,124.14,407
16905,United Kingdom,6,17,4706.77,1913,171,276.87,112.53,724
16906,United Kingdom,82,7,1410.92,590,180,201.56,84.29,494
16907,United Kingdom,30,9,1470.89,451,109,163.43,50.11,497
16908,United Kingdom,723,1,252.59,61,20,252.59,61.00,0
16909,United Kingdom,73,1,379.14,436,18,379.14,436.00,0
16910,United Kingdom,5,8,1508.96,884,318,188.62,110.50,87
16911,United Kingdom,636,2,255.25,161,30,127.62,80.50,26
16912,United Kingdom,29,15,4460.51,1689,130,297.37,112.60,702
16913,United Kingdom,291,3,423.91,229,18,141.30,76.33,361
16914,United Kingdom,37,1,183.76,112,25,183.76,112.00,0
16915,United Kingdom,10,11,1543.18,190,54,140.29,17.27,560
16916,United Kingdom,24,4,902.02,649,180,225.50,162.25,392
16917,United Kingdom,277,2,1851.88,792,45,925.94,396.00,356
16918,United Kingdom,50,16,3206.54,2066,280,200.41,129.12,687
16919,United Kingdom,157,24,4909.66,2333,230,204.57,97.21,321
16920,United Kingdom,412,1,355.45,81,23,355.45,81.00,0
16921,United Kingdom,62,3,409.21,275,78,136.40,91.67,539
16922,United Kingdom,573,1,611.08,281,122,611.08,281.00,0
16923,United Kingdom,13,32,13157.13,6190,431,411.16,193.44,665
16924,United Kingdom,22,3,829.89,467,69,276.63,155.67,63
16925,United Kingdom,541,1,125.65,123,18,125.65,123.00,0
16926,United Kingdom,372,5,1169.61,197,63,233.92,39.40,155
16927,United Kingdom,116,3,543.05,993,5,181.02,331.00,246
16928,United Kingdom,81,29,3897.53,2587,135,134.40,89.21,594
16929,United Kingdom,4,7,1295.39,929,51,185.06,132.71,152
16930,United Kingdom,27,3,378.89,339,47,126.30,113.00,42
16931,United Kingdom,6,23,5032.22,3357,466,218.79,145.96,392
16932,United Kingdom,54,3,412.55,217,116,137.52,72.33,518
16933,United Kingdom,2,9,3099.30,1533,213,344.37,170.33,729
16934,United Kingdom,55,6,2083.14,936,128,347.19,156.00,567
16935,United Kingdom,382,3,530.86,273,55,176.95,91.00,40
16936,United Kingdom,26,2,548.29,339,122,274.14,169.50,360
16937,United Kingdom,500,1,196.25,123,49,196.25,123.00,0
16938,United Kingdom,9,9,6995.36,5041,547,777.26,560.11,652
16939,United Kingdom,489,3,433.85,229,38,144.62,76.33,161
16940,United Kingdom,53,8,6427.66,4503,360,803.46,562.88,679
16941,United Kingdom,612,1,33.00,12,2,33.00,12.00,0
16942,United Kingdom,13,9,1904.99,805,159,211.67,89.44,215
16943,United Kingdom,212,5,1299.49,147,24,259.90,29.40,413
16944,United Kingdom,610,1,101.36,27,7,101.36,27.00,0
16945,United Kingdom,22,33,8548.16,5889,231,259.04,178.45,709
16946,United Kingdom,384,5,1222.04,509,69,244.41,101.80,264
16947,United Kingdom,236,5,955.21,655,50,191.04,131.00,411
16948,United Kingdom,139,7,868.77,2091,20,124.11,298.71,518
16949,United Kingdom,4,6,1286.27,791,57,214.38,131.83,313
16950,United Kingdom,57,10,3541.77,2432,111,354.18,243.20,628
16951,United Kingdom,135,3,1277.75,1318,73,425.92,439.33,170
16952,United Kingdom,110,5,795.83,343,76,159.17,68.60,619
16953,United Kingdom,31,1,20.80,10,1,20.80,10.00,0
16954,United Kingdom,1,20,6081.88,4086,83,304.09,204.30,690
16955,United Kingdom,185,6,1120.31,723,33,186.72,120.50,493
16956,United Kingdom,18,1,308.74,114,16,308.74,114.00,0
16957,United Kingdom,240,2,416.64,172,15,208.32,86.00,42
16958,United Kingdom,436,1,778.49,514,69,778.49,514.00,0
16959,United Kingdom,88,1,117.35,49,7,117.35,49.00,0
16960,United Kingdom,39,8,1990.88,1492,334,248.86,186.50,609
16961,United Kingdom,117,3,794.56,482,52,264.85,160.67,416
16962,United Kingdom,410,1,251.04,158,15,251.04,158.00,0
16963,United Kingdom,188,1,110.55,35,7,110.55,35.00,0
16964,United Kingdom,734,2,207.85,49,6,103.92,24.50,0
16965,United Kingdom,227,1,201.19,291,26,201.19,291.00,0
16966,United Kingdom,9,7,2154.97,1981,8,307.85,283.00,232
16967,United Kingdom,190,1,319.02,333,21,319.02,333.00,0
16968,United Kingdom,5,2,439.43,326,31,219.72,163.00,103
16969,United Kingdom,40,3,650.41,816,42,216.80,272.00,152
16970,United Kingdom,627,1,71.40,12,2,71.40,12.00,0
16971,United Kingdom,39,1,357.21,72,40,357.21,72.00,0
16972,United Kingdom,383,2,749.00,183,54,374.50,91.50,74
16973,United Kingdom,387,1,127.00,60,6,127.00,60.00,0
16974,United Kingdom,523,2,365.50,70,5,182.75,35.00,42
16975,United Kingdom,424,3,926.12,586,44,308.71,195.33,82
16976,United Kingdom,268,1,251.52,88,2,251.52,88.00,0
16977,United Kingdom,396,4,496.00,142,25,124.00,35.50,236
16978,United Kingdom,78,3,768.88,285,65,256.29,95.00,589
16979,United Kingdom,4,9,2859.74,1451,82,317.75,161.22,447
16980,United Kingdom,256,3,1422.83,990,91,474.28,330.00,173
16982,United Kingdom,61,1,384.06,182,22,384.06,182.00,0
16983,United Kingdom,13,11,3490.53,2315,151,317.32,210.45,434
16984,United Kingdom,89,9,10350.53,5127,669,1150.06,569.67,554
16985,United Kingdom,18,23,10923.16,3103,130,474.92,134.91,712
16986,United Kingdom,30,11,4888.75,2539,65,444.43,230.82,644
16987,United Kingdom,4,11,2521.40,671,155,229.22,61.00,734
16988,United Kingdom,6,2,382.67,158,20,191.34,79.00,374
16989,United Kingdom,8,6,1133.25,1233,7,188.88,205.50,143
16990,United Kingdom,219,2,344.00,200,1,172.00,100.00,204
16991,United Kingdom,422,1,1041.21,793,74,1041.21,793.00,0
16992,United Kingdom,11,13,5476.50,2061,212,421.27,158.54,656
16993,United Kingdom,464,2,1950.95,285,19,975.47,142.50,113
16996,United Kingdom,31,9,2123.61,919,32,235.96,102.11,387
16997,United Kingdom,289,3,702.00,360,7,234.00,120.00,37
16998,United Kingdom,150,5,402.00,104,2,80.40,20.80,295
16999,United Kingdom,24,2,484.82,294,21,242.41,147.00,51
17000,United Kingdom,397,2,406.30,305,26,203.15,152.50,12
17001,United Kingdom,1,19,6640.80,3782,108,349.52,199.05,624
17002,United Kingdom,86,7,2571.55,1265,64,367.36,180.71,556
17003,United Kingdom,403,4,828.21,494,90,207.05,123.50,176
17004,United Kingdom,47,4,2324.36,1233,48,581.09,308.25,378
17005,United Kingdom,471,2,622.36,691,14,311.18,345.50,118
17006,United Kingdom,5,8,1635.27,572,103,204.41,71.50,640
17007,United Kingdom,51,7,1120.10,717,63,160.01,102.43,387
17008,United Kingdom,430,1,81.36,24,1,81.36,24.00,0
17009,United Kingdom,552,1,242.06,336,10,242.06,336.00,0
17010,United Kingdom,19,1,195.36,118,11,195.36,118.00,0
17011,United Kingdom,31,3,671.70,792,27,223.90,264.00,621
17012,United Kingdom,726,1,360.61,251,34,360.61,251.00,0
17014,United Kingdom,9,3,583.43,243,63,194.48,81.00,58
17015,United Kingdom,29,3,1838.61,1978,182,612.87,659.33,157
17016,United Kingdom,577,1,552.40,309,41,552.40,309.00,0
17017,United Kingdom,3,29,12576.99,9397,120,433.69,324.03,734
17018,United Kingdom,41,6,2287.70,456,26,381.28,76.00,694
17019,United Kingdom,12,11,3602.29,2396,344,327.48,217.82,726
17020,United Kingdom,543,2,935.62,860,64,467.81,430.00,104
17021,United Kingdom,443,6,1182.22,992,35,197.04,165.33,147
17022,United Kingdom,32,2,260.00,180,16,130.00,90.00,401
17023,United Kingdom,418,3,800.18,530,48,266.73,176.67,280
17024,United Kingdom,46,3,95.85,69,2,31.95,23.00,112
17025,United Kingdom,61,5,1349.67,885,31,269.93,177.00,581
17026,United Kingdom,186,3,175.83,107,4,58.61,35.67,232
17027,United Kingdom,79,9,1310.63,645,126,145.63,71.67,651
17028,United Kingdom,582,3,1593.83,856,85,531.28,285.33,140
17029,United Kingdom,111,7,2137.30,1265,19,305.33,180.71,553
17030,United Kingdom,64,1,146.87,146,11,146.87,146.00,0
17031,United Kingdom,12,6,2773.85,1595,34,462.31,265.83,570
17032,United Kingdom,548,8,2984.32,1667,183,373.04,208.38,182
17033,United Kingdom,87,4,1332.79,871,33,333.20,217.75,311
17034,United Kingdom,17,5,1276.42,694,49,255.28,138.80,497
17035,United Kingdom,246,4,613.59,327,29,153.40,81.75,491
17036,United Kingdom,384,1,176.90,76,12,176.90,76.00,0
17037,United Kingdom,88,1,1267.32,656,75,1267.32,656.00,0
17038,United Kingdom,31,2,743.17,535,61,371.58,267.50,385
17039,United Kingdom,605,1,1954.99,689,44,1954.99,689.00,0
17040,United Kingdom,138,2,463.25,189,15,231.62,94.50,413
17041,United Kingdom,27,6,1655.20,1303,93,275.87,217.17,574
17042,United Kingdom,3,5,1036.58,990,74,207.32,198.00,245
17043,United Kingdom,33,8,2593.65,1616,175,324.21,202.00,698
17044,United Kingdom,26,12,11962.30,5722,92,996.86,476.83,707
17045,United Kingdom,114,5,827.68,294,44,165.54,58.80,316
17046,United Kingdom,158,5,1906.07,1636,76,381.21,327.20,463
17047,United Kingdom,86,6,2289.23,1184,114,381.54,197.33,646
17048,United Kingdom,118,7,2071.68,1068,88,295.95,152.57,573
17049,United Kingdom,3,19,9942.53,4273,316,523.29,224.89,643
17050,United Kingdom,97,11,4648.59,2432,193,422.60,221.09,586
17051,United Kingdom,195,4,706.49,507,107,176.62,126.75,434
17052,United Kingdom,29,1,399.09,251,72,399.09,251.00,0
17053,United Kingdom,131,1,498.48,122,13,498.48,122.00,0
17054,United Kingdom,29,5,1356.33,804,64,271.27,160.80,217
17055,United Kingdom,446,1,232.85,83,24,232.85,83.00,0
17056,United Kingdom,739,1,128.60,26,8,128.60,26.00,0
17057,United Kingdom,597,1,294.74,129,48,294.74,129.00,0
17058,United Kingdom,82,3,1179.89,592,51,393.30,197.33,158
17059,United Kingdom,30,9,4864.57,3107,349,540.51,345.22,653
17060,United Kingdom,267,1,234.24,216,5,234.24,216.00,0
17061,United Kingdom,74,11,5232.23,1526,57,475.66,138.73,159
17062,United Kingdom,314,6,889.75,644,82,148.29,107.33,126
17063,United Kingdom,22,13,3638.53,1899,150,279.89,146.08,717
17064,United Kingdom,59,3,855.45,316,53,285.15,105.33,269
17065,United Kingdom,638,2,194.70,82,6,97.35,41.00,0
17066,United Kingdom,727,1,228.34,93,17,228.34,93.00,0
17067,United Kingdom,725,3,454.54,322,8,151.51,107.33,7
17068,United Kingdom,13,47,8987.68,4351,250,191.23,92.57,609
17069,United Kingdom,29,14,5517.23,3230,202,394.09,230.71,708
17070,United Kingdom,115,2,437.42,232,102,218.71,116.00,296
17071,United Kingdom,29,13,3793.71,1934,141,291.82,148.77,656
17072,United Kingdom,626,1,273.35,212,20,273.35,212.00,0
17073,United Kingdom,18,4,1446.09,759,142,361.52,189.75,92
17074,United Kingdom,563,1,203.05,19,4,203.05,19.00,0
17075,United Kingdom,18,10,2236.63,785,153,223.66,78.50,708
17076,United Kingdom,37,6,1242.75,514,31,207.12,85.67,699
17077,United Kingdom,579,1,306.00,36,1,306.00,36.00,0
17078,United Kingdom,37,2,378.20,788,28,189.10,394.00,0
17079,United Kingdom,79,1,118.80,24,2,118.80,24.00,0
17080,United Kingdom,23,7,957.53,569,26,136.79,81.29,504
17081,United Kingdom,26,6,949.39,381,166,158.23,63.50,630
17082,United Kingdom,34,6,4732.03,2526,117,788.67,421.00,691
17083,United Kingdom,110,9,4049.79,1955,30,449.98,217.22,559
17084,United Kingdom,36,3,5001.21,3178,263,1667.07,1059.33,361
17085,United Kingdom,124,28,7847.67,3583,411,280.27,127.96,610
17086,United Kingdom,8,6,2050.08,1859,76,341.68,309.83,56
17087,United Kingdom,738,1,221.53,113,12,221.53,113.00,0
17088,United Kingdom,29,4,1991.01,868,96,497.75,217.00,225
17089,United Kingdom,387,1,128.45,35,4,128.45,35.00,0
17090,United Kingdom,5,13,3080.18,1344,54,236.94,103.38,504
17091,United Kingdom,3,19,7495.75,3732,242,394.51,196.42,721
17092,United Kingdom,51,11,5511.41,3768,273,501.04,342.55,625
17093,United Kingdom,593,1,235.88,114,13,235.88,114.00,0
17094,United Kingdom,323,2,402.20,212,18,201.10,106.00,101
17095,United Kingdom,23,7,2572.25,1695,110,367.46,242.14,702
17096,United Kingdom,16,11,3697.93,1559,162,336.18,141.73,540
17097,Spain,3,9,1143.36,582,182,127.04,64.67,428
17098,United Kingdom,382,3,591.07,125,10,197.02,41.67,159
17099,United Kingdom,534,1,582.17,317,40,582.17,317.00,0
17100,United Kingdom,19,2,971.74,800,65,485.87,400.00,0
17101,United Kingdom,11,7,2507.05,1175,54,358.15,167.86,540
17102,United Kingdom,262,1,25.50,2,1,25.50,2.00,0
17103,United Kingdom,723,1,424.30,471,32,424.30,471.00,0
17104,United Kingdom,424,1,474.03,149,19,474.03,149.00,0
17105,United Kingdom,160,2,665.78,693,80,332.89,346.50,147
17106,United Kingdom,390,1,481.58,153,51,481.58,153.00,0
17107,United Kingdom,34,10,16052.72,7530,377,1605.27,753.00,644
17108,United Kingdom,664,1,174.95,31,9,174.95,31.00,0
17109,United Kingdom,30,8,1291.71,788,124,161.46,98.50,468
17110,United Kingdom,166,3,499.90,136,38,166.63,45.33,445
17111,United Kingdom,48,2,459.58,581,44,229.79,290.50,378
17112,United Kingdom,503,1,197.57,130,44,197.57,130.00,0
17113,United Kingdom,575,6,2305.59,913,122,384.27,152.17,123
17114,United Kingdom,6,8,801.12,215,85,100.14,26.88,329
17115,United Kingdom,9,7,2761.49,885,102,394.50,126.43,726
17116,United Kingdom,649,1,389.78,392,47,389.78,392.00,0
17117,United Kingdom,289,1,116.20,68,9,116.20,68.00,0
17118,United Kingdom,318,1,157.02,154,10,157.02,154.00,0
17119,United Kingdom,4,2,606.91,334,35,303.45,167.00,56
17120,United Kingdom,234,1,307.46,120,18,307.46,120.00,0
17121,United Kingdom,403,1,314.74,106,12,314.74,106.00,0
17122,United Kingdom,120,4,570.50,368,23,142.62,92.00,380
17123,United Kingdom,162,3,977.17,676,37,325.72,225.33,411
17124,United Kingdom,186,1,294.24,129,31,294.24,129.00,0
17125,United Kingdom,51,1,230.50,281,34,230.50,281.00,0
17126,United Kingdom,153,9,2016.43,1426,295,224.05,158.44,313
17127,United Kingdom,429,5,1155.03,340,27,231.01,68.00,307
17128,United Kingdom,335,1,157.09,76,14,157.09,76.00,0
17129,United Kingdom,521,1,31.85,5,2,31.85,5.00,0
17131,United Kingdom,6,5,2463.17,983,78,492.63,196.60,70
17132,United Kingdom,453,2,1220.91,963,62,610.45,481.50,36
17133,United Kingdom,16,12,14622.33,10107,22,1218.53,842.25,613
17134,United Kingdom,107,3,625.30,144,31,208.43,48.00,336
17135,United Kingdom,17,10,1722.18,1686,98,172.22,168.60,563
17136,United Kingdom,663,1,231.68,256,14,231.68,256.00,0
17137,United Kingdom,417,6,1099.81,680,125,183.30,113.33,261
17138,United Kingdom,276,7,4417.27,2024,234,631.04,289.14,398
17139,United Kingdom,16,25,19566.76,9853,447,782.67,394.12,682
17140,United Kingdom,248,1,454.12,296,16,454.12,296.00,0
17141,United Kingdom,419,4,727.58,423,138,181.90,105.75,266
17142,United Kingdom,240,4,1275.25,322,78,318.81,80.50,445
17143,United Kingdom,418,2,880.97,314,82,440.49,157.00,98
17144,United Kingdom,2,2,984.57,483,42,492.29,241.50,83
17145,United Kingdom,513,4,3120.91,2591,168,780.23,647.75,146
17146,United Kingdom,106,13,5852.64,2188,164,450.20,168.31,570
17147,United Kingdom,23,9,3199.95,1308,99,355.55,145.33,675
17148,United Kingdom,52,1,124.88,82,9,124.88,82.00,0
17149,United Kingdom,452,1,143.10,18,6,143.10,18.00,0
17150,United Kingdom,377,6,1357.95,397,64,226.33,66.17,357
17151,United Kingdom,736,1,231.90,42,4,231.90,42.00,0
17152,United Kingdom,195,4,2016.50,577,9,504.12,144.25,231
17153,United Kingdom,25,1,213.78,104,14,213.78,104.00,0
17154,United Kingdom,76,1,329.34,490,23,329.34,490.00,0
17155,United Kingdom,18,7,892.46,987,43,127.49,141.00,719
17156,United Kingdom,492,1,591.87,391,39,591.87,391.00,0
17157,United Kingdom,8,19,5151.90,2092,78,271.15,110.11,728
17158,United Kingdom,33,5,1980.00,1147,74,396.00,229.40,610
17159,United Kingdom,22,5,2099.59,1348,115,419.92,269.60,624
17160,United Kingdom,32,17,10209.16,8390,215,600.54,493.53,704
17161,United Kingdom,445,1,856.01,537,52,856.01,537.00,0
17162,United Kingdom,29,10,1715.46,1001,81,171.55,100.10,277
17163,United Kingdom,22,4,699.78,531,27,174.94,132.75,654
17164,United Kingdom,33,7,2467.35,1501,92,352.48,214.43,241
17165,United Kingdom,285,6,1794.32,788,77,299.05,131.33,444
17166,United Kingdom,39,2,206.34,78,11,103.17,39.00,165
17167,United Kingdom,380,3,867.11,429,64,289.04,143.00,66
17168,United Kingdom,499,1,400.20,220,21,400.20,220.00,0
17169,United Kingdom,58,3,1156.73,671,64,385.58,223.67,521
17170,United Kingdom,375,2,178.68,152,8,89.34,76.00,15
17171,United Kingdom,290,2,384.59,225,25,192.29,112.50,372
17172,United Kingdom,79,3,956.57,1215,39,318.86,405.00,648
17173,United Kingdom,6,8,3766.60,1122,36,470.82,140.25,126
17174,United Kingdom,218,1,59.90,41,4,59.90,41.00,0
17175,United Kingdom,45,4,1443.69,866,42,360.92,216.50,252
17176,United Kingdom,202,3,902.32,576,37,300.77,192.00,476
17177,United Kingdom,506,1,119.50,40,29,119.50,40.00,0
17178,United Kingdom,732,1,432.96,100,31,432.96,100.00,0
17179,United Kingdom,179,6,1507.26,625,75,251.21,104.17,384
17180,United Kingdom,57,11,2236.77,1809,189,203.34,164.45,631
17181,United Kingdom,58,3,309.85,268,28,103.28,89.33,538
17182,United Kingdom,423,2,321.30,54,4,160.65,27.00,296
17183,United Kingdom,8,6,3347.31,1296,42,557.88,216.00,98
17184,United Kingdom,570,2,198.41,73,14,99.21,36.50,161
17185,United Kingdom,592,3,229.46,119,38,76.49,39.67,7
17186,United Kingdom,47,2,144.00,200,1,72.00,100.00,14
17187,United Kingdom,227,2,467.71,426,21,233.85,213.00,300
17188,United Kingdom,12,13,4592.93,2569,136,353.30,197.62,720
17189,United Kingdom,107,5,953.63,601,101,190.73,120.20,631
17190,United Kingdom,59,7,1726.57,2218,160,246.65,316.86,586
17191,United Kingdom,29,15,4310.34,2208,269,287.36,147.20,710
17192,United Kingdom,537,1,75.28,45,20,75.28,45.00,0
17193,United Kingdom,36,9,2310.04,1668,28,256.67,185.33,702
17194,United Kingdom,274,3,812.50,420,57,270.83,140.00,257
17195,United Kingdom,656,1,562.98,486,31,562.98,486.00,0
17196,United Kingdom,428,1,327.75,154,84,327.75,154.00,0
17197,United Kingdom,30,1,1013.01,191,29,1013.01,191.00,0
17198,United Kingdom,24,3,692.22,357,89,230.74,119.00,348
17199,United Kingdom,583,1,135.04,232,8,135.04,232.00,0
17200,United Kingdom,388,4,356.71,367,25,89.18,91.75,265
17201,United Kingdom,54,4,1143.10,1004,154,285.77,251.00,614
17202,United Kingdom,421,1,160.65,55,8,160.65,55.00,0
17203,United Kingdom,36,10,5564.09,4597,195,556.41,459.70,353
17204,United Kingdom,176,9,5504.69,2651,110,611.63,294.56,372
17205,United Kingdom,54,3,999.35,2214,27,333.12,738.00,511
17206,United Kingdom,54,1,204.24,76,7,204.24,76.00,0
17207,United Kingdom,653,1,292.62,233,55,292.62,233.00,0
17208,United Kingdom,396,1,111.15,101,21,111.15,101.00,0
17209,United Kingdom,650,3,595.70,723,36,198.57,241.00,87
17210,United Kingdom,393,1,251.72,242,47,251.72,242.00,0
17211,United Kingdom,27,13,3773.35,2141,217,290.26,164.69,700
17212,United Kingdom,254,3,794.41,727,29,264.80,242.33,233
17213,United Kingdom,41,13,4869.40,2087,130,374.57,160.54,684
17214,United Kingdom,61,6,1059.12,272,79,176.52,45.33,299
17215,United Kingdom,465,1,186.15,104,11,186.15,104.00,0
17216,United Kingdom,555,1,63.60,21,13,63.60,21.00,0
17217,United Kingdom,235,2,210.10,93,27,105.05,46.50,385
17218,United Kingdom,5,18,3891.39,2066,248,216.19,114.78,679
17219,United Kingdom,32,2,259.13,188,43,129.56,94.00,385
17220,United Kingdom,25,21,4457.31,2663,408,212.25,126.81,664
17221,United Kingdom,8,5,976.62,713,115,195.32,142.60,600
17222,United Kingdom,66,6,1579.51,857,94,263.25,142.83,633
17223,United Kingdom,311,3,558.04,155,62,186.01,51.67,65
17224,United Kingdom,502,1,100.86,65,8,100.86,65.00,0
17225,United Kingdom,582,1,131.15,36,5,131.15,36.00,0
17226,United Kingdom,309,3,895.47,853,51,298.49,284.33,357
17227,United Kingdom,19,12,1878.93,1681,58,156.58,140.08,675
17228,United Kingdom,16,13,2820.03,2354,199,216.93,181.08,622
17229,United Kingdom,97,2,318.76,185,39,159.38,92.50,46
17230,United Kingdom,265,18,9388.49,3753,141,521.58,208.50,467
17231,United Kingdom,13,25,7064.80,3681,509,282.59,147.24,720
17232,United Kingdom,3,2,417.77,202,30,208.88,101.00,12
17233,United Kingdom,36,3,560.86,298,56,186.95,99.33,689
17234,United Kingdom,183,1,149.89,55,14,149.89,55.00,0
17235,United Kingdom,26,8,1562.98,845,52,195.37,105.62,528
17236,United Kingdom,13,12,1929.26,804,123,160.77,67.00,630
17237,United Kingdom,12,4,994.13,414,76,248.53,103.50,370
17238,United Kingdom,3,32,7331.67,3555,486,229.11,111.09,736
17239,United Kingdom,313,4,1189.45,515,18,297.36,128.75,214
17240,United Kingdom,597,1,130.60,108,7,130.60,108.00,0
17241,United Kingdom,386,12,2736.64,859,116,228.05,71.58,277
17242,United Kingdom,109,5,2889.28,1459,44,577.86,291.80,576
17243,United Kingdom,2,69,20203.58,7932,359,292.81,114.96,737
17244,United Kingdom,54,5,1826.04,1419,109,365.21,283.80,680
17245,United Kingdom,205,2,371.63,307,24,185.81,153.50,485
17246,United Kingdom,547,2,38.92,36,6,19.46,18.00,192
17247,United Kingdom,16,1,280.09,105,53,280.09,105.00,0
17248,United Kingdom,121,2,500.54,276,85,250.27,138.00,361
17249,United Kingdom,429,1,68.03,79,27,68.03,79.00,0
17250,United Kingdom,4,2,381.97,167,55,190.99,83.50,258
17251,United Kingdom,363,3,798.98,377,65,266.33,125.67,362
17252,United Kingdom,117,2,348.91,192,86,174.46,96.00,70
17253,United Kingdom,19,1,178.26,43,18,178.26,43.00,0
17254,United Kingdom,5,3,469.48,397,129,156.49,132.33,397
17255,United Kingdom,41,4,781.70,583,163,195.43,145.75,406
17256,United Kingdom,108,5,498.93,299,20,99.79,59.80,493
17257,United Kingdom,437,2,189.78,187,14,94.89,93.50,0
17258,United Kingdom,397,2,417.30,188,46,208.65,94.00,269
17259,United Kingdom,149,6,1452.39,844,179,242.07,140.67,507
17260,United Kingdom,412,1,120.95,23,6,120.95,23.00,0
17261,United Kingdom,510,1,221.59,95,43,221.59,95.00,0
17262,United Kingdom,53,11,2488.76,635,12,226.25,57.73,672
17263,United Kingdom,209,1,63.44,36,23,63.44,36.00,0
17264,United Kingdom,425,1,268.28,217,70,268.28,217.00,0
17265,United Kingdom,139,2,550.01,389,106,275.00,194.50,42
17266,United Kingdom,3,5,501.72,243,95,100.34,48.60,638
17267,United Kingdom,128,2,317.20,158,37,158.60,79.00,0
17268,United Kingdom,108,11,1733.89,1395,26,157.63,126.82,624
17269,United Kingdom,386,1,491.81,314,110,491.81,314.00,0
17270,United Kingdom,470,2,601.45,420,45,300.72,210.00,263
17271,United Kingdom,737,1,204.30,113,46,204.30,113.00,0
17272,United Kingdom,43,4,2148.63,1778,70,537.16,444.50,220
17273,United Kingdom,425,1,141.12,133,12,141.12,133.00,0
17274,United Kingdom,36,2,573.22,271,76,286.61,135.50,360
17275,United Kingdom,384,1,114.10,71,23,114.10,71.00,0
17276,United Kingdom,403,1,502.49,187,50,502.49,187.00,0
17277,United Kingdom,228,2,1065.35,430,67,532.68,215.00,95
17278,United Kingdom,242,2,271.24,195,17,135.62,97.50,324
17279,United Kingdom,58,1,187.83,48,8,187.83,48.00,0
17280,United Kingdom,439,1,118.86,74,6,118.86,74.00,0
17281,United Kingdom,375,6,797.85,295,2,132.97,49.17,299
17282,United Kingdom,131,5,2308.54,2332,168,461.71,466.40,418
17283,United Kingdom,379,1,188.46,179,15,188.46,179.00,0
17284,United Kingdom,61,8,2788.06,2069,285,348.51,258.62,385
17285,United Kingdom,629,2,407.94,134,41,203.97,67.00,35
17286,United Kingdom,22,3,389.18,368,89,129.73,122.67,379
17287,United Kingdom,27,21,3826.86,1955,279,182.23,93.10,710
17288,United Kingdom,10,11,2468.43,1699,233,224.40,154.45,385
17289,United Kingdom,32,9,2041.80,1237,202,226.87,137.44,610
17290,United Kingdom,4,8,1487.96,1139,184,186.00,142.38,723
17291,United Kingdom,309,1,550.80,72,1,550.80,72.00,0
17292,United Kingdom,473,2,271.75,131,14,135.88,65.50,107
17293,United Kingdom,9,17,3750.63,2228,148,220.63,131.06,728
17294,United Kingdom,670,2,467.79,297,17,233.89,148.50,0
17295,United Kingdom,29,3,547.00,293,53,182.33,97.67,36
17296,United Kingdom,731,1,338.13,216,32,338.13,216.00,0
17297,United Kingdom,18,1,128.18,65,49,128.18,65.00,0
17298,United Kingdom,102,5,954.26,852,61,190.85,170.40,540
17299,United Kingdom,12,6,993.23,919,96,165.54,153.17,470
17300,United Kingdom,391,2,393.64,467,37,196.82,233.50,91
17301,United Kingdom,22,2,294.39,216,107,147.19,108.00,603
17302,United Kingdom,15,5,1135.63,575,68,227.13,115.00,291
17303,United Kingdom,362,1,250.04,144,53,250.04,144.00,0
17304,United Kingdom,535,1,111.50,73,5,111.50,73.00,0
17305,United Kingdom,649,1,2135.46,1006,9,2135.46,1006.00,0
17306,United Kingdom,11,21,9782.35,13747,17,465.83,654.62,393
17307,United Kingdom,396,11,3999.89,3667,22,363.63,333.36,294
17308,United Kingdom,394,2,4511.76,5148,5,2255.88,2574.00,59
17309,United Kingdom,96,3,320.39,181,33,106.80,60.33,578
17310,United Kingdom,388,2,1025.10,402,1,512.55,201.00,147
17311,United Kingdom,79,6,3566.56,2755,124,594.43,459.17,596
17312,United Kingdom,139,3,644.30,372,11,214.77,124.00,21
17313,United Kingdom,32,1,2328.84,1402,24,2328.84,1402.00,0
17314,United Kingdom,25,17,4904.43,3663,200,288.50,215.47,712
17315,United Kingdom,2,43,9599.58,5088,385,223.25,118.33,437
17316,United Kingdom,421,1,124.45,44,35,124.45,44.00,0
17317,United Kingdom,47,3,2600.34,1146,8,866.78,382.00,43
17318,United Kingdom,726,1,157.33,59,17,157.33,59.00,0
17319,United Kingdom,670,1,29.10,14,3,29.10,14.00,0
17320,United Kingdom,101,6,2444.85,1182,86,407.47,197.00,587
17321,United Kingdom,9,6,1665.21,790,241,277.54,131.67,569
17322,United Kingdom,377,5,922.59,631,115,184.52,126.20,360
17323,United Kingdom,16,12,1551.04,1426,168,129.25,118.83,683
17324,United Kingdom,18,12,2171.07,1485,111,180.92,123.75,704
17325,United Kingdom,281,3,609.57,465,39,203.19,155.00,361
17326,United Kingdom,409,2,312.35,136,82,156.18,68.00,121
17327,United Kingdom,410,2,152.35,59,3,76.17,29.50,153
17328,United Kingdom,674,1,104.70,86,6,104.70,86.00,0
17329,United Kingdom,15,5,998.53,430,80,199.71,86.00,722
17330,United Kingdom,23,4,423.80,122,7,105.95,30.50,625
17331,United Kingdom,124,1,175.20,16,1,175.20,16.00,0
17332,United Kingdom,529,5,838.27,794,82,167.65,158.80,128
17333,United Kingdom,86,1,494.25,375,28,494.25,375.00,0
17334,United Kingdom,303,3,635.15,566,20,211.72,188.67,104
17335,United Kingdom,384,2,497.04,210,34,248.52,105.00,301
17336,United Kingdom,473,1,81.12,48,1,81.12,48.00,0
17337,United Kingdom,152,4,1981.06,1247,421,495.26,311.75,159
17338,United Kingdom,18,17,11889.33,5780,590,699.37,340.00,622
17339,United Kingdom,95,3,302.36,172,10,100.79,57.33,415
17340,United Kingdom,30,18,19617.95,9497,322,1089.89,527.61,634
17341,United Kingdom,157,5,1272.21,831,200,254.44,166.20,384
17342,United Kingdom,380,4,1227.54,521,31,306.88,130.25,290
17343,United Kingdom,356,6,1259.94,454,61,209.99,75.67,381
17344,United Kingdom,47,2,457.36,200,64,228.68,100.00,682
17345,United Kingdom,16,10,1586.63,2008,174,158.66,200.80,723
17346,United Kingdom,4,26,4998.61,3439,517,192.25,132.27,597
17347,United Kingdom,87,1,228.96,216,1,228.96,216.00,0
17348,United Kingdom,15,9,2442.29,2766,326,271.37,307.33,625
17349,United Kingdom,180,5,772.41,772,74,154.48,154.40,452
17350,United Kingdom,9,7,1893.70,1178,124,270.53,168.29,668
17351,United Kingdom,37,12,1988.23,383,45,165.69,31.92,693
17352,United Kingdom,697,1,36.25,15,5,36.25,15.00,0
17353,United Kingdom,130,4,3242.00,2168,7,810.50,542.00,495
17354,United Kingdom,51,4,3133.96,2531,85,783.49,632.75,378
17355,United Kingdom,387,1,273.31,249,28,273.31,249.00,0
17356,United Kingdom,312,5,946.47,925,73,189.29,185.00,377
17357,United Kingdom,25,2,384.39,152,41,192.19,76.00,0
17358,United Kingdom,304,5,861.01,430,126,172.20,86.00,350
17359,United Kingdom,12,2,284.46,237,36,142.23,118.50,637
17360,United Kingdom,18,6,1200.51,624,189,200.09,104.00,417
17361,United Kingdom,50,5,871.79,380,51,174.36,76.00,627
17362,United Kingdom,240,7,1024.04,549,99,146.29,78.43,463
17363,United Kingdom,396,3,920.46,499,34,306.82,166.33,7
17364,United Kingdom,1,28,11972.92,7464,513,427.60,266.57,732
17365,United Kingdom,13,15,8184.49,8015,395,545.63,534.33,664
17366,United Kingdom,433,2,1077.24,504,120,538.62,252.00,24
17367,United Kingdom,239,1,167.55,149,33,167.55,149.00,0
17368,United Kingdom,24,14,2758.29,2319,195,197.02,165.64,701
17369,United Kingdom,456,1,979.20,1152,1,979.20,1152.00,0
17370,United Kingdom,73,4,446.18,540,31,111.55,135.00,97
17371,United Kingdom,18,6,655.37,281,135,109.23,46.83,714
17372,United Kingdom,41,28,4347.31,1863,412,155.26,66.54,696
17373,United Kingdom,41,7,1167.50,738,65,166.79,105.43,609
17374,United Kingdom,219,3,727.11,155,34,242.37,51.67,177
17375,United Kingdom,200,4,660.55,480,77,165.14,120.00,232
17376,United Kingdom,71,4,453.64,244,41,113.41,61.00,452
17377,United Kingdom,24,78,17644.27,7335,505,226.21,94.04,714
17378,United Kingdom,375,1,10.95,1,1,10.95,1.00,0
17379,United Kingdom,12,1,389.72,623,71,389.72,623.00,0
17380,United Kingdom,435,3,645.00,252,5,215.00,84.00,100
17381,United Kingdom,9,38,36398.65,42879,50,957.86,1128.39,540
17382,United Kingdom,66,8,902.28,457,16,112.78,57.12,504
17383,United Kingdom,5,2,304.09,160,51,152.04,80.00,449
17384,United Kingdom,20,3,507.55,121,15,169.18,40.33,448
17385,United Kingdom,15,1,256.11,197,42,256.11,197.00,0
17386,United Kingdom,8,7,2812.77,1955,32,401.82,279.29,378
17387,United Kingdom,20,2,746.81,522,71,373.40,261.00,14
17388,United Kingdom,78,11,2675.37,2555,41,243.22,232.27,652
17389,United Kingdom,1,61,57215.33,17880,63,937.96,293.11,735
17390,United Kingdom,421,1,149.30,49,12,149.30,49.00,0
17391,United Kingdom,164,2,508.80,480,2,254.40,240.00,1
17392,United Kingdom,307,3,585.92,450,66,195.31,150.00,144
17393,United Kingdom,411,2,381.15,238,45,190.57,119.00,78
17394,United Kingdom,220,1,203.87,241,4,203.87,241.00,0
17395,United Kingdom,509,1,97.50,66,3,97.50,66.00,0
17396,United Kingdom,40,14,8409.60,2313,29,600.69,165.21,402
17397,United Kingdom,23,3,1198.28,691,132,399.43,230.33,394
17398,United Kingdom,115,3,653.38,310,30,217.79,103.33,141
17400,United Kingdom,127,8,4623.28,2185,345,577.91,273.12,596
17401,United Kingdom,542,1,114.85,34,11,114.85,34.00,0
17402,United Kingdom,5,23,4635.56,1450,105,201.55,63.04,719
17403,United Kingdom,37,2,382.87,188,45,191.44,94.00,414
17404,Sweden,5,23,47781.12,50679,126,2077.44,2203.43,697
17405,United Kingdom,2,3,1031.41,726,77,343.80,242.00,149
17406,United Kingdom,334,13,4186.95,1847,155,322.07,142.08,400
17407,United Kingdom,412,1,552.90,426,23,552.90,426.00,0
17408,United Kingdom,164,3,316.09,163,7,105.36,54.33,351
17409,United Kingdom,185,10,7793.51,4089,50,779.35,408.90,544
17410,United Kingdom,17,5,1214.72,616,57,242.94,123.20,199
17411,United Kingdom,13,5,1425.38,608,69,285.08,121.60,724
17412,United Kingdom,3,16,4220.22,2554,161,263.76,159.62,735
17413,United Kingdom,405,2,560.14,302,10,280.07,151.00,165
17414,United Kingdom,44,6,2249.52,6256,6,374.92,1042.67,693
17415,United Kingdom,80,1,507.84,114,14,507.84,114.00,0
17416,United Kingdom,30,22,17298.45,8769,324,786.29,398.59,696
17417,United Kingdom,549,1,164.18,76,16,164.18,76.00,0
17418,United Kingdom,43,3,670.06,521,40,223.35,173.67,345
17419,United Kingdom,12,18,6126.25,2884,203,340.35,160.22,672
17420,United Kingdom,51,6,953.58,446,43,158.93,74.33,351
17421,United Kingdom,387,3,1059.41,807,46,353.14,269.00,349
17422,United Kingdom,17,11,3594.76,3538,149,326.80,321.64,518
17423,United Kingdom,47,3,1118.95,790,39,372.98,263.33,347
17425,United Kingdom,20,2,759.17,407,42,379.58,203.50,41
17426,United Kingdom,9,13,8077.77,5187,248,621.37,399.00,652
17427,United Kingdom,72,1,100.80,34,2,100.80,34.00,0
17428,United Kingdom,1,45,31466.76,17356,422,699.26,385.69,738
17429,United Kingdom,129,5,1357.46,1286,80,271.49,257.20,301
17430,United Kingdom,33,4,622.57,455,30,155.64,113.75,447
17431,United Kingdom,314,1,403.30,292,41,403.30,292.00,0
17432,United Kingdom,19,9,1728.99,1008,213,192.11,112.00,718
17433,United Kingdom,89,2,569.96,305,81,284.98,152.50,297
17434,United Kingdom,3,7,2373.82,1693,100,339.12,241.86,83
17435,United Kingdom,412,1,331.35,195,15,331.35,195.00,0
17436,United Kingdom,2,5,534.06,178,8,106.81,35.60,731
17437,United Kingdom,530,1,369.68,283,52,369.68,283.00,0
17438,United Kingdom,254,5,1422.77,553,49,284.55,110.60,388
17439,United Kingdom,656,1,325.74,370,8,325.74,370.00,0
17440,United Kingdom,157,4,323.58,282,4,80.89,70.50,393
17441,United Kingdom,733,1,293.35,245,21,293.35,245.00,0
17442,United Kingdom,37,15,4620.30,3134,188,308.02,208.93,626
17443,Canada,220,1,534.24,504,1,534.24,504.00,0
17444,Canada,148,3,2940.04,2119,132,980.01,706.33,25
17446,United Kingdom,177,2,120.90,198,6,60.45,99.00,134
17447,United Kingdom,41,2,541.53,443,33,270.76,221.50,31
17448,United Kingdom,498,46,14523.67,11534,569,315.73,250.74,148
17449,United Kingdom,3,13,4868.15,2483,292,374.47,191.00,728
17450,United Kingdom,9,51,244784.25,83914,144,4799.69,1645.37,430
17451,United Kingdom,2,7,1721.40,1203,83,245.91,171.86,104
17453,United Kingdom,18,2,486.72,219,19,243.36,109.50,47
17454,United Kingdom,193,10,1547.94,727,98,154.79,72.70,501
17455,United Kingdom,204,1,131.70,66,8,131.70,66.00,0
17456,United Kingdom,366,2,975.56,508,59,487.78,254.00,91
17457,United Kingdom,127,14,5984.81,2695,30,427.49,192.50,606
17458,United Kingdom,16,2,529.58,282,81,264.79,141.00,366
17459,United Kingdom,44,2,657.30,537,88,328.65,268.50,17
17460,United Kingdom,95,16,2157.97,954,93,134.87,59.62,592
17461,United Kingdom,23,3,735.82,770,104,245.27,256.67,7
17462,United Kingdom,61,2,675.69,227,25,337.85,113.50,224
17463,United Kingdom,17,7,2535.26,1480,234,362.18,211.43,573
17464,United Kingdom,159,3,907.14,608,35,302.38,202.67,461
17465,United Kingdom,426,7,2542.79,1477,103,363.26,211.00,311
17466,United Kingdom,11,2,763.28,306,41,381.64,153.00,68
17467,United Kingdom,396,1,102.60,20,4,102.60,20.00,0
17468,United Kingdom,11,3,194.80,184,8,64.93,61.33,365
17469,United Kingdom,17,17,5051.25,2304,165,297.13,135.53,707
17470,United Kingdom,45,11,2626.47,2731,111,238.77,248.27,464
17471,United Kingdom,475,1,321.65,153,19,321.65,153.00,0
17472,United Kingdom,192,4,922.35,551,183,230.59,137.75,437
17473,United Kingdom,409,2,607.00,270,33,303.50,135.00,48
17474,United Kingdom,600,1,1047.00,200,6,1047.00,200.00,0
17475,United Kingdom,80,1,194.37,178,14,194.37,178.00,0
17476,United Kingdom,396,2,489.86,224,29,244.93,112.00,342
17477,United Kingdom,613,2,1144.30,225,44,572.15,112.50,35
17478,United Kingdom,409,2,1272.80,516,40,636.40,258.00,225
17479,United Kingdom,633,1,389.26,266,18,389.26,266.00,0
17480,United Kingdom,78,2,882.23,581,50,441.12,290.50,367
17481,United Kingdom,4,4,1255.59,1061,69,313.90,265.25,90
17482,United Kingdom,488,2,775.64,240,50,387.82,120.00,91
17483,United Kingdom,66,4,591.73,265,23,147.93,66.25,349
17484,United Kingdom,577,2,209.57,339,14,104.78,169.50,48
17486,United Kingdom,262,1,396.87,191,24,396.87,191.00,0
17487,United Kingdom,729,1,160.55,37,8,160.55,37.00,0
17488,United Kingdom,642,1,336.50,136,18,336.50,136.00,0
17489,United Kingdom,59,2,376.64,428,28,188.32,214.00,154
17490,United Kingdom,1,9,2750.50,1531,93,305.61,170.11,569
17491,United Kingdom,2,17,5653.67,3362,105,332.57,197.76,589
17492,United Kingdom,249,3,1122.42,450,32,374.14,150.00,270
17493,United Kingdom,386,1,100.91,62,8,100.91,62.00,0
17494,United Kingdom,502,1,54.70,26,3,54.70,26.00,0
17495,United Kingdom,8,3,806.72,367,38,268.91,122.33,383
17496,United Kingdom,359,4,1412.89,675,54,353.22,168.75,336
17497,United Kingdom,391,2,287.25,59,7,143.62,29.50,220
17498,United Kingdom,76,1,272.22,394,17,272.22,394.00,0
17499,United Kingdom,290,2,1341.39,1086,66,670.70,543.00,272
17500,United Kingdom,18,3,1138.00,17,3,379.33,5.67,12
17501,United Kingdom,221,2,288.60,160,18,144.30,80.00,0
17502,United Kingdom,10,4,689.10,376,25,172.28,94.00,20
17503,United Kingdom,3,2,558.96,486,36,279.48,243.00,36
17504,United Kingdom,207,18,9490.17,5420,244,527.23,301.11,463
17505,United Kingdom,162,5,2435.48,1242,83,487.10,248.40,444
17506,United Kingdom,76,1,302.20,139,14,302.20,139.00,0
17507,United Kingdom,262,2,605.58,359,79,302.79,179.50,48
17508,Greece,281,8,4579.23,2891,199,572.40,361.38,452
17509,United Kingdom,58,8,6083.64,3512,75,760.46,439.00,6
17510,United Kingdom,25,2,514.56,422,28,257.28,211.00,396
17511,United Kingdom,3,60,172132.87,117174,657,2868.88,1952.90,735
17512,United Kingdom,29,18,5467.82,5434,102,303.77,301.89,701
17513,United Kingdom,73,3,1158.80,440,18,386.27,146.67,407
17514,United Kingdom,129,2,522.00,284,72,261.00,142.00,541
17515,United Kingdom,32,9,1602.51,527,91,178.06,58.56,519
17516,United Kingdom,16,6,947.50,522,150,157.92,87.00,363
17517,United Kingdom,309,1,153.94,102,11,153.94,102.00,0
17518,United Kingdom,426,2,329.42,267,71,164.71,133.50,196
17519,United Kingdom,18,15,4774.17,3230,142,318.28,215.33,721
17520,United Kingdom,54,1,546.81,365,30,546.81,365.00,0
17521,United Kingdom,30,5,1278.06,806,65,255.61,161.20,405
17522,United Kingdom,2,5,1070.71,1034,59,214.14,206.80,217
17523,United Kingdom,12,4,652.74,872,25,163.19,218.00,8
17524,United Kingdom,362,3,539.14,362,37,179.71,120.67,77
17525,United Kingdom,360,3,1161.90,338,19,387.30,112.67,69
17526,United Kingdom,5,12,3939.24,1442,67,328.27,120.17,718
17527,United Kingdom,54,4,939.37,488,45,234.84,122.00,165
17528,United Kingdom,2,8,3628.50,2138,183,453.56,267.25,70
17529,United Kingdom,611,2,1240.25,790,78,620.12,395.00,87
17530,United Kingdom,2,12,2791.69,1741,359,232.64,145.08,732
17531,United Kingdom,191,3,1266.82,472,54,422.27,157.33,428
17532,United Kingdom,386,1,65.34,30,4,65.34,30.00,0
17533,United Kingdom,435,1,34.80,24,1,34.80,24.00,0
17534,United Kingdom,54,5,1668.83,860,76,333.77,172.00,599
17535,United Kingdom,281,1,164.40,136,13,164.40,136.00,0
17536,United Kingdom,178,3,364.83,201,16,121.61,67.00,505
17537,United Kingdom,30,2,887.67,699,74,443.83,349.50,274
17538,United Kingdom,26,1,98.42,134,9,98.42,134.00,0
17539,United Kingdom,618,4,1176.84,708,132,294.21,177.00,109
17540,United Kingdom,25,6,1590.60,588,41,265.10,98.00,575
17541,United Kingdom,510,1,119.86,44,31,119.86,44.00,0
17542,United Kingdom,270,3,340.85,323,57,113.62,107.67,372
17543,United Kingdom,550,1,120.05,62,13,120.05,62.00,0
17544,United Kingdom,391,3,944.82,410,80,314.94,136.67,0
17545,United Kingdom,44,6,1409.86,682,204,234.98,113.67,534
17547,United Kingdom,376,2,727.85,223,22,363.93,111.50,290
17548,United Kingdom,234,4,731.26,494,22,182.81,123.50,163
17549,United Kingdom,24,2,148.86,210,5,74.43,105.00,28
17550,United Kingdom,198,9,2506.64,968,250,278.52,107.56,473
17551,United Kingdom,360,1,290.34,142,39,290.34,142.00,0
17552,United Kingdom,61,12,2786.77,1951,78,232.23,162.58,567
17553,United Kingdom,130,4,3757.60,2288,2,939.40,572.00,481
17554,United Kingdom,2,5,1952.45,1763,58,390.49,352.60,147
17555,United Kingdom,20,5,1045.74,739,220,209.15,147.80,567
17556,United Kingdom,206,2,300.67,184,13,150.34,92.00,174
17557,United Kingdom,15,4,575.46,310,28,143.87,77.50,718
17558,United Kingdom,394,1,259.17,54,28,259.17,54.00,0
17559,United Kingdom,513,1,167.62,270,12,167.62,270.00,0
17560,United Kingdom,95,8,1895.80,1588,37,236.97,198.50,566
17561,United Kingdom,20,4,703.02,381,163,175.75,95.25,714
17562,United Kingdom,15,7,1122.38,817,48,160.34,116.71,159
17563,United Kingdom,579,2,392.38,256,27,196.19,128.00,33
17564,United Kingdom,25,3,454.01,146,38,151.34,48.67,56
17565,United Kingdom,587,1,131.83,67,30,131.83,67.00,0
17566,United Kingdom,9,2,869.77,497,113,434.88,248.50,17
17567,United Kingdom,8,9,4838.08,2908,128,537.56,323.11,434
17568,United Kingdom,634,1,374.45,275,61,374.45,275.00,0
17569,United Kingdom,333,1,344.14,159,29,344.14,159.00,0
17570,United Kingdom,382,1,100.00,1,1,100.00,1.00,0
17571,United Kingdom,51,5,1630.91,991,290,326.18,198.20,492
17572,United Kingdom,72,10,652.21,327,14,65.22,32.70,653
17573,United Kingdom,30,3,380.60,308,24,126.87,102.67,64
17574,United Kingdom,243,1,185.65,77,8,185.65,77.00,0
17575,United Kingdom,668,1,171.70,72,5,171.70,72.00,0
17576,United Kingdom,9,41,8711.95,4583,417,212.49,111.78,728
17577,United Kingdom,646,2,348.75,179,20,174.38,89.50,23
17578,United Kingdom,219,7,1047.33,529,57,149.62,75.57,311
17579,United Kingdom,5,4,753.28,375,89,188.32,93.75,574
17580,United Kingdom,253,5,541.02,223,78,108.20,44.60,170
17581,United Kingdom,1,43,17951.17,9519,387,417.47,221.37,736
17582,United Kingdom,237,5,1446.95,603,92,289.39,120.60,387
17583,United Kingdom,561,1,135.95,55,7,135.95,55.00,0
17584,United Kingdom,8,6,5309.42,2464,85,884.90,410.67,676
17585,United Kingdom,110,7,2064.71,2510,295,294.96,358.57,369
17586,United Kingdom,620,1,167.40,68,8,167.40,68.00,0
17587,United Kingdom,629,1,176.71,67,42,176.71,67.00,0
17588,United Kingdom,101,7,2939.55,1379,35,419.94,197.00,537
17589,United Kingdom,61,18,13837.94,8704,601,768.77,483.56,582
17590,United Kingdom,3,3,1468.02,822,162,489.34,274.00,38
17591,United Kingdom,74,8,2339.32,1028,93,292.42,128.50,618
17592,United Kingdom,739,1,148.30,38,13,148.30,38.00,0
17593,United Kingdom,4,11,8092.32,5595,311,735.67,508.64,732
17594,United Kingdom,86,4,2497.88,1368,70,624.47,342.00,519
17595,United Kingdom,13,2,386.69,228,68,193.34,114.00,25
17596,United Kingdom,24,13,4491.46,7010,274,345.50,539.23,701
17597,United Kingdom,214,5,3484.09,2215,109,696.82,443.00,370
17598,United Kingdom,382,1,409.98,126,10,409.98,126.00,0
17599,United Kingdom,478,1,52.05,11,3,52.05,11.00,0
17600,United Kingdom,18,1,161.67,144,13,161.67,144.00,0
17601,United Kingdom,240,2,413.08,295,69,206.54,147.50,141
17602,United Kingdom,3,14,7354.43,5880,450,525.32,420.00,617
17603,United Kingdom,79,4,1788.38,638,104,447.10,159.50,651
17604,United Kingdom,218,6,942.38,614,142,157.06,102.33,464
17605,United Kingdom,591,1,160.75,71,13,160.75,71.00,0
17606,United Kingdom,738,1,87.30,42,6,87.30,42.00,0
17607,United Kingdom,377,1,333.81,269,22,333.81,269.00,0
17608,United Kingdom,34,4,488.06,528,134,122.02,132.00,574
17609,United Kingdom,41,11,1887.90,1321,317,171.63,120.09,569
17610,United Kingdom,541,5,1511.94,893,114,302.39,178.60,193
17611,United Kingdom,8,28,8337.53,5341,722,297.77,190.75,731
17612,United Kingdom,54,18,5394.86,3521,213,299.71,195.61,669
17613,United Kingdom,23,14,4544.55,2490,211,324.61,177.86,283
17614,United Kingdom,58,1,386.32,235,97,386.32,235.00,0
17615,United Kingdom,131,6,721.80,378,47,120.30,63.00,355
17616,United Kingdom,174,4,734.40,288,1,183.60,72.00,278
17617,United Kingdom,559,1,385.19,249,18,385.19,249.00,0
17618,United Kingdom,6,11,4001.64,1798,202,363.79,163.45,679
17619,United Kingdom,313,1,214.37,124,71,214.37,124.00,0
17620,United Kingdom,60,1,81.44,60,4,81.44,60.00,0
17621,United Kingdom,22,6,3175.12,1110,61,529.19,185.00,410
17622,United Kingdom,598,2,1130.21,379,19,565.11,189.50,1
17623,United Kingdom,33,7,2365.77,799,130,337.97,114.14,693
17624,United Kingdom,15,4,1568.63,958,91,392.16,239.50,705
17625,United Kingdom,19,8,5978.90,3505,429,747.36,438.12,706
17626,United Kingdom,603,1,254.00,202,18,254.00,202.00,0
17627,United Kingdom,479,1,296.36,676,10,296.36,676.00,0
17628,United Kingdom,82,1,75.75,79,5,75.75,79.00,0
17629,United Kingdom,6,10,2455.52,1903,129,245.55,190.30,416
17630,United Kingdom,170,2,503.60,158,24,251.80,79.00,63
17631,United Kingdom,2,7,998.49,591,66,142.64,84.43,729
17633,United Kingdom,32,7,2057.39,899,84,293.91,128.43,358
17634,United Kingdom,37,9,2358.59,838,209,262.07,93.11,301
17635,United Kingdom,425,3,1265.58,770,60,421.86,256.67,166
17636,United Kingdom,20,1,285.56,182,20,285.56,182.00,0
17637,United Kingdom,32,2,547.06,280,35,273.53,140.00,84
17638,United Kingdom,648,2,842.40,432,2,421.20,216.00,74
17639,United Kingdom,277,6,615.17,576,59,102.53,96.00,207
17640,United Kingdom,87,6,3168.94,1692,48,528.16,282.00,540
17642,United Kingdom,120,5,1824.49,1475,88,364.90,295.00,615
17643,United Kingdom,374,2,439.70,226,30,219.85,113.00,132
17644,United Kingdom,2,20,6028.60,3469,160,301.43,173.45,660
17646,United Kingdom,220,12,3898.79,1308,124,324.90,109.00,504
17647,United Kingdom,66,3,331.66,82,12,110.55,27.33,604
17648,United Kingdom,61,5,2216.37,954,114,443.27,190.80,325
17649,United Kingdom,139,3,1578.89,723,88,526.30,241.00,334
17650,United Kingdom,22,1,166.08,150,8,166.08,150.00,0
17651,United Kingdom,12,16,5703.52,4086,198,356.47,255.38,515
17652,United Kingdom,26,12,4867.72,2509,118,405.64,209.08,256
17653,United Kingdom,37,4,1207.56,1409,44,301.89,352.25,84
17654,United Kingdom,278,1,117.55,41,22,117.55,41.00,0
17655,United Kingdom,11,9,2976.38,1268,75,330.71,140.89,406
17656,United Kingdom,74,5,1674.69,1399,67,334.94,279.80,55
17657,United Kingdom,431,1,126.00,60,7,126.00,60.00,0
17658,United Kingdom,26,2,595.42,616,17,297.71,308.00,186
17659,United Kingdom,18,14,3586.99,1752,150,256.21,125.14,369
17660,United Kingdom,142,2,342.22,259,75,171.11,129.50,596
17662,United Kingdom,662,2,412.92,184,14,206.46,92.00,61
17663,United Kingdom,26,17,5175.83,2297,153,304.46,135.12,620
17664,United Kingdom,19,4,1166.23,1058,68,291.56,264.50,602
17665,United Kingdom,494,1,563.10,690,19,563.10,690.00,0
17666,United Kingdom,4,5,2047.80,1552,30,409.56,310.40,524
17667,United Kingdom,67,9,3950.70,2192,140,438.97,243.56,588
17668,United Kingdom,2,2,347.75,93,14,173.88,46.50,37
17669,United Kingdom,43,10,6142.35,3505,85,614.24,350.50,575
17670,United Kingdom,228,1,205.70,110,11,205.70,110.00,0
17671,United Kingdom,16,5,2009.16,987,54,401.83,197.40,360
17672,United Kingdom,51,7,5778.63,2758,179,825.52,394.00,632
17673,United Kingdom,2,13,4173.88,3284,195,321.07,252.62,629
17674,United Kingdom,75,2,551.04,672,19,275.52,336.00,294
17675,United Kingdom,2,70,37642.48,16180,345,537.75,231.14,728
17676,United Kingdom,5,10,2448.64,1764,85,244.86,176.40,615
17677,United Kingdom,2,54,35058.46,20921,346,649.23,387.43,722
17678,United Kingdom,264,2,599.76,368,27,299.88,184.00,340
17679,United Kingdom,53,7,3577.61,1755,70,511.09,250.71,684
17680,United Kingdom,24,3,497.45,155,20,165.82,51.67,488
17681,United Kingdom,598,5,731.20,450,12,146.24,90.00,96
17682,United Kingdom,11,11,4065.28,2281,85,369.57,207.36,631
17683,United Kingdom,386,3,819.01,781,41,273.00,260.33,169
17684,United Kingdom,44,1,239.41,145,15,239.41,145.00,0
17685,United Kingdom,17,12,5454.95,3474,124,454.58,289.50,650
17686,United Kingdom,8,9,8296.81,3583,283,921.87,398.11,526
17687,United Kingdom,421,1,432.68,210,26,432.68,210.00,0
17688,United Kingdom,394,1,304.20,114,19,304.20,114.00,0
17689,United Kingdom,389,2,317.08,300,17,158.54,150.00,86
17690,United Kingdom,31,20,6963.80,2939,237,348.19,146.95,644
17691,United Kingdom,359,4,637.55,315,37,159.39,78.75,188
17692,United Kingdom,128,12,2975.80,2338,90,247.98,194.83,413
17693,United Kingdom,138,1,200.47,231,16,200.47,231.00,0
17694,United Kingdom,142,3,1695.97,1493,54,565.32,497.67,421
17695,United Kingdom,132,5,1746.04,1809,46,349.21,361.80,549
17696,United Kingdom,39,27,7679.59,5891,191,284.43,218.19,691
17697,United Kingdom,237,1,338.95,93,19,338.95,93.00,0
17698,United Kingdom,261,1,154.95,93,8,154.95,93.00,0
17699,United Kingdom,477,2,442.00,208,17,221.00,104.00,85
17700,United Kingdom,17,14,6679.97,3469,259,477.14,247.79,722
17701,United Kingdom,253,1,417.95,109,24,417.95,109.00,0
17702,United Kingdom,31,6,3144.04,2153,120,524.01,358.83,370
17703,United Kingdom,36,4,1094.84,897,63,273.71,224.25,383
17704,United Kingdom,169,2,885.19,343,27,442.60,171.50,71
17705,United Kingdom,4,11,2083.90,1301,74,189.45,118.27,573
17706,United Kingdom,5,31,20272.15,7824,408,653.94,252.39,685
17707,United Kingdom,186,8,609.30,546,9,76.16,68.25,547
17708,United Kingdom,188,4,884.18,387,57,221.05,96.75,236
17709,United Kingdom,170,5,671.01,295,37,134.20,59.00,434
17710,United Kingdom,424,1,293.50,158,20,293.50,158.00,0
17711,United Kingdom,11,2,385.10,246,22,192.55,123.00,279
17712,United Kingdom,45,1,522.91,215,29,522.91,215.00,0
17713,United Kingdom,383,4,1198.09,989,55,299.52,247.25,166
17714,United Kingdom,321,5,1410.18,608,69,282.04,121.60,193
17715,United Kingdom,201,2,489.60,576,1,244.80,288.00,392
17716,United Kingdom,23,24,15956.97,8819,334,664.87,367.46,715
17717,United Kingdom,422,1,376.92,344,26,376.92,344.00,0
17718,United Kingdom,233,2,439.18,274,22,219.59,137.00,412
17719,United Kingdom,38,15,5396.04,2466,111,359.74,164.40,218
17720,United Kingdom,27,10,2666.91,1589,81,266.69,158.90,552
17721,United Kingdom,660,1,307.21,107,11,307.21,107.00,0
17722,United Kingdom,97,5,3520.22,2412,163,704.04,482.40,279
17723,United Kingdom,128,7,3378.40,912,6,482.63,130.29,248
17724,United Kingdom,72,3,1033.00,300,38,344.33,100.00,67
17725,United Kingdom,17,11,3439.08,2162,115,312.64,196.55,251
17726,United Kingdom,396,7,1092.06,444,52,156.01,63.43,287
17727,United Kingdom,16,1,1060.25,645,66,1060.25,645.00,0
17728,United Kingdom,4,5,4238.76,2146,196,847.75,429.20,450
17729,United Kingdom,597,1,438.65,247,23,438.65,247.00,0
17730,United Kingdom,4,20,7773.80,5300,177,388.69,265.00,586
17731,United Kingdom,80,6,1708.99,707,82,284.83,117.83,589
17732,United Kingdom,373,8,2166.42,1058,90,270.80,132.25,115
17733,United Kingdom,39,2,692.19,463,33,346.10,231.50,223
17734,United Kingdom,54,6,1442.32,741,76,240.39,123.50,589
17735,United Kingdom,3,26,16790.33,10683,391,645.78,410.88,495
17736,United Kingdom,10,3,377.44,238,24,125.81,79.33,104
17737,United Kingdom,10,2,168.24,108,8,84.12,54.00,49
17738,United Kingdom,20,13,4183.56,2776,173,321.81,213.54,611
17739,United Kingdom,12,18,7730.59,2335,56,429.48,129.72,721
17740,United Kingdom,390,6,426.90,222,5,71.15,37.00,308
17741,United Kingdom,407,2,101.10,114,6,50.55,57.00,154
17742,United Kingdom,114,11,2098.48,653,52,190.77,59.36,625
17743,United Kingdom,449,1,229.20,96,3,229.20,96.00,0
17744,United Kingdom,4,7,2649.14,3826,121,378.45,546.57,377
17745,United Kingdom,478,2,600.34,164,27,300.17,82.00,78
17746,United Kingdom,241,4,904.18,688,32,226.05,172.00,370
17747,United Kingdom,113,1,71.40,12,1,71.40,12.00,0
17748,United Kingdom,528,1,358.15,111,17,358.15,111.00,0
17749,United Kingdom,179,3,1026.18,446,52,342.06,148.67,368
17750,United Kingdom,6,9,1710.45,3747,101,190.05,416.33,159
17751,United Kingdom,422,1,157.86,147,31,157.86,147.00,0
17752,United Kingdom,360,1,80.64,192,1,80.64,192.00,0
17753,United Kingdom,465,4,382.06,124,63,95.52,31.00,238
17754,United Kingdom,1,13,4451.22,4366,185,342.40,335.85,728
17756,United Kingdom,376,3,728.75,399,54,242.92,133.00,19
17757,United Kingdom,2,56,9074.05,5011,362,162.04,89.48,694
17758,United Kingdom,20,12,4964.03,3199,403,413.67,266.58,549
17759,United Kingdom,18,5,1261.88,965,114,252.38,193.00,566
17760,United Kingdom,22,6,746.39,531,58,124.40,88.50,628
17761,United Kingdom,33,1,712.78,398,19,712.78,398.00,0
17762,United Kingdom,457,1,129.75,129,16,129.75,129.00,0
17763,United Kingdom,264,4,86.15,41,11,21.54,10.25,396
17764,United Kingdom,51,5,1513.57,674,126,302.71,134.80,686
17765,United Kingdom,159,4,524.00,195,71,131.00,48.75,290
17766,United Kingdom,382,2,299.61,155,21,149.81,77.50,0
17767,United Kingdom,16,2,413.05,198,35,206.53,99.00,395
17768,United Kingdom,9,7,3292.73,2339,134,470.39,334.14,729
17769,United Kingdom,13,17,7053.38,3157,330,414.90,185.71,677
17770,United Kingdom,199,5,1143.27,365,33,228.65,73.00,84
17771,United Kingdom,57,4,387.41,373,63,96.85,93.25,533
17772,United Kingdom,11,3,360.75,113,94,120.25,37.67,382
17773,United Kingdom,515,2,575.37,254,48,287.69,127.00,176
17774,United Kingdom,97,9,3273.83,1585,286,363.76,176.11,573
17775,United Kingdom,255,1,56.40,72,3,56.40,72.00,0
17776,United Kingdom,387,2,330.56,273,74,165.28,136.50,337
17777,United Kingdom,25,3,647.56,501,141,215.85,167.00,76
17778,United Kingdom,662,1,197.70,214,10,197.70,214.00,0
17779,United Kingdom,22,3,650.32,396,73,216.77,132.00,122
17780,United Kingdom,668,3,346.56,156,76,115.52,52.00,17
17781,United Kingdom,160,2,188.02,34,12,94.01,17.00,94
17782,United Kingdom,383,2,679.02,538,29,339.51,269.00,0
17783,United Kingdom,73,3,376.96,438,91,125.65,146.00,440
17784,United Kingdom,551,1,112.86,72,19,112.86,72.00,0
17785,United Kingdom,54,3,403.38,227,48,134.46,75.67,512
17786,United Kingdom,86,2,266.85,195,57,133.43,97.50,232
17787,United Kingdom,153,4,1817.54,896,94,454.38,224.00,219
17788,United Kingdom,74,2,1117.90,211,3,558.95,105.50,56
17789,United Kingdom,282,2,397.15,199,27,198.57,99.50,380
17790,United Kingdom,27,20,2779.41,1387,188,138.97,69.35,518
17791,United Kingdom,30,1,106.10,46,10,106.10,46.00,0
17792,United Kingdom,468,2,368.35,149,45,184.18,74.50,11
17793,United Kingdom,26,1,300.34,226,49,300.34,226.00,0
17794,United Kingdom,687,2,147.30,46,7,73.65,23.00,2
17795,United Kingdom,180,2,342.83,305,43,171.41,152.50,85
17796,United Kingdom,41,7,1236.39,347,149,176.63,49.57,381
17797,United Kingdom,23,8,1971.87,1086,222,246.48,135.75,702
17798,United Kingdom,582,1,178.07,138,43,178.07,138.00,0
17799,United Kingdom,23,20,6246.93,3674,478,312.35,183.70,704
17800,United Kingdom,38,9,1187.21,732,51,131.91,81.33,297
17801,United Kingdom,452,3,770.03,820,66,256.68,273.33,240
17802,United Kingdom,83,10,4946.22,2705,283,494.62,270.50,644
17803,United Kingdom,393,1,184.66,98,27,184.66,98.00,0
17804,United Kingdom,377,3,383.78,194,82,127.93,64.67,362
17805,United Kingdom,74,2,927.03,1126,10,463.51,563.00,537
17806,United Kingdom,12,1,546.04,727,43,546.04,727.00,0
17807,United Kingdom,396,3,437.87,262,88,145.96,87.33,309
17808,United Kingdom,549,4,262.64,143,29,65.66,35.75,33
17809,United Kingdom,17,20,10085.89,2995,59,504.29,149.75,721
17810,United Kingdom,669,2,373.16,118,51,186.58,59.00,15
17811,United Kingdom,5,47,9519.80,5278,538,202.55,112.30,441
17812,United Kingdom,13,7,911.99,444,162,130.28,63.43,518
17813,United Kingdom,15,5,1698.07,752,297,339.61,150.40,57
17814,United Kingdom,376,2,1609.37,1435,112,804.68,717.50,47
17815,United Kingdom,394,1,591.96,612,13,591.96,612.00,0
17816,United Kingdom,37,6,96.11,80,41,16.02,13.33,688
17817,United Kingdom,5,6,788.15,353,115,131.36,58.83,418
17818,United Kingdom,738,1,124.78,86,42,124.78,86.00,0
17819,United Kingdom,72,12,6021.05,1610,66,501.75,134.17,655
17820,United Kingdom,375,1,180.61,111,39,180.61,111.00,0
17821,United Kingdom,407,1,334.62,162,6,334.62,162.00,0
17822,United Kingdom,421,5,2162.93,1375,152,432.59,275.00,140
17823,United Kingdom,422,2,449.25,252,88,224.62,126.00,0
17824,United Kingdom,52,1,298.40,408,13,298.40,408.00,0
17825,United Kingdom,599,4,701.96,516,24,175.49,129.00,127
17826,United Kingdom,375,1,133.34,84,33,133.34,84.00,0
17827,United Kingdom,6,6,2376.17,1582,240,396.03,263.67,616
17828,Malta,23,4,1820.09,667,54,455.02,166.75,162
17829,United Arab Emirates,299,5,4756.74,3009,121,951.35,601.80,357
17830,United Kingdom,2,3,398.70,92,18,132.90,30.67,287
17831,United Kingdom,34,1,35.40,12,2,35.40,12.00,0
17832,United Kingdom,50,1,155.37,208,61,155.37,208.00,0
17833,United Kingdom,724,1,338.46,143,28,338.46,143.00,0
17834,United Kingdom,415,2,689.67,639,54,344.84,319.50,31
17835,United Kingdom,3,3,342.24,344,45,114.08,114.67,21
17836,United Kingdom,48,1,110.21,88,23,110.21,88.00,0
17837,United Kingdom,43,8,1541.23,510,110,192.65,63.75,121
17838,United Kingdom,27,13,5604.64,3491,141,431.13,268.54,604
17839,United Kingdom,43,1,318.15,257,50,318.15,257.00,0
17840,United Kingdom,444,1,175.90,128,44,175.90,128.00,0
17841,United Kingdom,2,211,68545.25,36584,2116,324.86,173.38,736
17842,United Kingdom,603,1,430.69,89,18,430.69,89.00,0
17843,United Kingdom,304,2,320.40,251,58,160.20,125.50,108
17844,Canada,107,1,51.56,52,5,51.56,52.00,0
17845,United Kingdom,556,4,596.09,195,42,149.02,48.75,21
17846,United Kingdom,86,1,2033.10,1,1,2033.10,1.00,0
17847,United Kingdom,516,2,129.69,29,9,64.84,14.50,130
17848,United Kingdom,82,30,3559.11,1404,105,118.64,46.80,652
17849,United Kingdom,219,8,1063.76,224,24,132.97,28.00,417
17850,United Kingdom,373,155,51208.87,21052,100,330.38,135.82,362
17851,United Kingdom,423,6,1552.35,933,185,258.72,155.50,314
17852,United Kingdom,12,5,657.81,372,82,131.56,74.40,720
17853,United Kingdom,408,3,1596.29,625,84,532.10,208.33,329
17854,United Kingdom,186,6,1068.50,607,113,178.08,101.17,546
17855,United Kingdom,373,1,208.97,197,17,208.97,197.00,0
17856,United Kingdom,2,4,1418.03,842,12,354.51,210.50,280
17857,United Kingdom,5,24,27347.04,19906,21,1139.46,829.42,637
17858,United Kingdom,6,30,12518.65,5383,173,417.29,179.43,728
17859,United Kingdom,305,1,141.92,102,23,141.92,102.00,0
17860,United Kingdom,369,4,717.39,696,127,179.35,174.00,360
17861,United Kingdom,4,18,5088.29,4541,329,282.68,252.28,726
17862,United Kingdom,324,4,1254.89,440,90,313.72,110.00,240
17863,United Kingdom,60,12,5360.48,4676,154,446.71,389.67,593
17864,United Kingdom,13,5,876.57,1015,93,175.31,203.00,415
17865,United Kingdom,31,46,26312.19,12950,391,572.00,281.52,708
17866,United Kingdom,143,3,1134.95,535,20,378.32,178.33,583
17867,United Kingdom,31,15,1582.05,638,119,105.47,42.53,707
17868,United Kingdom,387,1,227.15,85,18,227.15,85.00,0
17869,United Kingdom,108,7,813.64,491,72,116.23,70.14,440
17870,United Kingdom,3,13,2753.29,1699,215,211.79,130.69,379
17871,United Kingdom,205,5,1068.95,665,64,213.79,133.00,489
17872,United Kingdom,382,1,235.87,176,15,235.87,176.00,0
17873,United Kingdom,81,18,6265.33,4159,65,348.07,231.06,643
17874,United Kingdom,186,6,683.46,221,37,113.91,36.83,70
17875,United Kingdom,689,1,167.10,98,25,167.10,98.00,0
17876,United Kingdom,400,3,3424.02,1958,3,1141.34,652.67,276
17877,United Kingdom,171,1,237.61,98,12,237.61,98.00,0
17878,United Kingdom,44,3,1378.93,1014,82,459.64,338.00,352
17879,United Kingdom,174,1,178.52,45,6,178.52,45.00,0
17880,United Kingdom,365,3,824.92,466,43,274.97,155.33,366
17881,United Kingdom,305,1,133.35,32,8,133.35,32.00,0
17882,United Kingdom,380,2,291.56,130,47,145.78,65.00,0
17883,United Kingdom,4,7,988.42,476,155,141.20,68.00,649
17884,United Kingdom,4,20,2698.47,2749,305,134.92,137.45,732
17885,United Kingdom,13,1,156.34,110,50,156.34,110.00,0
17886,United Kingdom,32,6,1572.55,711,138,262.09,118.50,558
17887,United Kingdom,130,1,111.35,30,10,111.35,30.00,0
17888,United Kingdom,22,25,1807.44,1536,145,72.30,61.44,697
17889,United Kingdom,213,7,746.42,403,97,106.63,57.57,406
17890,United Kingdom,323,2,586.89,402,88,293.44,201.00,39
17891,United Kingdom,163,1,203.86,393,34,203.86,393.00,0
17892,United Kingdom,57,3,244.10,109,27,81.37,36.33,99
17893,United Kingdom,226,1,107.21,149,15,107.21,149.00,0
17894,United Kingdom,72,18,2304.58,938,215,128.03,52.11,398
17895,United Kingdom,45,1,95.45,127,15,95.45,127.00,0
17896,United Kingdom,24,1,256.32,288,2,256.32,288.00,0
17897,United Kingdom,173,9,2099.89,864,211,233.32,96.00,404
17898,United Kingdom,86,4,299.18,251,48,74.80,62.75,482
17899,United Kingdom,160,1,154.55,170,29,154.55,170.00,0
17900,United Kingdom,191,2,112.20,73,4,56.10,36.50,0
17901,United Kingdom,30,3,260.08,38,22,86.69,12.67,492
17902,United Kingdom,547,1,216.40,526,24,216.40,526.00,0
17903,United Kingdom,395,1,381.09,142,44,381.09,142.00,0
17904,United Kingdom,22,1,181.07,59,33,181.07,59.00,0
17905,United Kingdom,72,13,2178.87,1299,129,167.61,99.92,609
17906,United Kingdom,248,1,72.90,26,12,72.90,26.00,0
17907,United Kingdom,641,1,291.76,1046,13,291.76,1046.00,0
17908,United Kingdom,374,5,1142.47,670,178,228.49,134.00,352
17909,United Kingdom,738,1,110.05,35,8,110.05,35.00,0
17910,United Kingdom,727,1,261.70,121,25,261.70,121.00,0
17911,United Kingdom,10,1,366.23,223,39,366.23,223.00,0
17912,United Kingdom,311,6,374.55,215,48,62.43,35.83,65
17913,United Kingdom,59,14,3429.29,1725,224,244.95,123.21,678
17914,United Kingdom,4,1,329.36,457,72,329.36,457.00,0
17915,United Kingdom,552,1,225.78,184,27,225.78,184.00,0
17916,United Kingdom,629,2,43.87,90,15,21.93,45.00,105
17917,United Kingdom,46,3,335.03,184,77,111.68,61.33,317
17918,United Kingdom,501,3,396.39,352,34,132.13,117.33,5
17919,United Kingdom,89,2,1840.32,1452,37,920.16,726.00,350
17920,United Kingdom,5,54,23581.78,12265,715,436.70,227.13,729
17921,United Kingdom,65,10,2394.36,991,230,239.44,99.10,448
17922,United Kingdom,544,1,170.40,49,8,170.40,49.00,0
17923,United Kingdom,283,3,497.00,140,2,165.67,46.67,262
17924,United Kingdom,12,8,3257.70,1208,27,407.21,151.00,403
17925,United Kingdom,373,1,244.08,72,1,244.08,72.00,0
17926,United Kingdom,134,5,1035.49,572,27,207.10,114.40,446
17927,United Kingdom,722,1,294.00,108,10,294.00,108.00,0
17928,United Kingdom,46,3,341.24,222,27,113.75,74.00,526
17929,United Kingdom,12,12,3082.10,434,6,256.84,36.17,719
17930,United Kingdom,36,13,4275.22,3795,39,328.86,291.92,610
17931,United Kingdom,135,14,3402.24,1919,274,243.02,137.07,527
17932,United Kingdom,30,3,1331.57,789,84,443.86,263.00,182
17933,United Kingdom,633,1,114.69,63,12,114.69,63.00,0
17934,United Kingdom,52,3,1049.15,628,36,349.72,209.33,355
17935,United Kingdom,139,7,686.14,244,60,98.02,34.86,597
17936,United Kingdom,6,1,380.13,257,68,380.13,257.00,0
17937,United Kingdom,9,7,4301.22,1754,19,614.46,250.57,354
17938,United Kingdom,421,1,144.29,53,29,144.29,53.00,0
17939,United Kingdom,160,1,99.14,40,12,99.14,40.00,0
17940,United Kingdom,50,16,30306.79,85148,11,1894.17,5321.75,687
17941,United Kingdom,131,4,1433.28,1108,5,358.32,277.00,572
17942,United Kingdom,8,1,77.50,38,2,77.50,38.00,0
17944,United Kingdom,424,1,74.99,84,24,74.99,84.00,0
17945,United Kingdom,697,3,360.35,244,66,120.12,81.33,0
17946,United Kingdom,234,2,149.58,75,18,74.79,37.50,26
17947,United Kingdom,38,1,176.68,168,9,176.68,168.00,0
17948,United Kingdom,148,1,358.56,144,1,358.56,144.00,0
17949,United Kingdom,2,118,117314.08,60538,58,994.19,513.03,736
17950,United Kingdom,73,7,1166.29,659,133,166.61,94.14,632
17951,United Kingdom,40,4,1340.58,780,24,335.15,195.00,365
17952,United Kingdom,379,4,788.46,477,85,197.12,119.25,163
17953,United Kingdom,541,1,159.17,98,20,159.17,98.00,0
17954,United Kingdom,6,19,3804.38,3180,479,200.23,167.37,725
17955,United Kingdom,199,6,949.90,681,16,158.32,113.50,467
17956,United Kingdom,250,1,12.75,1,1,12.75,1.00,0
17957,United Kingdom,67,1,111.68,287,31,111.68,287.00,0
17958,United Kingdom,117,2,973.88,284,35,486.94,142.00,612
17959,United Kingdom,593,1,140.75,49,2,140.75,49.00,0
17960,United Kingdom,172,3,135.08,60,37,45.03,20.00,470
17961,United Kingdom,22,100,2866.74,1491,486,28.67,14.91,717
17962,United Kingdom,143,4,666.96,633,146,166.74,158.25,553
17963,United Kingdom,472,4,643.16,341,98,160.79,85.25,218
17964,United Kingdom,32,2,463.21,294,84,231.60,147.00,341
17965,United Kingdom,38,29,7006.65,4383,588,241.61,151.14,688
17966,United Kingdom,38,10,1963.92,3918,82,196.39,391.80,653
17967,United Kingdom,372,2,223.42,111,59,111.71,55.50,45
17968,United Kingdom,374,4,590.44,352,106,147.61,88.00,139
17969,United Kingdom,167,20,2354.29,1014,113,117.71,50.70,567
17970,United Kingdom,212,1,562.79,513,27,562.79,513.00,0
17971,United Kingdom,549,1,161.94,62,21,161.94,62.00,0
17972,United Kingdom,242,1,135.19,36,30,135.19,36.00,0
17973,United Kingdom,52,1,337.04,176,15,337.04,176.00,0
17974,United Kingdom,25,6,1739.09,1189,279,289.85,198.17,383
17975,United Kingdom,16,24,6696.33,2179,243,279.01,90.79,475
17976,United Kingdom,373,1,321.79,93,56,321.79,93.00,0
17977,United Kingdom,30,2,1511.45,1948,94,755.73,974.00,371
17978,United Kingdom,366,4,1159.99,1297,62,290.00,324.25,366
17979,United Kingdom,36,4,732.41,383,116,183.10,95.75,224
17980,United Kingdom,166,4,1012.72,771,41,253.18,192.75,228
17981,United Kingdom,411,1,239.12,260,17,239.12,260.00,0
17982,United Kingdom,681,1,138.18,117,13,138.18,117.00,0
17983,United Kingdom,396,1,171.71,108,23,171.71,108.00,0
17984,United Kingdom,146,5,1152.19,939,209,230.44,187.80,593
17985,United Kingdom,23,1,631.35,171,20,631.35,171.00,0
17986,United Kingdom,57,1,20.80,10,1,20.80,10.00,0
17987,United Kingdom,186,5,965.44,981,139,193.09,196.20,365
17988,United Kingdom,12,14,489.54,186,115,34.97,13.29,721
17989,United Kingdom,380,1,207.33,300,26,207.33,300.00,0
17990,United Kingdom,237,6,1527.61,777,40,254.60,129.50,496
17991,United Kingdom,226,3,300.30,93,37,100.10,31.00,366
17992,United Kingdom,390,1,252.88,130,49,252.88,130.00,0
17993,United Kingdom,618,1,225.99,108,60,225.99,108.00,0
17994,United Kingdom,122,11,2270.03,2181,227,206.37,198.27,499
17995,United Kingdom,282,3,495.48,263,28,165.16,87.67,106
17996,United Kingdom,380,3,482.33,587,63,160.78,195.67,167
17997,United Kingdom,75,8,1962.46,2273,133,245.31,284.12,90
17998,United Kingdom,381,3,639.24,561,57,213.08,187.00,358
17999,United Kingdom,38,3,528.46,286,125,176.15,95.33,341
18000,United Kingdom,565,1,124.25,109,6,124.25,109.00,0
18001,United Kingdom,13,6,924.14,874,120,154.02,145.67,725
18002,United Kingdom,376,4,244.37,71,52,61.09,17.75,356
18003,United Kingdom,377,1,353.51,297,23,353.51,297.00,0
18004,United Kingdom,363,1,157.92,75,32,157.92,75.00,0
18005,United Kingdom,4,2,226.47,86,52,113.23,43.00,44
18006,United Kingdom,24,4,969.51,395,57,242.38,98.75,699
18007,United Kingdom,393,1,215.22,246,46,215.22,246.00,0
18008,United Kingdom,71,23,19759.08,7825,77,859.09,340.22,632
18009,United Kingdom,236,8,2144.23,651,145,268.03,81.38,417
18010,United Kingdom,257,1,174.80,60,14,174.80,60.00,0
18011,United Kingdom,374,2,410.79,125,63,205.40,62.50,194
18012,United Kingdom,724,1,115.30,63,13,115.30,63.00,0
18013,United Kingdom,156,2,187.29,285,31,93.64,142.50,0
18014,United Kingdom,29,1,162.22,66,29,162.22,66.00,0
18015,United Kingdom,5,1,120.03,157,46,120.03,157.00,0
18016,United Kingdom,33,7,1954.56,1207,115,279.22,172.43,649
18017,United Kingdom,82,4,688.00,400,1,172.00,100.00,350
18018,United Kingdom,109,4,297.99,186,43,74.50,46.50,312
18019,United Kingdom,52,1,38.45,7,5,38.45,7.00,0
18020,United Kingdom,544,1,190.48,67,12,190.48,67.00,0
18021,United Kingdom,510,2,216.41,168,32,108.20,84.00,3
18022,United Kingdom,36,5,1507.25,1311,306,301.45,262.20,511
18024,United Kingdom,153,2,389.78,184,21,194.89,92.00,0
18025,United Kingdom,380,6,1177.72,1053,83,196.29,175.50,240
18026,United Kingdom,501,2,2074.07,530,12,1037.04,265.00,5
18027,United Kingdom,99,1,115.31,78,21,115.31,78.00,0
18028,United Kingdom,584,1,192.05,133,4,192.05,133.00,0
18029,United Kingdom,643,1,433.77,253,18,433.77,253.00,0
18030,United Kingdom,5,2,230.65,67,8,115.32,33.50,38
18031,United Kingdom,379,1,451.30,298,49,451.30,298.00,0
18032,United Kingdom,335,1,73.50,42,5,73.50,42.00,0
18033,United Kingdom,66,1,93.82,252,32,93.82,252.00,0
18034,United Kingdom,22,3,754.20,951,182,251.40,317.00,354
18035,United Kingdom,36,5,1260.23,1134,52,252.05,226.80,350
18036,United Kingdom,33,11,1545.49,741,221,140.50,67.36,689
18037,United Kingdom,155,15,167.42,37,31,11.16,2.47,584
18038,United Kingdom,557,1,141.48,80,25,141.48,80.00,0
18039,United Kingdom,375,4,548.22,555,137,137.06,138.75,266
18040,United Kingdom,20,2,357.20,148,18,178.60,74.00,226
18041,United Kingdom,12,38,8018.77,7316,464,211.02,192.53,683
18042,United Kingdom,54,2,281.15,69,13,140.57,34.50,488
18043,United Kingdom,25,3,529.29,265,106,176.43,88.33,342
18044,United Kingdom,5,18,3505.61,1598,128,194.76,88.78,556
18045,United Kingdom,46,1,178.34,138,43,178.34,138.00,0
18046,United Kingdom,650,1,189.63,44,26,189.63,44.00,0
18047,United Kingdom,382,2,326.09,130,74,163.04,65.00,0
18048,United Kingdom,204,3,394.93,256,56,131.64,85.33,290
18049,United Kingdom,438,2,500.92,402,82,250.46,201.00,153
18050,United Kingdom,360,2,412.06,250,22,206.03,125.00,34
18051,United Kingdom,635,7,2282.28,1661,41,326.04,237.29,96
18052,United Kingdom,565,1,10877.18,17766,16,10877.18,17766.00,0
18053,United Kingdom,71,3,571.07,409,29,190.36,136.33,457
18054,United Kingdom,393,1,176.50,96,11,176.50,96.00,0
18055,United Kingdom,8,14,10142.64,3534,320,724.47,252.43,406
18056,United Kingdom,289,2,554.60,334,28,277.30,167.00,330
18057,United Kingdom,394,3,1188.46,970,121,396.15,323.33,297
18058,United Kingdom,10,3,774.06,394,12,258.02,131.33,658
18059,United Kingdom,24,3,306.46,258,17,102.15,86.00,44
18060,United Kingdom,409,2,1185.46,902,74,592.73,451.00,156
18061,United Kingdom,22,28,6083.81,3359,30,217.28,119.96,714
18062,United Kingdom,174,6,1632.67,831,46,272.11,138.50,424
18063,United Kingdom,391,2,186.60,48,2,93.30,24.00,243
18064,United Kingdom,134,11,4481.83,2685,53,407.44,244.09,543
18065,United Kingdom,6,29,5866.63,2265,193,202.30,78.10,725
18066,United Kingdom,76,3,1440.40,535,37,480.13,178.33,340
18067,United Kingdom,41,1,396.33,189,36,396.33,189.00,0
18068,United Kingdom,290,1,101.70,6,1,101.70,6.00,0
18069,United Kingdom,27,11,4464.92,3168,602,405.90,288.00,623
18070,United Kingdom,670,1,314.10,86,9,314.10,86.00,0
18071,United Kingdom,258,6,1169.68,678,52,194.95,113.00,477
18072,United Kingdom,186,1,247.44,288,18,247.44,288.00,0
18073,United Kingdom,115,12,3859.82,3102,23,321.65,258.50,83
18074,United Kingdom,374,2,1019.44,361,37,509.72,180.50,132
18075,United Kingdom,24,20,5783.29,3281,180,289.16,164.05,475
18076,United Kingdom,381,1,151.49,164,8,151.49,164.00,0
18077,United Kingdom,9,18,4078.79,3020,141,226.60,167.78,724
18078,United Kingdom,218,4,725.53,370,65,181.38,92.50,411
18079,United Kingdom,46,5,4203.93,8730,107,840.79,1746.00,446
18080,United Kingdom,19,2,1231.50,642,2,615.75,321.00,224
18081,United Kingdom,37,3,343.45,195,14,114.48,65.00,97
18082,United Kingdom,26,1,680.84,608,62,680.84,608.00,0
18083,United Kingdom,398,1,463.53,268,36,463.53,268.00,0
18084,United Kingdom,17,3,795.23,755,7,265.08,251.67,372
18085,United Kingdom,331,4,1341.85,507,42,335.46,126.75,298
18086,United Kingdom,275,1,101.34,106,7,101.34,106.00,0
18087,United Kingdom,99,17,14761.52,7775,44,868.32,457.35,640
18088,United Kingdom,62,1,166.03,107,35,166.03,107.00,0
18089,United Kingdom,447,1,428.45,95,9,428.45,95.00,0
18090,United Kingdom,422,1,321.90,307,47,321.90,307.00,0
18091,United Kingdom,594,1,360.85,539,25,360.85,539.00,0
18092,United Kingdom,3,18,14693.72,8298,42,816.32,461.00,733
18093,United Kingdom,94,8,4452.71,3429,43,556.59,428.62,525
18094,United Kingdom,82,13,6391.52,4164,55,491.66,320.31,620
18095,United Kingdom,313,5,2303.09,1623,37,460.62,324.60,287
18096,United Kingdom,12,6,1657.87,1409,299,276.31,234.83,502
18097,United Kingdom,8,11,4627.92,2716,86,420.72,246.91,715
18098,United Kingdom,397,1,527.94,215,85,527.94,215.00,0
18099,United Kingdom,128,1,168.31,149,19,168.31,149.00,0
18100,United Kingdom,551,1,451.56,440,30,451.56,440.00,0
18101,United Kingdom,12,5,622.01,247,89,124.40,49.40,663
18102,United Kingdom,1,145,580987.04,181645,382,4006.81,1252.72,738
18103,United Kingdom,550,1,105.80,23,10,105.80,23.00,0
18104,United Kingdom,38,1,754.64,362,38,754.64,362.00,0
18105,United Kingdom,38,1,113.48,46,18,113.48,46.00,0
18106,United Kingdom,330,6,1441.06,506,126,240.18,84.33,364
18107,United Kingdom,443,1,165.88,65,38,165.88,65.00,0
18108,United Kingdom,255,3,848.81,261,43,282.94,87.00,483
18109,United Kingdom,2,38,9555.71,4822,203,251.47,126.89,525
18110,United Kingdom,20,2,392.28,169,58,196.14,84.50,392
18111,United Kingdom,590,1,405.85,232,27,405.85,232.00,0
18112,United Kingdom,13,4,773.36,443,59,193.34,110.75,539
18113,United Kingdom,369,1,76.32,72,1,76.32,72.00,0
18114,United Kingdom,291,1,220.10,55,28,220.10,55.00,0
18115,United Kingdom,698,1,9.70,3,3,9.70,3.00,0
18116,United Kingdom,68,13,2134.49,1267,311,164.19,97.46,344
18117,United Kingdom,26,1,315.65,605,68,315.65,605.00,0
18118,United Kingdom,11,29,6221.02,3184,444,214.52,109.79,371
18119,United Kingdom,368,1,180.70,124,29,180.70,124.00,0
18120,United Kingdom,215,1,111.15,31,17,111.15,31.00,0
18121,United Kingdom,150,2,653.30,438,28,326.65,219.00,5
18122,United Kingdom,9,6,1793.06,1225,239,298.84,204.17,142
18123,United Kingdom,25,3,666.64,616,53,222.21,205.33,489
18124,United Kingdom,473,1,102.65,47,20,102.65,47.00,0
18125,United Kingdom,30,4,1131.75,800,164,282.94,200.00,287
18126,United Kingdom,61,1,200.92,135,52,200.92,135.00,0
18127,United Kingdom,20,4,556.13,250,56,139.03,62.50,384
18128,United Kingdom,538,1,399.29,216,42,399.29,216.00,0
18129,United Kingdom,244,1,112.55,48,13,112.55,48.00,0
18130,United Kingdom,16,3,1059.39,824,58,353.13,274.67,42
18131,United Kingdom,632,1,222.96,552,4,222.96,552.00,0
18132,United Kingdom,505,1,220.13,212,60,220.13,212.00,0
18133,United Kingdom,213,1,931.50,1350,1,931.50,1350.00,0
18134,United Kingdom,599,2,445.00,128,27,222.50,64.00,96
18135,United Kingdom,30,10,1249.62,753,23,124.96,75.30,605
18136,United Kingdom,64,5,1631.36,860,77,326.27,172.00,388
18137,United Kingdom,552,2,145.99,59,26,73.00,29.50,0
18138,United Kingdom,296,1,152.65,38,8,152.65,38.00,0
18139,United Kingdom,18,6,8438.34,5557,35,1406.39,926.17,1
18140,West Indies,474,1,536.41,395,49,536.41,395.00,0
18141,United Kingdom,402,2,882.47,433,38,441.24,216.50,188
18142,United Kingdom,158,2,1019.52,1276,9,509.76,638.00,58
18143,United Kingdom,117,2,1000.16,570,59,500.08,285.00,25
18144,United Kingdom,8,19,4892.95,2144,51,257.52,112.84,716
18145,United Kingdom,13,11,5609.74,5104,250,509.98,464.00,719
18146,United Kingdom,141,2,160.35,153,10,80.18,76.50,80
18147,United Kingdom,46,2,179.34,203,7,89.67,101.50,63
18148,United Kingdom,647,1,112.85,63,9,112.85,63.00,0
18149,United Kingdom,51,7,1553.96,869,54,221.99,124.14,585
18150,United Kingdom,33,3,566.58,332,29,188.86,110.67,169
18151,United Kingdom,135,6,1879.44,986,99,313.24,164.33,511
18152,United Kingdom,647,1,426.69,75,10,426.69,75.00,0
18153,United Kingdom,660,1,246.22,200,17,246.22,200.00,0
18154,United Kingdom,4,5,932.60,626,34,186.52,125.20,487
18155,United Kingdom,76,3,371.62,266,19,123.87,88.67,216
18156,United Kingdom,13,2,675.64,283,100,337.82,141.50,357
18157,United Kingdom,572,1,213.90,145,25,213.90,145.00,0
18158,United Kingdom,10,2,453.40,354,24,226.70,177.00,79
18159,United Kingdom,302,1,530.15,139,23,530.15,139.00,0
18160,United Kingdom,58,3,1003.88,519,56,334.63,173.00,329
18161,United Kingdom,16,6,1803.10,965,57,300.52,160.83,364
18162,United Kingdom,733,1,371.51,332,45,371.51,332.00,0
18163,United Kingdom,585,1,728.84,452,33,728.84,452.00,0
18164,United Kingdom,38,1,399.65,184,24,399.65,184.00,0
18165,United Kingdom,178,1,302.46,254,10,302.46,254.00,0
18166,United Kingdom,624,1,175.50,90,10,175.50,90.00,0
18167,United Kingdom,24,3,1384.86,382,24,461.62,127.33,82
18168,United Kingdom,177,16,3435.50,1995,209,214.72,124.69,560
18169,United Kingdom,61,1,202.65,61,9,202.65,61.00,0
18170,United Kingdom,34,9,2878.00,1184,59,319.78,131.56,667
18171,United Kingdom,59,9,2437.31,991,76,270.81,110.11,645
18172,United Kingdom,15,52,17467.24,7407,176,335.91,142.44,714
18173,United Kingdom,87,5,2696.36,1730,34,539.27,346.00,526
18174,United Kingdom,8,2,162.50,80,1,81.25,40.00,596
18175,United Kingdom,676,1,176.10,70,7,176.10,70.00,0
18176,United Kingdom,359,1,476.35,283,30,476.35,283.00,0
18177,United Kingdom,32,9,2216.32,1238,66,246.26,137.56,693
18178,United Kingdom,129,11,6103.74,3850,204,554.89,350.00,531
18179,United Kingdom,10,8,2547.55,1811,101,318.44,226.38,654
18180,United Kingdom,5,6,1843.75,1721,108,307.29,286.83,138
18181,United Kingdom,25,5,1188.34,510,139,237.67,102.00,711
18182,United Kingdom,464,1,291.13,167,10,291.13,167.00,0
18183,United Kingdom,228,2,632.07,371,36,316.04,185.50,47
18184,United Kingdom,16,1,49.80,60,1,49.80,60.00,0
18185,United Kingdom,250,1,304.25,183,17,304.25,183.00,0
18186,United Kingdom,723,1,329.58,338,11,329.58,338.00,0
18187,United Kingdom,632,1,724.89,310,48,724.89,310.00,0
18188,United Kingdom,16,6,3280.59,1888,95,546.76,314.67,608
18189,United Kingdom,78,3,1403.73,836,79,467.91,278.67,548
18190,United Kingdom,193,5,745.62,490,34,149.12,98.00,525
18191,United Kingdom,262,2,529.40,332,15,264.70,166.00,216
18192,United Kingdom,72,1,957.97,339,45,957.97,339.00,0
18193,United Kingdom,166,3,1207.35,926,66,402.45,308.67,277
18194,United Kingdom,83,6,4162.04,1774,23,693.67,295.67,598
18195,United Kingdom,388,1,101.16,60,5,101.16,60.00,0
18196,United Kingdom,96,4,1457.19,1038,210,364.30,259.50,537
18197,United Kingdom,576,1,230.10,166,9,230.10,166.00,0
18198,United Kingdom,5,17,5425.56,4074,81,319.15,239.65,332
18199,United Kingdom,684,1,344.75,99,20,344.75,99.00,0
18200,United Kingdom,107,1,150.35,104,29,150.35,104.00,0
18201,United Kingdom,723,1,447.53,191,27,447.53,191.00,0
18202,United Kingdom,200,3,1396.99,581,55,465.66,193.67,112
18203,United Kingdom,158,4,492.52,111,40,123.13,27.75,574
18204,United Kingdom,72,3,1975.35,1190,159,658.45,396.67,121
18205,United Kingdom,37,2,517.36,192,30,258.68,96.00,38
18206,United Kingdom,554,1,314.66,246,19,314.66,246.00,0
18207,United Kingdom,500,1,544.47,325,31,544.47,325.00,0
18208,United Kingdom,566,1,360.08,82,17,360.08,82.00,0
18209,United Kingdom,29,1,139.10,58,8,139.10,58.00,0
18210,United Kingdom,2,7,2768.83,1499,116,395.55,214.14,381
18211,United Kingdom,26,5,600.07,359,37,120.01,71.80,253
18212,United Kingdom,327,2,514.37,158,40,257.19,79.00,351
18213,United Kingdom,237,1,232.48,232,15,232.48,232.00,0
18214,United Kingdom,531,4,1780.34,989,38,445.08,247.25,24
18215,United Kingdom,90,5,2232.49,1131,53,446.50,226.20,534
18216,United Kingdom,32,1,481.75,200,26,481.75,200.00,0
18217,United Kingdom,30,4,945.04,740,33,236.26,185.00,497
18218,United Kingdom,212,4,1121.84,1028,25,280.46,257.00,449
18219,United Kingdom,3,17,3352.70,1586,87,197.22,93.29,730
18220,United Kingdom,227,6,1921.76,1352,17,320.29,225.33,498
18221,United Kingdom,23,6,1424.94,1000,71,237.49,166.67,368
18222,United Kingdom,93,1,443.00,335,19,443.00,335.00,0
18223,United Kingdom,5,26,14000.85,6644,192,538.49,255.54,731
18224,United Kingdom,264,1,158.95,69,10,158.95,69.00,0
18225,United Kingdom,4,26,13014.80,7282,266,500.57,280.08,732
18226,United Kingdom,45,26,11878.88,7883,299,456.88,303.19,600
18227,United Kingdom,218,2,388.75,22,6,194.38,11.00,267
18228,United Kingdom,57,2,779.90,238,23,389.95,119.00,23
18229,United Kingdom,12,28,10150.51,3071,73,362.52,109.68,725
18230,United Kingdom,10,9,4291.06,1996,42,476.78,221.78,516
18231,United Kingdom,193,28,6854.17,2915,218,244.79,104.11,506
18232,United Kingdom,82,4,592.97,302,31,148.24,75.50,116
18233,United Kingdom,326,1,440.00,4,1,440.00,4.00,0
18234,United Kingdom,552,1,179.60,80,30,179.60,80.00,0
18235,United Kingdom,72,3,1796.48,1578,100,598.83,526.00,146
18236,United Kingdom,30,12,1795.35,696,80,149.61,58.00,574
18237,United Kingdom,3,5,987.10,622,40,197.42,124.40,132
18238,United Kingdom,516,1,270.92,114,14,270.92,114.00,0
18239,United Kingdom,219,6,1712.26,844,85,285.38,140.67,204
18240,United Kingdom,47,1,422.58,126,6,422.58,126.00,0
18241,United Kingdom,10,21,2986.99,1471,101,142.24,70.05,608
18242,United Kingdom,73,8,3605.21,2021,113,450.65,252.62,625
18243,United Kingdom,415,1,515.78,221,26,515.78,221.00,0
18244,United Kingdom,431,2,568.64,856,19,284.32,428.00,72
18245,United Kingdom,8,20,6324.98,5098,336,316.25,254.90,634
18246,United Kingdom,24,3,758.82,214,3,252.94,71.33,586
18247,United Kingdom,415,3,839.73,335,28,279.91,111.67,217
18248,United Kingdom,123,2,804.02,511,39,402.01,255.50,64
18249,United Kingdom,18,1,95.34,128,8,95.34,128.00,0
18250,United Kingdom,311,1,349.27,199,21,349.27,199.00,0
18251,United Kingdom,88,9,26278.86,39639,87,2919.87,4404.33,630
18252,United Kingdom,51,7,1533.69,932,125,219.10,133.14,671
18253,United Kingdom,643,1,317.88,128,7,317.88,128.00,0
18254,United Kingdom,582,1,267.90,188,16,267.90,188.00,0
18255,United Kingdom,90,2,303.15,201,16,151.57,100.50,367
18256,United Kingdom,388,1,110.70,180,10,110.70,180.00,0
18257,United Kingdom,40,12,4600.15,2369,219,383.35,197.42,620
18258,United Kingdom,465,6,2059.67,1981,30,343.28,330.17,108
18259,United Kingdom,25,7,3941.90,1274,51,563.13,182.00,707
18260,United Kingdom,173,23,9947.26,5244,212,432.49,228.00,552
18261,United Kingdom,44,2,324.24,146,19,162.12,73.00,52
18262,United Kingdom,141,3,577.54,552,40,192.51,184.00,462
18263,United Kingdom,26,3,1213.16,1468,59,404.39,489.33,227
18264,United Kingdom,499,1,603.25,241,36,603.25,241.00,0
18265,United Kingdom,73,2,801.51,311,44,400.75,155.50,86
18266,United Kingdom,435,1,251.10,138,14,251.10,138.00,0
18267,United Kingdom,673,1,269.37,135,17,269.37,135.00,0
18268,United Kingdom,135,6,1490.23,711,36,248.37,118.50,594
18269,United Kingdom,367,1,168.60,76,7,168.60,76.00,0
18270,United Kingdom,39,3,444.55,209,17,148.18,69.67,394
18271,United Kingdom,610,2,680.85,319,19,340.43,159.50,122
18272,United Kingdom,3,9,4385.98,2880,145,487.33,320.00,643
18273,United Kingdom,3,4,357.00,140,1,89.25,35.00,588
18274,United Kingdom,31,1,175.92,88,11,175.92,88.00,0
18275,United Kingdom,579,2,741.85,417,19,370.93,208.50,153
18276,United Kingdom,44,6,1656.52,1246,81,276.09,207.67,686
18277,United Kingdom,59,5,1180.05,449,53,236.01,89.80,436
18278,United Kingdom,74,2,414.20,140,22,207.10,70.00,331
18279,United Kingdom,520,1,231.34,630,13,231.34,630.00,0
18280,United Kingdom,278,2,488.15,194,28,244.08,97.00,117
18281,United Kingdom,181,2,201.14,146,17,100.57,73.00,397
18282,United Kingdom,8,2,178.05,103,12,89.03,51.50,119
18283,United Kingdom,4,22,2664.90,1679,352,121.13,76.32,655
18284,United Kingdom,432,1,461.68,494,28,461.68,494.00,0
18285,United Kingdom,661,1,427.00,145,12,427.00,145.00,0
18286,United Kingdom,477,2,1296.43,608,67,648.22,304.00,247
18287,United Kingdom,43,7,4182.99,3013,120,597.57,430.43,529
