CustomerID,SegmentID,SegmentName,Country,Recency,Frequency,MonetaryValue,TotalItems,UniqueProducts,AverageOrderValue,AverageItemsPerOrder,CustomerLifetimeDays
12346,2,Recent High-Activity,United Kingdom,326,12,77556.46,74285,27,6463.04,6190.42,400
12347,2,Recent High-Activity,Iceland,3,8,4921.53,2967,126,615.19,370.88,402
12348,1,Developing / Moderate,Finland,76,5,2019.4,2714,25,403.88,542.8,363
12349,2,Recent High-Activity,Italy,19,4,4428.69,1624,138,1107.17,406.0,571
12350,0,Inactive Low-Activity,Norway,311,1,334.4,197,17,334.4,197.0,0
12351,0,Inactive Low-Activity,Unspecified,376,1,300.93,261,21,300.93,261.0,0
12352,2,Recent High-Activity,Norway,37,10,2849.84,724,70,284.98,72.4,356
12353,1,Developing / Moderate,Bahrain,205,2,406.76,212,23,203.38,106.0,204
12354,1,Developing / Moderate,Spain,233,1,1079.4,530,58,1079.4,530.0,0
12355,1,Developing / Moderate,Bahrain,215,2,947.61,543,35,473.81,271.5,353
12356,2,Recent High-Activity,Portugal,23,6,6371.73,3416,104,1061.95,569.33,402
12357,2,Recent High-Activity,Switzerland,34,3,18287.66,6587,261,6095.89,2195.67,355
12358,2,Recent High-Activity,Austria,2,5,3887.07,1079,56,777.41,215.8,730
12359,2,Recent High-Activity,Cyprus,58,10,8873.39,2739,305,887.34,273.9,677
12360,2,Recent High-Activity,Austria,53,8,4252.89,2459,160,531.61,307.38,603
12361,1,Developing / Moderate,Belgium,288,4,511.25,235,18,127.81,58.75,395
12362,2,Recent High-Activity,Belgium,4,11,5356.23,2230,201,486.93,202.73,735
12363,1,Developing / Moderate,Unspecified,110,2,552.0,408,23,276.0,204.0,133
12364,1,Developing / Moderate,Belgium,8,4,1313.1,1506,70,328.27,376.5,105
12365,0,Inactive Low-Activity,Cyprus,292,2,641.38,174,22,320.69,87.0,0
12366,0,Inactive Low-Activity,Cyprus,634,1,500.24,296,3,500.24,296.0,0
12367,0,Inactive Low-Activity,Denmark,5,1,168.9,173,11,168.9,173.0,0
12368,0,Inactive Low-Activity,Cyprus,629,1,917.7,330,18,917.7,330.0,0
12369,1,Developing / Moderate,Austria,414,3,1791.15,1241,90,597.05,413.67,228
12370,2,Recent High-Activity,Cyprus,52,7,4316.56,2604,168,616.65,372.0,617
12371,2,Recent High-Activity,Switzerland,45,5,4067.38,1436,134,813.48,287.2,601
12372,1,Developing / Moderate,Denmark,72,3,1298.04,794,34,432.68,264.67,225
12373,1,Developing / Moderate,Austria,312,3,1127.65,516,36,375.88,172.0,362
12374,2,Recent High-Activity,Austria,26,4,2989.22,1362,79,747.31,340.5,563
12375,1,Developing / Moderate,Finland,11,2,457.5,178,14,228.75,89.0,88
12376,0,Inactive Low-Activity,Switzerland,390,2,503.15,240,11,251.57,120.0,28
12377,1,Developing / Moderate,Switzerland,316,4,3426.32,2105,129,856.58,526.25,274
12378,1,Developing / Moderate,Switzerland,130,2,5416.32,3316,281,2708.16,1658.0,433
12379,1,Developing / Moderate,Belgium,82,4,1620.22,815,58,405.06,203.75,453
12380,2,Recent High-Activity,Belgium,22,11,9676.3,3355,156,879.66,305.0,641
12381,1,Developing / Moderate,Norway,5,5,1845.31,808,70,369.06,161.6,115
12383,1,Developing / Moderate,Belgium,185,5,1850.56,1532,84,370.11,306.4,168
12384,1,Developing / Moderate,Switzerland,29,2,585.27,126,26,292.63,63.0,93
12385,0,Inactive Low-Activity,Belgium,380,1,1938.4,612,65,1938.4,612.0,0
12386,0,Inactive Low-Activity,Australia,338,2,401.9,354,10,200.95,177.0,29
12387,0,Inactive Low-Activity,Australia,416,1,143.94,134,9,143.94,134.0,0
12388,2,Recent High-Activity,Australia,16,8,3901.11,2001,83,487.64,250.12,567
12389,1,Developing / Moderate,Australia,403,3,1433.33,614,41,477.78,204.67,253
12390,1,Developing / Moderate,Belgium,80,1,549.84,353,32,549.84,353.0,0
12391,2,Recent High-Activity,Cyprus,22,6,2724.84,1204,241,454.14,200.67,641
12392,0,Inactive Low-Activity,Australia,592,1,234.75,73,7,234.75,73.0,0
12393,1,Developing / Moderate,Australia,73,6,2399.45,1311,63,399.91,218.5,356
12394,1,Developing / Moderate,Belgium,64,2,1272.48,819,26,636.24,409.5,154
12395,2,Recent High-Activity,Belgium,20,15,4721.17,3205,145,314.74,213.67,583
12396,0,Inactive Low-Activity,RSA,675,1,931.43,591,65,931.43,591.0,0
12397,1,Developing / Moderate,Belgium,36,2,2409.9,1263,110,1204.95,631.5,100
12398,1,Developing / Moderate,Switzerland,46,1,1635.66,1394,85,1635.66,1394.0,0
12399,2,Recent High-Activity,Belgium,120,7,1962.3,2198,67,280.33,314.0,525
12400,0,Inactive Low-Activity,Australia,415,1,205.25,91,11,205.25,91.0,0
12401,0,Inactive Low-Activity,Belgium,304,1,84.3,11,5,84.3,11.0,0
12402,1,Developing / Moderate,Belgium,324,6,1256.9,584,43,209.48,97.33,347
12403,1,Developing / Moderate,Denmark,50,2,1019.36,260,5,509.68,130.0,472
12404,0,Inactive Low-Activity,Finland,683,1,63.24,1,1,63.24,1.0,0
12405,1,Developing / Moderate,Finland,149,1,1710.39,857,54,1710.39,857.0,0
12406,2,Recent High-Activity,Denmark,23,5,6390.36,3416,114,1278.07,683.2,675
12407,1,Developing / Moderate,Belgium,50,5,1708.12,1416,57,341.62,283.2,215
12408,2,Recent High-Activity,Belgium,33,8,4340.77,2229,104,542.6,278.62,466
12409,2,Recent High-Activity,Switzerland,79,7,23419.29,13143,177,3345.61,1877.57,487
12410,1,Developing / Moderate,Switzerland,309,3,1013.71,341,36,337.9,113.67,194
12411,0,Inactive Low-Activity,Australia,410,1,346.9,138,22,346.9,138.0,0
12412,2,Recent High-Activity,Denmark,75,6,2596.93,1997,82,432.82,332.83,465
12413,1,Developing / Moderate,France,67,4,999.45,319,41,249.86,79.75,336
12414,1,Developing / Moderate,Austria,218,6,952.41,495,21,158.73,82.5,246
12415,2,Recent High-Activity,Australia,25,28,144458.37,91447,498,5159.23,3265.96,503
12416,0,Inactive Low-Activity,Australia,657,1,202.56,132,11,202.56,132.0,0
12417,2,Recent High-Activity,Belgium,4,20,6797.41,2884,270,339.87,144.2,730
12418,1,Developing / Moderate,Switzerland,113,4,2021.2,1088,90,505.3,272.0,518
12419,0,Inactive Low-Activity,Spain,386,2,503.01,231,23,251.5,115.5,28
12420,1,Developing / Moderate,Cyprus,64,1,600.39,345,29,600.39,345.0,0
12421,1,Developing / Moderate,Spain,16,6,1098.6,652,44,183.1,108.67,490
12422,2,Recent High-Activity,Switzerland,96,17,5231.8,2596,137,307.75,152.71,626
12423,2,Recent High-Activity,Belgium,1,10,2622.39,1793,128,262.24,179.3,465
12424,1,Developing / Moderate,Australia,163,4,3340.03,2025,78,835.01,506.25,386
12425,1,Developing / Moderate,Portugal,79,2,1741.41,1147,87,870.71,573.5,370
12426,1,Developing / Moderate,Germany,195,2,1345.21,584,73,672.61,292.0,468
12427,1,Developing / Moderate,Germany,22,3,825.8,533,26,275.27,177.67,350
12428,2,Recent High-Activity,Finland,26,9,7956.46,3536,258,884.05,392.89,258
12429,2,Recent High-Activity,Denmark,10,8,6204.41,2890,124,775.55,361.25,537
12430,0,Inactive Low-Activity,Norway,44,1,256.4,117,11,256.4,117.0,0
12431,2,Recent High-Activity,Australia,36,27,10432.22,4600,244,386.38,170.37,658
12432,1,Developing / Moderate,Norway,43,5,5059.32,1801,107,1011.86,360.2,130
12433,2,Recent High-Activity,Norway,1,10,16794.14,13534,285,1679.41,1353.4,476
12434,1,Developing / Moderate,Australia,85,3,1103.43,532,62,367.81,177.33,297
12435,2,Recent High-Activity,Denmark,80,6,13925.93,4958,88,2320.99,826.33,658
12436,0,Inactive Low-Activity,Norway,100,1,509.01,211,16,509.01,211.0,0
12437,2,Recent High-Activity,France,2,39,12683.4,8000,273,325.22,205.13,736
12438,1,Developing / Moderate,Norway,15,2,2906.85,1180,84,1453.42,590.0,126
12439,0,Inactive Low-Activity,Cyprus,683,2,1142.88,478,69,571.44,239.0,43
12440,0,Inactive Low-Activity,Austria,463,2,859.2,331,21,429.6,165.5,255
12441,0,Inactive Low-Activity,France,367,1,173.55,121,11,173.55,121.0,0
12442,0,Inactive Low-Activity,Spain,4,1,172.06,182,12,172.06,182.0,0
12443,0,Inactive Low-Activity,Norway,733,1,485.31,182,21,485.31,182.0,0
12444,1,Developing / Moderate,Norway,22,5,5005.46,1153,138,1001.09,230.6,150
12445,1,Developing / Moderate,Spain,23,2,434.98,206,24,217.49,103.0,398
12446,1,Developing / Moderate,RSA,58,1,1002.31,351,57,1002.31,351.0,0
12447,0,Inactive Low-Activity,Belgium,244,1,476.49,190,26,476.49,190.0,0
12448,0,Inactive Low-Activity,Spain,45,1,449.45,243,22,449.45,243.0,0
12449,2,Recent High-Activity,Belgium,23,6,4835.89,2282,125,805.98,380.33,416
12450,1,Developing / Moderate,Spain,157,5,688.2,442,31,137.64,88.4,318
12451,2,Recent High-Activity,Switzerland,11,8,12669.88,9359,352,1583.73,1169.88,519
12452,1,Developing / Moderate,Switzerland,17,2,430.57,185,21,215.28,92.5,0
12453,1,Developing / Moderate,Austria,135,1,707.09,473,43,707.09,473.0,0
12454,1,Developing / Moderate,Spain,57,5,16679.78,7703,24,3335.96,1540.6,365
12455,2,Recent High-Activity,Cyprus,74,10,5879.95,3302,199,588.0,330.2,648
12456,1,Developing / Moderate,Switzerland,45,3,3181.04,1633,105,1060.35,544.33,210
12457,1,Developing / Moderate,Switzerland,67,8,2995.91,1094,63,374.49,136.75,369
12458,1,Developing / Moderate,Switzerland,72,4,1777.49,986,71,444.37,246.5,416
12459,0,Inactive Low-Activity,Spain,606,1,454.36,258,23,454.36,258.0,0
12460,0,Inactive Low-Activity,Belgium,457,1,326.65,170,18,326.65,170.0,0
12461,1,Developing / Moderate,Switzerland,95,2,826.88,287,35,413.44,143.5,60
12462,1,Developing / Moderate,Spain,19,2,1189.59,536,51,594.79,268.0,285
12463,1,Developing / Moderate,Belgium,54,4,1344.78,776,65,336.19,194.0,188
12464,1,Developing / Moderate,Belgium,11,8,1212.05,112,6,151.51,14.0,299
12465,1,Developing / Moderate,Belgium,18,2,742.19,479,46,371.09,239.5,152
12466,0,Inactive Low-Activity,France,683,1,56.73,1,1,56.73,1.0,0
12467,0,Inactive Low-Activity,USA,424,1,132.8,129,9,132.8,129.0,0
12468,2,Recent High-Activity,Germany,188,5,3670.74,2201,127,734.15,440.2,495
12469,0,Inactive Low-Activity,Thailand,523,2,3070.54,2552,76,1535.27,1276.0,14
12470,0,Inactive Low-Activity,Unspecified,690,1,211.95,95,23,211.95,95.0,0
12471,2,Recent High-Activity,Germany,3,79,39918.19,16858,255,505.29,213.39,730
12472,2,Recent High-Activity,Germany,33,19,16249.29,10378,397,855.23,546.21,693
12473,1,Developing / Moderate,Germany,30,5,3928.05,2414,140,785.61,482.8,162
12474,2,Recent High-Activity,Germany,18,31,12372.75,7940,369,399.12,256.13,649
12475,1,Developing / Moderate,Germany,54,2,1149.64,771,54,574.82,385.5,356
12476,2,Recent High-Activity,Germany,16,23,14083.91,5631,358,612.34,244.83,486
12477,2,Recent High-Activity,Germany,23,9,20276.37,6119,295,2252.93,679.89,601
12478,1,Developing / Moderate,Greece,4,1,680.99,236,36,680.99,236.0,0
12479,1,Developing / Moderate,Germany,12,1,527.2,385,31,527.2,385.0,0
12480,2,Recent High-Activity,Germany,29,7,5464.85,2952,177,780.69,421.71,479
12481,2,Recent High-Activity,Germany,23,15,12185.51,7158,248,812.37,477.2,585
12482,2,Recent High-Activity,Sweden,577,29,23691.4,27042,42,816.94,932.48,77
12483,2,Recent High-Activity,Sweden,18,19,5097.18,2160,68,268.27,113.68,660
12484,2,Recent High-Activity,Spain,33,12,6354.1,3266,329,529.51,272.17,649
12485,0,Inactive Low-Activity,Sweden,530,1,708.1,414,34,708.1,414.0,0
12486,0,Inactive Low-Activity,Sweden,432,1,1037.28,523,49,1037.28,523.0,0
12487,0,Inactive Low-Activity,Sweden,731,1,285.3,174,2,285.3,174.0,0
12488,1,Developing / Moderate,France,10,3,1298.66,529,46,432.89,176.33,66
12489,0,Inactive Low-Activity,France,337,1,334.93,105,15,334.93,105.0,0
12490,2,Recent High-Activity,France,6,21,9823.64,5906,195,467.79,281.24,733
12491,1,Developing / Moderate,France,39,1,460.4,260,25,460.4,260.0,0
12492,1,Developing / Moderate,Germany,64,3,715.21,444,38,238.4,148.0,340
12493,0,Inactive Low-Activity,France,166,2,433.74,207,20,216.87,103.5,32
12494,2,Recent High-Activity,France,16,9,1815.27,979,83,201.7,108.78,561
12495,0,Inactive Low-Activity,Sweden,641,1,357.4,130,17,357.4,130.0,0
12496,0,Inactive Low-Activity,Spain,621,2,45.34,30,10,22.67,15.0,0
12497,1,Developing / Moderate,Germany,82,3,6248.5,5685,41,2082.83,1895.0,563
12498,1,Developing / Moderate,Germany,22,3,403.7,159,21,134.57,53.0,36
12499,0,Inactive Low-Activity,Germany,561,1,393.72,302,27,393.72,302.0,0
12500,2,Recent High-Activity,Germany,24,19,5955.21,3377,88,313.43,177.74,650
12501,1,Developing / Moderate,Germany,337,1,2169.39,1783,149,2169.39,1783.0,0
12502,1,Developing / Moderate,Spain,96,5,3723.87,820,102,744.77,164.0,214
12503,0,Inactive Low-Activity,Spain,585,1,1126.0,561,2,1126.0,561.0,0
12504,1,Developing / Moderate,Germany,19,4,779.05,458,11,194.76,114.5,578
12505,0,Inactive Low-Activity,Italy,409,1,955.2,324,42,955.2,324.0,0
12506,0,Inactive Low-Activity,France,233,1,73.5,23,23,73.5,23.0,0
12507,1,Developing / Moderate,Spain,135,4,1844.06,1256,46,461.01,314.0,450
12508,1,Developing / Moderate,France,27,2,397.88,271,57,198.94,135.5,3
12509,0,Inactive Low-Activity,France,285,1,176.5,55,7,176.5,55.0,0
12510,2,Recent High-Activity,Spain,143,9,5178.02,2049,94,575.34,227.67,593
12511,1,Developing / Moderate,Greece,429,1,3084.02,1753,190,3084.02,1753.0,0
12512,0,Inactive Low-Activity,Israel,67,2,132.18,96,31,66.09,48.0,0
12513,1,Developing / Moderate,France,113,1,612.29,462,35,612.29,462.0,0
12514,1,Developing / Moderate,Italy,268,2,1597.76,840,76,798.88,420.0,374
12515,0,Inactive Low-Activity,Italy,354,1,383.7,131,16,383.7,131.0,0
12516,1,Developing / Moderate,Germany,78,4,2648.62,1952,49,662.15,488.0,522
12517,1,Developing / Moderate,Germany,29,5,2481.6,1361,232,496.32,272.2,162
12518,1,Developing / Moderate,Germany,1,5,2056.89,1318,84,411.38,263.6,110
12519,1,Developing / Moderate,Germany,64,2,716.54,387,34,358.27,193.5,413
12520,1,Developing / Moderate,Germany,80,5,2634.26,1439,121,526.85,287.8,194
12521,0,Inactive Low-Activity,Germany,143,1,599.68,309,38,599.68,309.0,0
12522,0,Inactive Low-Activity,Germany,40,2,192.72,194,11,96.36,97.0,12
12523,2,Recent High-Activity,France,20,23,4352.35,2263,176,189.23,98.39,713
12524,2,Recent High-Activity,Germany,10,17,11126.11,7178,157,654.48,422.24,660
12525,0,Inactive Low-Activity,France,499,3,973.73,509,56,324.58,169.67,149
12526,1,Developing / Moderate,Germany,1,3,1316.66,632,64,438.89,210.67,94
12527,1,Developing / Moderate,Germany,82,5,735.51,526,26,147.1,105.2,448
12528,1,Developing / Moderate,Germany,10,6,1933.48,756,50,322.25,126.0,303
12529,0,Inactive Low-Activity,France,529,1,316.48,192,21,316.48,192.0,0
12530,2,Recent High-Activity,Germany,60,9,3759.26,2713,94,417.7,301.44,583
12531,1,Developing / Moderate,Germany,15,2,1933.2,1119,126,966.6,559.5,672
12532,0,Inactive Low-Activity,France,31,1,349.83,153,16,349.83,153.0,0
12533,0,Inactive Low-Activity,Germany,628,2,1367.89,704,63,683.95,352.0,111
12534,1,Developing / Moderate,Germany,131,1,1089.18,651,63,1089.18,651.0,0
12535,1,Developing / Moderate,France,92,2,716.35,219,28,358.18,109.5,95
12536,1,Developing / Moderate,France,44,3,12601.83,2803,260,4200.61,934.33,16
12537,0,Inactive Low-Activity,Sweden,409,1,732.94,449,43,732.94,449.0,0
12538,1,Developing / Moderate,Spain,30,2,640.45,336,33,320.23,168.0,349
12539,2,Recent High-Activity,Spain,23,7,11214.75,4535,276,1602.11,647.86,694
12540,2,Recent High-Activity,Spain,20,33,22254.49,11019,354,674.38,333.91,713
12541,1,Developing / Moderate,Spain,30,3,981.18,680,46,327.06,226.67,251
12542,0,Inactive Low-Activity,Spain,485,2,481.88,522,39,240.94,261.0,156
12543,0,Inactive Low-Activity,Spain,449,1,980.25,688,43,980.25,688.0,0
12544,0,Inactive Low-Activity,Spain,37,1,372.7,136,19,372.7,136.0,0
12545,1,Developing / Moderate,Spain,76,2,1000.39,523,42,500.19,261.5,184
12546,1,Developing / Moderate,Spain,47,2,1161.5,633,59,580.75,316.5,31
12547,1,Developing / Moderate,Spain,198,3,383.58,309,13,127.86,103.0,303
12548,0,Inactive Low-Activity,Spain,167,1,95.2,49,5,95.2,49.0,0
12549,0,Inactive Low-Activity,USA,576,6,1575.68,1366,38,262.61,227.67,122
12550,1,Developing / Moderate,Spain,80,1,964.83,569,57,964.83,569.0,0
12551,0,Inactive Low-Activity,Spain,358,1,168.0,100,10,168.0,100.0,0
12552,1,Developing / Moderate,Italy,39,2,437.82,88,20,218.91,44.0,1
12553,2,Recent High-Activity,France,9,12,4608.75,2325,109,384.06,193.75,415
12554,0,Inactive Low-Activity,Spain,449,1,468.5,240,26,468.5,240.0,0
12555,0,Inactive Low-Activity,Spain,683,1,129.23,1,1,129.23,1.0,0
12556,1,Developing / Moderate,Spain,51,2,599.56,355,100,299.78,177.5,101
12557,2,Recent High-Activity,Spain,17,8,18096.14,6382,15,2262.02,797.75,706
12558,0,Inactive Low-Activity,USA,8,1,269.96,196,11,269.96,196.0,0
12559,0,Inactive Low-Activity,Germany,311,2,561.71,283,21,280.86,141.5,9
12560,1,Developing / Moderate,Germany,6,3,2134.01,1110,91,711.34,370.0,138
12561,0,Inactive Low-Activity,Germany,303,1,238.85,177,16,238.85,177.0,0
12562,2,Recent High-Activity,France,9,9,4966.92,2327,113,551.88,258.56,427
12563,0,Inactive Low-Activity,Italy,409,1,249.24,113,13,249.24,113.0,0
12564,0,Inactive Low-Activity,France,262,1,456.9,133,21,456.9,133.0,0
12565,0,Inactive Low-Activity,Saudi Arabia,289,1,145.92,80,9,145.92,80.0,0
12566,0,Inactive Low-Activity,Germany,87,1,351.65,265,19,351.65,265.0,0
12567,2,Recent High-Activity,France,23,15,11767.48,5308,365,784.5,353.87,644
12568,0,Inactive Low-Activity,Germany,645,1,70.0,48,5,70.0,48.0,0
12569,2,Recent High-Activity,Germany,3,32,4124.69,1801,92,128.9,56.28,250
12570,0,Inactive Low-Activity,Spain,683,1,77.52,1,1,77.52,1.0,0
12571,1,Developing / Moderate,France,40,2,519.61,523,31,259.81,261.5,82
12572,1,Developing / Moderate,Germany,9,2,1020.42,452,53,510.21,226.0,43
12573,1,Developing / Moderate,France,228,5,717.41,479,107,143.48,95.8,238
12574,0,Inactive Low-Activity,France,316,1,218.45,61,11,218.45,61.0,0
12575,0,Inactive Low-Activity,France,458,2,622.82,315,34,311.41,157.5,69
12576,2,Recent High-Activity,Poland,36,8,2142.72,1494,114,267.84,186.75,491
12577,2,Recent High-Activity,France,36,8,1617.1,1191,259,202.14,148.88,701
12578,2,Recent High-Activity,Italy,22,4,4642.45,2380,149,1160.61,595.0,422
12579,0,Inactive Low-Activity,France,79,1,440.42,285,29,440.42,285.0,0
12580,1,Developing / Moderate,Germany,247,2,1052.9,569,52,526.45,284.5,330
12581,0,Inactive Low-Activity,Germany,40,1,197.71,161,15,197.71,161.0,0
12582,1,Developing / Moderate,Finland,239,4,1980.4,985,88,495.1,246.25,339
12583,2,Recent High-Activity,France,3,27,13591.58,8535,141,503.39,316.11,731
12584,1,Developing / Moderate,Italy,4,9,2338.15,416,44,259.79,46.22,277
12585,1,Developing / Moderate,Germany,235,2,2040.1,1279,77,1020.05,639.5,117
12586,2,Recent High-Activity,Italy,18,4,2062.67,687,82,515.67,171.75,706
12587,0,Inactive Low-Activity,Finland,8,1,144.0,51,4,144.0,51.0,0
12588,1,Developing / Moderate,Finland,40,4,958.78,438,31,239.69,109.5,558
12589,2,Recent High-Activity,France,29,8,4695.66,1764,121,586.96,220.5,661
12590,1,Developing / Moderate,Germany,212,2,9864.26,4283,68,4932.13,2141.5,0
12591,1,Developing / Moderate,Italy,318,3,1338.95,653,63,446.32,217.67,91
12592,1,Developing / Moderate,Germany,93,5,2582.66,1875,42,516.53,375.0,427
12593,1,Developing / Moderate,France,109,3,418.1,206,14,139.37,68.67,110
12594,2,Recent High-Activity,Italy,38,15,5090.11,2768,78,339.34,184.53,609
12595,0,Inactive Low-Activity,Germany,505,1,299.02,271,19,299.02,271.0,0
12596,1,Developing / Moderate,Spain,52,2,618.27,474,25,309.13,237.0,191
12597,1,Developing / Moderate,Spain,20,4,3811.22,2236,184,952.8,559.0,249
12598,2,Recent High-Activity,France,10,11,4534.09,2906,130,412.19,264.18,639
12599,2,Recent High-Activity,France,30,13,2296.72,2189,47,176.67,168.38,548
12600,2,Recent High-Activity,Germany,29,21,4967.42,1383,53,236.54,65.86,704
12601,1,Developing / Moderate,Germany,190,6,681.26,290,24,113.54,48.33,215
12602,0,Inactive Low-Activity,France,59,1,153.12,162,12,153.12,162.0,0
12603,0,Inactive Low-Activity,Germany,22,1,739.2,63,2,739.2,63.0,0
12604,1,Developing / Moderate,France,80,2,254.18,201,15,127.09,100.5,182
12605,1,Developing / Moderate,Germany,377,4,1232.95,929,63,308.24,232.25,82
12606,0,Inactive Low-Activity,Spain,683,1,21.0,1,1,21.0,1.0,0
12607,1,Developing / Moderate,USA,61,1,1579.51,1228,101,1579.51,1228.0,0
12608,0,Inactive Low-Activity,United Kingdom,405,1,415.79,323,16,415.79,323.0,0
12609,2,Recent High-Activity,Germany,79,9,3435.86,1553,129,381.76,172.56,641
12610,1,Developing / Moderate,Italy,23,5,2099.54,1049,85,419.91,209.8,104
12611,1,Developing / Moderate,Italy,53,1,1193.32,846,65,1193.32,846.0,0
12612,0,Inactive Low-Activity,Germany,75,1,704.04,262,19,704.04,262.0,0
12613,2,Recent High-Activity,Germany,58,10,6817.37,4157,218,681.74,415.7,668
12614,0,Inactive Low-Activity,Germany,278,1,315.6,76,20,315.6,76.0,0
12615,2,Recent High-Activity,France,3,8,5740.98,3317,198,717.62,414.62,629
12616,1,Developing / Moderate,France,96,3,1131.1,498,32,377.03,166.0,293
12617,1,Developing / Moderate,France,30,1,352.98,210,39,352.98,210.0,0
12618,0,Inactive Low-Activity,Italy,22,1,177.31,96,11,177.31,96.0,0
12619,2,Recent High-Activity,Germany,17,10,3781.38,3518,55,378.14,351.8,544
12620,1,Developing / Moderate,France,15,3,1339.41,1181,89,446.47,393.67,190
12621,2,Recent High-Activity,Germany,2,35,24311.2,13706,344,694.61,391.6,667
12622,0,Inactive Low-Activity,Germany,233,1,180.1,69,11,180.1,69.0,0
12623,2,Recent High-Activity,Germany,277,7,3747.84,1971,112,535.41,281.57,420
12624,1,Developing / Moderate,France,107,2,641.13,355,36,320.56,177.5,71
12625,1,Developing / Moderate,Germany,212,4,5164.88,3309,144,1291.22,827.25,385
12626,2,Recent High-Activity,Germany,24,9,6620.48,3453,232,735.61,383.67,303
12627,1,Developing / Moderate,Germany,11,7,4478.53,2752,162,639.79,393.14,130
12628,1,Developing / Moderate,Germany,5,3,786.46,448,34,262.15,149.33,60
12629,0,Inactive Low-Activity,Sweden,386,2,1558.22,722,40,779.11,361.0,38
12630,1,Developing / Moderate,Finland,10,2,1270.88,548,60,635.44,274.0,34
12631,2,Recent High-Activity,Finland,58,6,3481.57,1607,131,580.26,267.83,636
12632,0,Inactive Low-Activity,Germany,521,2,804.88,694,32,402.44,347.0,44
12633,2,Recent High-Activity,Germany,59,7,5678.16,3238,220,811.17,462.57,467
12634,0,Inactive Low-Activity,USA,536,2,490.0,337,20,245.0,168.5,13
12635,1,Developing / Moderate,Germany,90,4,2930.41,1949,159,732.6,487.25,367
12636,0,Inactive Low-Activity,USA,739,1,141.0,1,1,141.0,1.0,0
12637,2,Recent High-Activity,France,68,12,8283.81,4257,295,690.32,354.75,476
12638,1,Developing / Moderate,Sweden,34,2,921.49,663,47,460.75,331.5,606
12639,1,Developing / Moderate,Sweden,239,3,1312.37,631,58,437.46,210.33,389
12640,1,Developing / Moderate,France,24,3,1174.58,311,47,391.53,103.67,58
12641,0,Inactive Low-Activity,Sweden,116,1,185.9,72,10,185.9,72.0,0
12642,1,Developing / Moderate,Germany,26,3,1013.26,552,39,337.75,184.0,82
12643,2,Recent High-Activity,France,129,12,8304.82,4665,14,692.07,388.75,483
12644,1,Developing / Moderate,Germany,130,4,1918.49,1032,106,479.62,258.0,565
12645,2,Recent High-Activity,Germany,34,8,3539.3,2125,111,442.41,265.62,635
12646,1,Developing / Moderate,USA,5,2,1346.97,897,43,673.49,448.5,45
12647,2,Recent High-Activity,Germany,23,36,16955.55,6633,240,470.99,184.25,673
12648,1,Developing / Moderate,Germany,155,4,1112.0,518,38,278.0,129.5,547
12649,2,Recent High-Activity,Germany,108,8,2294.65,1959,94,286.83,244.88,589
12650,0,Inactive Low-Activity,France,4,1,314.44,254,20,314.44,254.0,0
12651,0,Inactive Low-Activity,France,335,4,377.75,265,30,94.44,66.25,131
12652,1,Developing / Moderate,France,332,2,1017.03,536,51,508.51,268.0,103
12653,1,Developing / Moderate,Israel,149,3,4160.83,1681,76,1386.94,560.33,378
12654,1,Developing / Moderate,Germany,11,5,601.98,264,31,120.4,52.8,285
12655,0,Inactive Low-Activity,France,424,1,261.35,80,16,261.35,80.0,0
12656,2,Recent High-Activity,France,18,8,6407.83,2860,174,800.98,357.5,545
12657,1,Developing / Moderate,France,12,4,1643.18,1044,35,410.8,261.0,67
12658,1,Developing / Moderate,Germany,19,1,686.05,320,36,686.05,320.0,0
12659,0,Inactive Low-Activity,France,30,1,91.68,105,5,91.68,105.0,0
12660,0,Inactive Low-Activity,France,12,1,245.1,127,13,245.1,127.0,0
12661,0,Inactive Low-Activity,Sweden,437,1,162.0,216,11,162.0,216.0,0
12662,2,Recent High-Activity,Germany,1,20,6726.54,3424,163,336.33,171.2,617
12663,0,Inactive Low-Activity,Germany,625,2,239.4,181,9,119.7,90.5,44
12664,2,Recent High-Activity,Finland,9,11,6070.04,1495,10,551.82,135.91,718
12665,0,Inactive Low-Activity,Germany,325,3,313.6,165,13,104.53,55.0,345
12666,0,Inactive Low-Activity,Israel,395,1,1248.42,370,31,1248.42,370.0,0
12667,1,Developing / Moderate,Finland,59,1,620.13,395,33,620.13,395.0,0
12668,2,Recent High-Activity,Germany,12,10,11383.03,5049,263,1138.3,504.9,666
12669,1,Developing / Moderate,France,151,3,2744.03,1115,98,914.68,371.67,106
12670,2,Recent High-Activity,France,11,7,3760.29,1627,71,537.18,232.43,656
12671,0,Inactive Low-Activity,Germany,607,1,2622.48,1460,45,2622.48,1460.0,0
12672,0,Inactive Low-Activity,France,330,2,437.05,138,22,218.53,69.0,266
12673,1,Developing / Moderate,Germany,6,3,1230.02,700,68,410.01,233.33,396
12674,1,Developing / Moderate,France,39,4,1970.6,1133,52,492.65,283.25,169
12675,0,Inactive Low-Activity,Italy,554,2,957.25,336,111,478.62,168.0,25
12676,2,Recent High-Activity,Sweden,25,11,2843.09,1867,67,258.46,169.73,459
12677,0,Inactive Low-Activity,France,556,2,395.1,176,13,197.55,88.0,111
12678,2,Recent High-Activity,France,43,21,34281.18,22372,199,1632.44,1065.33,659
12679,1,Developing / Moderate,France,59,4,1113.02,554,43,278.25,138.5,225
12680,1,Developing / Moderate,France,1,4,880.81,444,33,220.2,111.0,113
12681,2,Recent High-Activity,France,15,45,29834.76,17011,459,662.99,378.02,712
12682,2,Recent High-Activity,France,4,52,22950.22,10522,327,441.35,202.35,735
12683,2,Recent High-Activity,France,5,21,11633.7,7019,236,553.99,334.24,722
12684,1,Developing / Moderate,France,8,7,2283.63,1985,61,326.23,283.57,206
12685,1,Developing / Moderate,France,29,6,2863.08,1523,117,477.18,253.83,65
12686,0,Inactive Low-Activity,France,372,1,89.14,107,7,89.14,107.0,0
12687,1,Developing / Moderate,Sweden,481,2,2138.91,1403,126,1069.45,701.5,0
12688,1,Developing / Moderate,Israel,114,1,4873.81,3028,171,4873.81,3028.0,0
12689,1,Developing / Moderate,France,26,2,1247.61,628,57,623.8,314.0,102
12690,0,Inactive Low-Activity,France,206,1,389.01,106,16,389.01,106.0,0
12691,1,Developing / Moderate,France,29,7,1170.4,445,24,167.2,63.57,392
12692,0,Inactive Low-Activity,France,638,1,110.95,36,13,110.95,36.0,0
12693,1,Developing / Moderate,Germany,128,7,1703.02,536,63,243.29,76.57,395
12694,1,Developing / Moderate,France,71,3,1843.35,1355,69,614.45,451.67,351
12695,2,Recent High-Activity,France,8,7,1407.12,454,46,201.02,64.86,658
12696,0,Inactive Low-Activity,Finland,435,2,851.91,564,43,425.95,282.0,74
12697,1,Developing / Moderate,Sweden,29,3,957.59,508,37,319.2,169.33,141
12698,0,Inactive Low-Activity,Germany,591,1,339.75,111,16,339.75,111.0,0
12699,0,Inactive Low-Activity,Germany,418,1,638.11,373,41,638.11,373.0,0
12700,1,Developing / Moderate,France,8,4,4939.99,2967,193,1235.0,741.75,208
12701,2,Recent High-Activity,Germany,80,6,2446.41,1727,118,407.73,287.83,554
12702,0,Inactive Low-Activity,Germany,20,1,219.0,53,12,219.0,53.0,0
12703,1,Developing / Moderate,Germany,72,4,1006.53,595,56,251.63,148.75,613
12704,1,Developing / Moderate,Finland,8,8,2340.84,1006,64,292.61,125.75,162
12705,2,Recent High-Activity,Germany,16,14,11762.1,7188,320,840.15,513.43,518
12707,0,Inactive Low-Activity,France,292,1,603.42,256,33,603.42,256.0,0
12708,2,Recent High-Activity,Germany,30,18,5117.66,2432,130,284.31,135.11,692
12709,2,Recent High-Activity,Germany,16,34,30291.76,13772,189,890.93,405.06,715
12710,1,Developing / Moderate,Germany,97,3,1149.02,851,75,383.01,283.67,105
12711,0,Inactive Low-Activity,Germany,612,2,1339.05,770,56,669.52,385.0,65
12712,2,Recent High-Activity,Germany,29,21,6723.03,2205,126,320.14,105.0,702
12713,1,Developing / Moderate,Germany,1,1,848.55,508,38,848.55,508.0,0
12714,2,Recent High-Activity,France,10,12,14093.71,8774,436,1174.48,731.17,726
12715,0,Inactive Low-Activity,Sweden,107,1,343.36,192,20,343.36,192.0,0
12716,1,Developing / Moderate,France,4,2,1053.49,708,60,526.75,354.0,130
12717,1,Developing / Moderate,Greece,152,3,1308.91,600,60,436.3,200.0,439
12718,0,Inactive Low-Activity,France,72,1,238.25,203,19,238.25,203.0,0
12719,1,Developing / Moderate,France,6,2,644.95,374,34,322.48,187.0,60
12720,2,Recent High-Activity,Germany,3,30,7787.28,6018,262,259.58,200.6,504
12721,2,Recent High-Activity,France,32,8,4013.08,2655,183,501.63,331.88,440
12722,1,Developing / Moderate,France,86,4,997.63,566,50,249.41,141.5,65
12723,1,Developing / Moderate,France,4,5,725.07,434,53,145.01,86.8,62
12724,2,Recent High-Activity,France,6,7,2317.52,1379,94,331.07,197.0,530
12725,1,Developing / Moderate,Italy,372,4,2266.76,1142,92,566.69,285.5,213
12726,2,Recent High-Activity,France,29,11,4014.6,4618,63,364.96,419.82,596
12727,2,Recent High-Activity,France,11,10,5679.53,2832,132,567.95,283.2,644
12728,1,Developing / Moderate,France,72,5,1070.17,543,48,214.03,108.6,312
12729,0,Inactive Low-Activity,France,114,1,453.01,233,26,453.01,233.0,0
12730,0,Inactive Low-Activity,Germany,522,1,829.25,234,47,829.25,234.0,0
12731,2,Recent High-Activity,France,24,17,25775.71,11641,137,1516.22,684.76,624
12732,0,Inactive Low-Activity,France,180,1,236.26,111,12,236.26,111.0,0
12733,1,Developing / Moderate,USA,235,4,2424.87,896,117,606.22,224.0,455
12734,0,Inactive Low-Activity,France,353,3,639.65,265,17,213.22,88.33,40
12735,0,Inactive Low-Activity,France,316,2,779.57,368,38,389.78,184.0,22
12736,0,Inactive Low-Activity,France,333,1,234.0,173,4,234.0,173.0,0
12737,0,Inactive Low-Activity,France,499,2,3710.5,2,2,1855.25,1.0,0
12738,0,Inactive Low-Activity,Germany,373,1,155.35,148,11,155.35,148.0,0
12739,1,Developing / Moderate,United Arab Emirates,79,4,2726.73,951,85,681.68,237.75,316
12740,0,Inactive Low-Activity,France,64,1,427.6,342,27,427.6,342.0,0
12741,0,Inactive Low-Activity,USA,530,2,406.07,214,16,203.03,107.0,4
12742,0,Inactive Low-Activity,United Arab Emirates,626,1,1201.52,1359,67,1201.52,1359.0,0
12743,1,Developing / Moderate,Unspecified,135,2,540.13,315,114,270.06,157.5,0
12744,2,Recent High-Activity,Singapore,52,11,25317.06,6994,245,2301.55,635.82,540
12745,0,Inactive Low-Activity,United Kingdom,487,3,925.41,468,21,308.47,156.0,196
12746,0,Inactive Low-Activity,United Kingdom,541,1,254.55,97,17,254.55,97.0,0
12747,2,Recent High-Activity,United Kingdom,3,26,8898.48,2640,85,342.25,101.54,730
12748,2,Recent High-Activity,United Kingdom,1,336,53539.64,37109,2286,159.34,110.44,735
12749,2,Recent High-Activity,United Kingdom,4,9,6897.36,2360,260,766.37,262.22,518
12750,0,Inactive Low-Activity,Poland,129,1,275.88,137,15,275.88,137.0,0
12751,0,Inactive Low-Activity,Brazil,445,1,268.27,189,61,268.27,189.0,0
12752,1,Developing / Moderate,Norway,82,1,4366.78,2262,53,4366.78,2262.0,0
12753,2,Recent High-Activity,Japan,23,6,21429.39,11421,132,3571.57,1903.5,340
12754,1,Developing / Moderate,Japan,236,3,3010.74,6481,49,1003.58,2160.33,73
12755,2,Recent High-Activity,Japan,281,11,5236.26,2293,34,476.02,208.45,413
12756,0,Inactive Low-Activity,Japan,87,1,112.08,144,4,112.08,144.0,0
12757,2,Recent High-Activity,Portugal,16,13,7834.65,2395,237,602.67,184.23,196
12758,2,Recent High-Activity,Portugal,117,7,9903.24,6155,187,1414.75,879.29,622
12759,2,Recent High-Activity,Netherlands,53,8,5020.74,3202,206,627.59,400.25,683
12760,0,Inactive Low-Activity,Netherlands,456,1,347.8,198,21,347.8,198.0,0
12761,0,Inactive Low-Activity,Netherlands,458,2,782.95,281,27,391.48,140.5,7
12762,1,Developing / Moderate,Portugal,8,2,1898.52,1227,62,949.26,613.5,18
12763,1,Developing / Moderate,Japan,139,2,494.08,316,16,247.04,158.0,231
12764,0,Inactive Low-Activity,Lebanon,317,1,1693.88,386,45,1693.88,386.0,0
12765,1,Developing / Moderate,Netherlands,473,6,1404.58,1009,49,234.1,168.17,169
12766,2,Recent High-Activity,Portugal,4,9,8918.99,5022,253,991.0,558.0,404
12767,0,Inactive Low-Activity,Korea,376,1,949.82,598,43,949.82,598.0,0
12768,0,Inactive Low-Activity,Korea,451,1,168.69,102,10,168.69,102.0,0
12769,0,Inactive Low-Activity,Brazil,239,1,1143.6,356,32,1143.6,356.0,0
12770,1,Developing / Moderate,Japan,211,2,3246.45,1843,19,1623.22,921.5,246
12771,0,Inactive Low-Activity,Portugal,486,1,282.3,104,15,282.3,104.0,0
12772,1,Developing / Moderate,Portugal,60,1,892.47,556,55,892.47,556.0,0
12773,0,Inactive Low-Activity,Portugal,565,1,124.25,109,6,124.25,109.0,0
12774,0,Inactive Low-Activity,Netherlands,536,1,98.7,53,6,98.7,53.0,0
12775,1,Developing / Moderate,Netherlands,18,7,1686.12,1083,55,240.87,154.71,392
12776,0,Inactive Low-Activity,Portugal,668,1,55.5,46,4,55.5,46.0,0
12777,0,Inactive Low-Activity,United Kingdom,458,1,519.45,458,26,519.45,458.0,0
12778,2,Recent High-Activity,Netherlands,20,9,1775.68,1735,77,197.3,192.78,583
12779,2,Recent High-Activity,Poland,38,14,6474.11,3501,142,462.44,250.07,699
12780,0,Inactive Low-Activity,Netherlands,599,1,337.4,285,20,337.4,285.0,0
12781,1,Developing / Moderate,Czech Republic,64,2,826.74,671,25,413.37,335.5,221
12782,2,Recent High-Activity,Portugal,5,11,4618.24,2017,142,419.84,183.36,515
12783,1,Developing / Moderate,Portugal,3,6,2225.91,624,76,370.98,104.0,73
12784,1,Developing / Moderate,Portugal,10,3,1763.15,862,121,587.72,287.33,520
12785,1,Developing / Moderate,Portugal,365,3,1100.4,453,42,366.8,151.0,367
12786,0,Inactive Low-Activity,Netherlands,610,1,728.5,324,18,728.5,324.0,0
12787,1,Developing / Moderate,Netherlands,10,4,862.18,510,30,215.54,127.5,404
12788,0,Inactive Low-Activity,Netherlands,464,4,444.9,194,20,111.22,48.5,65
12789,1,Developing / Moderate,Netherlands,66,3,273.35,36,5,91.12,12.0,628
12790,1,Developing / Moderate,Netherlands,193,2,591.85,306,36,295.93,153.0,218
12791,1,Developing / Moderate,Netherlands,374,6,863.51,353,17,143.92,58.83,251
12792,1,Developing / Moderate,Portugal,257,2,827.01,394,39,413.5,197.0,278
12793,1,Developing / Moderate,Portugal,335,3,885.53,461,34,295.18,153.67,67
12794,1,Developing / Moderate,Portugal,54,2,860.41,592,43,430.2,296.0,45
12795,0,Inactive Low-Activity,Portugal,19,1,430.48,68,14,430.48,68.0,0
12796,0,Inactive Low-Activity,Netherlands,629,1,381.0,182,7,381.0,182.0,0
12797,0,Inactive Low-Activity,Portugal,366,2,552.08,215,27,276.04,107.5,59
12798,1,Developing / Moderate,Japan,11,4,8510.93,8455,27,2127.73,2113.75,411
12799,0,Inactive Low-Activity,Japan,530,1,219.35,137,15,219.35,137.0,0
12800,0,Inactive Low-Activity,Portugal,471,3,584.25,284,31,194.75,94.67,206
12801,0,Inactive Low-Activity,Sweden,501,1,1071.82,505,50,1071.82,505.0,0
12802,1,Developing / Moderate,Netherlands,187,7,2416.42,1972,108,345.2,281.71,377
12803,0,Inactive Low-Activity,Netherlands,394,1,1092.81,872,55,1092.81,872.0,0
12804,0,Inactive Low-Activity,Netherlands,466,2,325.37,270,60,162.69,135.0,35
12805,1,Developing / Moderate,Netherlands,382,4,1434.95,593,44,358.74,148.25,293
12806,1,Developing / Moderate,Netherlands,436,4,2878.96,2087,58,719.74,521.75,153
12807,0,Inactive Low-Activity,Sweden,384,1,330.35,145,16,330.35,145.0,0
12808,1,Developing / Moderate,Portugal,37,5,776.7,322,46,155.34,64.4,426
12809,1,Developing / Moderate,Portugal,178,3,1755.94,518,75,585.31,172.67,470
12810,0,Inactive Low-Activity,Japan,535,2,534.99,389,32,267.5,194.5,142
12811,1,Developing / Moderate,Portugal,261,5,1033.9,435,47,206.78,87.0,167
12812,0,Inactive Low-Activity,Japan,45,1,229.64,164,15,229.64,164.0,0
12813,1,Developing / Moderate,Netherlands,502,3,1687.8,1141,37,562.6,380.33,192
12814,0,Inactive Low-Activity,Poland,102,1,125.92,49,2,125.92,49.0,0
12815,1,Developing / Moderate,Poland,148,2,1063.46,379,38,531.73,189.5,51
12816,1,Developing / Moderate,Poland,96,2,572.2,128,27,286.1,64.0,81
12817,0,Inactive Low-Activity,Austria,282,3,690.98,219,16,230.33,73.0,153
12818,0,Inactive Low-Activity,Austria,262,1,1542.08,929,14,1542.08,929.0,0
12819,0,Inactive Low-Activity,United Kingdom,459,1,540.52,344,19,540.52,344.0,0
12820,2,Recent High-Activity,United Kingdom,4,11,2689.52,1964,131,244.5,178.55,731
12821,0,Inactive Low-Activity,United Kingdom,215,2,220.8,162,13,110.4,81.0,397
12822,1,Developing / Moderate,United Kingdom,71,2,948.88,550,41,474.44,275.0,17
12823,2,Recent High-Activity,United Kingdom,75,18,6501.5,930,1,361.19,51.67,605
12824,0,Inactive Low-Activity,United Kingdom,60,1,397.12,232,25,397.12,232.0,0
12825,0,Inactive Low-Activity,United Kingdom,522,2,518.63,139,20,259.31,69.5,120
12826,2,Recent High-Activity,United Kingdom,3,12,2800.75,1915,93,233.4,159.58,719
12827,1,Developing / Moderate,United Kingdom,6,3,430.15,197,19,143.38,65.67,39
12828,1,Developing / Moderate,United Kingdom,3,6,1018.71,494,46,169.78,82.33,128
12829,0,Inactive Low-Activity,United Kingdom,337,3,385.3,550,17,128.43,183.33,214
12830,1,Developing / Moderate,United Kingdom,38,6,6814.64,9848,13,1135.77,1641.33,134
12831,0,Inactive Low-Activity,United Kingdom,263,3,451.11,303,16,150.37,101.0,201
12832,1,Developing / Moderate,United Kingdom,33,2,383.03,195,27,191.51,97.5,66
12833,0,Inactive Low-Activity,United Kingdom,146,1,417.38,156,24,417.38,156.0,0
12834,0,Inactive Low-Activity,United Kingdom,283,1,312.38,110,18,312.38,110.0,0
12835,2,Recent High-Activity,United Kingdom,428,41,5996.83,2349,138,146.26,57.29,309
12836,2,Recent High-Activity,United Kingdom,60,15,6559.73,2231,280,437.32,148.73,679
12837,1,Developing / Moderate,United Kingdom,174,2,662.66,194,83,331.33,97.0,396
12838,2,Recent High-Activity,United Kingdom,34,10,2975.91,1606,230,297.59,160.6,559
12839,2,Recent High-Activity,United Kingdom,3,26,9669.12,6578,156,371.89,253.0,730
12840,2,Recent High-Activity,United Kingdom,144,7,4041.97,2258,109,577.42,322.57,531
12841,2,Recent High-Activity,United Kingdom,5,40,6958.2,5008,307,173.95,125.2,515
12842,1,Developing / Moderate,United Kingdom,71,4,1917.99,887,45,479.5,221.75,667
12843,2,Recent High-Activity,United Kingdom,66,30,6583.36,3028,130,219.45,100.93,661
12844,1,Developing / Moderate,United Kingdom,30,4,648.6,223,88,162.15,55.75,564
12845,0,Inactive Low-Activity,United Kingdom,268,4,354.09,204,26,88.52,51.0,23
12846,0,Inactive Low-Activity,United Kingdom,683,1,15.58,1,1,15.58,1.0,0
12847,1,Developing / Moderate,United Kingdom,23,2,1609.0,1497,100,804.5,748.5,365
12848,0,Inactive Low-Activity,United Kingdom,676,1,208.0,58,16,208.0,58.0,0
12849,2,Recent High-Activity,United Kingdom,32,6,3042.47,1855,123,507.08,309.17,560
12850,0,Inactive Low-Activity,United Kingdom,446,1,330.0,200,2,330.0,200.0,0
12851,1,Developing / Moderate,United Kingdom,97,2,280.76,157,71,140.38,78.5,381
12852,0,Inactive Low-Activity,United Kingdom,295,1,311.55,149,17,311.55,149.0,0
12853,2,Recent High-Activity,United Kingdom,135,11,3907.5,1668,111,355.23,151.64,538
12854,2,Recent High-Activity,United Kingdom,79,7,2970.97,1630,188,424.42,232.86,650
12855,1,Developing / Moderate,United Kingdom,373,4,612.84,240,65,153.21,60.0,30
12856,1,Developing / Moderate,United Kingdom,8,6,2170.78,1076,155,361.8,179.33,56
12857,2,Recent High-Activity,United Kingdom,211,6,3688.0,1420,71,614.67,236.67,473
12858,0,Inactive Low-Activity,United Kingdom,384,1,147.27,51,36,147.27,51.0,0
12859,0,Inactive Low-Activity,United Kingdom,459,1,575.1,292,21,575.1,292.0,0
12860,0,Inactive Low-Activity,United Kingdom,694,1,54.22,26,16,54.22,26.0,0
12861,0,Inactive Low-Activity,United Kingdom,620,1,68.25,27,4,68.25,27.0,0
12862,1,Developing / Moderate,United Kingdom,426,2,984.62,611,119,492.31,305.5,70
12863,1,Developing / Moderate,United Kingdom,53,6,2792.55,895,24,465.42,149.17,537
12864,0,Inactive Low-Activity,United Kingdom,139,2,299.57,447,5,149.78,223.5,370
12865,2,Recent High-Activity,Austria,27,4,3323.47,1973,156,830.87,493.25,450
12866,1,Developing / Moderate,Belgium,284,3,1227.35,553,58,409.12,184.33,219
12867,2,Recent High-Activity,United Kingdom,27,13,7829.26,7876,365,602.25,605.85,697
12868,1,Developing / Moderate,United Kingdom,186,8,2043.76,1170,86,255.47,146.25,207
12869,0,Inactive Low-Activity,United Kingdom,682,1,337.67,144,35,337.67,144.0,0
12870,1,Developing / Moderate,United Kingdom,376,3,1676.95,906,85,558.98,302.0,249
12871,1,Developing / Moderate,United Kingdom,85,3,744.02,484,13,248.01,161.33,355
12872,2,Recent High-Activity,United Kingdom,327,12,3283.96,1642,217,273.66,136.83,410
12873,1,Developing / Moderate,United Kingdom,283,3,2027.3,786,33,675.77,262.0,399
12874,1,Developing / Moderate,Belgium,386,2,948.42,623,44,474.21,311.5,169
12875,1,Developing / Moderate,United Kingdom,144,5,1356.99,5187,2,271.4,1037.4,554
12876,2,Recent High-Activity,Belgium,58,4,4081.79,3047,117,1020.45,761.75,533
12877,2,Recent High-Activity,United Kingdom,4,20,2942.14,2237,149,147.11,111.85,687
12878,1,Developing / Moderate,United Kingdom,237,2,854.99,547,38,427.5,273.5,30
12879,1,Developing / Moderate,United Kingdom,45,3,573.22,370,7,191.07,123.33,47
12880,0,Inactive Low-Activity,United Kingdom,382,2,640.13,279,32,320.06,139.5,193
12881,0,Inactive Low-Activity,United Kingdom,276,1,298.0,21,7,298.0,21.0,0
12882,1,Developing / Moderate,United Kingdom,10,2,1463.04,246,12,731.52,123.0,24
12883,1,Developing / Moderate,United Kingdom,25,4,703.47,196,39,175.87,49.0,65
12884,0,Inactive Low-Activity,United Kingdom,89,1,309.05,43,7,309.05,43.0,0
12885,1,Developing / Moderate,United Kingdom,64,3,1175.22,655,66,391.74,218.33,60
12886,1,Developing / Moderate,United Kingdom,68,2,1378.4,770,75,689.2,385.0,152
12887,0,Inactive Low-Activity,United Kingdom,384,1,222.4,100,13,222.4,100.0,0
12888,0,Inactive Low-Activity,United Kingdom,215,2,354.12,76,4,177.06,38.0,41
12889,0,Inactive Low-Activity,United Kingdom,382,4,385.46,124,25,96.37,31.0,121
12890,1,Developing / Moderate,United Kingdom,25,2,706.02,457,124,353.01,228.5,363
12891,1,Developing / Moderate,United Kingdom,186,11,840.5,2325,2,76.41,211.36,474
12892,0,Inactive Low-Activity,United Kingdom,397,1,263.38,140,18,263.38,140.0,0
12893,0,Inactive Low-Activity,United Kingdom,31,1,176.55,90,27,176.55,90.0,0
12894,0,Inactive Low-Activity,United Kingdom,576,1,157.35,33,21,157.35,33.0,0
12895,1,Developing / Moderate,United Kingdom,43,2,372.8,210,22,186.4,105.0,44
12897,1,Developing / Moderate,United Kingdom,205,4,514.25,249,10,128.56,62.25,339
12898,0,Inactive Low-Activity,United Kingdom,464,2,296.21,235,27,148.11,117.5,196
12899,0,Inactive Low-Activity,United Kingdom,414,1,366.4,108,17,366.4,108.0,0
12900,0,Inactive Low-Activity,United Kingdom,423,1,340.33,139,13,340.33,139.0,0
12901,2,Recent High-Activity,United Kingdom,9,28,17654.54,23075,30,630.52,824.11,262
12902,0,Inactive Low-Activity,United Kingdom,265,1,138.68,66,10,138.68,66.0,0
12903,0,Inactive Low-Activity,United Kingdom,429,1,833.53,493,41,833.53,493.0,0
12904,1,Developing / Moderate,United Kingdom,19,2,496.06,294,59,248.03,147.0,154
12905,0,Inactive Low-Activity,United Kingdom,577,2,1018.42,532,52,509.21,266.0,106
12906,1,Developing / Moderate,United Kingdom,12,5,2919.81,1749,55,583.96,349.8,67
12907,0,Inactive Low-Activity,United Kingdom,396,2,508.91,177,23,254.46,88.5,99
12908,1,Developing / Moderate,United Kingdom,177,5,1776.0,3000,1,355.2,600.0,454
12909,2,Recent High-Activity,United Kingdom,40,8,3103.19,1948,120,387.9,243.5,614
12910,2,Recent High-Activity,United Kingdom,24,13,5796.52,3632,75,445.89,279.38,598
12911,0,Inactive Low-Activity,United Kingdom,552,1,1651.72,807,220,1651.72,807.0,0
12912,1,Developing / Moderate,United Kingdom,3,5,1662.3,670,17,332.46,134.0,38
12913,2,Recent High-Activity,United Kingdom,5,13,6283.24,3086,52,483.33,237.38,734
12914,0,Inactive Low-Activity,United Kingdom,401,1,223.98,336,9,223.98,336.0,0
12915,1,Developing / Moderate,United Kingdom,149,4,975.1,411,46,243.78,102.75,441
12916,2,Recent High-Activity,United Kingdom,139,7,4479.73,1681,82,639.96,240.14,546
12917,2,Recent High-Activity,United Kingdom,129,6,4359.2,1104,45,726.53,184.0,602
12918,0,Inactive Low-Activity,United Kingdom,627,1,10953.5,1,1,10953.5,1.0,0
12919,1,Developing / Moderate,United Kingdom,9,6,1335.19,673,34,222.53,112.17,161
12920,1,Developing / Moderate,United Kingdom,18,4,486.64,420,59,121.66,105.0,708
12921,2,Recent High-Activity,United Kingdom,10,74,35233.24,21328,322,476.12,288.22,729
12922,0,Inactive Low-Activity,United Kingdom,162,1,405.38,370,28,405.38,370.0,0
12923,1,Developing / Moderate,United Kingdom,65,3,770.42,230,54,256.81,76.67,511
12924,2,Recent High-Activity,United Kingdom,89,12,2469.4,1423,56,205.78,118.58,642
12925,1,Developing / Moderate,United Kingdom,5,3,729.33,649,46,243.11,216.33,588
12926,1,Developing / Moderate,United Kingdom,412,4,1523.97,754,202,380.99,188.5,314
12927,0,Inactive Low-Activity,United Kingdom,395,1,197.31,145,11,197.31,145.0,0
12928,2,Recent High-Activity,United Kingdom,36,12,4304.89,2899,94,358.74,241.58,514
12929,0,Inactive Low-Activity,United Kingdom,312,1,117.85,37,8,117.85,37.0,0
12930,1,Developing / Moderate,United Kingdom,79,2,415.8,252,20,207.9,126.0,93
12931,2,Recent High-Activity,United Kingdom,22,57,92347.34,62906,37,1620.13,1103.61,717
12932,1,Developing / Moderate,United Kingdom,540,8,1698.56,1609,69,212.32,201.12,128
12933,2,Recent High-Activity,United Kingdom,25,8,1636.63,949,227,204.58,118.62,705
12934,0,Inactive Low-Activity,United Kingdom,737,1,181.65,31,2,181.65,31.0,0
12935,2,Recent High-Activity,United Kingdom,3,15,4243.86,3201,113,282.92,213.4,605
12936,1,Developing / Moderate,United Kingdom,18,4,1063.9,559,56,265.98,139.75,61
12937,2,Recent High-Activity,United Kingdom,16,9,3097.61,1983,128,344.18,220.33,721
12938,0,Inactive Low-Activity,United Kingdom,26,1,114.14,140,9,114.14,140.0,0
12939,2,Recent High-Activity,United Kingdom,65,20,25264.8,10328,24,1263.24,516.4,632
12940,1,Developing / Moderate,United Kingdom,55,2,899.69,404,87,449.85,202.0,33
12941,0,Inactive Low-Activity,United Kingdom,725,1,377.49,381,27,377.49,381.0,0
12942,1,Developing / Moderate,United Kingdom,132,3,675.6,198,68,225.2,66.0,234
12943,0,Inactive Low-Activity,United Kingdom,559,2,496.5,222,22,248.25,111.0,47
12944,1,Developing / Moderate,United Kingdom,36,2,604.51,289,29,302.25,144.5,319
12945,1,Developing / Moderate,United Kingdom,289,2,900.11,446,47,450.06,223.0,368
12946,0,Inactive Low-Activity,United Kingdom,437,1,324.45,149,20,324.45,149.0,0
12947,1,Developing / Moderate,United Kingdom,144,6,1603.99,1165,83,267.33,194.17,230
12948,2,Recent High-Activity,United Kingdom,17,9,2317.43,1304,89,257.49,144.89,721
12949,2,Recent High-Activity,United Kingdom,31,22,15526.7,8233,347,705.76,374.23,706
12950,1,Developing / Moderate,United Kingdom,3,3,1843.0,1380,13,614.33,460.0,22
12951,2,Recent High-Activity,United Kingdom,9,15,3213.72,1662,110,214.25,110.8,690
12952,1,Developing / Moderate,United Kingdom,6,4,1387.79,653,64,346.95,163.25,73
12953,1,Developing / Moderate,United Kingdom,10,2,828.81,364,45,414.41,182.0,513
12954,0,Inactive Low-Activity,United Kingdom,639,1,162.45,83,10,162.45,83.0,0
12955,2,Recent High-Activity,United Kingdom,2,11,4757.16,3664,81,432.47,333.09,266
12956,1,Developing / Moderate,United Kingdom,307,4,521.89,340,42,130.47,85.0,418
12957,2,Recent High-Activity,United Kingdom,10,13,8706.97,4686,402,669.77,360.46,719
12958,0,Inactive Low-Activity,United Kingdom,401,2,467.34,118,45,233.67,59.0,183
12959,0,Inactive Low-Activity,United Kingdom,485,1,150.95,109,8,150.95,109.0,0
12960,1,Developing / Moderate,United Kingdom,414,4,1322.07,1379,49,330.52,344.75,248
12961,0,Inactive Low-Activity,United Kingdom,380,1,211.99,180,37,211.99,180.0,0
12962,1,Developing / Moderate,United Kingdom,8,2,266.39,129,15,133.19,64.5,106
12963,2,Recent High-Activity,United Kingdom,9,12,3235.79,1637,129,269.65,136.42,511
12964,0,Inactive Low-Activity,United Kingdom,438,1,132.24,56,26,132.24,56.0,0
12965,1,Developing / Moderate,United Kingdom,90,1,769.81,282,108,769.81,282.0,0
12966,0,Inactive Low-Activity,United Kingdom,10,1,160.18,75,10,160.18,75.0,0
12967,1,Developing / Moderate,United Kingdom,359,3,2938.52,912,47,979.51,304.0,25
12968,0,Inactive Low-Activity,United Kingdom,113,1,135.95,73,5,135.95,73.0,0
12969,0,Inactive Low-Activity,United Kingdom,603,1,122.45,55,5,122.45,55.0,0
12970,2,Recent High-Activity,United Kingdom,8,10,1453.6,954,280,145.36,95.4,728
12971,2,Recent High-Activity,United Kingdom,4,116,15704.6,14306,102,135.38,123.33,721
12972,1,Developing / Moderate,United Kingdom,414,4,1161.2,844,69,290.3,211.0,248
12973,0,Inactive Low-Activity,United Kingdom,414,1,385.55,31,6,385.55,31.0,0
12974,1,Developing / Moderate,United Kingdom,198,2,408.95,104,27,204.47,52.0,368
12975,1,Developing / Moderate,United Kingdom,437,6,2100.09,911,92,350.02,151.83,297
12976,2,Recent High-Activity,United Kingdom,212,8,3156.38,2684,106,394.55,335.5,454
12977,1,Developing / Moderate,United Kingdom,157,4,513.88,128,54,128.47,32.0,355
12978,1,Developing / Moderate,United Kingdom,386,5,2502.82,1394,126,500.56,278.8,344
12979,0,Inactive Low-Activity,United Arab Emirates,730,1,517.7,520,56,517.7,520.0,0
12980,2,Recent High-Activity,United Kingdom,158,21,16245.78,1910,7,773.61,90.95,580
12981,1,Developing / Moderate,United Kingdom,30,2,372.22,242,12,186.11,121.0,104
12982,2,Recent High-Activity,United Kingdom,243,8,2744.81,1729,139,343.1,216.12,364
12983,0,Inactive Low-Activity,United Kingdom,599,1,490.08,638,30,490.08,638.0,0
12984,0,Inactive Low-Activity,United Kingdom,19,1,97.5,26,4,97.5,26.0,0
12985,1,Developing / Moderate,United Kingdom,1,2,1239.38,1533,73,619.69,766.5,28
12986,1,Developing / Moderate,United Kingdom,429,10,2729.84,1164,61,272.98,116.4,259
12987,1,Developing / Moderate,United Kingdom,74,5,1312.21,585,61,262.44,117.0,615
12988,0,Inactive Low-Activity,United Kingdom,293,1,505.82,126,75,505.82,126.0,0
12989,2,Recent High-Activity,United Kingdom,4,33,13551.75,6935,50,410.66,210.15,726
12990,1,Developing / Moderate,United Kingdom,32,7,955.5,480,9,136.5,68.57,588
12991,1,Developing / Moderate,United Kingdom,24,3,764.82,483,45,254.94,161.0,366
12992,0,Inactive Low-Activity,United Kingdom,726,1,93.35,21,6,93.35,21.0,0
12993,2,Recent High-Activity,United Kingdom,24,8,1259.63,751,57,157.45,93.88,636
12994,1,Developing / Moderate,United Kingdom,5,3,974.42,459,52,324.81,153.0,264
12995,0,Inactive Low-Activity,United Kingdom,86,1,211.32,108,3,211.32,108.0,0
12996,0,Inactive Low-Activity,United Kingdom,376,1,355.5,122,22,355.5,122.0,0
12997,2,Recent High-Activity,United Kingdom,23,8,2110.91,1186,65,263.86,148.25,590
12998,0,Inactive Low-Activity,United Kingdom,493,3,920.08,1124,58,306.69,374.67,161
12999,1,Developing / Moderate,United Kingdom,197,3,455.88,342,25,151.96,114.0,49
13000,1,Developing / Moderate,United Kingdom,107,4,1032.5,548,57,258.12,137.0,619
13001,2,Recent High-Activity,United Kingdom,5,33,24042.65,13448,300,728.57,407.52,732
13002,0,Inactive Low-Activity,United Kingdom,319,3,414.13,201,19,138.04,67.0,116
13003,0,Inactive Low-Activity,United Kingdom,106,3,149.05,103,4,49.68,34.33,109
13004,2,Recent High-Activity,United Kingdom,12,36,11650.85,8768,417,323.63,243.56,713
13005,1,Developing / Moderate,United Kingdom,174,4,999.68,462,41,249.92,115.5,284
13006,0,Inactive Low-Activity,United Kingdom,57,1,81.57,55,4,81.57,55.0,0
13007,0,Inactive Low-Activity,United Kingdom,580,1,175.25,59,11,175.25,59.0,0
13008,1,Developing / Moderate,United Kingdom,324,3,612.13,379,31,204.04,126.33,400
13009,0,Inactive Low-Activity,United Kingdom,673,1,234.0,120,4,234.0,120.0,0
13010,0,Inactive Low-Activity,United Kingdom,375,2,330.12,323,10,165.06,161.5,274
13011,0,Inactive Low-Activity,United Kingdom,373,1,50.55,13,3,50.55,13.0,0
13012,2,Recent High-Activity,United Kingdom,10,11,2957.83,1559,95,268.89,141.73,583
13013,2,Recent High-Activity,United Kingdom,2,29,11097.43,5661,289,382.67,195.21,724
13014,2,Recent High-Activity,United Kingdom,11,11,5381.08,1979,140,489.19,179.91,422
13015,2,Recent High-Activity,United Kingdom,54,11,6579.78,3527,260,598.16,320.64,550
13016,1,Developing / Moderate,United Kingdom,74,3,789.89,527,39,263.3,175.67,50
13017,0,Inactive Low-Activity,United Kingdom,8,1,204.0,48,1,204.0,48.0,0
13018,2,Recent High-Activity,United Kingdom,17,35,9763.16,6746,401,278.95,192.74,632
13019,1,Developing / Moderate,United Kingdom,380,6,1229.95,397,46,204.99,66.17,354
13020,0,Inactive Low-Activity,United Kingdom,563,2,618.96,278,38,309.48,139.0,97
13021,2,Recent High-Activity,United Kingdom,5,17,4887.24,2546,166,287.48,149.76,730
13022,0,Inactive Low-Activity,Belgium,430,1,65.3,35,5,65.3,35.0,0
13023,1,Developing / Moderate,United Kingdom,65,3,1449.03,585,69,483.01,195.0,464
13024,0,Inactive Low-Activity,United Kingdom,471,2,555.87,181,26,277.94,90.5,112
13025,0,Inactive Low-Activity,United Kingdom,732,1,323.39,241,13,323.39,241.0,0
13026,2,Recent High-Activity,United Kingdom,2,9,1733.08,2466,52,192.56,274.0,725
13027,2,Recent High-Activity,United Kingdom,114,19,17239.2,42840,7,907.33,2254.74,575
13028,1,Developing / Moderate,United Kingdom,23,2,661.32,798,40,330.66,399.0,23
13029,1,Developing / Moderate,United Kingdom,31,5,1927.3,194,13,385.46,38.8,493
13030,1,Developing / Moderate,United Kingdom,12,2,752.44,348,76,376.22,174.0,357
13031,1,Developing / Moderate,United Kingdom,408,5,3292.84,2309,275,658.57,461.8,147
13032,2,Recent High-Activity,United Kingdom,53,9,2815.96,1274,147,312.88,141.56,408
13033,0,Inactive Low-Activity,United Kingdom,358,2,220.55,98,12,110.28,49.0,72
13034,1,Developing / Moderate,United Kingdom,55,3,756.82,406,42,252.27,135.33,347
13035,1,Developing / Moderate,United Kingdom,74,3,1364.2,926,27,454.73,308.67,358
13036,0,Inactive Low-Activity,United Kingdom,685,1,307.1,38,6,307.1,38.0,0
13037,2,Recent High-Activity,United Kingdom,139,12,3914.95,2130,181,326.25,177.5,598
13038,1,Developing / Moderate,United Kingdom,81,3,908.46,360,24,302.82,120.0,210
13039,0,Inactive Low-Activity,United Kingdom,585,4,1010.73,290,37,252.68,72.5,138
13040,1,Developing / Moderate,United Kingdom,9,2,676.99,355,38,338.5,177.5,25
13041,0,Inactive Low-Activity,United Kingdom,451,4,799.13,335,23,199.78,83.75,139
13042,1,Developing / Moderate,United Kingdom,599,3,1488.59,812,164,496.2,270.67,134
13043,0,Inactive Low-Activity,United Kingdom,274,1,516.42,254,13,516.42,254.0,0
13044,2,Recent High-Activity,United Kingdom,292,11,4848.05,2548,356,440.73,231.64,409
13045,1,Developing / Moderate,United Kingdom,100,3,808.92,405,41,269.64,135.0,387
13046,1,Developing / Moderate,United Kingdom,31,3,949.25,505,50,316.42,168.33,426
13047,2,Recent High-Activity,United Kingdom,32,24,8428.53,3328,190,351.19,138.67,692
13048,2,Recent High-Activity,United Kingdom,15,9,4049.13,2661,125,449.9,295.67,667
13049,1,Developing / Moderate,United Kingdom,65,4,1408.24,620,19,352.06,155.0,337
13050,2,Recent High-Activity,United Kingdom,15,35,11986.52,7015,513,342.47,200.43,710
13051,0,Inactive Low-Activity,United Kingdom,579,2,155.8,72,4,77.9,36.0,41
13052,2,Recent High-Activity,United Kingdom,213,7,3119.33,1424,161,445.62,203.43,442
13053,0,Inactive Low-Activity,United Kingdom,622,1,127.65,47,17,127.65,47.0,0
13055,1,Developing / Moderate,United Kingdom,79,4,2321.11,1821,145,580.28,455.25,351
13056,0,Inactive Low-Activity,United Kingdom,552,1,209.48,158,18,209.48,158.0,0
13057,0,Inactive Low-Activity,United Kingdom,531,3,709.59,456,34,236.53,152.0,101
13058,0,Inactive Low-Activity,United Kingdom,25,3,271.4,52,5,90.47,17.33,127
13059,2,Recent High-Activity,United Kingdom,250,10,2291.77,860,155,229.18,86.0,369
13060,0,Inactive Low-Activity,United Kingdom,254,1,307.53,123,15,307.53,123.0,0
13061,0,Inactive Low-Activity,United Kingdom,73,1,248.61,107,10,248.61,107.0,0
13062,0,Inactive Low-Activity,United Kingdom,192,1,346.98,343,11,346.98,343.0,0
13063,0,Inactive Low-Activity,United Kingdom,481,1,188.4,116,12,188.4,116.0,0
13064,2,Recent High-Activity,United Kingdom,13,6,1666.84,668,58,277.81,111.33,579
13065,1,Developing / Moderate,United Kingdom,374,5,1055.05,381,49,211.01,76.2,174
13066,1,Developing / Moderate,United Kingdom,25,2,470.8,322,48,235.4,161.0,8
13067,1,Developing / Moderate,United Kingdom,83,3,508.51,131,24,169.5,43.67,364
13068,0,Inactive Low-Activity,United Kingdom,11,2,344.0,200,1,172.0,100.0,309
13069,2,Recent High-Activity,United Kingdom,1,38,9284.45,15171,573,244.33,399.24,543
13070,1,Developing / Moderate,United Kingdom,193,4,751.7,372,12,187.93,93.0,540
13071,0,Inactive Low-Activity,United Kingdom,613,1,129.22,30,12,129.22,30.0,0
13072,0,Inactive Low-Activity,United Kingdom,267,1,177.15,69,7,177.15,69.0,0
13073,0,Inactive Low-Activity,United Kingdom,412,2,418.08,261,25,209.04,130.5,26
13074,0,Inactive Low-Activity,United Kingdom,512,4,1378.74,826,26,344.69,206.5,212
13075,0,Inactive Low-Activity,United Kingdom,130,1,919.61,485,22,919.61,485.0,0
13076,0,Inactive Low-Activity,United Kingdom,458,1,135.4,44,9,135.4,44.0,0
13077,2,Recent High-Activity,United Kingdom,2,11,2740.65,2468,208,249.15,224.36,727
13078,2,Recent High-Activity,United Kingdom,4,57,29018.06,12032,153,509.09,211.09,735
13079,1,Developing / Moderate,United Kingdom,5,6,419.18,158,11,69.86,26.33,413
13080,1,Developing / Moderate,United Kingdom,180,4,280.73,193,17,70.18,48.25,430
13081,2,Recent High-Activity,United Kingdom,12,28,56838.37,40077,738,2029.94,1431.32,720
13082,2,Recent High-Activity,United Kingdom,127,21,7335.75,8466,99,349.32,403.14,591
13083,1,Developing / Moderate,United Kingdom,5,3,395.43,307,19,131.81,102.33,421
13084,0,Inactive Low-Activity,United Kingdom,492,1,122.4,144,2,122.4,144.0,0
13085,2,Recent High-Activity,United Kingdom,158,8,2433.28,944,50,304.16,118.0,581
13086,0,Inactive Low-Activity,United Kingdom,383,1,439.33,155,47,439.33,155.0,0
13087,0,Inactive Low-Activity,United Kingdom,727,1,313.64,86,15,313.64,86.0,0
13088,0,Inactive Low-Activity,United Kingdom,418,1,236.11,76,19,236.11,76.0,0
13089,2,Recent High-Activity,United Kingdom,3,203,113416.91,58932,857,558.7,290.31,735
13090,2,Recent High-Activity,United Kingdom,9,24,13091.74,3247,163,545.49,135.29,486
13091,1,Developing / Moderate,United Kingdom,29,3,2321.82,1339,41,773.94,446.33,701
13092,2,Recent High-Activity,United Kingdom,71,12,2140.28,664,52,178.36,55.33,597
13093,2,Recent High-Activity,United Kingdom,276,55,54144.25,25971,199,984.44,472.2,460
13094,1,Developing / Moderate,United Kingdom,22,13,2209.44,1896,5,169.96,145.85,368
13095,0,Inactive Low-Activity,United Kingdom,71,1,74.4,144,6,74.4,144.0,0
13096,0,Inactive Low-Activity,United Kingdom,395,1,419.7,6,1,419.7,6.0,0
13097,2,Recent High-Activity,United Kingdom,33,28,13324.1,5345,390,475.86,190.89,706
13098,2,Recent High-Activity,United Kingdom,2,28,28882.44,15968,156,1031.52,570.29,316
13099,0,Inactive Low-Activity,United Kingdom,100,1,207.36,288,1,207.36,288.0,0
13101,1,Developing / Moderate,United Kingdom,235,4,695.4,478,48,173.85,119.5,447
13102,2,Recent High-Activity,United Kingdom,2,37,11380.1,6366,212,307.57,172.05,581
13103,1,Developing / Moderate,United Kingdom,40,3,709.64,426,27,236.55,142.0,538
13104,2,Recent High-Activity,United Kingdom,4,9,1709.1,834,15,189.9,92.67,650
13105,0,Inactive Low-Activity,United Kingdom,437,1,72.0,100,1,72.0,100.0,0
13106,1,Developing / Moderate,United Kingdom,134,2,603.46,231,15,301.73,115.5,280
13107,2,Recent High-Activity,United Kingdom,45,9,5253.07,4316,142,583.67,479.56,629
13108,0,Inactive Low-Activity,United Kingdom,373,2,748.46,745,27,374.23,372.5,63
13109,1,Developing / Moderate,United Kingdom,60,3,1134.03,757,57,378.01,252.33,492
13110,2,Recent High-Activity,United Kingdom,32,12,2957.47,763,167,246.46,63.58,707
13111,0,Inactive Low-Activity,United Kingdom,719,1,321.88,180,12,321.88,180.0,0
13112,0,Inactive Low-Activity,United Kingdom,542,1,20.6,11,2,20.6,11.0,0
13113,2,Recent High-Activity,United Kingdom,1,37,18230.07,4435,166,492.7,119.86,621
13114,0,Inactive Low-Activity,United Kingdom,731,1,234.38,74,16,234.38,74.0,0
13115,2,Recent High-Activity,United Kingdom,12,10,5494.7,3934,178,549.47,393.4,588
13116,0,Inactive Low-Activity,United Kingdom,139,1,501.14,291,30,501.14,291.0,0
13117,2,Recent High-Activity,United Kingdom,22,18,2255.66,1852,122,125.31,102.89,602
13118,2,Recent High-Activity,United Kingdom,20,9,2415.41,834,111,268.38,92.67,420
13119,0,Inactive Low-Activity,United Kingdom,669,1,134.9,110,11,134.9,110.0,0
13120,0,Inactive Low-Activity,United Kingdom,239,1,30.6,12,1,30.6,12.0,0
13121,0,Inactive Low-Activity,United Kingdom,270,1,283.73,252,50,283.73,252.0,0
13122,1,Developing / Moderate,United Kingdom,95,2,922.39,585,54,461.19,292.5,146
13123,0,Inactive Low-Activity,United Kingdom,473,2,506.75,268,36,253.38,134.0,57
13124,1,Developing / Moderate,United Kingdom,90,4,4641.66,2738,216,1160.41,684.5,296
13125,0,Inactive Low-Activity,United Kingdom,524,1,148.62,53,20,148.62,53.0,0
13126,2,Recent High-Activity,United Kingdom,5,13,3774.81,3289,183,290.37,253.0,643
13127,0,Inactive Low-Activity,United Kingdom,78,1,259.17,127,15,259.17,127.0,0
13128,0,Inactive Low-Activity,United Kingdom,632,1,263.5,31,1,263.5,31.0,0
13129,0,Inactive Low-Activity,United Kingdom,453,2,233.25,296,10,116.62,148.0,77
13130,0,Inactive Low-Activity,United Kingdom,95,1,64.0,32,2,64.0,32.0,0
13131,2,Recent High-Activity,United Kingdom,24,7,3313.77,1523,107,473.4,217.57,645
13132,0,Inactive Low-Activity,United Kingdom,262,1,77.3,20,3,77.3,20.0,0
13133,0,Inactive Low-Activity,United Kingdom,274,3,200.45,55,12,66.82,18.33,186
13134,1,Developing / Moderate,United Kingdom,86,6,2475.23,1364,110,412.54,227.33,331
13135,1,Developing / Moderate,United Kingdom,197,2,3371.45,4423,18,1685.72,2211.5,295
13136,2,Recent High-Activity,United Kingdom,57,13,6274.56,3109,204,482.66,239.15,675
13137,2,Recent High-Activity,United Kingdom,11,16,7586.94,4238,628,474.18,264.88,492
13138,1,Developing / Moderate,United Kingdom,23,7,1274.01,593,41,182.0,84.71,374
13139,2,Recent High-Activity,United Kingdom,17,8,8202.98,4614,214,1025.37,576.75,421
13140,1,Developing / Moderate,United Kingdom,109,5,1054.92,572,89,210.98,114.4,383
13141,2,Recent High-Activity,United Kingdom,85,17,7656.08,5159,285,450.36,303.47,646
13142,0,Inactive Low-Activity,United Kingdom,20,1,307.09,258,23,307.09,258.0,0
13143,0,Inactive Low-Activity,United Kingdom,585,1,405.1,198,23,405.1,198.0,0
13144,0,Inactive Low-Activity,United Kingdom,333,2,135.35,29,6,67.67,14.5,99
13145,1,Developing / Moderate,United Kingdom,40,7,1128.52,265,5,161.22,37.86,560
13146,0,Inactive Low-Activity,United Kingdom,27,1,228.91,154,16,228.91,154.0,0
13147,0,Inactive Low-Activity,United Kingdom,11,4,712.8,144,1,178.2,36.0,89
13148,2,Recent High-Activity,United Kingdom,30,26,8497.82,4487,451,326.84,172.58,703
13149,1,Developing / Moderate,United Kingdom,15,4,1676.06,1280,76,419.01,320.0,275
13150,0,Inactive Low-Activity,United Kingdom,485,3,449.97,171,7,149.99,57.0,146
13151,1,Developing / Moderate,United Kingdom,296,3,2465.21,813,131,821.74,271.0,332
13152,1,Developing / Moderate,United Kingdom,418,7,2146.38,977,114,306.63,139.57,277
13153,0,Inactive Low-Activity,United Kingdom,6,1,486.22,418,15,486.22,418.0,0
13154,1,Developing / Moderate,United Kingdom,400,3,1624.84,976,78,541.61,325.33,336
13155,1,Developing / Moderate,United Kingdom,34,6,1370.48,741,79,228.41,123.5,458
13156,1,Developing / Moderate,United Kingdom,386,3,1586.54,914,94,528.85,304.67,291
13157,2,Recent High-Activity,United Kingdom,50,9,5687.36,4762,173,631.93,529.11,592
13158,1,Developing / Moderate,United Kingdom,95,5,1508.18,992,70,301.64,198.4,294
13159,1,Developing / Moderate,United Kingdom,9,4,1429.35,1058,114,357.34,264.5,107
13160,0,Inactive Low-Activity,United Kingdom,23,1,91.8,56,4,91.8,56.0,0
13161,0,Inactive Low-Activity,United Kingdom,314,2,472.13,105,30,236.06,52.5,187
13162,2,Recent High-Activity,United Kingdom,123,16,9275.49,5755,186,579.72,359.69,613
13163,0,Inactive Low-Activity,United Kingdom,611,1,17.65,3,2,17.65,3.0,0
13164,0,Inactive Low-Activity,United Kingdom,570,2,372.2,120,7,186.1,60.0,98
13165,1,Developing / Moderate,United Kingdom,47,3,1451.16,1736,47,483.72,578.67,367
13166,1,Developing / Moderate,United Kingdom,284,2,875.93,522,55,437.96,261.0,131
13167,1,Developing / Moderate,United Kingdom,19,5,1125.15,1007,64,225.03,201.4,372
13168,2,Recent High-Activity,United Kingdom,37,5,1840.73,898,127,368.15,179.6,506
13169,1,Developing / Moderate,United Kingdom,64,3,840.08,296,16,280.03,98.67,499
13170,0,Inactive Low-Activity,United Kingdom,27,1,108.81,141,29,108.81,141.0,0
13171,1,Developing / Moderate,United Kingdom,22,3,468.41,229,37,156.14,76.33,278
13172,0,Inactive Low-Activity,United Kingdom,401,1,69.6,48,1,69.6,48.0,0
13173,2,Recent High-Activity,United Kingdom,5,11,2399.82,1481,160,218.17,134.64,725
13174,2,Recent High-Activity,United Kingdom,17,12,7995.36,3794,602,666.28,316.17,719
13175,0,Inactive Low-Activity,United Kingdom,583,2,831.45,423,40,415.73,211.5,153
13176,1,Developing / Moderate,United Kingdom,47,1,481.49,448,66,481.49,448.0,0
13177,1,Developing / Moderate,United Kingdom,65,2,512.2,180,23,256.1,90.0,366
13178,2,Recent High-Activity,United Kingdom,27,21,14059.19,8778,194,669.49,418.0,697
13179,0,Inactive Low-Activity,United Kingdom,619,1,572.31,368,34,572.31,368.0,0
13180,0,Inactive Low-Activity,United Kingdom,608,1,86.1,42,4,86.1,42.0,0
13181,0,Inactive Low-Activity,United Kingdom,382,1,359.69,171,19,359.69,171.0,0
13182,0,Inactive Low-Activity,United Kingdom,46,1,121.18,201,11,121.18,201.0,0
13183,2,Recent High-Activity,United Kingdom,8,15,7036.18,4027,64,469.08,268.47,628
13184,2,Recent High-Activity,United Kingdom,15,10,1668.95,1662,138,166.9,166.2,276
13185,0,Inactive Low-Activity,United Kingdom,268,1,71.4,12,1,71.4,12.0,0
13186,1,Developing / Moderate,United Kingdom,40,3,1575.89,820,69,525.3,273.33,89
13187,1,Developing / Moderate,United Kingdom,338,4,341.36,296,51,85.34,74.0,287
13188,0,Inactive Low-Activity,United Kingdom,12,1,114.6,25,2,114.6,25.0,0
13189,1,Developing / Moderate,United Kingdom,19,2,260.68,842,29,130.34,421.0,97
13190,0,Inactive Low-Activity,United Kingdom,545,3,570.66,308,16,190.22,102.67,188
13191,0,Inactive Low-Activity,United Kingdom,659,1,164.69,115,58,164.69,115.0,0
13192,2,Recent High-Activity,United Kingdom,96,6,2558.58,1629,135,426.43,271.5,591
13193,0,Inactive Low-Activity,United Kingdom,62,1,112.08,46,22,112.08,46.0,0
13194,1,Developing / Moderate,United Kingdom,136,2,472.78,326,10,236.39,163.0,286
13195,0,Inactive Low-Activity,United Kingdom,415,1,136.73,70,43,136.73,70.0,0
13196,2,Recent High-Activity,United Kingdom,12,7,3068.84,2006,141,438.41,286.57,606
13197,0,Inactive Low-Activity,United Kingdom,610,1,373.01,204,19,373.01,204.0,0
13198,2,Recent High-Activity,United Kingdom,11,8,4974.23,3449,265,621.78,431.12,424
13199,2,Recent High-Activity,United Kingdom,4,67,15964.21,11567,61,238.27,172.64,731
13200,1,Developing / Moderate,United Kingdom,20,4,870.09,516,42,217.52,129.0,107
13201,1,Developing / Moderate,United Kingdom,503,4,1233.06,1036,65,308.26,259.0,140
13202,1,Developing / Moderate,United Kingdom,395,7,1580.3,572,55,225.76,81.71,336
13203,2,Recent High-Activity,United Kingdom,10,10,2648.25,2413,158,264.82,241.3,713
13204,0,Inactive Low-Activity,United Kingdom,732,1,966.66,428,57,966.66,428.0,0
13205,0,Inactive Low-Activity,United Kingdom,444,1,2803.2,256,1,2803.2,256.0,0
13206,2,Recent High-Activity,United Kingdom,401,13,8308.19,7086,393,639.09,545.08,332
13207,1,Developing / Moderate,United Kingdom,16,4,535.86,178,10,133.97,44.5,597
13208,2,Recent High-Activity,United Kingdom,59,9,1976.3,1343,198,219.59,149.22,678
13209,2,Recent High-Activity,United Kingdom,31,13,8509.51,5781,284,654.58,444.69,654
13210,0,Inactive Low-Activity,United Kingdom,94,1,353.48,316,22,353.48,316.0,0
13211,2,Recent High-Activity,United Kingdom,11,10,2618.77,1845,98,261.88,184.5,723
13212,1,Developing / Moderate,United Kingdom,20,3,786.83,309,128,262.28,103.0,42
13213,2,Recent High-Activity,United Kingdom,57,11,3851.52,2962,181,350.14,269.27,512
13214,1,Developing / Moderate,United Kingdom,418,7,3264.23,2966,207,466.32,423.71,229
13215,0,Inactive Low-Activity,United Kingdom,403,1,81.6,96,1,81.6,96.0,0
13216,0,Inactive Low-Activity,United Kingdom,268,1,333.74,297,5,333.74,297.0,0
13217,1,Developing / Moderate,United Kingdom,123,4,666.48,512,3,166.62,128.0,533
13218,0,Inactive Low-Activity,United Kingdom,128,1,62.64,88,5,62.64,88.0,0
13219,0,Inactive Low-Activity,United Kingdom,619,1,76.23,11,11,76.23,11.0,0
13220,1,Developing / Moderate,United Kingdom,79,5,1336.09,396,46,267.22,79.2,497
13221,1,Developing / Moderate,United Kingdom,241,2,847.41,244,62,423.7,122.0,119
13222,0,Inactive Low-Activity,United Kingdom,578,1,88.5,30,1,88.5,30.0,0
13223,1,Developing / Moderate,United Kingdom,201,6,969.12,568,8,161.52,94.67,465
13224,1,Developing / Moderate,United Kingdom,61,2,2155.95,1518,101,1077.97,759.0,91
13225,2,Recent High-Activity,United Kingdom,4,16,16260.07,7401,60,1016.25,462.56,719
13226,0,Inactive Low-Activity,United Kingdom,274,2,312.46,179,28,156.23,89.5,120
13227,0,Inactive Low-Activity,United Kingdom,202,1,257.7,99,9,257.7,99.0,0
13228,0,Inactive Low-Activity,United Kingdom,82,1,358.0,200,2,358.0,200.0,0
13229,0,Inactive Low-Activity,United Kingdom,226,1,160.95,63,10,160.95,63.0,0
13230,2,Recent High-Activity,United Kingdom,5,30,6120.01,3520,653,204.0,117.33,627
13232,1,Developing / Moderate,United Kingdom,13,7,1328.35,773,147,189.76,110.43,231
13233,1,Developing / Moderate,United Kingdom,75,4,1176.46,1604,74,294.12,401.0,620
13234,0,Inactive Low-Activity,United Kingdom,673,2,346.5,159,56,173.25,79.5,60
13235,1,Developing / Moderate,United Kingdom,213,1,1031.07,441,53,1031.07,441.0,0
13236,1,Developing / Moderate,United Kingdom,25,2,744.85,416,34,372.43,208.0,82
13237,0,Inactive Low-Activity,United Kingdom,388,1,643.0,128,24,643.0,128.0,0
13238,1,Developing / Moderate,United Kingdom,18,6,1006.63,442,24,167.77,73.67,573
13239,1,Developing / Moderate,United Kingdom,262,5,1594.69,1151,86,318.94,230.2,241
13240,2,Recent High-Activity,United Kingdom,97,8,1475.79,709,160,184.47,88.62,556
13241,0,Inactive Low-Activity,United Kingdom,412,1,112.53,46,40,112.53,46.0,0
13242,1,Developing / Moderate,United Kingdom,113,7,699.4,350,19,99.91,50.0,556
13243,1,Developing / Moderate,United Kingdom,204,5,1220.38,554,165,244.08,110.8,428
13244,0,Inactive Low-Activity,United Kingdom,93,1,121.74,38,27,121.74,38.0,0
13245,1,Developing / Moderate,United Kingdom,51,2,989.22,371,43,494.61,185.5,382
13246,2,Recent High-Activity,United Kingdom,19,11,3351.75,2796,229,304.7,254.18,507
13247,1,Developing / Moderate,United Kingdom,18,4,501.12,328,18,125.28,82.0,65
13248,1,Developing / Moderate,United Kingdom,125,2,465.68,305,25,232.84,152.5,65
13249,1,Developing / Moderate,United Kingdom,93,9,1608.93,1246,21,178.77,138.44,592
13250,0,Inactive Low-Activity,United Kingdom,461,2,253.09,107,17,126.55,53.5,42
13251,0,Inactive Low-Activity,United Kingdom,403,1,252.68,215,25,252.68,215.0,0
13252,0,Inactive Low-Activity,United Kingdom,395,2,399.3,134,19,199.65,67.0,231
13253,1,Developing / Moderate,United Kingdom,157,4,2951.11,3015,73,737.78,753.75,547
13254,0,Inactive Low-Activity,United Kingdom,377,1,51.41,43,4,51.41,43.0,0
13255,1,Developing / Moderate,United Kingdom,10,3,678.76,407,26,226.25,135.67,503
13257,0,Inactive Low-Activity,United Kingdom,437,1,149.75,33,7,149.75,33.0,0
13258,1,Developing / Moderate,United Kingdom,12,5,1009.43,446,29,201.89,89.2,389
13259,2,Recent High-Activity,United Kingdom,62,9,1402.54,503,234,155.84,55.89,637
13260,0,Inactive Low-Activity,United Kingdom,62,1,557.62,142,8,557.62,142.0,0
13261,0,Inactive Low-Activity,United Kingdom,269,2,944.1,210,8,472.05,105.0,17
13262,1,Developing / Moderate,United Kingdom,264,3,573.45,247,48,191.15,82.33,337
13263,2,Recent High-Activity,United Kingdom,2,39,8676.2,5372,507,222.47,137.74,412
13264,0,Inactive Low-Activity,United Kingdom,443,1,722.56,375,38,722.56,375.0,0
13265,1,Developing / Moderate,United Kingdom,54,5,2092.66,1740,66,418.53,348.0,220
13266,2,Recent High-Activity,United Kingdom,12,19,6135.04,6837,154,322.9,359.84,711
13267,2,Recent High-Activity,United Kingdom,3,36,9429.81,3959,152,261.94,109.97,730
13268,2,Recent High-Activity,United Kingdom,18,11,3174.75,3624,257,288.61,329.45,250
13269,2,Recent High-Activity,United Kingdom,2,28,8537.32,6366,238,304.9,227.36,736
13270,0,Inactive Low-Activity,United Kingdom,367,1,590.0,200,1,590.0,200.0,0
13271,1,Developing / Moderate,United Kingdom,38,1,211.49,240,79,211.49,240.0,0
13272,0,Inactive Low-Activity,United Kingdom,32,2,276.56,96,15,138.28,48.0,58
13273,0,Inactive Low-Activity,United Kingdom,114,1,138.98,153,16,138.98,153.0,0
13274,0,Inactive Low-Activity,United Kingdom,410,1,360.85,199,19,360.85,199.0,0
13275,0,Inactive Low-Activity,United Kingdom,384,2,238.86,138,48,119.43,69.0,249
13276,2,Recent High-Activity,United Kingdom,64,5,1891.91,840,209,378.38,168.0,579
13277,1,Developing / Moderate,United Kingdom,16,7,523.3,382,10,74.76,54.57,524
13278,1,Developing / Moderate,United Kingdom,41,4,1435.85,1358,80,358.96,339.5,570
13279,0,Inactive Low-Activity,United Kingdom,79,1,137.75,73,9,137.75,73.0,0
13280,2,Recent High-Activity,United Kingdom,123,7,2293.33,1489,159,327.62,212.71,522
13281,0,Inactive Low-Activity,United Kingdom,440,1,350.85,201,22,350.85,201.0,0
13282,1,Developing / Moderate,United Kingdom,19,4,1313.19,410,42,328.3,102.5,388
13283,1,Developing / Moderate,United Kingdom,60,4,373.36,204,19,93.34,51.0,581
13284,0,Inactive Low-Activity,United Kingdom,331,1,201.19,91,13,201.19,91.0,0
13285,2,Recent High-Activity,United Kingdom,24,6,3364.59,2457,182,560.76,409.5,601
13286,0,Inactive Low-Activity,United Kingdom,601,1,734.91,274,46,734.91,274.0,0
13287,0,Inactive Low-Activity,United Kingdom,604,3,781.59,429,46,260.53,143.0,101
13288,0,Inactive Low-Activity,United Kingdom,444,5,927.61,379,7,185.52,75.8,223
13289,0,Inactive Low-Activity,United Kingdom,724,1,307.95,119,16,307.95,119.0,0
13290,0,Inactive Low-Activity,United Kingdom,439,1,208.63,1,1,208.63,1.0,0
13291,2,Recent High-Activity,United Kingdom,156,11,3270.79,1600,155,297.34,145.45,511
13292,1,Developing / Moderate,United Kingdom,39,5,994.51,530,55,198.9,106.0,488
13293,1,Developing / Moderate,United Kingdom,393,6,1192.94,555,51,198.82,92.5,276
13294,1,Developing / Moderate,United Kingdom,190,3,1689.53,996,93,563.18,332.0,457
13295,1,Developing / Moderate,United Kingdom,360,4,1101.97,733,56,275.49,183.25,217
13296,1,Developing / Moderate,United Kingdom,138,6,792.51,653,50,132.09,108.83,440
13297,2,Recent High-Activity,United Kingdom,8,7,4368.62,2694,108,624.09,384.86,535
13298,0,Inactive Low-Activity,United Kingdom,2,1,360.0,96,2,360.0,96.0,0
13299,1,Developing / Moderate,United Kingdom,269,3,1218.7,416,56,406.23,138.67,260
13300,1,Developing / Moderate,United Kingdom,170,3,1285.51,455,44,428.5,151.67,405
13301,1,Developing / Moderate,United Kingdom,104,4,618.09,345,75,154.52,86.25,189
13302,0,Inactive Low-Activity,United Kingdom,156,2,159.2,12,3,79.6,6.0,371
13303,0,Inactive Low-Activity,United Kingdom,401,1,61.72,26,4,61.72,26.0,0
13304,1,Developing / Moderate,United Kingdom,352,4,1217.99,716,59,304.5,179.0,318
13305,2,Recent High-Activity,United Kingdom,5,16,3616.41,2228,153,226.03,139.25,635
13306,0,Inactive Low-Activity,United Kingdom,431,1,53.65,74,4,53.65,74.0,0
13307,1,Developing / Moderate,United Kingdom,121,3,273.34,140,15,91.11,46.67,472
13308,1,Developing / Moderate,United Kingdom,23,4,1670.37,1073,65,417.59,268.25,574
13309,1,Developing / Moderate,United Kingdom,8,6,1706.37,1914,95,284.4,319.0,385
13310,1,Developing / Moderate,United Kingdom,29,5,1541.2,816,80,308.24,163.2,374
13311,1,Developing / Moderate,United Kingdom,5,2,598.57,305,25,299.29,152.5,146
13312,0,Inactive Low-Activity,United Kingdom,452,1,124.75,41,5,124.75,41.0,0
13313,2,Recent High-Activity,United Kingdom,23,12,3445.32,2308,105,287.11,192.33,715
13314,1,Developing / Moderate,United Kingdom,2,3,775.94,560,55,258.65,186.67,72
13315,0,Inactive Low-Activity,United Kingdom,690,1,310.26,232,22,310.26,232.0,0
13316,2,Recent High-Activity,United Kingdom,38,10,12940.82,19931,115,1294.08,1993.1,602
13317,2,Recent High-Activity,United Kingdom,67,19,6486.09,3149,222,341.37,165.74,660
13318,1,Developing / Moderate,United Kingdom,2,3,640.76,304,14,213.59,101.33,36
13319,2,Recent High-Activity,United Kingdom,6,58,21323.22,8974,345,367.64,154.72,728
13320,1,Developing / Moderate,United Kingdom,79,6,2211.6,1509,98,368.6,251.5,400
13321,0,Inactive Low-Activity,United Kingdom,73,2,567.36,372,10,283.68,186.0,14
13322,0,Inactive Low-Activity,United Kingdom,18,1,199.48,117,25,199.48,117.0,0
13323,1,Developing / Moderate,United Kingdom,4,5,787.85,175,6,157.57,35.0,81
13324,2,Recent High-Activity,United Kingdom,37,18,10513.47,8448,36,584.08,469.33,527
13325,0,Inactive Low-Activity,United Kingdom,82,1,675.3,240,12,675.3,240.0,0
13326,0,Inactive Low-Activity,United Kingdom,433,1,281.76,140,13,281.76,140.0,0
13327,2,Recent High-Activity,United Kingdom,39,20,9134.48,4203,175,456.72,210.15,683
13328,0,Inactive Low-Activity,United Kingdom,317,1,1308.48,680,17,1308.48,680.0,0
13329,2,Recent High-Activity,United Kingdom,32,8,4808.77,3311,68,601.1,413.88,704
13330,2,Recent High-Activity,United Kingdom,93,6,2796.1,1951,80,466.02,325.17,562
13331,0,Inactive Low-Activity,United Kingdom,402,1,262.4,54,12,262.4,54.0,0
13332,0,Inactive Low-Activity,United Kingdom,15,1,350.9,179,21,350.9,179.0,0
13333,1,Developing / Moderate,United Kingdom,412,3,1015.74,685,54,338.58,228.33,247
13334,2,Recent High-Activity,United Kingdom,83,5,6201.8,3198,307,1240.36,639.6,570
13336,1,Developing / Moderate,United Kingdom,78,1,795.12,559,51,795.12,559.0,0
13337,0,Inactive Low-Activity,United Kingdom,547,1,1575.26,980,87,1575.26,980.0,0
13338,1,Developing / Moderate,United Kingdom,158,4,2445.62,1151,113,611.4,287.75,546
13339,1,Developing / Moderate,United Kingdom,201,1,860.12,326,54,860.12,326.0,0
13340,2,Recent High-Activity,United Kingdom,46,12,22100.56,9636,190,1841.71,803.0,610
13341,0,Inactive Low-Activity,United Kingdom,261,1,775.85,301,42,775.85,301.0,0
13343,0,Inactive Low-Activity,United Kingdom,178,1,353.43,135,19,353.43,135.0,0
13344,1,Developing / Moderate,United Kingdom,68,3,2511.69,952,115,837.23,317.33,210
13345,0,Inactive Low-Activity,United Kingdom,288,1,389.5,141,20,389.5,141.0,0
13346,0,Inactive Low-Activity,United Kingdom,463,6,299.4,180,4,49.9,30.0,134
13347,0,Inactive Low-Activity,United Kingdom,71,1,341.36,205,8,341.36,205.0,0
13348,0,Inactive Low-Activity,United Kingdom,65,1,233.76,136,14,233.76,136.0,0
13349,0,Inactive Low-Activity,United Kingdom,11,1,247.32,225,16,247.32,225.0,0
13350,1,Developing / Moderate,United Kingdom,17,2,979.12,287,36,489.56,143.5,63
13351,0,Inactive Low-Activity,United Kingdom,67,1,373.94,117,16,373.94,117.0,0
13352,0,Inactive Low-Activity,United Kingdom,61,1,397.98,321,24,397.98,321.0,0
13354,1,Developing / Moderate,United Kingdom,72,1,743.53,604,51,743.53,604.0,0
13355,1,Developing / Moderate,United Kingdom,123,1,674.7,314,32,674.7,314.0,0
13356,1,Developing / Moderate,United Kingdom,81,1,768.24,325,42,768.24,325.0,0
13357,2,Recent High-Activity,United Kingdom,258,5,3805.51,2112,284,761.1,422.4,370
13358,0,Inactive Low-Activity,United Kingdom,269,1,439.03,285,29,439.03,285.0,0
13359,1,Developing / Moderate,United Kingdom,64,2,1043.31,381,52,521.65,190.5,340
13360,1,Developing / Moderate,United Kingdom,432,4,1553.65,942,58,388.41,235.5,269
13361,0,Inactive Low-Activity,United Kingdom,473,2,1450.5,324,29,725.25,162.0,145
13362,2,Recent High-Activity,United Kingdom,10,7,5394.07,2481,186,770.58,354.43,416
13363,1,Developing / Moderate,United Kingdom,18,3,1723.86,1146,78,574.62,382.0,392
13364,0,Inactive Low-Activity,United Kingdom,72,1,134.96,71,10,134.96,71.0,0
13365,1,Developing / Moderate,United Kingdom,34,2,2225.37,1247,122,1112.68,623.5,184
13366,0,Inactive Low-Activity,United Kingdom,51,1,56.16,144,1,56.16,144.0,0
13367,0,Inactive Low-Activity,United Kingdom,432,1,510.2,253,20,510.2,253.0,0
13368,1,Developing / Moderate,United Kingdom,257,4,1121.5,606,45,280.38,151.5,167
13369,0,Inactive Low-Activity,United Kingdom,366,1,308.28,149,14,308.28,149.0,0
13370,0,Inactive Low-Activity,United Kingdom,372,1,754.87,343,39,754.87,343.0,0
13371,1,Developing / Moderate,United Kingdom,506,2,2297.66,1019,75,1148.83,509.5,127
13372,0,Inactive Low-Activity,United Kingdom,90,1,378.64,159,23,378.64,159.0,0
13373,2,Recent High-Activity,United Kingdom,61,6,7587.19,4263,292,1264.53,710.5,673
13374,0,Inactive Low-Activity,United Kingdom,415,2,422.8,135,17,211.4,67.5,35
13375,1,Developing / Moderate,United Kingdom,89,2,1792.23,1124,62,896.12,562.0,356
13376,1,Developing / Moderate,United Kingdom,100,3,1019.76,493,45,339.92,164.33,135
13377,1,Developing / Moderate,United Kingdom,397,2,1552.88,748,71,776.44,374.0,249
13379,1,Developing / Moderate,United Kingdom,27,3,572.56,601,85,190.85,200.33,110
13380,0,Inactive Low-Activity,United Kingdom,433,1,62.4,48,3,62.4,48.0,0
13381,2,Recent High-Activity,United Kingdom,32,12,8224.37,5125,154,685.36,427.08,707
13382,1,Developing / Moderate,United Kingdom,281,5,1387.58,863,74,277.52,172.6,451
13383,0,Inactive Low-Activity,United Kingdom,544,1,305.28,288,1,305.28,288.0,0
13384,2,Recent High-Activity,United Kingdom,31,11,6680.83,4142,192,607.35,376.55,470
13385,0,Inactive Low-Activity,United Kingdom,330,1,534.57,281,35,534.57,281.0,0
13386,0,Inactive Low-Activity,United Kingdom,415,2,835.46,514,24,417.73,257.0,23
13387,0,Inactive Low-Activity,United Kingdom,418,1,186.94,123,71,186.94,123.0,0
13388,1,Developing / Moderate,United Kingdom,132,3,1185.65,701,68,395.22,233.67,472
13389,1,Developing / Moderate,United Kingdom,12,3,797.96,429,50,265.99,143.0,221
13390,0,Inactive Low-Activity,United Kingdom,75,1,544.08,224,13,544.08,224.0,0
13391,0,Inactive Low-Activity,United Kingdom,204,1,59.8,4,1,59.8,4.0,0
13392,0,Inactive Low-Activity,United Kingdom,678,1,91.14,82,8,91.14,82.0,0
13393,0,Inactive Low-Activity,United Kingdom,584,4,1131.45,662,53,282.86,165.5,149
13394,2,Recent High-Activity,United Kingdom,2,19,6621.7,5354,254,348.51,281.79,737
13395,1,Developing / Moderate,United Kingdom,186,3,1180.23,1660,77,393.41,553.33,236
13396,1,Developing / Moderate,United Kingdom,30,2,1360.99,600,42,680.5,300.0,290
13397,2,Recent High-Activity,United Kingdom,73,10,3191.87,1336,68,319.19,133.6,616
13398,1,Developing / Moderate,United Kingdom,193,2,670.34,341,37,335.17,170.5,256
13399,0,Inactive Low-Activity,United Kingdom,465,3,275.4,120,10,91.8,40.0,55
13400,0,Inactive Low-Activity,United Kingdom,583,1,310.83,284,23,310.83,284.0,0
13402,1,Developing / Moderate,United Kingdom,128,4,1226.85,917,55,306.71,229.25,437
13403,1,Developing / Moderate,United Kingdom,18,3,229.5,114,9,76.5,38.0,706
13404,1,Developing / Moderate,United Kingdom,2,2,252.49,111,11,126.25,55.5,211
13405,1,Developing / Moderate,United Kingdom,75,6,1213.81,855,33,202.3,142.5,650
13406,0,Inactive Low-Activity,United Kingdom,428,2,568.92,292,7,284.46,146.0,204
13407,1,Developing / Moderate,United Kingdom,579,3,2244.7,1690,85,748.23,563.33,83
13408,2,Recent High-Activity,United Kingdom,2,106,50174.78,28675,321,473.35,270.52,734
13410,2,Recent High-Activity,United Kingdom,25,9,2201.96,1244,25,244.66,138.22,707
13411,0,Inactive Low-Activity,United Kingdom,108,1,213.55,72,17,213.55,72.0,0
13412,0,Inactive Low-Activity,United Kingdom,621,1,487.35,176,33,487.35,176.0,0
13413,0,Inactive Low-Activity,United Kingdom,640,6,429.44,455,38,71.57,75.83,48
13414,1,Developing / Moderate,United Kingdom,134,6,2494.14,2702,48,415.69,450.33,470
13415,1,Developing / Moderate,United Kingdom,473,4,784.17,496,85,196.04,124.0,256
13416,1,Developing / Moderate,United Kingdom,44,3,940.8,208,16,313.6,69.33,693
13417,2,Recent High-Activity,United Kingdom,5,6,1669.49,532,57,278.25,88.67,665
13418,2,Recent High-Activity,United Kingdom,12,31,11559.66,7354,328,372.89,237.23,717
13419,0,Inactive Low-Activity,United Kingdom,64,1,221.06,275,16,221.06,275.0,0
13420,0,Inactive Low-Activity,United Kingdom,150,2,159.85,101,8,79.92,50.5,21
13421,2,Recent High-Activity,United Kingdom,41,8,4058.75,2351,174,507.34,293.88,623
13422,1,Developing / Moderate,United Kingdom,65,1,2626.3,1326,127,2626.3,1326.0,0
13423,0,Inactive Low-Activity,United Kingdom,429,1,217.03,141,12,217.03,141.0,0
13424,0,Inactive Low-Activity,United Kingdom,450,1,572.77,529,40,572.77,529.0,0
13425,2,Recent High-Activity,United Kingdom,109,5,3390.43,2358,124,678.09,471.6,471
13426,2,Recent High-Activity,United Kingdom,1,22,8167.38,4868,162,371.24,221.27,730
13427,1,Developing / Moderate,United Kingdom,20,6,1006.53,880,35,167.75,146.67,703
13428,1,Developing / Moderate,United Kingdom,11,3,478.54,356,122,159.51,118.67,504
13429,1,Developing / Moderate,United Kingdom,11,4,1006.8,1390,55,251.7,347.5,65
13430,1,Developing / Moderate,United Kingdom,19,2,679.45,751,48,339.73,375.5,68
13431,2,Recent High-Activity,United Kingdom,68,8,3316.24,1570,113,414.53,196.25,592
13432,0,Inactive Low-Activity,United Kingdom,572,2,439.1,217,98,219.55,108.5,41
13433,0,Inactive Low-Activity,United Kingdom,502,4,658.32,190,22,164.58,47.5,195
13434,1,Developing / Moderate,United Kingdom,75,5,1666.86,864,17,333.37,172.8,581
13435,2,Recent High-Activity,United Kingdom,6,9,4447.33,2754,96,494.15,306.0,495
13436,0,Inactive Low-Activity,United Kingdom,2,1,196.89,76,12,196.89,76.0,0
13437,1,Developing / Moderate,United Kingdom,15,7,3408.06,1283,143,486.87,183.29,176
13438,0,Inactive Low-Activity,United Kingdom,548,1,46.5,10,1,46.5,10.0,0
13439,1,Developing / Moderate,United Kingdom,256,3,986.61,952,132,328.87,317.33,271
13440,1,Developing / Moderate,United Kingdom,424,7,1295.25,573,49,185.04,81.86,28
13441,1,Developing / Moderate,United Kingdom,92,2,720.9,520,33,360.45,260.0,340
13442,0,Inactive Low-Activity,United Kingdom,668,3,419.87,115,33,139.96,38.33,71
13443,1,Developing / Moderate,United Kingdom,449,6,1273.16,805,176,212.19,134.17,229
13444,0,Inactive Low-Activity,United Kingdom,375,2,619.08,331,51,309.54,165.5,132
13445,0,Inactive Low-Activity,United Kingdom,627,1,241.9,198,7,241.9,198.0,0
13446,1,Developing / Moderate,United Kingdom,431,11,3881.89,2403,113,352.9,218.45,233
13447,1,Developing / Moderate,United Kingdom,24,3,1129.14,584,55,376.38,194.67,12
13448,2,Recent High-Activity,United Kingdom,17,13,8745.93,4195,321,672.76,322.69,717
13449,0,Inactive Low-Activity,United Kingdom,24,1,291.88,222,19,291.88,222.0,0
13450,2,Recent High-Activity,United Kingdom,27,13,4120.04,4318,57,316.93,332.15,577
13451,2,Recent High-Activity,United Kingdom,27,11,7090.06,5229,561,644.55,475.36,602
13452,0,Inactive Low-Activity,United Kingdom,260,3,729.8,6,2,243.27,2.0,213
13453,1,Developing / Moderate,United Kingdom,166,3,781.69,341,33,260.56,113.67,237
13454,0,Inactive Low-Activity,United Kingdom,642,1,219.87,198,23,219.87,198.0,0
13455,2,Recent High-Activity,United Kingdom,25,6,2212.99,795,79,368.83,132.5,706
13456,1,Developing / Moderate,United Kingdom,18,6,1766.72,765,43,294.45,127.5,190
13457,0,Inactive Low-Activity,United Kingdom,689,2,148.22,96,9,74.11,48.0,49
13458,2,Recent High-Activity,United Kingdom,8,16,11959.27,6760,290,747.45,422.5,381
13459,0,Inactive Low-Activity,United Kingdom,625,2,1160.41,986,57,580.2,493.0,58
13460,0,Inactive Low-Activity,United Kingdom,30,2,183.44,286,16,91.72,143.0,20
13461,2,Recent High-Activity,United Kingdom,39,6,4160.0,3132,30,693.33,522.0,559
13462,1,Developing / Moderate,United Kingdom,253,5,1153.85,697,64,230.77,139.4,473
13464,2,Recent High-Activity,United Kingdom,59,6,3097.64,1440,128,516.27,240.0,560
13465,0,Inactive Low-Activity,United Kingdom,447,2,931.12,584,34,465.56,292.0,140
13466,1,Developing / Moderate,United Kingdom,185,5,1013.35,660,49,202.67,132.0,444
13467,1,Developing / Moderate,United Kingdom,11,2,1071.91,580,89,535.96,290.0,26
13468,2,Recent High-Activity,United Kingdom,2,72,12793.28,5617,290,177.68,78.01,735
13469,0,Inactive Low-Activity,United Kingdom,654,1,82.4,52,6,82.4,52.0,0
13470,0,Inactive Low-Activity,United Kingdom,100,2,165.0,100,7,82.5,50.0,16
13471,1,Developing / Moderate,United Kingdom,2,4,2501.84,1583,214,625.46,395.75,46
13472,0,Inactive Low-Activity,United Kingdom,464,2,592.24,310,24,296.12,155.0,92
13473,2,Recent High-Activity,United Kingdom,61,8,2657.76,1000,65,332.22,125.0,664
13474,1,Developing / Moderate,United Kingdom,237,3,646.59,318,116,215.53,106.0,259
13475,1,Developing / Moderate,United Kingdom,192,4,1431.78,1012,64,357.94,253.0,107
13476,1,Developing / Moderate,United Kingdom,179,5,2061.47,713,86,412.29,142.6,466
13477,2,Recent High-Activity,United Kingdom,38,11,2819.17,2091,112,256.29,190.09,646
13478,1,Developing / Moderate,United Kingdom,470,5,2215.78,1189,114,443.16,237.8,208
13479,1,Developing / Moderate,United Kingdom,201,4,851.37,716,45,212.84,179.0,277
13480,0,Inactive Low-Activity,United Kingdom,417,2,627.82,362,40,313.91,181.0,263
13481,2,Recent High-Activity,United Kingdom,46,11,3830.84,2055,162,348.26,186.82,690
13482,1,Developing / Moderate,United Kingdom,233,2,336.09,187,20,168.04,93.5,395
13483,0,Inactive Low-Activity,United Kingdom,66,1,140.34,160,10,140.34,160.0,0
13484,1,Developing / Moderate,United Kingdom,242,3,790.72,224,38,263.57,74.67,398
13485,2,Recent High-Activity,United Kingdom,234,11,3019.22,1798,131,274.47,163.45,503
13486,1,Developing / Moderate,United Kingdom,79,3,1122.41,669,69,374.14,223.0,77
13487,1,Developing / Moderate,United Kingdom,58,5,846.87,362,31,169.37,72.4,677
13488,2,Recent High-Activity,United Kingdom,18,23,14205.96,7375,370,617.65,320.65,666
13489,1,Developing / Moderate,United Kingdom,106,4,449.52,560,11,112.38,140.0,189
13490,0,Inactive Low-Activity,United Kingdom,655,1,154.25,25,8,154.25,25.0,0
13491,2,Recent High-Activity,United Kingdom,52,27,4467.66,2349,144,165.47,87.0,681
13492,1,Developing / Moderate,Switzerland,137,3,1269.84,408,38,423.28,136.0,78
13493,0,Inactive Low-Activity,Switzerland,276,2,618.63,380,6,309.31,190.0,12
13494,0,Inactive Low-Activity,United Kingdom,312,1,316.26,162,18,316.26,162.0,0
13495,2,Recent High-Activity,United Kingdom,8,10,4863.31,2465,59,486.33,246.5,725
13496,1,Developing / Moderate,United Kingdom,11,2,653.33,341,28,326.67,170.5,349
13497,1,Developing / Moderate,United Kingdom,283,6,1166.83,525,52,194.47,87.5,387
13498,0,Inactive Low-Activity,United Kingdom,731,1,327.38,362,17,327.38,362.0,0
13499,1,Developing / Moderate,United Kingdom,18,5,1159.11,1365,31,231.82,273.0,252
13500,1,Developing / Moderate,United Kingdom,24,4,1466.3,838,77,366.57,209.5,378
13501,1,Developing / Moderate,Switzerland,289,3,2885.11,1253,90,961.7,417.67,282
13502,1,Developing / Moderate,United Kingdom,17,5,780.5,490,28,156.1,98.0,532
13503,2,Recent High-Activity,United Kingdom,72,6,1859.24,1105,158,309.87,184.17,590
13504,0,Inactive Low-Activity,United Kingdom,65,1,295.93,178,22,295.93,178.0,0
13505,1,Developing / Moderate,Switzerland,73,4,4393.63,2486,182,1098.41,621.5,160
13506,1,Developing / Moderate,United Kingdom,317,5,1338.08,942,55,267.62,188.4,144
13507,1,Developing / Moderate,United Kingdom,4,4,2479.16,1597,146,619.79,399.25,142
13508,1,Developing / Moderate,United Kingdom,244,2,287.05,180,27,143.53,90.0,399
13509,1,Developing / Moderate,United Kingdom,9,8,1114.72,1214,27,139.34,151.75,499
13510,2,Recent High-Activity,United Kingdom,2,11,4558.29,3044,176,414.39,276.73,717
13511,0,Inactive Low-Activity,United Kingdom,677,1,282.76,60,5,282.76,60.0,0
13512,1,Developing / Moderate,United Kingdom,261,4,713.39,419,31,178.35,104.75,323
13513,1,Developing / Moderate,United Kingdom,127,3,824.59,364,32,274.86,121.33,529
13514,1,Developing / Moderate,United Kingdom,74,4,815.9,288,15,203.98,72.0,609
13515,1,Developing / Moderate,United Kingdom,73,6,1265.82,819,64,210.97,136.5,572
13516,1,Developing / Moderate,United Kingdom,22,4,1685.26,1114,55,421.31,278.5,396
13517,1,Developing / Moderate,United Kingdom,60,3,2128.42,1369,125,709.47,456.33,120
13518,1,Developing / Moderate,United Kingdom,86,1,627.16,382,36,627.16,382.0,0
13519,1,Developing / Moderate,United Kingdom,79,2,343.21,133,19,171.6,66.5,364
13520,2,Recent High-Activity,Switzerland,59,11,6606.0,3179,81,600.55,289.0,664
13521,1,Developing / Moderate,United Kingdom,2,3,1071.73,718,313,357.24,239.33,9
13522,0,Inactive Low-Activity,United Kingdom,31,1,125.8,44,5,125.8,44.0,0
13523,2,Recent High-Activity,United Kingdom,34,6,4534.57,1989,177,755.76,331.5,369
13524,1,Developing / Moderate,United Kingdom,41,5,680.18,324,17,136.04,64.8,179
13525,1,Developing / Moderate,United Kingdom,15,2,628.78,394,5,314.39,197.0,234
13526,0,Inactive Low-Activity,United Kingdom,739,2,1182.0,1911,29,591.0,955.5,0
13527,2,Recent High-Activity,United Kingdom,34,12,4541.29,2736,266,378.44,228.0,654
13529,1,Developing / Moderate,United Kingdom,79,2,307.76,74,15,153.88,37.0,126
13530,0,Inactive Low-Activity,United Kingdom,635,1,402.98,272,18,402.98,272.0,0
13531,1,Developing / Moderate,United Kingdom,206,6,1433.07,497,44,238.84,82.83,531
13532,1,Developing / Moderate,United Kingdom,34,1,210.31,129,66,210.31,129.0,0
13533,1,Developing / Moderate,United Kingdom,183,3,269.09,202,61,89.7,67.33,85
13534,2,Recent High-Activity,United Kingdom,3,35,7720.9,3869,163,220.6,110.54,518
13535,0,Inactive Low-Activity,United Kingdom,403,1,89.5,10,1,89.5,10.0,0
13536,1,Developing / Moderate,United Kingdom,2,7,3444.39,2126,91,492.06,303.71,74
13537,0,Inactive Low-Activity,United Kingdom,426,2,717.85,337,38,358.93,168.5,26
13538,2,Recent High-Activity,United Kingdom,44,12,3103.13,959,105,258.59,79.92,632
13539,1,Developing / Moderate,United Kingdom,86,7,1569.36,710,69,224.19,101.43,505
13540,0,Inactive Low-Activity,United Kingdom,468,3,632.39,189,26,210.8,63.0,188
13541,0,Inactive Low-Activity,United Kingdom,428,2,785.25,279,10,392.62,139.5,143
13542,2,Recent High-Activity,United Kingdom,377,17,3959.49,804,98,232.91,47.29,353
13543,0,Inactive Low-Activity,United Kingdom,635,2,1439.61,329,37,719.81,164.5,53
13544,2,Recent High-Activity,United Kingdom,40,6,790.2,331,219,131.7,55.17,605
13545,0,Inactive Low-Activity,United Kingdom,391,2,364.93,252,54,182.47,126.0,154
13546,1,Developing / Moderate,United Kingdom,13,5,1086.24,587,95,217.25,117.4,412
13547,0,Inactive Low-Activity,United Kingdom,409,1,167.08,79,44,167.08,79.0,0
13548,1,Developing / Moderate,United Kingdom,97,3,901.44,558,169,300.48,186.0,375
13549,1,Developing / Moderate,United Kingdom,26,8,1005.8,554,44,125.72,69.25,362
13550,0,Inactive Low-Activity,United Kingdom,384,1,342.55,430,40,342.55,430.0,0
13551,0,Inactive Low-Activity,United Kingdom,320,2,244.2,36,5,122.1,18.0,347
13552,2,Recent High-Activity,United Kingdom,67,22,6948.92,2630,162,315.86,119.55,592
13553,0,Inactive Low-Activity,United Kingdom,675,1,499.6,201,85,499.6,201.0,0
13554,1,Developing / Moderate,United Kingdom,381,7,1629.35,578,156,232.76,82.57,66
13555,2,Recent High-Activity,United Kingdom,74,13,8891.84,4762,264,683.99,366.31,616
13556,0,Inactive Low-Activity,United Kingdom,430,2,200.82,134,8,100.41,67.0,6
13557,2,Recent High-Activity,United Kingdom,29,13,3032.26,2398,126,233.25,184.46,703
13558,1,Developing / Moderate,United Kingdom,6,4,594.52,338,123,148.63,84.5,63
13559,0,Inactive Low-Activity,United Kingdom,513,2,990.0,360,1,495.0,180.0,31
13560,0,Inactive Low-Activity,United Kingdom,8,1,171.42,63,32,171.42,63.0,0
13561,2,Recent High-Activity,United Kingdom,216,11,1803.4,1125,131,163.95,102.27,434
13562,2,Recent High-Activity,United Kingdom,82,8,4838.18,1603,88,604.77,200.38,613
13563,1,Developing / Moderate,United Kingdom,85,2,777.53,209,49,388.76,104.5,56
13564,2,Recent High-Activity,United Kingdom,145,37,16498.97,8878,484,445.92,239.95,593
13565,1,Developing / Moderate,United Kingdom,20,3,414.8,260,45,138.27,86.67,392
13566,2,Recent High-Activity,United Kingdom,41,5,1688.6,1257,263,337.72,251.4,599
13567,1,Developing / Moderate,United Kingdom,429,4,1079.29,643,180,269.82,160.75,113
13568,0,Inactive Low-Activity,United Kingdom,174,1,187.05,66,41,187.05,66.0,0
13569,1,Developing / Moderate,United Kingdom,18,4,726.54,345,140,181.63,86.25,411
13570,0,Inactive Low-Activity,United Kingdom,244,1,239.49,161,27,239.49,161.0,0
13571,2,Recent High-Activity,United Kingdom,13,26,4537.26,3191,263,174.51,122.73,719
13572,1,Developing / Moderate,United Kingdom,206,1,1384.25,534,32,1384.25,534.0,0
13573,1,Developing / Moderate,United Kingdom,51,6,904.52,647,73,150.75,107.83,587
13574,0,Inactive Low-Activity,United Kingdom,412,1,404.45,304,84,404.45,304.0,0
13575,1,Developing / Moderate,United Kingdom,24,5,732.07,449,41,146.41,89.8,153
13576,2,Recent High-Activity,United Kingdom,11,28,11202.59,4506,145,400.09,160.93,721
13577,2,Recent High-Activity,United Kingdom,26,11,3489.28,1661,102,317.21,151.0,700
13578,0,Inactive Low-Activity,United Kingdom,410,1,147.66,127,9,147.66,127.0,0
13579,2,Recent High-Activity,United Kingdom,15,5,1374.34,718,72,274.87,143.6,645
13580,0,Inactive Low-Activity,United Kingdom,407,1,107.75,45,5,107.75,45.0,0
13581,0,Inactive Low-Activity,United Kingdom,310,2,280.53,119,32,140.27,59.5,105
13582,0,Inactive Low-Activity,United Kingdom,390,2,241.68,106,10,120.84,53.0,228
13583,1,Developing / Moderate,United Kingdom,156,2,1445.03,1097,93,722.52,548.5,524
13584,1,Developing / Moderate,United Kingdom,307,3,385.7,360,74,128.57,120.0,369
13585,0,Inactive Low-Activity,United Kingdom,531,3,684.54,1386,29,228.18,462.0,208
13586,0,Inactive Low-Activity,United Kingdom,542,1,127.28,38,20,127.28,38.0,0
13587,1,Developing / Moderate,United Kingdom,64,4,1673.5,664,27,418.38,166.0,600
13588,2,Recent High-Activity,United Kingdom,16,9,2478.95,2606,131,275.44,289.56,240
13589,2,Recent High-Activity,United Kingdom,15,6,1120.74,293,48,186.79,48.83,719
13590,2,Recent High-Activity,United Kingdom,12,18,6336.04,5271,255,352.0,292.83,727
13591,2,Recent High-Activity,United Kingdom,65,7,2093.94,850,89,299.13,121.43,661
13592,1,Developing / Moderate,United Kingdom,36,4,247.96,84,15,61.99,21.0,229
13593,2,Recent High-Activity,United Kingdom,109,14,5493.29,2170,212,392.38,155.0,539
13594,1,Developing / Moderate,United Kingdom,53,2,533.32,396,31,266.66,198.0,433
13595,1,Developing / Moderate,United Kingdom,517,3,784.48,341,114,261.49,113.67,130
13596,1,Developing / Moderate,United Kingdom,6,2,664.11,384,133,332.06,192.0,7
13597,0,Inactive Low-Activity,United Kingdom,401,2,396.71,231,17,198.35,115.5,2
13598,1,Developing / Moderate,United Kingdom,48,5,761.96,393,78,152.39,78.6,604
13599,2,Recent High-Activity,United Kingdom,2,33,9811.04,6248,235,297.3,189.33,737
13600,1,Developing / Moderate,United Kingdom,313,2,518.42,599,35,259.21,299.5,322
13601,1,Developing / Moderate,United Kingdom,46,4,1159.99,957,160,290.0,239.25,501
13602,1,Developing / Moderate,United Kingdom,65,4,1025.17,538,49,256.29,134.5,496
13603,0,Inactive Low-Activity,United Kingdom,27,1,164.34,164,27,164.34,164.0,0
13604,0,Inactive Low-Activity,United Kingdom,659,1,717.62,242,21,717.62,242.0,0
13605,0,Inactive Low-Activity,United Kingdom,388,2,522.67,425,50,261.33,212.5,184
13606,1,Developing / Moderate,United Kingdom,30,3,276.75,276,40,92.25,92.0,282
13607,1,Developing / Moderate,United Kingdom,41,2,1075.81,466,110,537.9,233.0,362
13608,0,Inactive Low-Activity,United Kingdom,541,1,232.05,110,31,232.05,110.0,0
13609,0,Inactive Low-Activity,United Kingdom,594,1,167.35,19,7,167.35,19.0,0
13610,2,Recent High-Activity,United Kingdom,13,14,2103.71,869,309,150.27,62.07,691
13611,2,Recent High-Activity,United Kingdom,90,10,3297.93,1988,170,329.79,198.8,647
13612,0,Inactive Low-Activity,United Kingdom,633,1,818.29,444,50,818.29,444.0,0
13613,1,Developing / Moderate,United Kingdom,453,5,1039.85,445,50,207.97,89.0,208
13614,2,Recent High-Activity,United Kingdom,25,6,2332.74,821,227,388.79,136.83,527
13615,2,Recent High-Activity,United Kingdom,319,8,6272.53,2910,259,784.07,363.75,362
13616,0,Inactive Low-Activity,United Kingdom,569,2,283.85,172,31,141.93,86.0,123
13617,1,Developing / Moderate,United Kingdom,41,8,1278.75,593,48,159.84,74.12,455
13618,0,Inactive Low-Activity,United Kingdom,174,1,177.34,246,13,177.34,246.0,0
13619,0,Inactive Low-Activity,United Kingdom,545,2,224.94,79,39,112.47,39.5,130
13620,0,Inactive Low-Activity,United Kingdom,529,1,112.34,74,5,112.34,74.0,0
13621,0,Inactive Low-Activity,United Kingdom,117,1,213.85,343,19,213.85,343.0,0
13622,0,Inactive Low-Activity,United Kingdom,697,1,658.95,379,32,658.95,379.0,0
13623,2,Recent High-Activity,United Kingdom,31,10,2533.06,1010,211,253.31,101.0,707
13624,0,Inactive Low-Activity,United Kingdom,389,1,462.08,820,22,462.08,820.0,0
13625,0,Inactive Low-Activity,United Kingdom,597,1,301.26,144,21,301.26,144.0,0
13626,1,Developing / Moderate,United Kingdom,253,2,707.04,398,44,353.52,199.0,127
13627,2,Recent High-Activity,United Kingdom,60,7,2245.9,1632,118,320.84,233.14,581
13628,0,Inactive Low-Activity,United Kingdom,677,1,310.14,106,16,310.14,106.0,0
13629,2,Recent High-Activity,United Kingdom,24,19,13370.86,7722,28,703.73,406.42,643
13630,1,Developing / Moderate,United Kingdom,6,7,2031.78,1391,51,290.25,198.71,280
13631,1,Developing / Moderate,United Kingdom,100,11,3070.42,467,6,279.13,42.45,168
13632,2,Recent High-Activity,United Kingdom,25,8,3645.81,1633,166,455.73,204.12,587
13634,2,Recent High-Activity,United Kingdom,34,16,5033.77,2090,269,314.61,130.62,665
13635,2,Recent High-Activity,United Kingdom,68,4,2999.16,1884,135,749.79,471.0,671
13636,1,Developing / Moderate,United Kingdom,37,5,949.12,592,57,189.82,118.4,249
13637,1,Developing / Moderate,United Kingdom,53,3,804.3,405,79,268.1,135.0,174
13638,0,Inactive Low-Activity,United Kingdom,16,1,122.64,93,8,122.64,93.0,0
13639,1,Developing / Moderate,United Kingdom,75,2,1346.27,997,49,673.13,498.5,362
13640,0,Inactive Low-Activity,United Kingdom,612,1,405.0,108,4,405.0,108.0,0
13641,0,Inactive Low-Activity,United Kingdom,641,5,1016.47,1098,41,203.29,219.6,94
13642,1,Developing / Moderate,United Kingdom,216,4,472.2,231,93,118.05,57.75,217
13643,2,Recent High-Activity,United Kingdom,32,10,2156.77,902,71,215.68,90.2,700
13644,1,Developing / Moderate,United Kingdom,17,4,2624.26,2067,144,656.07,516.75,89
13645,0,Inactive Low-Activity,United Kingdom,121,1,252.1,158,5,252.1,158.0,0
13646,0,Inactive Low-Activity,United Kingdom,400,2,326.25,79,58,163.12,39.5,0
13647,2,Recent High-Activity,United Kingdom,10,8,3041.68,1795,98,380.21,224.38,594
13648,1,Developing / Moderate,United Kingdom,401,8,1764.02,960,95,220.5,120.0,338
13649,1,Developing / Moderate,United Kingdom,257,6,1453.68,782,97,242.28,130.33,271
13650,2,Recent High-Activity,United Kingdom,17,10,3288.0,1746,127,328.8,174.6,666
13651,1,Developing / Moderate,United Kingdom,36,3,226.85,62,14,75.62,20.67,346
13652,2,Recent High-Activity,United Kingdom,46,5,2262.05,1458,116,452.41,291.6,607
13653,0,Inactive Low-Activity,United Kingdom,488,1,152.2,72,9,152.2,72.0,0
13654,2,Recent High-Activity,United Kingdom,44,11,6308.0,4762,262,573.45,432.91,694
13655,2,Recent High-Activity,United Kingdom,115,6,2280.51,1225,103,380.09,204.17,477
13656,1,Developing / Moderate,United Kingdom,165,4,1078.85,862,81,269.71,215.5,431
13657,1,Developing / Moderate,United Kingdom,11,2,382.14,209,16,191.07,104.5,191
13658,2,Recent High-Activity,United Kingdom,10,9,6025.5,2171,164,669.5,241.22,663
13659,2,Recent High-Activity,United Kingdom,206,12,4884.68,2527,224,407.06,210.58,455
13660,0,Inactive Low-Activity,United Kingdom,401,1,306.64,136,39,306.64,136.0,0
13661,0,Inactive Low-Activity,United Kingdom,604,1,325.24,118,17,325.24,118.0,0
13662,2,Recent High-Activity,United Kingdom,86,11,2233.61,1169,126,203.06,106.27,573
13663,1,Developing / Moderate,United Kingdom,180,5,2047.51,893,87,409.5,178.6,467
13665,1,Developing / Moderate,United Kingdom,387,3,1711.66,1652,97,570.55,550.67,118
13666,1,Developing / Moderate,United Kingdom,61,5,127.9,54,19,25.58,10.8,675
13667,1,Developing / Moderate,United Kingdom,150,1,299.05,149,82,299.05,149.0,0
13668,2,Recent High-Activity,United Kingdom,3,35,12948.48,6096,411,369.96,174.17,726
13669,1,Developing / Moderate,United Kingdom,51,3,413.55,393,13,137.85,131.0,357
13670,0,Inactive Low-Activity,United Kingdom,76,1,349.7,282,25,349.7,282.0,0
13671,0,Inactive Low-Activity,United Kingdom,395,1,172.6,95,61,172.6,95.0,0
13672,1,Developing / Moderate,United Kingdom,302,3,419.92,138,13,139.97,46.0,429
13673,1,Developing / Moderate,United Kingdom,19,2,387.44,114,47,193.72,57.0,14
13674,0,Inactive Low-Activity,United Kingdom,433,1,240.68,102,14,240.68,102.0,0
13675,1,Developing / Moderate,United Kingdom,152,2,486.82,330,25,243.41,165.0,133
13676,0,Inactive Low-Activity,United Kingdom,540,2,243.9,104,13,121.95,52.0,80
13677,1,Developing / Moderate,United Kingdom,405,2,551.24,217,98,275.62,108.5,116
13678,0,Inactive Low-Activity,United Kingdom,152,1,232.6,924,16,232.6,924.0,0
13679,0,Inactive Low-Activity,United Kingdom,494,3,281.26,102,44,93.75,34.0,242
13680,2,Recent High-Activity,United Kingdom,2,12,11419.67,5244,354,951.64,437.0,734
13681,1,Developing / Moderate,United Kingdom,18,4,827.83,360,37,206.96,90.0,138
13682,0,Inactive Low-Activity,United Kingdom,188,1,59.5,10,3,59.5,10.0,0
13683,0,Inactive Low-Activity,United Kingdom,458,1,258.6,180,10,258.6,180.0,0
13684,1,Developing / Moderate,United Kingdom,286,4,594.88,234,81,148.72,58.5,336
13685,1,Developing / Moderate,United Kingdom,3,7,3119.44,5056,29,445.63,722.29,58
13686,1,Developing / Moderate,United Kingdom,183,3,409.04,378,27,136.35,126.0,219
13687,1,Developing / Moderate,United Kingdom,439,1,11880.84,87167,45,11880.84,87167.0,0
13688,0,Inactive Low-Activity,United Kingdom,636,1,375.5,130,5,375.5,130.0,0
13689,1,Developing / Moderate,United Kingdom,64,2,1259.5,722,6,629.75,361.0,381
13690,0,Inactive Low-Activity,United Kingdom,60,1,172.25,67,9,172.25,67.0,0
13691,0,Inactive Low-Activity,United Kingdom,397,1,212.78,145,54,212.78,145.0,0
13692,1,Developing / Moderate,United Kingdom,25,5,3114.4,2101,83,622.88,420.2,396
13693,1,Developing / Moderate,United Kingdom,375,9,2011.82,880,78,223.54,97.78,358
13694,2,Recent High-Activity,United Kingdom,4,143,195640.69,188201,896,1368.12,1316.09,732
13695,2,Recent High-Activity,United Kingdom,32,16,2770.73,1791,47,173.17,111.94,546
13696,1,Developing / Moderate,United Kingdom,422,3,2020.4,552,24,673.47,184.0,245
13697,0,Inactive Low-Activity,United Kingdom,39,1,151.3,177,12,151.3,177.0,0
13698,0,Inactive Low-Activity,United Kingdom,597,2,451.73,227,31,225.87,113.5,85
13699,1,Developing / Moderate,United Kingdom,156,2,764.15,219,33,382.07,109.5,395
13700,2,Recent High-Activity,United Kingdom,27,13,2596.97,2786,163,199.77,214.31,644
13701,0,Inactive Low-Activity,United Kingdom,447,1,161.0,80,9,161.0,80.0,0
13702,0,Inactive Low-Activity,United Kingdom,446,1,135.18,74,5,135.18,74.0,0
13703,0,Inactive Low-Activity,United Kingdom,319,2,425.56,128,36,212.78,64.0,97
13704,1,Developing / Moderate,United Kingdom,6,9,2308.06,1531,111,256.45,170.11,83
13705,2,Recent High-Activity,United Kingdom,8,7,1717.19,906,55,245.31,129.43,617
13706,1,Developing / Moderate,United Kingdom,303,2,631.17,301,38,315.58,150.5,324
13707,1,Developing / Moderate,United Kingdom,268,5,3365.86,2210,142,673.17,442.0,269
13708,0,Inactive Low-Activity,United Kingdom,272,1,285.33,301,49,285.33,301.0,0
13709,2,Recent High-Activity,United Kingdom,4,18,7571.35,4122,296,420.63,229.0,694
13710,1,Developing / Moderate,United Kingdom,32,3,509.52,336,13,169.84,112.0,581
13711,2,Recent High-Activity,United Kingdom,219,9,1792.26,819,80,199.14,91.0,506
13712,1,Developing / Moderate,United Kingdom,247,2,766.42,1128,32,383.21,564.0,364
13713,1,Developing / Moderate,United Kingdom,409,3,740.76,284,70,246.92,94.67,175
13714,0,Inactive Low-Activity,United Kingdom,466,1,161.35,50,30,161.35,50.0,0
13715,2,Recent High-Activity,United Kingdom,282,17,8153.04,4800,277,479.59,282.35,357
13716,0,Inactive Low-Activity,United Kingdom,270,1,138.28,138,21,138.28,138.0,0
13717,2,Recent High-Activity,United Kingdom,33,8,1763.3,2144,110,220.41,268.0,453
13718,0,Inactive Low-Activity,United Kingdom,247,2,306.55,173,9,153.28,86.5,49
13719,2,Recent High-Activity,United Kingdom,16,11,2783.08,1588,194,253.01,144.36,556
13720,1,Developing / Moderate,United Kingdom,117,4,799.9,501,42,199.97,125.25,138
13721,1,Developing / Moderate,United Kingdom,37,2,741.54,512,41,370.77,256.0,359
13722,2,Recent High-Activity,United Kingdom,132,10,5635.41,3059,137,563.54,305.9,515
13723,1,Developing / Moderate,United Kingdom,218,6,1194.08,593,51,199.01,98.83,394
13724,0,Inactive Low-Activity,United Kingdom,638,1,213.01,130,39,213.01,130.0,0
13725,1,Developing / Moderate,United Kingdom,50,8,1980.56,806,95,247.57,100.75,259
13726,1,Developing / Moderate,United Kingdom,39,2,1079.66,1054,39,539.83,527.0,62
13727,2,Recent High-Activity,United Kingdom,29,8,1074.15,368,74,134.27,46.0,702
13728,2,Recent High-Activity,United Kingdom,37,16,2855.17,1269,75,178.45,79.31,694
13729,1,Developing / Moderate,United Kingdom,436,3,724.73,419,36,241.58,139.67,249
13730,1,Developing / Moderate,United Kingdom,136,2,752.6,488,38,376.3,244.0,26
13731,1,Developing / Moderate,United Kingdom,220,2,610.59,278,36,305.3,139.0,27
13732,1,Developing / Moderate,United Kingdom,29,1,491.86,498,33,491.86,498.0,0
13733,0,Inactive Low-Activity,United Kingdom,411,2,487.03,335,28,243.52,167.5,325
13734,1,Developing / Moderate,United Kingdom,509,4,6695.69,302,24,1673.92,75.5,94
13735,2,Recent High-Activity,United Kingdom,25,13,9762.77,4135,362,750.98,318.08,702
13736,2,Recent High-Activity,United Kingdom,6,7,2752.47,1549,325,393.21,221.29,728
13737,0,Inactive Low-Activity,United Kingdom,201,1,339.6,125,29,339.6,125.0,0
13738,0,Inactive Low-Activity,United Kingdom,397,1,434.78,237,88,434.78,237.0,0
13739,1,Developing / Moderate,United Kingdom,19,2,292.2,76,6,146.1,38.0,509
13740,1,Developing / Moderate,United Kingdom,241,5,1582.77,987,83,316.55,197.4,497
13741,1,Developing / Moderate,United Kingdom,72,3,668.43,218,34,222.81,72.67,146
13742,2,Recent High-Activity,United Kingdom,17,12,3107.87,1115,200,258.99,92.92,304
13743,1,Developing / Moderate,United Kingdom,3,7,1341.6,1776,8,191.66,253.71,257
13744,1,Developing / Moderate,United Kingdom,96,2,1080.52,1153,54,540.26,576.5,197
13745,1,Developing / Moderate,United Kingdom,163,2,777.36,1146,46,388.68,573.0,384
13746,0,Inactive Low-Activity,United Kingdom,414,1,176.69,83,9,176.69,83.0,0
13747,0,Inactive Low-Activity,United Kingdom,374,2,169.8,60,4,84.9,30.0,51
13748,2,Recent High-Activity,United Kingdom,96,9,2064.35,1028,40,229.37,114.22,643
13750,2,Recent High-Activity,United Kingdom,54,11,3602.18,1370,51,327.47,124.55,564
13751,0,Inactive Low-Activity,United Kingdom,289,1,296.25,152,9,296.25,152.0,0
13752,1,Developing / Moderate,United Kingdom,125,7,1579.83,1005,75,225.69,143.57,403
13753,1,Developing / Moderate,United Kingdom,288,4,2094.57,1450,64,523.64,362.5,449
13754,1,Developing / Moderate,United Kingdom,152,3,447.05,315,16,149.02,105.0,286
13755,1,Developing / Moderate,United Kingdom,4,9,2108.06,1242,232,234.23,138.0,60
13756,2,Recent High-Activity,United Kingdom,3,23,8655.95,5138,142,376.35,223.39,722
13757,0,Inactive Low-Activity,United Kingdom,675,1,195.55,54,8,195.55,54.0,0
13758,2,Recent High-Activity,United Kingdom,12,15,8698.13,4667,213,579.88,311.13,727
13759,1,Developing / Moderate,United Kingdom,34,2,659.41,287,24,329.71,143.5,38
13760,1,Developing / Moderate,United Kingdom,55,5,1363.64,623,95,272.73,124.6,539
13761,2,Recent High-Activity,United Kingdom,51,6,1952.17,1079,118,325.36,179.83,606
13762,1,Developing / Moderate,United Kingdom,219,5,2472.48,2608,23,494.5,521.6,480
13763,1,Developing / Moderate,United Kingdom,64,3,5217.44,3224,50,1739.15,1074.67,372
13764,2,Recent High-Activity,United Kingdom,71,6,2919.62,2084,295,486.6,347.33,572
13765,0,Inactive Low-Activity,United Kingdom,654,1,352.82,297,17,352.82,297.0,0
13766,0,Inactive Low-Activity,United Kingdom,496,1,190.35,137,16,190.35,137.0,0
13767,2,Recent High-Activity,United Kingdom,3,73,33903.57,14595,117,464.43,199.93,736
13768,0,Inactive Low-Activity,United Kingdom,727,2,875.97,373,30,437.99,186.5,4
13769,2,Recent High-Activity,United Kingdom,3,20,5478.12,2452,121,273.91,122.6,721
13770,1,Developing / Moderate,United Kingdom,423,4,785.37,468,48,196.34,117.0,308
13771,2,Recent High-Activity,United Kingdom,65,9,5728.82,3140,182,636.54,348.89,588
13772,2,Recent High-Activity,United Kingdom,34,8,3100.02,1446,394,387.5,180.75,621
13773,0,Inactive Low-Activity,United Kingdom,397,2,301.54,174,19,150.77,87.0,263
13774,0,Inactive Low-Activity,United Kingdom,82,1,345.0,192,22,345.0,192.0,0
13775,0,Inactive Low-Activity,United Kingdom,591,1,1049.66,455,63,1049.66,455.0,0
13776,0,Inactive Low-Activity,United Kingdom,429,2,623.98,2,1,311.99,1.0,0
13777,2,Recent High-Activity,United Kingdom,1,61,49638.26,23190,44,813.74,380.16,737
13778,1,Developing / Moderate,United Kingdom,104,4,1124.49,511,33,281.12,127.75,462
13779,0,Inactive Low-Activity,United Kingdom,516,1,161.13,53,27,161.13,53.0,0
13780,1,Developing / Moderate,United Kingdom,8,3,732.07,479,90,244.02,159.67,400
13781,1,Developing / Moderate,United Kingdom,251,3,778.83,300,56,259.61,100.0,471
13782,2,Recent High-Activity,United Kingdom,13,13,1786.08,643,187,137.39,49.46,721
13783,0,Inactive Low-Activity,United Kingdom,488,4,1542.09,3437,4,385.52,859.25,186
13784,2,Recent High-Activity,United Kingdom,10,14,2910.23,2827,13,207.87,201.93,441
13785,0,Inactive Low-Activity,United Kingdom,429,4,542.49,151,26,135.62,37.75,32
13786,1,Developing / Moderate,United Kingdom,368,6,3127.99,1515,80,521.33,252.5,369
13787,2,Recent High-Activity,United Kingdom,76,6,1222.5,998,71,203.75,166.33,619
13788,0,Inactive Low-Activity,United Kingdom,506,1,3.75,1,1,3.75,1.0,0
13789,0,Inactive Low-Activity,United Kingdom,389,1,239.46,258,18,239.46,258.0,0
13790,1,Developing / Moderate,United Kingdom,5,1,348.8,748,45,348.8,748.0,0
13791,0,Inactive Low-Activity,United Kingdom,128,2,1516.0,1200,7,758.0,600.0,41
13792,1,Developing / Moderate,United Kingdom,67,3,383.95,156,23,127.98,52.0,356
13793,0,Inactive Low-Activity,United Kingdom,647,1,96.0,52,7,96.0,52.0,0
13794,0,Inactive Low-Activity,United Kingdom,547,1,126.03,63,9,126.03,63.0,0
13795,1,Developing / Moderate,United Kingdom,389,4,836.3,1250,23,209.07,312.5,249
13796,0,Inactive Low-Activity,United Kingdom,500,1,289.7,218,22,289.7,218.0,0
13797,1,Developing / Moderate,United Kingdom,437,3,1179.45,573,71,393.15,191.0,211
13798,2,Recent High-Activity,United Kingdom,2,110,75428.87,48187,168,685.72,438.06,730
13799,2,Recent High-Activity,United Kingdom,117,9,2803.57,1539,64,311.51,171.0,528
13800,1,Developing / Moderate,United Kingdom,310,3,1679.56,891,73,559.85,297.0,427
13801,0,Inactive Low-Activity,United Kingdom,67,1,324.8,168,23,324.8,168.0,0
13802,2,Recent High-Activity,United Kingdom,139,19,26259.11,14129,212,1382.06,743.63,523
13803,1,Developing / Moderate,United Kingdom,256,3,1338.91,831,73,446.3,277.0,363
13804,2,Recent High-Activity,United Kingdom,31,9,3161.12,1797,149,351.24,199.67,406
13805,1,Developing / Moderate,United Kingdom,53,2,924.6,1900,10,462.3,950.0,77
13806,0,Inactive Low-Activity,United Kingdom,64,1,256.38,56,10,256.38,56.0,0
13807,1,Developing / Moderate,United Kingdom,368,3,422.2,116,24,140.73,38.67,368
13808,1,Developing / Moderate,United Kingdom,6,5,1747.66,782,70,349.53,156.4,91
13809,1,Developing / Moderate,Cyprus,306,3,679.7,281,23,226.57,93.67,155
13810,1,Developing / Moderate,Germany,29,3,1499.01,312,32,499.67,104.0,28
13811,0,Inactive Low-Activity,Germany,184,3,814.5,68,7,271.5,22.67,56
13812,1,Developing / Moderate,Germany,43,3,539.0,333,33,179.67,111.0,63
13813,2,Recent High-Activity,Germany,40,8,2765.47,1292,84,345.68,161.5,694
13814,1,Developing / Moderate,Germany,93,3,2257.32,1214,56,752.44,404.67,435
13815,2,Recent High-Activity,Germany,23,8,7475.74,5381,203,934.47,672.62,643
13816,1,Developing / Moderate,Germany,24,2,571.67,269,25,285.84,134.5,41
13817,1,Developing / Moderate,Germany,30,2,382.98,211,20,191.49,105.5,322
13818,0,Inactive Low-Activity,United Kingdom,430,1,61.28,60,5,61.28,60.0,0
13819,1,Developing / Moderate,United Kingdom,302,6,2642.35,2309,47,440.39,384.83,437
13820,1,Developing / Moderate,United Kingdom,419,3,652.75,285,68,217.58,95.0,262
13821,2,Recent High-Activity,United Kingdom,145,6,1379.08,477,158,229.85,79.5,560
13822,1,Developing / Moderate,United Kingdom,6,2,632.0,611,90,316.0,305.5,35
13823,2,Recent High-Activity,United Kingdom,19,7,3403.45,1564,108,486.21,223.43,706
13824,2,Recent High-Activity,United Kingdom,33,12,3314.76,1442,59,276.23,120.17,605
13825,0,Inactive Low-Activity,United Kingdom,622,2,255.59,182,38,127.8,91.0,109
13826,0,Inactive Low-Activity,United Kingdom,177,1,189.5,82,10,189.5,82.0,0
13827,1,Developing / Moderate,United Kingdom,58,3,409.8,138,83,136.6,46.0,86
13828,0,Inactive Low-Activity,United Kingdom,23,1,209.49,311,15,209.49,311.0,0
13829,0,Inactive Low-Activity,United Kingdom,422,1,102.0,12,1,102.0,12.0,0
13830,0,Inactive Low-Activity,United Kingdom,582,1,156.85,47,11,156.85,47.0,0
13831,2,Recent High-Activity,United Kingdom,17,18,6585.54,2393,121,365.86,132.94,713
13832,1,Developing / Moderate,United Kingdom,20,2,609.89,420,54,304.94,210.0,403
13833,1,Developing / Moderate,United Kingdom,160,2,700.41,243,43,350.2,121.5,245
13834,0,Inactive Low-Activity,United Kingdom,577,2,324.19,221,15,162.09,110.5,93
13835,2,Recent High-Activity,United Kingdom,26,7,1095.27,520,60,156.47,74.29,620
13836,0,Inactive Low-Activity,United Kingdom,400,2,620.37,273,29,310.19,136.5,15
13837,0,Inactive Low-Activity,United Kingdom,212,2,266.59,182,17,133.3,91.0,106
13838,2,Recent High-Activity,United Kingdom,6,10,1690.07,694,328,169.01,69.4,574
13839,0,Inactive Low-Activity,United Kingdom,487,1,139.95,25,7,139.95,25.0,0
13840,0,Inactive Low-Activity,United Kingdom,417,1,651.4,358,40,651.4,358.0,0
13841,0,Inactive Low-Activity,United Kingdom,253,1,85.0,100,1,85.0,100.0,0
13842,2,Recent High-Activity,United Kingdom,59,18,5319.34,2716,214,295.52,150.89,603
13843,0,Inactive Low-Activity,United Kingdom,382,1,319.75,145,18,319.75,145.0,0
13844,0,Inactive Low-Activity,United Kingdom,12,1,361.62,196,20,361.62,196.0,0
13845,0,Inactive Low-Activity,United Kingdom,65,1,312.98,182,9,312.98,182.0,0
13846,1,Developing / Moderate,United Kingdom,25,4,1307.79,705,81,326.95,176.25,375
13847,0,Inactive Low-Activity,United Kingdom,720,1,310.72,96,19,310.72,96.0,0
13848,1,Developing / Moderate,United Kingdom,93,8,3015.0,9200,3,376.88,1150.0,638
13849,2,Recent High-Activity,United Kingdom,52,5,3469.3,1883,189,693.86,376.6,573
13850,1,Developing / Moderate,United Kingdom,130,1,1595.48,944,93,1595.48,944.0,0
13851,2,Recent High-Activity,United Kingdom,96,8,4606.46,2525,111,575.81,315.62,584
13852,0,Inactive Low-Activity,United Kingdom,611,1,187.35,85,11,187.35,85.0,0
13853,1,Developing / Moderate,United Kingdom,58,1,1090.14,312,23,1090.14,312.0,0
13854,2,Recent High-Activity,United Kingdom,9,39,11944.56,3642,61,306.27,93.38,692
13855,1,Developing / Moderate,United Kingdom,501,4,1310.34,575,64,327.59,143.75,231
13856,1,Developing / Moderate,United Kingdom,169,11,1142.03,1105,33,103.82,100.45,451
13857,1,Developing / Moderate,United Kingdom,394,6,1001.01,782,99,166.84,130.33,178
13858,0,Inactive Low-Activity,United Kingdom,58,1,216.17,75,11,216.17,75.0,0
13859,0,Inactive Low-Activity,United Kingdom,327,2,515.86,167,34,257.93,83.5,203
13860,1,Developing / Moderate,United Kingdom,2,5,1245.9,591,58,249.18,118.2,85
13861,0,Inactive Low-Activity,United Kingdom,430,2,273.26,225,21,136.63,112.5,101
13862,2,Recent High-Activity,United Kingdom,19,9,2556.09,1927,113,284.01,214.11,371
13863,1,Developing / Moderate,United Kingdom,248,4,1239.55,553,59,309.89,138.25,346
13864,0,Inactive Low-Activity,United Kingdom,387,1,662.4,192,1,662.4,192.0,0
13865,1,Developing / Moderate,United Kingdom,59,4,501.56,204,26,125.39,51.0,231
13866,0,Inactive Low-Activity,United Kingdom,75,1,145.67,57,7,145.67,57.0,0
13867,1,Developing / Moderate,United Kingdom,32,3,1005.09,501,51,335.03,167.0,187
13868,1,Developing / Moderate,United Kingdom,8,2,3192.54,1964,32,1596.27,982.0,31
13869,2,Recent High-Activity,United Kingdom,124,10,7996.87,4302,502,799.69,430.2,568
13870,2,Recent High-Activity,United Kingdom,3,15,5712.08,3449,159,380.81,229.93,667
13871,2,Recent High-Activity,United Kingdom,23,17,7885.85,3502,183,463.87,206.0,697
13872,0,Inactive Low-Activity,United Kingdom,528,3,919.57,339,51,306.52,113.0,198
13873,1,Developing / Moderate,United Kingdom,120,8,1038.92,472,55,129.87,59.0,527
13874,1,Developing / Moderate,United Kingdom,359,7,2049.15,864,46,292.74,123.43,315
13875,2,Recent High-Activity,United Kingdom,54,14,4814.37,3072,159,343.88,219.43,669
13876,0,Inactive Low-Activity,United Kingdom,64,1,122.7,36,7,122.7,36.0,0
13877,1,Developing / Moderate,United Kingdom,87,3,449.68,478,23,149.89,159.33,603
13878,1,Developing / Moderate,United Kingdom,55,4,2416.9,927,93,604.23,231.75,550
13879,0,Inactive Low-Activity,United Kingdom,646,1,395.5,204,25,395.5,204.0,0
13880,2,Recent High-Activity,United Kingdom,22,17,4293.86,2535,148,252.58,149.12,541
13881,2,Recent High-Activity,United Kingdom,4,43,45179.1,29760,182,1050.68,692.09,642
13882,1,Developing / Moderate,United Kingdom,3,5,1191.13,953,54,238.23,190.6,62
13883,2,Recent High-Activity,United Kingdom,11,15,6560.02,3584,200,437.33,238.93,721
13884,2,Recent High-Activity,United Kingdom,8,10,1825.03,752,108,182.5,75.2,463
13885,0,Inactive Low-Activity,United Kingdom,190,2,506.8,182,28,253.4,91.0,11
13886,0,Inactive Low-Activity,United Kingdom,72,1,243.56,126,16,243.56,126.0,0
13887,0,Inactive Low-Activity,United Kingdom,205,1,349.55,147,19,349.55,147.0,0
13888,2,Recent High-Activity,United Kingdom,120,7,2001.59,795,124,285.94,113.57,456
13889,2,Recent High-Activity,United Kingdom,93,6,1991.23,979,57,331.87,163.17,594
13890,2,Recent High-Activity,United Kingdom,2,14,2927.38,1392,100,209.1,99.43,732
13891,1,Developing / Moderate,United Kingdom,379,3,859.21,476,97,286.4,158.67,204
13892,1,Developing / Moderate,United Kingdom,27,6,1267.65,3125,33,211.27,520.83,549
13893,0,Inactive Low-Activity,United Kingdom,298,1,821.1,190,21,821.1,190.0,0
13894,1,Developing / Moderate,United Kingdom,24,3,564.62,354,25,188.21,118.0,287
13895,2,Recent High-Activity,United Kingdom,29,6,4008.52,2060,154,668.09,343.33,708
13896,0,Inactive Low-Activity,United Kingdom,626,1,388.55,149,21,388.55,149.0,0
13897,1,Developing / Moderate,United Kingdom,51,3,1160.72,820,58,386.91,273.33,627
13898,0,Inactive Low-Activity,United Kingdom,326,2,686.4,544,43,343.2,272.0,86
13899,1,Developing / Moderate,United Kingdom,17,2,388.52,156,19,194.26,78.0,258
13900,1,Developing / Moderate,United Kingdom,184,6,1610.59,938,80,268.43,156.33,441
13901,2,Recent High-Activity,United Kingdom,73,15,5676.34,3344,280,378.42,222.93,631
13902,1,Developing / Moderate,Denmark,633,5,34095.26,220600,58,6819.05,44120.0,92
13903,0,Inactive Low-Activity,United Kingdom,401,1,165.45,103,10,165.45,103.0,0
13904,1,Developing / Moderate,United Kingdom,38,2,332.64,332,24,166.32,166.0,257
13905,0,Inactive Low-Activity,United Kingdom,733,1,312.65,135,12,312.65,135.0,0
13906,0,Inactive Low-Activity,United Kingdom,410,1,42.0,100,1,42.0,100.0,0
13907,0,Inactive Low-Activity,United Kingdom,692,1,136.8,68,4,136.8,68.0,0
13908,1,Developing / Moderate,United Kingdom,80,4,2369.55,1478,104,592.39,369.5,197
13909,0,Inactive Low-Activity,United Kingdom,424,2,282.85,301,35,141.43,150.5,98
13911,2,Recent High-Activity,United Kingdom,58,20,4234.99,4487,178,211.75,224.35,591
13912,0,Inactive Low-Activity,United Kingdom,424,1,124.95,29,7,124.95,29.0,0
13913,0,Inactive Low-Activity,United Kingdom,507,1,42.22,10,3,42.22,10.0,0
13914,1,Developing / Moderate,United Kingdom,12,2,626.45,380,28,313.23,190.0,25
13915,0,Inactive Low-Activity,United Kingdom,395,1,70.8,24,2,70.8,24.0,0
13916,1,Developing / Moderate,United Kingdom,464,4,1275.81,673,72,318.95,168.25,212
13917,1,Developing / Moderate,United Kingdom,50,2,272.04,228,16,136.02,114.0,142
13918,1,Developing / Moderate,United Kingdom,50,2,1212.84,1140,30,606.42,570.0,204
13919,1,Developing / Moderate,Denmark,60,4,1360.68,1133,65,340.17,283.25,481
13920,1,Developing / Moderate,United Kingdom,432,4,1774.68,1772,81,443.67,443.0,131
13921,1,Developing / Moderate,United Kingdom,403,4,730.7,210,36,182.68,52.5,319
13922,0,Inactive Low-Activity,United Kingdom,352,3,865.2,467,30,288.4,155.67,116
13923,0,Inactive Low-Activity,United Kingdom,54,1,351.13,185,20,351.13,185.0,0
13924,1,Developing / Moderate,United Kingdom,2,6,1838.85,1575,90,306.48,262.5,71
13925,1,Developing / Moderate,United Kingdom,93,4,678.25,331,28,169.56,82.75,42
13926,0,Inactive Low-Activity,United Kingdom,24,1,223.85,104,11,223.85,104.0,0
13927,1,Developing / Moderate,United Kingdom,75,2,708.26,463,37,354.13,231.5,363
13928,1,Developing / Moderate,United Kingdom,11,4,464.57,129,23,116.14,32.25,123
13929,2,Recent High-Activity,United Kingdom,170,11,3494.1,1566,38,317.65,142.36,525
13930,1,Developing / Moderate,United Kingdom,58,2,337.34,274,15,168.67,137.0,79
13931,2,Recent High-Activity,United Kingdom,96,11,5257.38,3488,205,477.94,317.09,641
13932,0,Inactive Low-Activity,United Kingdom,295,1,307.4,72,16,307.4,72.0,0
13933,1,Developing / Moderate,United Kingdom,110,2,608.79,205,23,304.4,102.5,39
13934,0,Inactive Low-Activity,United Kingdom,264,1,922.1,390,31,922.1,390.0,0
13935,1,Developing / Moderate,United Kingdom,597,3,6116.92,2252,67,2038.97,750.67,56
13936,1,Developing / Moderate,United Kingdom,180,3,939.66,661,56,313.22,220.33,235
13937,1,Developing / Moderate,United Kingdom,170,2,880.13,587,54,440.06,293.5,233
13938,0,Inactive Low-Activity,United Kingdom,36,1,71.66,70,7,71.66,70.0,0
13939,2,Recent High-Activity,United Kingdom,24,7,1560.96,1608,91,222.99,229.71,589
13940,1,Developing / Moderate,United Kingdom,18,4,839.14,516,39,209.78,129.0,127
13941,2,Recent High-Activity,United Kingdom,22,15,10027.18,4782,42,668.48,318.8,702
13942,0,Inactive Low-Activity,United Kingdom,535,1,320.0,1000,1,320.0,1000.0,0
13943,0,Inactive Low-Activity,United Kingdom,578,1,246.54,94,15,246.54,94.0,0
13944,0,Inactive Low-Activity,United Kingdom,654,1,200.43,153,35,200.43,153.0,0
13945,0,Inactive Low-Activity,United Kingdom,395,2,854.15,413,49,427.07,206.5,85
13946,2,Recent High-Activity,United Kingdom,80,6,1876.23,2847,49,312.7,474.5,656
13947,0,Inactive Low-Activity,United Kingdom,66,1,90.6,44,5,90.6,44.0,0
13948,1,Developing / Moderate,United Kingdom,361,4,548.76,248,23,137.19,62.0,375
13949,1,Developing / Moderate,United Kingdom,3,6,2427.32,2474,124,404.55,412.33,92
13950,1,Developing / Moderate,United Kingdom,12,4,745.06,323,33,186.26,80.75,235
13951,1,Developing / Moderate,United Kingdom,177,3,674.45,459,38,224.82,153.0,118
13952,2,Recent High-Activity,United Kingdom,218,14,12823.52,5947,238,915.97,424.79,506
13953,2,Recent High-Activity,United Kingdom,8,12,6640.68,5224,8,553.39,435.33,721
13954,1,Developing / Moderate,United Kingdom,2,2,439.92,150,24,219.96,75.0,69
13955,1,Developing / Moderate,United Kingdom,155,3,544.07,272,82,181.36,90.67,221
13956,1,Developing / Moderate,United Kingdom,6,5,1019.27,486,123,203.85,97.2,266
13957,0,Inactive Low-Activity,United Kingdom,418,3,458.25,157,21,152.75,52.33,241
13958,2,Recent High-Activity,United Kingdom,380,8,4709.23,2264,172,588.65,283.0,355
13959,1,Developing / Moderate,United Kingdom,80,6,1064.77,694,120,177.46,115.67,432
13960,0,Inactive Low-Activity,United Kingdom,22,2,230.22,142,11,115.11,71.0,50
13961,0,Inactive Low-Activity,United Kingdom,393,1,538.4,226,19,538.4,226.0,0
13962,1,Developing / Moderate,United Kingdom,22,3,362.8,160,23,120.93,53.33,414
13963,2,Recent High-Activity,United Kingdom,309,17,2860.57,2007,129,168.27,118.06,289
13964,0,Inactive Low-Activity,United Kingdom,388,2,438.9,228,22,219.45,114.0,43
13965,0,Inactive Low-Activity,United Kingdom,477,3,996.61,425,23,332.2,141.67,227
13966,0,Inactive Low-Activity,United Kingdom,436,1,384.26,760,21,384.26,760.0,0
13967,0,Inactive Low-Activity,United Kingdom,146,2,166.3,66,4,83.15,33.0,251
13968,0,Inactive Low-Activity,United Kingdom,424,1,123.66,174,8,123.66,174.0,0
13969,2,Recent High-Activity,United Kingdom,8,35,12973.46,6640,472,370.67,189.71,617
13970,0,Inactive Low-Activity,United Kingdom,387,2,846.55,469,10,423.27,234.5,51
13971,2,Recent High-Activity,United Kingdom,19,14,4667.57,3084,184,333.4,220.29,664
13972,0,Inactive Low-Activity,United Kingdom,71,2,190.25,187,15,95.12,93.5,131
13973,0,Inactive Low-Activity,United Kingdom,288,1,264.7,109,11,264.7,109.0,0
13974,1,Developing / Moderate,United Kingdom,50,2,677.72,356,43,338.86,178.0,533
13975,2,Recent High-Activity,United Kingdom,32,12,5256.4,3884,434,438.03,323.67,644
13976,1,Developing / Moderate,United Kingdom,207,4,1192.36,452,49,298.09,113.0,462
13977,0,Inactive Low-Activity,United Kingdom,412,1,519.81,303,13,519.81,303.0,0
13978,0,Inactive Low-Activity,United Kingdom,15,2,196.79,315,14,98.4,157.5,31
13979,2,Recent High-Activity,United Kingdom,74,7,3379.93,2270,356,482.85,324.29,663
13980,1,Developing / Moderate,United Kingdom,61,5,768.82,463,57,153.76,92.6,596
13981,0,Inactive Low-Activity,United Kingdom,416,1,331.14,234,22,331.14,234.0,0
13982,2,Recent High-Activity,United Kingdom,40,9,3954.29,2478,123,439.37,275.33,649
13983,2,Recent High-Activity,United Kingdom,30,21,6753.89,3925,238,321.61,186.9,701
13984,2,Recent High-Activity,United Kingdom,27,12,1893.8,1301,53,157.82,108.42,706
13985,2,Recent High-Activity,United Kingdom,5,22,10020.86,4936,149,455.49,224.36,664
13986,0,Inactive Low-Activity,United Kingdom,18,1,320.46,430,12,320.46,430.0,0
13987,0,Inactive Low-Activity,United Kingdom,380,2,682.54,492,46,341.27,246.0,21
13988,2,Recent High-Activity,United Kingdom,20,8,4757.8,3385,218,594.73,423.12,606
13989,1,Developing / Moderate,United Kingdom,66,5,2026.06,2207,61,405.21,441.4,498
13990,0,Inactive Low-Activity,United Kingdom,214,1,311.3,190,16,311.3,190.0,0
13991,1,Developing / Moderate,United Kingdom,13,6,852.88,995,58,142.15,165.83,131
13992,1,Developing / Moderate,United Kingdom,31,3,219.5,154,10,73.17,51.33,433
13993,2,Recent High-Activity,United Kingdom,43,19,6775.71,2135,110,356.62,112.37,694
13994,1,Developing / Moderate,United Kingdom,4,6,2274.14,932,122,379.02,155.33,145
13995,2,Recent High-Activity,United Kingdom,16,14,3902.01,2359,146,278.72,168.5,706
13996,0,Inactive Low-Activity,United Kingdom,387,2,895.76,613,29,447.88,306.5,13
13997,0,Inactive Low-Activity,United Kingdom,520,3,376.46,143,36,125.49,47.67,31
13998,0,Inactive Low-Activity,United Kingdom,447,3,566.7,204,30,188.9,68.0,130
13999,2,Recent High-Activity,United Kingdom,11,29,9502.26,5043,174,327.66,173.9,724
14000,1,Developing / Moderate,United Kingdom,212,5,2046.34,1838,28,409.27,367.6,526
14001,2,Recent High-Activity,United Kingdom,46,9,4228.85,1779,60,469.87,197.67,448
14002,1,Developing / Moderate,United Kingdom,135,2,529.73,877,47,264.87,438.5,22
14003,0,Inactive Low-Activity,United Kingdom,733,1,209.41,149,16,209.41,149.0,0
14004,2,Recent High-Activity,United Kingdom,44,11,6258.45,3425,127,568.95,311.36,392
14005,1,Developing / Moderate,United Kingdom,10,5,2874.72,2478,53,574.94,495.6,206
14006,2,Recent High-Activity,United Kingdom,116,7,2196.67,2181,55,313.81,311.57,537
14007,0,Inactive Low-Activity,United Kingdom,513,1,79.48,16,5,79.48,16.0,0
14008,0,Inactive Low-Activity,United Kingdom,433,1,509.04,326,32,509.04,326.0,0
14009,1,Developing / Moderate,United Kingdom,199,3,1099.91,951,71,366.64,317.0,264
14010,0,Inactive Low-Activity,United Kingdom,566,2,445.15,177,20,222.57,88.5,0
14011,0,Inactive Low-Activity,United Kingdom,481,2,457.82,644,32,228.91,322.0,127
14012,0,Inactive Low-Activity,United Kingdom,278,1,328.8,160,11,328.8,160.0,0
14013,1,Developing / Moderate,United Kingdom,111,5,1084.57,775,56,216.91,155.0,513
14014,1,Developing / Moderate,United Kingdom,78,3,1948.21,2004,76,649.4,668.0,499
14015,1,Developing / Moderate,United Kingdom,53,1,917.34,378,20,917.34,378.0,0
14016,2,Recent High-Activity,EIRE,162,11,11403.41,5722,354,1036.67,520.18,539
14017,0,Inactive Low-Activity,United Kingdom,572,1,229.75,73,14,229.75,73.0,0
14018,0,Inactive Low-Activity,United Kingdom,646,1,367.15,224,13,367.15,224.0,0
14019,1,Developing / Moderate,United Kingdom,47,3,1421.61,1037,37,473.87,345.67,92
14020,1,Developing / Moderate,United Kingdom,17,4,1249.01,648,63,312.25,162.0,513
14021,1,Developing / Moderate,United Kingdom,156,7,1716.58,878,84,245.23,125.43,437
14022,1,Developing / Moderate,United Kingdom,226,2,792.15,681,45,396.07,340.5,261
14023,1,Developing / Moderate,United Kingdom,8,2,584.07,345,30,292.04,172.5,243
14024,1,Developing / Moderate,United Kingdom,122,3,645.74,238,33,215.25,79.33,269
14025,1,Developing / Moderate,United Kingdom,465,8,4057.9,1914,60,507.24,239.25,119
14026,0,Inactive Low-Activity,United Kingdom,471,2,713.11,427,43,356.56,213.5,155
14027,0,Inactive Low-Activity,United Kingdom,61,1,104.82,62,6,104.82,62.0,0
14028,0,Inactive Low-Activity,United Kingdom,551,3,10396.5,7170,3,3465.5,2390.0,0
14029,1,Developing / Moderate,United Kingdom,64,2,467.66,198,15,233.83,99.0,81
14030,2,Recent High-Activity,United Kingdom,19,20,7521.8,4215,591,376.09,210.75,711
14031,2,Recent High-Activity,United Kingdom,8,44,39019.51,13783,280,886.81,313.25,729
14032,2,Recent High-Activity,United Kingdom,3,16,4546.41,3740,79,284.15,233.75,723
14033,0,Inactive Low-Activity,United Kingdom,556,1,109.44,576,1,109.44,576.0,0
14034,1,Developing / Moderate,United Kingdom,23,3,648.89,420,82,216.3,140.0,135
14035,2,Recent High-Activity,United Kingdom,29,9,2794.75,1405,70,310.53,156.11,584
14036,0,Inactive Low-Activity,United Kingdom,285,1,626.65,268,38,626.65,268.0,0
14037,1,Developing / Moderate,United Kingdom,177,6,836.95,590,96,139.49,98.33,556
14038,2,Recent High-Activity,United Kingdom,79,5,3069.88,1708,99,613.98,341.6,595
14039,1,Developing / Moderate,United Kingdom,34,2,267.28,192,10,133.64,96.0,542
14040,2,Recent High-Activity,United Kingdom,41,35,12523.81,4972,335,357.82,142.06,698
14041,0,Inactive Low-Activity,United Kingdom,267,1,141.41,94,21,141.41,94.0,0
14042,0,Inactive Low-Activity,United Kingdom,726,1,431.98,180,21,431.98,180.0,0
14043,0,Inactive Low-Activity,United Kingdom,492,2,302.6,152,37,151.3,76.0,238
14044,2,Recent High-Activity,United Kingdom,27,10,3077.7,2100,533,307.77,210.0,658
14045,2,Recent High-Activity,United Kingdom,110,16,10986.63,4459,16,686.66,278.69,591
14046,0,Inactive Low-Activity,United Kingdom,285,1,154.99,460,14,154.99,460.0,0
14047,2,Recent High-Activity,United Kingdom,9,14,3968.11,1541,91,283.44,110.07,668
14048,1,Developing / Moderate,United Kingdom,306,3,748.69,467,126,249.56,155.67,77
14049,2,Recent High-Activity,United Kingdom,17,13,13023.4,8480,573,1001.8,652.31,601
14050,1,Developing / Moderate,United Kingdom,32,2,746.36,689,49,373.18,344.5,75
14051,2,Recent High-Activity,United Kingdom,1,37,21770.98,5709,82,588.4,154.3,736
14052,1,Developing / Moderate,United Kingdom,20,2,466.66,174,115,233.33,87.0,371
14053,1,Developing / Moderate,United Kingdom,125,4,572.3,490,3,143.07,122.5,362
14054,0,Inactive Low-Activity,United Kingdom,66,1,92.46,62,6,92.46,62.0,0
14055,1,Developing / Moderate,United Kingdom,107,3,1520.96,720,33,506.99,240.0,617
14056,2,Recent High-Activity,United Kingdom,2,23,8152.71,4252,320,354.47,184.87,283
14057,2,Recent High-Activity,United Kingdom,24,22,8346.66,6438,244,379.39,292.64,713
14058,0,Inactive Low-Activity,United Kingdom,463,2,469.19,211,23,234.59,105.5,68
14059,0,Inactive Low-Activity,United Kingdom,267,1,183.6,128,8,183.6,128.0,0
14060,2,Recent High-Activity,United Kingdom,5,30,8898.24,7419,100,296.61,247.3,634
14061,0,Inactive Low-Activity,United Kingdom,508,3,917.43,133,17,305.81,44.33,231
14062,2,Recent High-Activity,United Kingdom,10,24,25585.65,12794,141,1066.07,533.08,720
14063,2,Recent High-Activity,United Kingdom,439,9,22710.2,3850,30,2523.36,427.78,293
14064,2,Recent High-Activity,United Kingdom,30,15,3260.24,3911,131,217.35,260.73,658
14065,0,Inactive Low-Activity,United Kingdom,390,3,891.02,582,42,297.01,194.0,42
14066,0,Inactive Low-Activity,United Kingdom,267,1,152.55,45,7,152.55,45.0,0
14067,1,Developing / Moderate,United Kingdom,64,2,374.7,361,51,187.35,180.5,33
14068,1,Developing / Moderate,United Kingdom,321,4,1516.72,510,93,379.18,127.5,357
14069,0,Inactive Low-Activity,United Kingdom,515,2,225.81,58,37,112.91,29.0,47
14070,0,Inactive Low-Activity,United Kingdom,685,1,321.6,85,40,321.6,85.0,0
14071,2,Recent High-Activity,United Kingdom,4,8,1437.57,994,271,179.7,124.25,261
14072,0,Inactive Low-Activity,United Kingdom,667,1,390.85,65,19,390.85,65.0,0
14073,0,Inactive Low-Activity,United Kingdom,33,1,151.04,130,13,151.04,130.0,0
14074,0,Inactive Low-Activity,United Kingdom,624,1,219.4,228,6,219.4,228.0,0
14075,1,Developing / Moderate,United Kingdom,5,6,1734.87,1494,59,289.14,249.0,537
14076,0,Inactive Low-Activity,United Kingdom,130,1,118.67,79,43,118.67,79.0,0
14077,1,Developing / Moderate,United Kingdom,41,6,615.08,376,43,102.51,62.67,355
14078,2,Recent High-Activity,United Kingdom,102,9,1553.47,586,107,172.61,65.11,520
14079,1,Developing / Moderate,United Kingdom,125,2,618.73,302,13,309.37,151.0,558
14080,2,Recent High-Activity,United Kingdom,33,5,1115.68,268,74,223.14,53.6,705
14081,2,Recent High-Activity,United Kingdom,303,10,4867.57,3381,465,486.76,338.1,427
14082,0,Inactive Low-Activity,United Kingdom,365,2,413.36,246,48,206.68,123.0,28
14083,2,Recent High-Activity,United Kingdom,5,11,1082.19,760,169,98.38,69.09,717
14084,0,Inactive Low-Activity,United Kingdom,513,1,150.5,306,7,150.5,306.0,0
14085,2,Recent High-Activity,United Kingdom,3,33,9720.67,6434,479,294.57,194.97,729
14086,0,Inactive Low-Activity,United Kingdom,463,1,39.95,1,1,39.95,1.0,0
14087,2,Recent High-Activity,United Kingdom,3,3,829.47,718,175,276.49,239.33,733
14088,2,Recent High-Activity,United Kingdom,11,16,64036.8,15276,436,4002.3,954.75,411
14089,0,Inactive Low-Activity,United Kingdom,57,1,158.75,133,13,158.75,133.0,0
14090,0,Inactive Low-Activity,United Kingdom,325,1,76.32,72,1,76.32,72.0,0
14091,0,Inactive Low-Activity,United Kingdom,655,2,9530.08,3316,13,4765.04,1658.0,44
14092,2,Recent High-Activity,United Kingdom,8,24,7229.45,3606,169,301.23,150.25,716
14093,1,Developing / Moderate,United Kingdom,13,1,433.86,391,95,433.86,391.0,0
14094,0,Inactive Low-Activity,United Kingdom,440,1,311.77,158,41,311.77,158.0,0
14095,0,Inactive Low-Activity,United Kingdom,723,1,2.95,1,1,2.95,1.0,0
14096,2,Recent High-Activity,United Kingdom,5,17,65164.79,16352,1119,3833.22,961.88,97
14097,0,Inactive Low-Activity,United Kingdom,482,2,422.86,352,39,211.43,176.0,164
14098,0,Inactive Low-Activity,United Kingdom,37,1,147.35,104,21,147.35,104.0,0
14099,2,Recent High-Activity,United Kingdom,17,20,5750.91,3666,273,287.55,183.3,713
14100,0,Inactive Low-Activity,United Kingdom,138,1,191.95,63,24,191.95,63.0,0
14101,2,Recent High-Activity,United Kingdom,74,13,9961.93,10542,19,766.3,810.92,548
14102,1,Developing / Moderate,United Kingdom,6,5,1105.88,769,35,221.18,153.8,39
14104,1,Developing / Moderate,United Kingdom,155,5,743.53,496,117,148.71,99.2,406
14105,2,Recent High-Activity,United Kingdom,240,5,5988.83,3534,200,1197.77,706.8,482
14106,0,Inactive Low-Activity,United Kingdom,738,1,214.8,24,1,214.8,24.0,0
14107,2,Recent High-Activity,United Kingdom,52,11,4877.3,3489,102,443.39,317.18,679
14108,1,Developing / Moderate,United Kingdom,31,4,1044.96,660,49,261.24,165.0,708
14109,0,Inactive Low-Activity,United Kingdom,73,1,144.2,88,9,144.2,88.0,0
14110,2,Recent High-Activity,United Kingdom,4,33,12987.95,5825,177,393.57,176.52,735
14111,1,Developing / Moderate,United Kingdom,15,4,692.85,458,10,173.21,114.5,227
14112,2,Recent High-Activity,United Kingdom,23,13,5834.59,3539,199,448.81,272.23,632
14113,2,Recent High-Activity,United Kingdom,4,16,7092.61,3439,76,443.29,214.94,728
14114,1,Developing / Moderate,United Kingdom,274,7,1364.09,650,72,194.87,92.86,333
14115,0,Inactive Low-Activity,United Kingdom,502,2,622.67,509,22,311.34,254.5,165
14116,1,Developing / Moderate,United Kingdom,20,5,1382.74,707,61,276.55,141.4,102
14117,0,Inactive Low-Activity,United Kingdom,144,1,90.0,72,3,90.0,72.0,0
14118,0,Inactive Low-Activity,United Kingdom,429,1,458.45,97,15,458.45,97.0,0
14119,0,Inactive Low-Activity,United Kingdom,376,2,183.37,177,11,91.69,88.5,343
14121,1,Developing / Moderate,United Kingdom,4,4,2780.15,2082,148,695.04,520.5,56
14122,0,Inactive Low-Activity,United Kingdom,407,3,362.42,114,12,120.81,38.0,331
14123,0,Inactive Low-Activity,United Kingdom,734,1,436.18,234,24,436.18,234.0,0
14124,0,Inactive Low-Activity,United Kingdom,85,1,419.58,1618,4,419.58,1618.0,0
14125,1,Developing / Moderate,United Kingdom,11,3,2720.63,1628,159,906.88,542.67,68
14126,1,Developing / Moderate,United Kingdom,8,4,1172.46,887,37,293.12,221.75,437
14127,1,Developing / Moderate,United Kingdom,123,6,1900.08,828,96,316.68,138.0,303
14128,1,Developing / Moderate,United Kingdom,61,3,924.21,814,50,308.07,271.33,491
14129,2,Recent High-Activity,United Kingdom,2,9,2591.34,1414,40,287.93,157.11,578
14130,1,Developing / Moderate,United Kingdom,320,4,1858.77,1215,189,464.69,303.75,409
14131,0,Inactive Low-Activity,United Kingdom,649,1,168.22,105,45,168.22,105.0,0
14132,2,Recent High-Activity,United Kingdom,3,11,3586.03,3368,100,326.0,306.18,181
14133,1,Developing / Moderate,United Kingdom,130,4,911.14,398,33,227.78,99.5,604
14134,2,Recent High-Activity,United Kingdom,383,15,11123.35,5814,130,741.56,387.6,347
14135,2,Recent High-Activity,United Kingdom,2,24,8839.67,8534,138,368.32,355.58,736
14136,1,Developing / Moderate,United Kingdom,401,5,1570.81,1148,86,314.16,229.6,331
14137,0,Inactive Low-Activity,United Kingdom,696,1,332.7,462,11,332.7,462.0,0
14138,1,Developing / Moderate,United Kingdom,2,2,965.88,600,40,482.94,300.0,62
14139,1,Developing / Moderate,United Kingdom,47,4,1086.8,1049,48,271.7,262.25,496
14140,1,Developing / Moderate,United Kingdom,4,2,935.05,811,60,467.52,405.5,28
14141,1,Developing / Moderate,United Kingdom,3,4,915.13,355,27,228.78,88.75,103
14142,1,Developing / Moderate,United Kingdom,374,2,671.34,518,42,335.67,259.0,273
14143,0,Inactive Low-Activity,United Kingdom,134,1,115.8,30,7,115.8,30.0,0
14144,0,Inactive Low-Activity,United Kingdom,487,1,30.6,12,1,30.6,12.0,0
14145,2,Recent High-Activity,United Kingdom,47,7,7600.05,1655,11,1085.72,236.43,564
14146,2,Recent High-Activity,United Kingdom,9,12,9450.3,5780,337,787.52,481.67,687
14147,2,Recent High-Activity,United Kingdom,79,9,2590.2,995,24,287.8,110.56,562
14148,0,Inactive Low-Activity,United Kingdom,234,2,466.29,223,15,233.15,111.5,181
14149,0,Inactive Low-Activity,United Kingdom,221,1,446.62,218,28,446.62,218.0,0
14150,1,Developing / Moderate,United Kingdom,36,2,658.64,496,23,329.32,248.0,324
14151,0,Inactive Low-Activity,United Kingdom,674,2,679.45,405,44,339.73,202.5,43
14152,2,Recent High-Activity,United Kingdom,76,7,1997.34,1844,104,285.33,263.43,584
14153,0,Inactive Low-Activity,United Kingdom,484,1,233.4,312,17,233.4,312.0,0
14154,2,Recent High-Activity,United Kingdom,240,8,6460.7,3222,236,807.59,402.75,456
14155,0,Inactive Low-Activity,United Kingdom,267,1,118.75,25,6,118.75,25.0,0
14156,2,Recent High-Activity,EIRE,10,156,313437.62,164325,1446,2009.22,1053.37,729
14157,1,Developing / Moderate,United Kingdom,20,5,978.69,521,75,195.74,104.2,627
14158,1,Developing / Moderate,United Kingdom,41,1,507.66,781,41,507.66,781.0,0
14159,2,Recent High-Activity,United Kingdom,20,20,7860.8,6520,706,393.04,326.0,717
14160,1,Developing / Moderate,United Kingdom,611,7,8421.47,4661,80,1203.07,665.86,88
14161,2,Recent High-Activity,United Kingdom,216,7,2996.93,1480,202,428.13,211.43,511
14162,0,Inactive Low-Activity,United Kingdom,174,2,289.36,142,25,144.68,71.0,119
14163,1,Developing / Moderate,United Kingdom,88,5,2594.62,950,42,518.92,190.0,375
14164,1,Developing / Moderate,United Kingdom,71,2,1631.77,1033,28,815.88,516.5,10
14165,0,Inactive Low-Activity,United Kingdom,276,1,120.44,53,23,120.44,53.0,0
14166,0,Inactive Low-Activity,United Kingdom,506,2,251.15,82,39,125.58,41.0,121
14167,2,Recent High-Activity,United Kingdom,40,8,1274.29,340,48,159.29,42.5,642
14168,0,Inactive Low-Activity,United Kingdom,421,2,370.45,147,11,185.22,73.5,144
14169,0,Inactive Low-Activity,United Kingdom,431,2,621.51,205,50,310.75,102.5,14
14170,1,Developing / Moderate,United Kingdom,376,3,570.18,270,123,190.06,90.0,20
14171,1,Developing / Moderate,United Kingdom,99,2,498.79,211,61,249.4,105.5,632
14172,0,Inactive Low-Activity,United Kingdom,606,3,369.02,78,38,123.01,26.0,37
14173,1,Developing / Moderate,United Kingdom,11,6,586.0,194,30,97.67,32.33,720
14174,0,Inactive Low-Activity,United Kingdom,34,1,134.46,94,26,134.46,94.0,0
14175,2,Recent High-Activity,United Kingdom,60,8,7678.88,3009,237,959.86,376.12,568
14176,1,Developing / Moderate,United Kingdom,298,5,756.46,265,33,151.29,53.0,84
14177,2,Recent High-Activity,United Kingdom,87,13,2209.69,1043,141,169.98,80.23,565
14178,1,Developing / Moderate,United Kingdom,9,7,1600.26,1494,191,228.61,213.43,174
14179,1,Developing / Moderate,United Kingdom,41,2,701.57,319,135,350.79,159.5,12
14180,2,Recent High-Activity,United Kingdom,11,33,6117.5,847,125,185.38,25.67,538
14181,0,Inactive Low-Activity,United Kingdom,411,2,308.35,120,48,154.18,60.0,152
14182,0,Inactive Low-Activity,United Kingdom,444,4,678.77,174,42,169.69,43.5,153
14183,0,Inactive Low-Activity,United Kingdom,412,2,278.34,60,27,139.17,30.0,70
14184,0,Inactive Low-Activity,United Kingdom,67,1,452.89,127,24,452.89,127.0,0
14185,0,Inactive Low-Activity,United Kingdom,332,1,197.65,6,3,197.65,6.0,0
14186,1,Developing / Moderate,United Kingdom,428,5,1550.63,1550,75,310.13,310.0,217
14187,0,Inactive Low-Activity,United Kingdom,474,1,123.5,50,8,123.5,50.0,0
14188,1,Developing / Moderate,United Kingdom,31,6,2054.36,1162,34,342.39,193.67,280
14189,2,Recent High-Activity,United Kingdom,3,16,5503.15,4392,199,343.95,274.5,386
14190,0,Inactive Low-Activity,United Kingdom,667,1,79.9,2,1,79.9,2.0,0
14191,2,Recent High-Activity,United Kingdom,2,15,4817.66,3724,147,321.18,248.27,727
14192,0,Inactive Low-Activity,United Kingdom,389,1,293.74,218,14,293.74,218.0,0
14193,1,Developing / Moderate,United Kingdom,68,3,1210.19,653,49,403.4,217.67,329
14194,2,Recent High-Activity,United Kingdom,5,36,18670.59,10037,432,518.63,278.81,698
14195,1,Developing / Moderate,United Kingdom,202,6,2615.6,2144,10,435.93,357.33,433
14196,0,Inactive Low-Activity,United Kingdom,107,1,335.52,142,6,335.52,142.0,0
14197,0,Inactive Low-Activity,United Kingdom,411,1,390.05,143,20,390.05,143.0,0
14198,2,Recent High-Activity,United Kingdom,19,9,1569.73,623,58,174.41,69.22,685
14199,1,Developing / Moderate,United Kingdom,219,4,1091.7,254,15,272.93,63.5,312
14200,0,Inactive Low-Activity,United Kingdom,618,1,379.2,140,21,379.2,140.0,0
14201,2,Recent High-Activity,United Kingdom,61,10,1193.54,806,47,119.35,80.6,528
14202,1,Developing / Moderate,United Kingdom,382,3,847.76,166,27,282.59,55.33,243
14203,0,Inactive Low-Activity,United Kingdom,398,1,339.34,80,16,339.34,80.0,0
14204,2,Recent High-Activity,United Kingdom,3,4,1024.83,469,186,256.21,117.25,735
14205,2,Recent High-Activity,United Kingdom,17,9,2414.2,1342,79,268.24,149.11,626
14206,1,Developing / Moderate,United Kingdom,240,3,1185.01,930,62,395.0,310.0,163
14207,0,Inactive Low-Activity,United Kingdom,688,1,157.8,36,2,157.8,36.0,0
14208,1,Developing / Moderate,United Kingdom,95,2,567.05,529,34,283.52,264.5,457
14209,2,Recent High-Activity,United Kingdom,11,15,4993.27,1739,133,332.88,115.93,676
14210,2,Recent High-Activity,United Kingdom,106,16,5556.57,2511,143,347.29,156.94,597
14211,2,Recent High-Activity,United Kingdom,54,18,4402.29,2575,155,244.57,143.06,677
14212,1,Developing / Moderate,United Kingdom,90,2,2190.14,2046,18,1095.07,1023.0,356
14213,0,Inactive Low-Activity,United Kingdom,405,1,1192.2,244,5,1192.2,244.0,0
14214,1,Developing / Moderate,United Kingdom,31,5,1004.38,751,64,200.88,150.2,247
14215,2,Recent High-Activity,United Kingdom,12,9,3250.33,2181,167,361.15,242.33,720
14216,1,Developing / Moderate,United Kingdom,4,5,2150.04,712,65,430.01,142.4,411
14217,2,Recent High-Activity,United Kingdom,2,23,3298.59,1230,122,143.42,53.48,526
14218,0,Inactive Low-Activity,United Kingdom,43,1,169.48,160,12,169.48,160.0,0
14219,1,Developing / Moderate,United Kingdom,5,3,633.83,363,39,211.28,121.0,489
14220,1,Developing / Moderate,United Kingdom,248,4,1515.0,468,26,378.75,117.0,322
14221,2,Recent High-Activity,United Kingdom,43,17,6517.49,3808,166,383.38,224.0,570
14222,0,Inactive Low-Activity,United Kingdom,178,1,683.17,607,41,683.17,607.0,0
14223,1,Developing / Moderate,United Kingdom,93,3,991.13,585,50,330.38,195.0,172
14224,2,Recent High-Activity,United Kingdom,111,9,1841.71,826,189,204.63,91.78,434
14225,1,Developing / Moderate,United Kingdom,435,4,2031.07,1167,70,507.77,291.75,262
14226,2,Recent High-Activity,United Kingdom,29,6,2985.13,1714,89,497.52,285.67,413
14227,2,Recent High-Activity,United Kingdom,27,15,6368.71,4048,246,424.58,269.87,643
14228,0,Inactive Low-Activity,United Kingdom,438,3,745.5,260,38,248.5,86.67,109
14229,1,Developing / Moderate,United Kingdom,52,7,2594.04,934,41,370.58,133.43,420
14230,0,Inactive Low-Activity,United Kingdom,436,3,979.8,246,27,326.6,82.0,113
14231,1,Developing / Moderate,United Kingdom,184,4,1235.62,610,66,308.91,152.5,267
14232,1,Developing / Moderate,United Kingdom,43,5,2048.07,1941,81,409.61,388.2,222
14233,2,Recent High-Activity,United Kingdom,50,7,2904.27,1261,42,414.9,180.14,595
14234,1,Developing / Moderate,United Kingdom,23,4,754.12,951,122,188.53,237.75,35
14235,2,Recent High-Activity,United Kingdom,76,9,4717.99,3014,107,524.22,334.89,544
14236,1,Developing / Moderate,United Kingdom,81,5,1555.34,774,39,311.07,154.8,425
14237,0,Inactive Low-Activity,United Kingdom,374,2,471.14,238,26,235.57,119.0,217
14238,1,Developing / Moderate,United Kingdom,327,3,434.23,189,13,144.74,63.0,408
14239,2,Recent High-Activity,United Kingdom,44,21,4263.17,1729,97,203.01,82.33,691
14240,1,Developing / Moderate,United Kingdom,31,3,1247.49,655,46,415.83,218.33,393
14241,1,Developing / Moderate,United Kingdom,184,2,333.7,242,12,166.85,121.0,513
14242,0,Inactive Low-Activity,United Kingdom,235,2,280.55,123,13,140.28,61.5,91
14243,2,Recent High-Activity,United Kingdom,9,17,7217.75,3631,235,424.57,213.59,468
14244,0,Inactive Low-Activity,United Kingdom,661,1,366.42,814,16,366.42,814.0,0
14245,1,Developing / Moderate,United Kingdom,220,2,1693.45,976,107,846.73,488.0,44
14246,1,Developing / Moderate,United Kingdom,111,3,1474.06,804,57,491.35,268.0,135
14247,1,Developing / Moderate,United Kingdom,279,5,753.56,378,82,150.71,75.6,273
14248,1,Developing / Moderate,United Kingdom,319,3,1032.95,692,41,344.32,230.67,197
14249,2,Recent High-Activity,United Kingdom,411,12,5400.46,2383,178,450.04,198.58,269
14250,1,Developing / Moderate,United Kingdom,8,3,1904.05,1200,94,634.68,400.0,82
14251,1,Developing / Moderate,United Kingdom,2,5,2879.7,1674,37,575.94,334.8,56
14252,0,Inactive Low-Activity,United Kingdom,382,1,350.99,111,10,350.99,111.0,0
14253,0,Inactive Low-Activity,United Kingdom,494,2,363.4,88,11,181.7,44.0,130
14254,0,Inactive Low-Activity,United Kingdom,433,1,601.03,263,23,601.03,263.0,0
14255,0,Inactive Low-Activity,United Kingdom,547,1,1000.63,1,1,1000.63,1.0,0
14256,1,Developing / Moderate,United Kingdom,261,5,2460.79,1147,100,492.16,229.4,434
14257,2,Recent High-Activity,United Kingdom,65,9,5954.45,3332,167,661.61,370.22,584
14258,2,Recent High-Activity,United Kingdom,10,25,32051.34,17488,97,1282.05,699.52,726
14259,0,Inactive Low-Activity,United Kingdom,142,1,120.0,68,5,120.0,68.0,0
14260,0,Inactive Low-Activity,United Kingdom,472,3,824.28,544,50,274.76,181.33,77
14261,1,Developing / Moderate,United Kingdom,51,2,1163.45,406,52,581.73,203.0,28
14262,1,Developing / Moderate,United Kingdom,9,8,2618.23,1645,87,327.28,205.62,232
14263,0,Inactive Low-Activity,United Kingdom,424,1,322.93,171,16,322.93,171.0,0
14264,1,Developing / Moderate,United Kingdom,155,6,1517.36,553,59,252.89,92.17,457
14265,1,Developing / Moderate,Unspecified,110,4,1373.35,715,74,343.34,178.75,503
14266,0,Inactive Low-Activity,United Kingdom,429,1,40.56,24,1,40.56,24.0,0
14267,1,Developing / Moderate,United Kingdom,163,3,1516.24,530,25,505.41,176.67,98
14268,0,Inactive Low-Activity,United Kingdom,471,1,354.85,147,19,354.85,147.0,0
14269,0,Inactive Low-Activity,United Kingdom,440,1,295.73,123,16,295.73,123.0,0
14270,0,Inactive Low-Activity,United Kingdom,332,1,492.65,197,29,492.65,197.0,0
14271,0,Inactive Low-Activity,United Kingdom,226,2,214.18,148,38,107.09,74.0,184
14272,1,Developing / Moderate,United Kingdom,74,4,920.81,1097,62,230.2,274.25,509
14273,1,Developing / Moderate,United Kingdom,52,4,559.97,264,22,139.99,66.0,191
14274,0,Inactive Low-Activity,United Kingdom,687,1,256.6,178,15,256.6,178.0,0
14275,1,Developing / Moderate,United Kingdom,396,6,1189.38,538,14,198.23,89.67,212
14276,2,Recent High-Activity,United Kingdom,99,7,2102.68,1406,75,300.38,200.86,562
14277,2,Recent High-Activity,France,16,9,17197.61,89806,334,1910.85,9978.44,711
14278,0,Inactive Low-Activity,United Kingdom,410,1,205.83,131,13,205.83,131.0,0
14279,0,Inactive Low-Activity,United Kingdom,521,2,191.86,46,3,95.93,23.0,161
14280,0,Inactive Low-Activity,United Kingdom,197,1,134.04,52,8,134.04,52.0,0
14281,0,Inactive Low-Activity,United Kingdom,409,1,245.15,45,7,245.15,45.0,0
14282,2,Recent High-Activity,United Kingdom,4,25,7250.76,5166,100,290.03,206.64,659
14283,0,Inactive Low-Activity,United Kingdom,464,4,628.44,550,36,157.11,137.5,106
14284,1,Developing / Moderate,United Kingdom,31,3,1299.65,510,59,433.22,170.0,623
14285,2,Recent High-Activity,United Kingdom,22,8,3284.42,954,48,410.55,119.25,710
14286,2,Recent High-Activity,United Kingdom,24,7,8479.76,8795,270,1211.39,1256.43,712
14287,1,Developing / Moderate,United Kingdom,9,3,176.63,261,9,58.88,87.0,190
14288,0,Inactive Low-Activity,United Kingdom,214,1,426.6,188,16,426.6,188.0,0
14289,1,Developing / Moderate,United Kingdom,9,6,911.26,292,33,151.88,48.67,281
14290,2,Recent High-Activity,United Kingdom,12,8,4516.56,1600,120,564.57,200.0,720
14291,2,Recent High-Activity,United Kingdom,2,23,7904.1,6146,241,343.66,267.22,729
14292,2,Recent High-Activity,United Kingdom,8,16,9226.25,3429,120,576.64,214.31,623
14293,2,Recent High-Activity,United Kingdom,4,9,2903.01,1558,88,322.56,173.11,726
14294,0,Inactive Low-Activity,United Kingdom,408,1,375.34,190,23,375.34,190.0,0
14295,2,Recent High-Activity,United Kingdom,41,5,2362.91,1029,66,472.58,205.8,691
14296,0,Inactive Low-Activity,United Kingdom,422,2,456.4,314,27,228.2,157.0,153
14297,1,Developing / Moderate,United Kingdom,18,4,1305.33,865,48,326.33,216.25,257
14298,2,Recent High-Activity,United Kingdom,9,82,91194.49,100272,1370,1112.13,1222.83,720
14299,2,Recent High-Activity,United Kingdom,9,27,14070.25,8136,164,521.12,301.33,729
14300,0,Inactive Low-Activity,United Kingdom,19,1,43.2,32,3,43.2,32.0,0
14301,1,Developing / Moderate,United Kingdom,118,4,1992.18,1686,37,498.05,421.5,549
14302,1,Developing / Moderate,United Kingdom,431,3,742.9,298,25,247.63,99.33,307
14303,0,Inactive Low-Activity,United Kingdom,408,2,277.94,218,21,138.97,109.0,27
14304,1,Developing / Moderate,United Kingdom,223,3,1725.01,775,69,575.0,258.33,348
14305,1,Developing / Moderate,United Kingdom,72,3,1858.96,1089,96,619.65,363.0,64
14306,2,Recent High-Activity,United Kingdom,52,6,3151.4,2065,43,525.23,344.17,626
14307,2,Recent High-Activity,United Kingdom,89,10,4287.92,2816,205,428.79,281.6,644
14308,0,Inactive Low-Activity,United Kingdom,550,2,1147.02,2,1,573.51,1.0,0
14309,2,Recent High-Activity,United Kingdom,9,11,3780.81,2583,125,343.71,234.82,542
14310,0,Inactive Low-Activity,United Kingdom,433,1,492.1,230,22,492.1,230.0,0
14311,1,Developing / Moderate,United Kingdom,243,2,516.45,235,31,258.23,117.5,325
14312,2,Recent High-Activity,United Kingdom,47,11,3090.29,1904,148,280.94,173.09,458
14314,1,Developing / Moderate,United Kingdom,107,2,229.8,332,10,114.9,166.0,324
14315,2,Recent High-Activity,United Kingdom,45,8,3197.82,1344,83,399.73,168.0,590
14316,1,Developing / Moderate,United Kingdom,423,5,1370.34,4494,21,274.07,898.8,208
14317,0,Inactive Low-Activity,United Kingdom,65,1,508.58,255,24,508.58,255.0,0
14318,0,Inactive Low-Activity,United Kingdom,461,1,158.02,152,9,158.02,152.0,0
14319,0,Inactive Low-Activity,United Kingdom,425,1,494.85,329,26,494.85,329.0,0
14320,1,Developing / Moderate,United Kingdom,207,5,1346.75,713,68,269.35,142.6,481
14321,2,Recent High-Activity,United Kingdom,11,7,2218.06,3275,162,316.87,467.86,463
14322,0,Inactive Low-Activity,United Kingdom,430,4,474.1,158,10,118.53,39.5,230
14323,1,Developing / Moderate,United Kingdom,115,2,605.06,350,32,302.53,175.0,124
14324,1,Developing / Moderate,United Kingdom,410,2,701.61,402,41,350.81,201.0,284
14325,0,Inactive Low-Activity,United Kingdom,570,1,245.48,320,18,245.48,320.0,0
14326,1,Developing / Moderate,United Kingdom,243,3,940.98,572,54,313.66,190.67,290
14327,2,Recent High-Activity,United Kingdom,164,6,1894.93,1296,99,315.82,216.0,537
14328,0,Inactive Low-Activity,United Kingdom,439,1,445.05,1,1,445.05,1.0,0
14329,2,Recent High-Activity,United Kingdom,18,15,9887.62,5913,349,659.17,394.2,706
14330,0,Inactive Low-Activity,United Kingdom,624,1,200.63,103,13,200.63,103.0,0
14331,1,Developing / Moderate,United Kingdom,125,2,462.66,252,27,231.33,126.0,11
14332,1,Developing / Moderate,United Kingdom,23,5,1917.41,875,47,383.48,175.0,394
14333,0,Inactive Low-Activity,United Kingdom,68,1,415.2,58,15,415.2,58.0,0
14334,2,Recent High-Activity,United Kingdom,17,12,4318.48,2986,148,359.87,248.83,552
14335,1,Developing / Moderate,Germany,17,2,454.86,375,55,227.43,187.5,80
14336,1,Developing / Moderate,United Kingdom,17,4,1614.91,1759,77,403.73,439.75,260
14338,1,Developing / Moderate,United Kingdom,162,3,928.1,622,43,309.37,207.33,375
14339,1,Developing / Moderate,United Kingdom,243,2,620.27,456,21,310.13,228.0,186
14340,0,Inactive Low-Activity,United Kingdom,219,1,134.7,58,6,134.7,58.0,0
14341,2,Recent High-Activity,United Kingdom,46,18,4452.02,2813,185,247.33,156.28,693
14342,1,Developing / Moderate,United Kingdom,22,6,918.44,521,27,153.07,86.83,451
14343,1,Developing / Moderate,United Kingdom,422,4,1079.66,626,193,269.92,156.5,269
14344,2,Recent High-Activity,United Kingdom,128,20,2993.05,1546,140,149.65,77.3,499
14345,0,Inactive Low-Activity,United Kingdom,39,1,108.98,50,6,108.98,50.0,0
14346,1,Developing / Moderate,United Kingdom,121,5,2315.75,1878,123,463.15,375.6,377
14347,0,Inactive Low-Activity,United Kingdom,737,1,82.6,48,6,82.6,48.0,0
14348,0,Inactive Low-Activity,United Kingdom,261,1,409.57,183,18,409.57,183.0,0
14349,0,Inactive Low-Activity,United Kingdom,11,1,133.5,86,31,133.5,86.0,0
14350,1,Developing / Moderate,United Kingdom,275,3,972.03,543,55,324.01,181.0,156
14351,0,Inactive Low-Activity,United Kingdom,165,1,51.0,12,1,51.0,12.0,0
14352,1,Developing / Moderate,United Kingdom,158,4,1078.96,538,44,269.74,134.5,116
14353,1,Developing / Moderate,United Kingdom,216,3,376.5,344,18,125.5,114.67,216
14354,0,Inactive Low-Activity,United Kingdom,6,2,163.62,210,9,81.81,105.0,25
14355,1,Developing / Moderate,United Kingdom,366,3,840.05,617,57,280.02,205.67,262
14356,1,Developing / Moderate,United Kingdom,80,2,701.23,277,33,350.62,138.5,2
14357,0,Inactive Low-Activity,United Kingdom,44,1,225.12,147,39,225.12,147.0,0
14358,0,Inactive Low-Activity,United Kingdom,390,2,400.06,338,21,200.03,169.0,39
14359,1,Developing / Moderate,United Kingdom,20,3,912.18,371,44,304.06,123.67,68
14360,1,Developing / Moderate,United Kingdom,32,4,2118.03,1139,104,529.51,284.75,63
14361,0,Inactive Low-Activity,United Kingdom,579,1,214.71,251,14,214.71,251.0,0
14362,0,Inactive Low-Activity,United Kingdom,23,1,151.5,96,37,151.5,96.0,0
14363,0,Inactive Low-Activity,United Kingdom,403,2,227.47,105,8,113.74,52.5,49
14364,1,Developing / Moderate,United Kingdom,109,8,3717.35,1967,61,464.67,245.88,103
14365,1,Developing / Moderate,United Kingdom,395,2,634.68,557,50,317.34,278.5,287
14366,0,Inactive Low-Activity,United Kingdom,526,1,136.0,16,1,136.0,16.0,0
14367,2,Recent High-Activity,United Kingdom,9,16,9227.82,4426,270,576.74,276.62,268
14368,0,Inactive Low-Activity,United Kingdom,320,1,155.0,36,8,155.0,36.0,0
14369,0,Inactive Low-Activity,United Kingdom,643,2,469.13,255,24,234.56,127.5,19
14370,1,Developing / Moderate,United Kingdom,451,6,1175.78,266,37,195.96,44.33,226
14371,0,Inactive Low-Activity,United Kingdom,296,1,100.5,34,4,100.5,34.0,0
14372,0,Inactive Low-Activity,United Kingdom,444,2,860.08,378,36,430.04,189.0,156
14373,0,Inactive Low-Activity,United Kingdom,359,1,76.55,17,4,76.55,17.0,0
14374,0,Inactive Low-Activity,United Kingdom,542,1,108.0,20,7,108.0,20.0,0
14375,1,Developing / Moderate,United Kingdom,186,3,1106.82,647,176,368.94,215.67,356
14376,0,Inactive Low-Activity,United Kingdom,684,1,215.46,50,17,215.46,50.0,0
14377,0,Inactive Low-Activity,United Kingdom,192,2,617.05,219,11,308.52,109.5,71
14378,0,Inactive Low-Activity,United Kingdom,622,1,131.25,57,9,131.25,57.0,0
14379,1,Developing / Moderate,United Kingdom,45,4,1265.16,712,93,316.29,178.0,436
14380,0,Inactive Low-Activity,United Kingdom,683,1,48.96,1,1,48.96,1.0,0
14381,1,Developing / Moderate,United Kingdom,53,2,625.94,449,104,312.97,224.5,399
14382,1,Developing / Moderate,United Kingdom,27,2,1193.63,1667,227,596.81,833.5,364
14383,1,Developing / Moderate,United Kingdom,39,3,1247.69,817,49,415.9,272.33,125
14384,0,Inactive Low-Activity,United Kingdom,501,1,58.5,30,3,58.5,30.0,0
14385,0,Inactive Low-Activity,United Kingdom,10,3,202.11,159,13,67.37,53.0,14
14386,0,Inactive Low-Activity,United Kingdom,297,1,142.4,54,7,142.4,54.0,0
14387,1,Developing / Moderate,United Kingdom,33,3,1727.6,795,125,575.87,265.0,77
14388,2,Recent High-Activity,United Kingdom,11,16,6388.2,4190,184,399.26,261.88,678
14389,1,Developing / Moderate,United Kingdom,66,5,1898.01,1388,48,379.6,277.6,525
14390,2,Recent High-Activity,United Kingdom,11,13,6150.03,2830,197,473.08,217.69,415
14391,0,Inactive Low-Activity,United Kingdom,577,1,135.6,168,14,135.6,168.0,0
14392,0,Inactive Low-Activity,United Kingdom,433,1,266.4,114,14,266.4,114.0,0
14393,0,Inactive Low-Activity,United Kingdom,219,1,67.95,13,5,67.95,13.0,0
14394,0,Inactive Low-Activity,United Kingdom,565,1,93.8,58,6,93.8,58.0,0
14395,2,Recent High-Activity,United Kingdom,3,20,7801.93,3872,320,390.1,193.6,598
14396,2,Recent High-Activity,United Kingdom,66,7,1969.38,959,202,281.34,137.0,672
14397,1,Developing / Moderate,United Kingdom,3,19,2612.96,1890,18,137.52,99.47,211
14398,0,Inactive Low-Activity,United Kingdom,402,2,707.79,267,50,353.89,133.5,126
14399,1,Developing / Moderate,United Kingdom,395,8,2108.21,965,119,263.53,120.62,280
14400,1,Developing / Moderate,United Kingdom,150,3,1732.47,1706,71,577.49,568.67,482
14401,2,Recent High-Activity,United Kingdom,5,22,6795.9,6401,171,308.9,290.95,721
14402,0,Inactive Low-Activity,United Kingdom,653,1,285.6,240,8,285.6,240.0,0
14403,1,Developing / Moderate,United Kingdom,131,6,1880.51,737,20,313.42,122.83,509
14404,2,Recent High-Activity,United Kingdom,34,13,2724.13,1577,123,209.55,121.31,686
14405,0,Inactive Low-Activity,United Kingdom,387,1,195.0,100,2,195.0,100.0,0
14406,0,Inactive Low-Activity,United Kingdom,120,1,156.75,77,8,156.75,77.0,0
14407,1,Developing / Moderate,United Kingdom,108,6,2157.73,1415,67,359.62,235.83,169
14408,2,Recent High-Activity,United Kingdom,11,11,4102.27,2438,63,372.93,221.64,722
14409,2,Recent High-Activity,United Kingdom,72,9,3427.29,2233,76,380.81,248.11,496
14410,2,Recent High-Activity,United Kingdom,93,11,2631.9,1369,307,239.26,124.45,345
14411,0,Inactive Low-Activity,United Kingdom,311,1,1063.0,196,14,1063.0,196.0,0
14412,1,Developing / Moderate,United Kingdom,43,3,1426.19,1428,75,475.4,476.0,382
14413,1,Developing / Moderate,United Kingdom,363,4,764.52,277,93,191.13,69.25,327
14414,1,Developing / Moderate,United Kingdom,92,8,2399.33,2877,99,299.92,359.62,283
14415,2,Recent High-Activity,United Kingdom,2,23,11980.09,6263,445,520.87,272.3,722
14416,1,Developing / Moderate,United Kingdom,23,2,490.22,326,13,245.11,163.0,20
14417,0,Inactive Low-Activity,United Kingdom,388,1,524.65,543,106,524.65,543.0,0
14418,1,Developing / Moderate,United Kingdom,4,3,1937.25,1711,114,645.75,570.33,105
14419,1,Developing / Moderate,United Kingdom,11,7,1254.64,552,118,179.23,78.86,372
14420,1,Developing / Moderate,United Kingdom,100,4,1639.17,1120,85,409.79,280.0,592
14421,2,Recent High-Activity,United Kingdom,58,6,2469.37,1342,72,411.56,223.67,634
14422,2,Recent High-Activity,United Kingdom,1,19,10271.52,6067,317,540.61,319.32,722
14423,1,Developing / Moderate,United Kingdom,219,3,916.61,419,12,305.54,139.67,476
14424,0,Inactive Low-Activity,United Kingdom,18,1,322.08,48,1,322.08,48.0,0
14425,1,Developing / Moderate,United Kingdom,435,3,661.39,325,35,220.46,108.33,303
14426,2,Recent High-Activity,United Kingdom,24,17,11727.94,7023,452,689.88,413.12,622
14427,1,Developing / Moderate,United Kingdom,51,4,1263.52,538,43,315.88,134.5,581
14428,1,Developing / Moderate,United Kingdom,8,5,1224.06,428,108,244.81,85.6,318
14429,0,Inactive Low-Activity,United Kingdom,404,1,516.28,286,22,516.28,286.0,0
14430,0,Inactive Low-Activity,United Kingdom,512,3,1220.9,446,29,406.97,148.67,96
14431,1,Developing / Moderate,United Kingdom,303,4,2614.2,1202,72,653.55,300.5,385
14432,1,Developing / Moderate,United Kingdom,10,6,2248.5,2013,256,374.75,335.5,80
14433,0,Inactive Low-Activity,United Kingdom,466,1,280.7,131,72,280.7,131.0,0
14434,1,Developing / Moderate,United Kingdom,22,6,1372.8,368,3,228.8,61.33,51
14435,0,Inactive Low-Activity,United Kingdom,502,1,90.42,282,3,90.42,282.0,0
14436,1,Developing / Moderate,United Kingdom,99,2,271.7,297,11,135.85,148.5,455
14437,1,Developing / Moderate,United Kingdom,366,5,873.34,420,34,174.67,84.0,218
14438,0,Inactive Low-Activity,United Kingdom,307,1,131.9,82,9,131.9,82.0,0
14439,2,Recent High-Activity,Greece,320,5,9443.04,2244,105,1888.61,448.8,368
14440,2,Recent High-Activity,United Kingdom,9,13,5982.03,1605,63,460.16,123.46,729
14441,2,Recent High-Activity,United Kingdom,1,11,4611.69,1260,103,419.24,114.55,690
14442,2,Recent High-Activity,Channel Islands,205,7,5367.02,1431,128,766.72,204.43,486
14443,1,Developing / Moderate,United Kingdom,54,5,2082.97,1357,119,416.59,271.4,326
14444,0,Inactive Low-Activity,United Kingdom,457,1,120.44,172,11,120.44,172.0,0
14445,0,Inactive Low-Activity,United Kingdom,456,1,221.65,83,32,221.65,83.0,0
14446,1,Developing / Moderate,United Kingdom,1,5,1200.28,1091,259,240.06,218.2,386
14447,1,Developing / Moderate,United Kingdom,19,6,1711.73,913,81,285.29,152.17,382
14448,1,Developing / Moderate,United Kingdom,10,2,375.35,104,20,187.68,52.0,355
14449,2,Recent High-Activity,United Kingdom,19,8,2230.96,1604,301,278.87,200.5,418
14450,1,Developing / Moderate,United Kingdom,181,7,1128.44,522,47,161.21,74.57,430
14451,2,Recent High-Activity,United Kingdom,61,12,3258.68,1737,245,271.56,144.75,631
14452,1,Developing / Moderate,United Kingdom,11,4,658.95,285,108,164.74,71.25,511
14453,0,Inactive Low-Activity,United Kingdom,191,1,119.93,49,22,119.93,49.0,0
14454,1,Developing / Moderate,United Kingdom,377,5,977.3,400,93,195.46,80.0,357
14455,0,Inactive Low-Activity,United Kingdom,433,4,617.72,706,65,154.43,176.5,63
14456,2,Recent High-Activity,United Kingdom,6,9,3017.28,2885,580,335.25,320.56,137
14457,0,Inactive Low-Activity,United Kingdom,311,1,113.64,88,4,113.64,88.0,0
14458,0,Inactive Low-Activity,United Kingdom,381,1,228.07,317,46,228.07,317.0,0
14459,1,Developing / Moderate,United Kingdom,156,2,5375.74,2303,113,2687.87,1151.5,496
14460,1,Developing / Moderate,United Kingdom,111,9,1093.5,1879,33,121.5,208.78,614
14461,2,Recent High-Activity,United Kingdom,149,13,6676.91,3005,515,513.61,231.15,542
14462,2,Recent High-Activity,United Kingdom,67,12,2242.81,1063,182,186.9,88.58,366
14463,1,Developing / Moderate,United Kingdom,99,4,786.57,210,7,196.64,52.5,401
14464,0,Inactive Low-Activity,United Kingdom,569,2,111.0,62,4,55.5,31.0,59
14465,2,Recent High-Activity,United Kingdom,247,11,3925.85,2539,128,356.9,230.82,455
14466,2,Recent High-Activity,United Kingdom,30,13,4267.15,2507,77,328.24,192.85,697
14467,2,Recent High-Activity,United Kingdom,18,12,2203.24,1187,144,183.6,98.92,720
14468,0,Inactive Low-Activity,United Kingdom,734,1,204.24,164,12,204.24,164.0,0
14469,1,Developing / Moderate,United Kingdom,417,4,2093.46,973,120,523.37,243.25,263
14470,1,Developing / Moderate,United Kingdom,12,3,712.04,282,56,237.35,94.0,419
14471,0,Inactive Low-Activity,United Kingdom,592,2,400.95,187,38,200.47,93.5,141
14472,2,Recent High-Activity,United Kingdom,104,9,2118.72,1271,173,235.41,141.22,586
14473,0,Inactive Low-Activity,United Kingdom,75,2,234.34,88,7,117.17,44.0,208
14474,1,Developing / Moderate,United Kingdom,47,2,1258.89,448,122,629.44,224.0,533
14475,1,Developing / Moderate,United Kingdom,72,4,1151.15,541,40,287.79,135.25,337
14476,0,Inactive Low-Activity,United Kingdom,258,1,193.0,110,17,193.0,110.0,0
14477,1,Developing / Moderate,United Kingdom,20,7,1969.6,1120,7,281.37,160.0,685
14478,1,Developing / Moderate,United Kingdom,383,4,1276.66,1226,59,319.17,306.5,356
14479,1,Developing / Moderate,United Kingdom,254,4,1124.71,562,127,281.18,140.5,480
14480,1,Developing / Moderate,United Kingdom,12,4,1299.52,670,52,324.88,167.5,707
14481,1,Developing / Moderate,United Kingdom,165,5,2284.69,1568,114,456.94,313.6,513
14482,2,Recent High-Activity,United Kingdom,19,12,4306.72,2869,185,358.89,239.08,452
14483,0,Inactive Low-Activity,United Kingdom,282,2,257.1,193,13,128.55,96.5,455
14484,1,Developing / Moderate,United Kingdom,51,4,1070.98,744,47,267.75,186.0,672
14485,0,Inactive Low-Activity,United Kingdom,39,1,162.8,70,44,162.8,70.0,0
14486,0,Inactive Low-Activity,United Kingdom,512,2,175.5,90,4,87.75,45.0,42
14487,1,Developing / Moderate,United Kingdom,27,7,1266.27,761,129,180.9,108.71,353
14488,1,Developing / Moderate,United Kingdom,68,1,1064.28,799,46,1064.28,799.0,0
14489,1,Developing / Moderate,United Kingdom,208,4,1574.93,1011,65,393.73,252.75,405
14490,0,Inactive Low-Activity,United Kingdom,407,2,1273.47,933,72,636.74,466.5,22
14491,0,Inactive Low-Activity,United Kingdom,176,2,340.93,139,17,170.47,69.5,197
14492,1,Developing / Moderate,United Kingdom,431,7,1921.91,751,70,274.56,107.29,189
14493,2,Recent High-Activity,United Kingdom,8,10,5087.86,3148,292,508.79,314.8,634
14494,1,Developing / Moderate,United Kingdom,26,3,401.46,210,17,133.82,70.0,706
14495,1,Developing / Moderate,United Kingdom,51,3,174.8,68,7,58.27,22.67,609
14496,1,Developing / Moderate,United Kingdom,312,7,2363.89,905,64,337.7,129.29,322
14497,1,Developing / Moderate,United Kingdom,310,2,697.06,332,40,348.53,166.0,364
14498,2,Recent High-Activity,United Kingdom,43,10,3900.83,2120,276,390.08,212.0,508
14499,2,Recent High-Activity,United Kingdom,27,7,2101.79,1231,199,300.26,175.86,443
14500,0,Inactive Low-Activity,United Kingdom,89,3,356.85,117,6,118.95,39.0,101
14501,0,Inactive Low-Activity,United Kingdom,184,2,251.21,161,9,125.61,80.5,136
14502,2,Recent High-Activity,United Kingdom,20,11,2429.83,1480,368,220.89,134.55,294
14503,1,Developing / Moderate,United Kingdom,4,6,3543.26,2004,113,590.54,334.0,175
14504,1,Developing / Moderate,United Kingdom,48,4,673.26,308,85,168.31,77.0,231
14505,2,Recent High-Activity,United Kingdom,18,19,11879.08,5325,898,625.21,280.26,713
14506,2,Recent High-Activity,United Kingdom,18,7,2960.25,936,251,422.89,133.71,582
14507,2,Recent High-Activity,United Kingdom,24,11,3216.74,1491,182,292.43,135.55,706
14508,1,Developing / Moderate,United Kingdom,23,5,822.92,347,142,164.58,69.4,518
14509,0,Inactive Low-Activity,United Kingdom,535,1,110.95,38,25,110.95,38.0,0
14510,1,Developing / Moderate,United Kingdom,376,3,979.85,793,67,326.62,264.33,61
14511,1,Developing / Moderate,United Kingdom,12,5,1314.81,784,53,262.96,156.8,122
14512,1,Developing / Moderate,United Kingdom,188,7,1215.97,736,55,173.71,105.14,545
14513,1,Developing / Moderate,United Kingdom,101,6,788.01,593,15,131.34,98.83,468
14514,2,Recent High-Activity,United Kingdom,62,9,4380.04,2362,212,486.67,262.44,665
14515,2,Recent High-Activity,United Kingdom,18,12,3724.06,1893,109,310.34,157.75,533
14516,0,Inactive Low-Activity,United Kingdom,517,1,151.17,63,35,151.17,63.0,0
14517,1,Developing / Moderate,United Kingdom,34,2,330.45,91,17,165.22,45.5,108
14518,0,Inactive Low-Activity,United Kingdom,65,1,174.37,278,16,174.37,278.0,0
14519,0,Inactive Low-Activity,United Kingdom,684,2,203.14,81,38,101.57,40.5,45
14520,0,Inactive Low-Activity,United Kingdom,2,2,270.6,146,3,135.3,73.0,289
14521,0,Inactive Low-Activity,United Kingdom,492,1,199.45,211,17,199.45,211.0,0
14522,2,Recent High-Activity,United Kingdom,25,8,1748.42,956,34,218.55,119.5,660
14523,0,Inactive Low-Activity,United Kingdom,109,1,241.09,251,12,241.09,251.0,0
14524,2,Recent High-Activity,United Kingdom,32,13,2909.86,1169,250,223.84,89.92,385
14525,2,Recent High-Activity,United Kingdom,20,17,8026.54,5106,340,472.15,300.35,707
14526,0,Inactive Low-Activity,United Kingdom,390,1,258.65,178,41,258.65,178.0,0
14527,2,Recent High-Activity,United Kingdom,3,122,27246.88,6647,607,223.34,54.48,735
14528,0,Inactive Low-Activity,United Kingdom,38,1,364.22,278,18,364.22,278.0,0
14529,1,Developing / Moderate,United Kingdom,61,3,578.61,325,177,192.87,108.33,50
14530,2,Recent High-Activity,United Kingdom,26,16,6088.87,2989,269,380.55,186.81,662
14531,0,Inactive Low-Activity,United Kingdom,480,1,376.34,260,29,376.34,260.0,0
14532,2,Recent High-Activity,United Kingdom,237,11,3845.78,1111,209,349.62,101.0,462
14533,2,Recent High-Activity,United Kingdom,25,11,3466.37,6038,74,315.12,548.91,586
14534,2,Recent High-Activity,United Kingdom,3,26,6187.66,2822,437,237.99,108.54,632
14535,2,Recent High-Activity,United Kingdom,61,9,5973.23,3214,589,663.69,357.11,593
14536,0,Inactive Low-Activity,United Kingdom,260,1,170.95,39,18,170.95,39.0,0
14537,1,Developing / Moderate,United Kingdom,58,2,641.4,228,23,320.7,114.0,566
14538,1,Developing / Moderate,United Kingdom,65,5,1370.84,284,45,274.17,56.8,619
14539,1,Developing / Moderate,United Kingdom,16,2,537.48,428,31,268.74,214.0,29
14540,2,Recent High-Activity,United Kingdom,10,11,3709.64,1595,197,337.24,145.0,723
14541,2,Recent High-Activity,United Kingdom,59,14,2491.38,1123,99,177.96,80.21,643
14542,0,Inactive Low-Activity,United Kingdom,186,1,103.25,19,5,103.25,19.0,0
14543,2,Recent High-Activity,United Kingdom,29,39,14587.87,2639,106,374.05,67.67,710
14544,1,Developing / Moderate,United Kingdom,25,3,2938.53,2412,148,979.51,804.0,446
14545,0,Inactive Low-Activity,United Kingdom,675,1,349.25,236,23,349.25,236.0,0
14546,2,Recent High-Activity,United Kingdom,6,11,5184.84,2688,410,471.35,244.36,728
14547,1,Developing / Moderate,United Kingdom,4,8,3974.75,2639,198,496.84,329.88,51
14548,2,Recent High-Activity,United Kingdom,151,9,2541.29,986,66,282.37,109.56,583
14549,1,Developing / Moderate,United Kingdom,312,4,913.6,394,117,228.4,98.5,426
14550,1,Developing / Moderate,United Kingdom,11,4,1345.06,771,77,336.26,192.75,473
14551,2,Recent High-Activity,United Kingdom,19,7,878.09,486,69,125.44,69.43,663
14552,1,Developing / Moderate,United Kingdom,152,3,507.93,258,124,169.31,86.0,441
14553,2,Recent High-Activity,United Kingdom,20,9,1818.6,1118,233,202.07,124.22,490
14554,1,Developing / Moderate,United Kingdom,11,4,2279.49,1443,147,569.87,360.75,42
14555,2,Recent High-Activity,United Kingdom,58,6,2304.03,842,94,384.01,140.33,664
14556,0,Inactive Low-Activity,United Kingdom,597,3,815.69,323,158,271.9,107.67,92
14557,0,Inactive Low-Activity,United Kingdom,86,1,788.38,510,16,788.38,510.0,0
14558,0,Inactive Low-Activity,United Kingdom,655,3,655.5,162,13,218.5,54.0,77
14559,0,Inactive Low-Activity,United Kingdom,391,1,75.6,72,2,75.6,72.0,0
14560,2,Recent High-Activity,United Kingdom,8,44,6114.03,4580,60,138.96,104.09,730
14561,1,Developing / Moderate,United Kingdom,76,3,1080.76,1014,67,360.25,338.0,109
14562,2,Recent High-Activity,United Kingdom,4,26,6638.15,2574,245,255.31,99.0,667
14563,0,Inactive Low-Activity,United Kingdom,510,2,640.54,279,95,320.27,139.5,83
14564,1,Developing / Moderate,Channel Islands,435,2,2605.62,1295,107,1302.81,647.5,301
14565,2,Recent High-Activity,United Kingdom,96,5,3859.22,1940,139,771.84,388.0,378
14566,1,Developing / Moderate,Channel Islands,111,4,4092.0,2400,9,1023.0,600.0,423
14567,1,Developing / Moderate,United Kingdom,57,2,1530.36,412,33,765.18,206.0,74
14568,0,Inactive Low-Activity,Channel Islands,436,1,919.7,645,47,919.7,645.0,0
14569,1,Developing / Moderate,United Kingdom,2,4,597.33,257,31,149.33,64.25,602
14570,1,Developing / Moderate,United Kingdom,281,3,613.75,431,64,204.58,143.67,163
14571,0,Inactive Low-Activity,United Kingdom,426,1,160.0,56,30,160.0,56.0,0
14572,2,Recent High-Activity,United Kingdom,4,11,5526.88,2878,336,502.44,261.64,618
14573,2,Recent High-Activity,United Kingdom,180,13,2163.12,683,183,166.39,52.54,521
14574,0,Inactive Low-Activity,United Kingdom,733,1,143.7,63,11,143.7,63.0,0
14575,0,Inactive Low-Activity,United Kingdom,489,1,420.22,163,71,420.22,163.0,0
14576,0,Inactive Low-Activity,United Kingdom,373,1,35.4,12,1,35.4,12.0,0
14577,2,Recent High-Activity,United Kingdom,13,7,1364.15,569,104,194.88,81.29,716
14578,0,Inactive Low-Activity,United Kingdom,4,1,168.63,240,24,168.63,240.0,0
14579,0,Inactive Low-Activity,United Kingdom,433,1,105.56,56,24,105.56,56.0,0
14580,0,Inactive Low-Activity,United Kingdom,519,1,14.85,3,1,14.85,3.0,0
14581,1,Developing / Moderate,United Kingdom,17,2,409.65,304,59,204.82,152.0,528
14582,0,Inactive Low-Activity,United Kingdom,41,1,114.11,73,6,114.11,73.0,0
14583,2,Recent High-Activity,United Kingdom,6,8,1660.29,1071,353,207.54,133.88,616
14584,2,Recent High-Activity,United Kingdom,170,8,1738.16,960,127,217.27,120.0,491
14585,1,Developing / Moderate,United Kingdom,51,5,1143.27,630,88,228.65,126.0,366
14586,0,Inactive Low-Activity,United Kingdom,277,1,237.36,444,19,237.36,444.0,0
14587,2,Recent High-Activity,United Kingdom,19,9,1580.29,749,170,175.59,83.22,313
14588,0,Inactive Low-Activity,United Kingdom,579,1,135.39,62,16,135.39,62.0,0
14589,0,Inactive Low-Activity,United Kingdom,372,1,39.75,5,3,39.75,5.0,0
14590,2,Recent High-Activity,United Kingdom,425,20,2993.37,901,124,149.67,45.05,308
14591,1,Developing / Moderate,United Kingdom,16,4,1320.21,1228,138,330.05,307.0,198
14592,1,Developing / Moderate,United Kingdom,36,3,557.94,407,132,185.98,135.67,29
14593,2,Recent High-Activity,United Kingdom,22,12,3665.53,1848,436,305.46,154.0,709
14594,1,Developing / Moderate,United Kingdom,8,2,363.33,183,48,181.66,91.5,366
14595,2,Recent High-Activity,United Kingdom,20,8,2164.45,1228,119,270.56,153.5,669
14596,0,Inactive Low-Activity,United Kingdom,627,1,222.22,75,50,222.22,75.0,0
14597,1,Developing / Moderate,United Kingdom,12,6,2184.63,1436,79,364.11,239.33,426
14598,1,Developing / Moderate,United Kingdom,45,2,384.04,354,83,192.02,177.0,525
14599,0,Inactive Low-Activity,United Kingdom,391,2,457.89,292,77,228.94,146.0,119
14600,1,Developing / Moderate,United Kingdom,306,2,865.17,487,53,432.59,243.5,88
14601,0,Inactive Low-Activity,United Kingdom,11,1,213.96,168,7,213.96,168.0,0
14602,0,Inactive Low-Activity,United Kingdom,657,1,205.36,80,31,205.36,80.0,0
14603,0,Inactive Low-Activity,United Kingdom,275,1,660.0,400,2,660.0,400.0,0
14604,0,Inactive Low-Activity,United Kingdom,634,1,143.86,88,20,143.86,88.0,0
14605,1,Developing / Moderate,United Kingdom,375,4,921.56,416,88,230.39,104.0,357
14606,2,Recent High-Activity,United Kingdom,2,192,29951.37,15217,1262,156.0,79.26,735
14607,2,Recent High-Activity,United Kingdom,16,22,23763.13,15335,106,1080.14,697.05,709
14608,2,Recent High-Activity,United Kingdom,5,11,3352.94,927,15,304.81,84.27,729
14609,1,Developing / Moderate,United Kingdom,73,10,1486.2,12720,6,148.62,1272.0,596
14610,0,Inactive Low-Activity,United Kingdom,396,2,24.35,15,10,12.18,7.5,119
14611,0,Inactive Low-Activity,United Kingdom,444,2,604.33,582,37,302.16,291.0,155
14612,0,Inactive Low-Activity,United Kingdom,416,1,877.7,134,14,877.7,134.0,0
14613,0,Inactive Low-Activity,United Kingdom,681,1,76.32,72,1,76.32,72.0,0
14614,0,Inactive Low-Activity,United Kingdom,387,1,295.13,189,19,295.13,189.0,0
14615,1,Developing / Moderate,United Kingdom,395,5,951.76,495,40,190.35,99.0,154
14616,0,Inactive Low-Activity,United Kingdom,243,5,527.78,170,3,105.56,34.0,306
14617,0,Inactive Low-Activity,United Kingdom,403,2,190.47,81,7,95.24,40.5,13
14618,1,Developing / Moderate,United Kingdom,10,7,1342.32,704,40,191.76,100.57,537
14619,1,Developing / Moderate,United Kingdom,246,2,1291.24,594,58,645.62,297.0,296
14620,0,Inactive Low-Activity,United Kingdom,206,2,412.78,214,26,206.39,107.0,78
14621,2,Recent High-Activity,United Kingdom,2,9,3000.57,1706,134,333.4,189.56,682
14622,0,Inactive Low-Activity,United Kingdom,185,1,320.58,146,21,320.58,146.0,0
14623,2,Recent High-Activity,United Kingdom,33,10,2016.98,1025,193,201.7,102.5,570
14624,1,Developing / Moderate,United Kingdom,58,6,814.07,645,39,135.68,107.5,547
14625,2,Recent High-Activity,United Kingdom,197,11,4497.88,2155,167,408.9,195.91,527
14626,2,Recent High-Activity,United Kingdom,24,11,5410.92,3135,181,491.9,285.0,706
14627,0,Inactive Low-Activity,United Kingdom,380,1,462.75,284,29,462.75,284.0,0
14628,1,Developing / Moderate,United Kingdom,92,5,1998.0,1147,65,399.6,229.4,592
14629,1,Developing / Moderate,United Kingdom,5,2,955.26,378,133,477.63,189.0,43
14630,0,Inactive Low-Activity,United Kingdom,485,1,338.65,111,21,338.65,111.0,0
14631,1,Developing / Moderate,United Kingdom,51,6,2025.69,1407,65,337.62,234.5,437
14632,0,Inactive Low-Activity,United Kingdom,263,1,114.56,96,8,114.56,96.0,0
14633,0,Inactive Low-Activity,United Kingdom,267,1,344.9,96,20,344.9,96.0,0
14634,1,Developing / Moderate,United Kingdom,438,4,2124.46,1906,105,531.12,476.5,104
14635,0,Inactive Low-Activity,United Kingdom,454,1,215.22,118,15,215.22,118.0,0
14636,1,Developing / Moderate,United Kingdom,37,2,609.85,241,27,304.93,120.5,232
14637,0,Inactive Low-Activity,United Kingdom,678,1,106.68,100,7,106.68,100.0,0
14638,0,Inactive Low-Activity,United Kingdom,51,1,443.6,166,16,443.6,166.0,0
14639,2,Recent High-Activity,United Kingdom,53,9,4978.96,2410,203,553.22,267.78,609
14640,2,Recent High-Activity,United Kingdom,25,10,3649.36,1645,165,364.94,164.5,662
14641,0,Inactive Low-Activity,United Kingdom,22,1,110.46,90,7,110.46,90.0,0
14642,0,Inactive Low-Activity,United Kingdom,59,1,96.12,76,2,96.12,76.0,0
14643,1,Developing / Moderate,United Kingdom,171,5,1679.89,1377,57,335.98,275.4,558
14644,2,Recent High-Activity,United Kingdom,68,7,2247.72,770,50,321.1,110.0,669
14645,1,Developing / Moderate,United Kingdom,157,3,876.89,587,45,292.3,195.67,478
14646,2,Recent High-Activity,Netherlands,2,151,528602.52,367193,961,3500.68,2431.74,736
14647,1,Developing / Moderate,United Kingdom,202,2,506.04,175,42,253.02,87.5,322
14648,2,Recent High-Activity,United Kingdom,417,15,4466.65,3265,286,297.78,217.67,313
14649,2,Recent High-Activity,United Kingdom,5,9,3651.19,2415,374,405.69,268.33,684
14650,0,Inactive Low-Activity,United Kingdom,590,1,62.5,22,4,62.5,22.0,0
14651,2,Recent High-Activity,United Kingdom,68,9,2025.52,880,216,225.06,97.78,564
14652,0,Inactive Low-Activity,United Kingdom,78,1,114.18,53,29,114.18,53.0,0
14653,2,Recent High-Activity,United Kingdom,2,12,3593.06,1969,271,299.42,164.08,736
14654,0,Inactive Low-Activity,United Kingdom,739,1,246.86,273,27,246.86,273.0,0
14655,2,Recent High-Activity,United Kingdom,9,7,3878.51,2341,72,554.07,334.43,588
14656,1,Developing / Moderate,United Kingdom,170,5,790.0,309,148,158.0,61.8,434
14657,1,Developing / Moderate,United Kingdom,18,6,1450.19,879,143,241.7,146.5,418
14658,1,Developing / Moderate,United Kingdom,6,2,247.15,47,27,123.58,23.5,112
14659,2,Recent High-Activity,United Kingdom,9,9,2529.93,1195,147,281.1,132.78,307
14660,0,Inactive Low-Activity,United Kingdom,87,2,285.74,228,24,142.87,114.0,14
14661,0,Inactive Low-Activity,United Kingdom,27,1,107.95,35,4,107.95,35.0,0
14662,2,Recent High-Activity,United Kingdom,29,7,1376.43,907,199,196.63,129.57,708
14663,0,Inactive Low-Activity,United Kingdom,431,2,490.6,397,60,245.3,198.5,0
14664,1,Developing / Moderate,United Kingdom,20,2,636.24,465,78,318.12,232.5,14
14665,2,Recent High-Activity,United Kingdom,61,7,2749.65,1144,94,392.81,163.43,532
14666,0,Inactive Low-Activity,United Kingdom,25,1,195.25,161,14,195.25,161.0,0
14667,2,Recent High-Activity,United Kingdom,11,54,20395.34,11939,578,377.69,221.09,727
14668,0,Inactive Low-Activity,United Kingdom,446,1,111.63,49,10,111.63,49.0,0
14669,2,Recent High-Activity,United Kingdom,242,7,3216.78,2043,334,459.54,291.86,496
14670,1,Developing / Moderate,United Kingdom,281,3,583.33,423,159,194.44,141.0,452
14671,0,Inactive Low-Activity,United Kingdom,550,2,1127.45,571,48,563.73,285.5,19
14672,1,Developing / Moderate,United Kingdom,235,4,1113.14,646,93,278.29,161.5,446
14673,2,Recent High-Activity,United Kingdom,4,7,3037.32,1822,86,433.9,260.29,406
14674,0,Inactive Low-Activity,United Kingdom,510,1,173.66,103,14,173.66,103.0,0
14675,1,Developing / Moderate,United Kingdom,17,2,1015.58,660,196,507.79,330.0,372
14676,2,Recent High-Activity,United Kingdom,32,12,8356.79,8792,77,696.4,732.67,608
14677,0,Inactive Low-Activity,United Kingdom,593,1,184.91,139,14,184.91,139.0,0
14678,0,Inactive Low-Activity,United Kingdom,580,1,403.39,179,24,403.39,179.0,0
14679,1,Developing / Moderate,United Kingdom,382,3,1289.44,794,49,429.81,264.67,350
14680,2,Recent High-Activity,United Kingdom,26,58,55688.5,26894,222,960.15,463.69,710
14681,1,Developing / Moderate,United Kingdom,72,6,875.15,172,19,145.86,28.67,582
14682,1,Developing / Moderate,United Kingdom,188,6,1514.81,949,79,252.47,158.17,485
14683,0,Inactive Low-Activity,United Kingdom,589,1,146.56,386,21,146.56,386.0,0
14684,2,Recent High-Activity,United Kingdom,26,6,1430.03,1005,272,238.34,167.5,365
14685,1,Developing / Moderate,United Kingdom,577,8,4536.64,1969,109,567.08,246.12,150
14686,1,Developing / Moderate,United Kingdom,415,5,852.53,457,185,170.51,91.4,245
14687,1,Developing / Moderate,United Kingdom,107,3,1402.06,850,34,467.35,283.33,445
14688,2,Recent High-Activity,United Kingdom,8,28,7190.42,5041,197,256.8,180.04,449
14689,0,Inactive Low-Activity,United Kingdom,209,1,112.8,76,13,112.8,76.0,0
14690,1,Developing / Moderate,United Kingdom,45,4,777.68,341,69,194.42,85.25,366
14691,1,Developing / Moderate,United Kingdom,31,5,2114.33,707,50,422.87,141.4,182
14692,2,Recent High-Activity,United Kingdom,138,12,1715.14,890,101,142.93,74.17,480
14693,1,Developing / Moderate,United Kingdom,265,7,1165.36,388,43,166.48,55.43,261
14694,0,Inactive Low-Activity,United Kingdom,618,1,244.31,193,15,244.31,193.0,0
14695,1,Developing / Moderate,United Kingdom,520,3,1534.22,661,76,511.41,220.33,213
14696,2,Recent High-Activity,United Kingdom,5,8,2473.28,1867,137,309.16,233.38,417
14697,0,Inactive Low-Activity,United Kingdom,219,2,188.61,181,22,94.3,90.5,0
14698,1,Developing / Moderate,United Kingdom,2,5,1217.27,602,148,243.45,120.4,50
14699,1,Developing / Moderate,United Kingdom,215,4,702.6,484,45,175.65,121.0,311
14700,2,Recent High-Activity,United Kingdom,33,5,3076.06,1606,111,615.21,321.2,453
14701,2,Recent High-Activity,United Kingdom,11,15,4487.11,1744,455,299.14,116.27,674
14702,2,Recent High-Activity,United Kingdom,2,29,6368.78,2878,338,219.61,99.24,728
14703,0,Inactive Low-Activity,United Kingdom,15,1,318.17,183,22,318.17,183.0,0
14704,2,Recent High-Activity,United Kingdom,12,11,1752.92,1164,319,159.36,105.82,613
14705,0,Inactive Low-Activity,United Kingdom,199,1,179.0,100,1,179.0,100.0,0
14706,0,Inactive Low-Activity,United Kingdom,619,1,367.54,246,25,367.54,246.0,0
14707,0,Inactive Low-Activity,United Kingdom,436,2,139.2,96,1,69.6,48.0,141
14708,1,Developing / Moderate,United Kingdom,3,5,1793.22,1159,27,358.64,231.8,453
14709,2,Recent High-Activity,United Kingdom,16,25,8886.33,4141,105,355.45,165.64,719
14710,2,Recent High-Activity,United Kingdom,15,13,1899.79,1135,310,146.14,87.31,722
14711,2,Recent High-Activity,United Kingdom,11,11,2839.62,966,221,258.15,87.82,252
14712,1,Developing / Moderate,United Kingdom,30,4,1328.07,411,24,332.02,102.75,389
14713,2,Recent High-Activity,United Kingdom,10,21,5115.76,3329,222,243.61,158.52,727
14714,1,Developing / Moderate,United Kingdom,25,4,906.24,642,64,226.56,160.5,663
14715,2,Recent High-Activity,United Kingdom,25,8,1825.45,1030,102,228.18,128.75,665
14716,1,Developing / Moderate,United Kingdom,44,3,543.28,643,85,181.09,214.33,401
14717,0,Inactive Low-Activity,United Kingdom,734,1,81.3,32,11,81.3,32.0,0
14718,0,Inactive Low-Activity,United Kingdom,411,1,226.42,202,11,226.42,202.0,0
14719,1,Developing / Moderate,United Kingdom,2,5,1581.84,1025,177,316.37,205.0,248
14720,1,Developing / Moderate,United Kingdom,6,3,663.81,219,34,221.27,73.0,121
14721,0,Inactive Low-Activity,United Kingdom,380,1,109.07,57,24,109.07,57.0,0
14722,1,Developing / Moderate,United Kingdom,148,3,489.52,214,72,163.17,71.33,339
14723,2,Recent High-Activity,United Kingdom,11,11,1803.06,1168,287,163.91,106.18,725
14724,0,Inactive Low-Activity,United Kingdom,591,1,341.9,184,40,341.9,184.0,0
14725,1,Developing / Moderate,United Kingdom,25,4,1252.74,1335,85,313.19,333.75,510
14726,0,Inactive Low-Activity,United Kingdom,655,1,116.5,82,15,116.5,82.0,0
14727,1,Developing / Moderate,United Kingdom,275,3,463.73,458,43,154.58,152.67,272
14728,0,Inactive Low-Activity,United Kingdom,414,1,190.58,68,14,190.58,68.0,0
14729,1,Developing / Moderate,United Kingdom,374,3,586.24,372,126,195.41,124.0,252
14730,2,Recent High-Activity,United Kingdom,2,8,1897.57,1078,317,237.2,134.75,275
14731,1,Developing / Moderate,United Kingdom,48,3,380.02,256,38,126.67,85.33,165
14732,2,Recent High-Activity,United Kingdom,9,19,5517.07,2273,162,290.37,119.63,722
14733,2,Recent High-Activity,United Kingdom,17,15,14335.15,5799,140,955.68,386.6,386
14734,1,Developing / Moderate,United Kingdom,426,4,1056.42,378,48,264.11,94.5,126
14735,2,Recent High-Activity,United Kingdom,4,56,12240.16,4513,198,218.57,80.59,732
14736,0,Inactive Low-Activity,United Kingdom,486,2,374.05,148,70,187.03,74.0,0
14737,1,Developing / Moderate,United Kingdom,4,4,3554.17,1071,28,888.54,267.75,397
14738,2,Recent High-Activity,United Kingdom,43,9,1821.9,757,58,202.43,84.11,690
14739,2,Recent High-Activity,United Kingdom,5,25,11573.62,9696,129,462.94,387.84,733
14740,2,Recent High-Activity,United Kingdom,198,11,4161.06,2081,173,378.28,189.18,455
14741,1,Developing / Moderate,United Kingdom,12,7,1713.09,1006,48,244.73,143.71,406
14742,0,Inactive Low-Activity,United Kingdom,436,1,579.85,374,34,579.85,374.0,0
14743,0,Inactive Low-Activity,United Kingdom,593,1,50.48,40,3,50.48,40.0,0
14744,2,Recent High-Activity,United Kingdom,17,14,3660.08,2399,57,261.43,171.36,554
14745,2,Recent High-Activity,United Kingdom,113,12,2551.41,1969,74,212.62,164.08,525
14746,0,Inactive Low-Activity,United Kingdom,407,4,593.5,398,7,148.38,99.5,17
14747,0,Inactive Low-Activity,United Kingdom,250,1,328.2,84,18,328.2,84.0,0
14748,2,Recent High-Activity,United Kingdom,30,10,2681.9,2422,129,268.19,242.2,616
14749,0,Inactive Low-Activity,United Kingdom,480,1,310.15,403,18,310.15,403.0,0
14750,0,Inactive Low-Activity,United Kingdom,737,1,112.03,65,32,112.03,65.0,0
14751,0,Inactive Low-Activity,United Kingdom,685,2,126.45,65,7,63.23,32.5,42
14752,0,Inactive Low-Activity,United Kingdom,44,1,389.64,260,5,389.64,260.0,0
14753,1,Developing / Moderate,United Kingdom,88,2,869.51,412,45,434.75,206.0,373
14754,2,Recent High-Activity,United Kingdom,45,6,1547.93,1010,110,257.99,168.33,646
14755,2,Recent High-Activity,United Kingdom,10,25,9972.55,4401,219,398.9,176.04,727
14756,1,Developing / Moderate,United Kingdom,16,3,2653.76,1423,102,884.59,474.33,409
14757,0,Inactive Low-Activity,United Kingdom,76,1,420.5,160,19,420.5,160.0,0
14758,2,Recent High-Activity,United Kingdom,145,7,2864.97,840,91,409.28,120.0,466
14759,1,Developing / Moderate,United Kingdom,5,3,1625.97,569,92,541.99,189.67,228
14760,0,Inactive Low-Activity,United Kingdom,298,1,89.2,40,5,89.2,40.0,0
14761,1,Developing / Moderate,United Kingdom,59,3,447.92,206,21,149.31,68.67,386
14762,1,Developing / Moderate,United Kingdom,264,2,417.57,428,28,208.78,214.0,363
14764,0,Inactive Low-Activity,United Kingdom,47,1,278.3,190,6,278.3,190.0,0
14765,1,Developing / Moderate,United Kingdom,30,3,254.11,135,38,84.7,45.0,147
14766,2,Recent High-Activity,United Kingdom,9,11,6375.73,3999,251,579.61,363.55,543
14767,0,Inactive Low-Activity,United Kingdom,475,1,382.81,117,18,382.81,117.0,0
14768,0,Inactive Low-Activity,United Kingdom,18,2,192.6,52,4,96.3,26.0,110
14769,2,Recent High-Activity,United Kingdom,3,17,15514.11,11058,834,912.59,650.47,721
14770,2,Recent High-Activity,United Kingdom,233,8,3637.64,1598,152,454.7,199.75,420
14771,0,Inactive Low-Activity,United Kingdom,622,2,594.62,622,46,297.31,311.0,115
14772,0,Inactive Low-Activity,United Kingdom,113,1,139.26,82,9,139.26,82.0,0
14773,0,Inactive Low-Activity,United Kingdom,593,1,140.55,53,10,140.55,53.0,0
14774,0,Inactive Low-Activity,United Kingdom,529,1,241.45,99,13,241.45,99.0,0
14775,1,Developing / Moderate,United Kingdom,59,3,1011.9,1174,57,337.3,391.33,314
14776,2,Recent High-Activity,United Kingdom,52,15,3708.3,4658,68,247.22,310.53,395
14777,0,Inactive Low-Activity,United Kingdom,404,1,307.56,212,16,307.56,212.0,0
14778,1,Developing / Moderate,United Kingdom,128,2,730.86,306,34,365.43,153.0,181
14779,0,Inactive Low-Activity,United Kingdom,281,3,386.15,84,40,128.72,28.0,43
14780,1,Developing / Moderate,United Kingdom,55,2,447.68,310,26,223.84,155.0,25
14782,0,Inactive Low-Activity,United Kingdom,320,1,200.1,114,6,200.1,114.0,0
14783,0,Inactive Low-Activity,United Kingdom,660,1,307.3,262,17,307.3,262.0,0
14784,1,Developing / Moderate,United Kingdom,27,3,449.93,363,25,149.98,121.0,363
14785,0,Inactive Low-Activity,United Kingdom,11,2,77.4,84,2,38.7,42.0,5
14786,0,Inactive Low-Activity,United Kingdom,551,1,90.96,112,7,90.96,112.0,0
14787,0,Inactive Low-Activity,United Kingdom,472,1,110.65,59,14,110.65,59.0,0
14788,1,Developing / Moderate,United Kingdom,8,3,1156.32,719,53,385.44,239.67,589
14789,0,Inactive Low-Activity,United Kingdom,29,1,197.64,116,6,197.64,116.0,0
14790,2,Recent High-Activity,United Kingdom,17,10,2526.62,2642,65,252.66,264.2,712
14791,0,Inactive Low-Activity,United Kingdom,607,1,303.63,127,19,303.63,127.0,0
14792,0,Inactive Low-Activity,United Kingdom,64,1,6.2,2,2,6.2,2.0,0
14793,1,Developing / Moderate,United Kingdom,22,2,625.9,361,39,312.95,180.5,514
14794,2,Recent High-Activity,United Kingdom,3,10,1953.9,783,85,195.39,78.3,485
14795,0,Inactive Low-Activity,United Kingdom,167,1,131.45,17,6,131.45,17.0,0
14796,2,Recent High-Activity,United Kingdom,2,27,10169.33,7188,487,376.64,266.22,724
14797,0,Inactive Low-Activity,United Kingdom,508,1,300.31,99,16,300.31,99.0,0
14798,1,Developing / Moderate,United Kingdom,53,8,724.31,601,30,90.54,75.12,596
14799,1,Developing / Moderate,United Kingdom,52,2,338.15,495,20,169.07,247.5,686
14800,2,Recent High-Activity,United Kingdom,48,17,7191.33,6501,337,423.02,382.41,388
14801,0,Inactive Low-Activity,United Kingdom,62,1,189.34,173,56,189.34,173.0,0
14802,0,Inactive Low-Activity,United Kingdom,439,2,1502.98,2,1,751.49,1.0,0
14803,1,Developing / Moderate,United Kingdom,163,3,845.55,370,35,281.85,123.33,130
14804,0,Inactive Low-Activity,United Kingdom,9,1,353.27,121,12,353.27,121.0,0
14805,2,Recent High-Activity,United Kingdom,16,7,1082.55,416,88,154.65,59.43,606
14806,1,Developing / Moderate,United Kingdom,76,2,303.43,423,17,151.72,211.5,364
14807,0,Inactive Low-Activity,United Kingdom,391,2,504.14,234,37,252.07,117.0,259
14808,1,Developing / Moderate,United Kingdom,40,8,2718.6,2120,176,339.82,265.0,133
14809,0,Inactive Low-Activity,United Kingdom,622,2,686.76,232,18,343.38,116.0,0
14810,2,Recent High-Activity,United Kingdom,41,13,2354.03,1162,125,181.08,89.38,389
14811,0,Inactive Low-Activity,United Kingdom,388,1,170.5,74,28,170.5,74.0,0
14812,0,Inactive Low-Activity,United Kingdom,599,1,178.85,135,36,178.85,135.0,0
14813,1,Developing / Moderate,United Kingdom,370,4,888.91,392,110,222.23,98.0,241
14814,0,Inactive Low-Activity,United Kingdom,582,1,154.21,93,28,154.21,93.0,0
14815,1,Developing / Moderate,United Kingdom,37,2,778.5,744,53,389.25,372.0,31
14816,0,Inactive Low-Activity,United Kingdom,198,1,271.85,5,4,271.85,5.0,0
14817,2,Recent High-Activity,United Kingdom,201,7,3959.86,2462,142,565.69,351.71,427
14818,1,Developing / Moderate,United Kingdom,74,6,1153.56,543,87,192.26,90.5,574
14819,1,Developing / Moderate,United Kingdom,65,4,456.41,170,52,114.1,42.5,654
14820,2,Recent High-Activity,United Kingdom,22,9,1274.76,724,51,141.64,80.44,656
14821,1,Developing / Moderate,United Kingdom,367,7,1230.15,459,65,175.74,65.57,310
14822,0,Inactive Low-Activity,United Kingdom,486,1,157.7,94,9,157.7,94.0,0
14823,1,Developing / Moderate,United Kingdom,181,3,321.43,88,56,107.14,29.33,14
14824,2,Recent High-Activity,United Kingdom,11,10,4022.91,1954,84,402.29,195.4,627
14825,2,Recent High-Activity,United Kingdom,4,24,4735.08,2774,187,197.29,115.58,609
14826,0,Inactive Low-Activity,United Kingdom,582,2,385.2,152,10,192.6,76.0,114
14828,2,Recent High-Activity,United Kingdom,197,13,9839.46,9718,72,756.88,747.54,536
14829,1,Developing / Moderate,United Kingdom,30,7,1455.87,957,77,207.98,136.71,407
14830,0,Inactive Low-Activity,United Kingdom,54,1,188.88,164,39,188.88,164.0,0
14831,0,Inactive Low-Activity,United Kingdom,681,3,1676.57,885,67,558.86,295.0,57
14832,0,Inactive Low-Activity,United Kingdom,631,1,322.69,1,1,322.69,1.0,0
14833,0,Inactive Low-Activity,United Kingdom,499,1,94.8,58,7,94.8,58.0,0
14834,1,Developing / Moderate,United Kingdom,18,7,2206.16,872,55,315.17,124.57,390
14835,0,Inactive Low-Activity,United Kingdom,529,2,297.0,180,1,148.5,90.0,89
14836,0,Inactive Low-Activity,United Kingdom,11,3,102.45,45,5,34.15,15.0,20
14837,2,Recent High-Activity,United Kingdom,90,9,3460.32,3030,171,384.48,336.67,595
14838,1,Developing / Moderate,United Kingdom,424,2,769.92,361,69,384.96,180.5,313
14839,1,Developing / Moderate,United Kingdom,419,3,915.28,927,61,305.09,309.0,286
14840,0,Inactive Low-Activity,United Kingdom,268,2,362.71,179,20,181.35,89.5,272
14841,2,Recent High-Activity,United Kingdom,54,14,7163.0,4164,196,511.64,297.43,684
14842,1,Developing / Moderate,United Kingdom,44,4,2824.69,1166,128,706.17,291.5,265
14843,0,Inactive Low-Activity,United Kingdom,437,1,211.8,132,9,211.8,132.0,0
14844,2,Recent High-Activity,United Kingdom,64,10,6702.43,4369,158,670.24,436.9,543
14845,0,Inactive Low-Activity,United Kingdom,600,1,150.0,600,1,150.0,600.0,0
14846,0,Inactive Low-Activity,United Kingdom,428,1,437.4,193,12,437.4,193.0,0
14847,1,Developing / Moderate,United Kingdom,149,3,1348.95,533,56,449.65,177.67,416
14848,0,Inactive Low-Activity,United Kingdom,405,1,310.56,260,11,310.56,260.0,0
14849,2,Recent High-Activity,United Kingdom,22,43,15407.61,11838,279,358.32,275.3,677
14850,1,Developing / Moderate,United Kingdom,312,7,1770.96,1393,129,252.99,199.0,257
14851,1,Developing / Moderate,United Kingdom,24,3,829.41,631,38,276.47,210.33,607
14852,2,Recent High-Activity,United Kingdom,59,18,6132.43,4366,152,340.69,242.56,586
14853,1,Developing / Moderate,United Kingdom,25,5,1376.87,345,26,275.37,69.0,581
14854,2,Recent High-Activity,United Kingdom,79,11,4303.06,2987,170,391.19,271.55,608
14855,2,Recent High-Activity,United Kingdom,120,7,6520.3,3510,168,931.47,501.43,491
14856,1,Developing / Moderate,United Kingdom,37,3,1290.53,711,65,430.18,237.0,20
14857,2,Recent High-Activity,United Kingdom,60,7,3651.85,2081,170,521.69,297.29,575
14858,0,Inactive Low-Activity,United Kingdom,506,1,180.75,105,11,180.75,105.0,0
14859,1,Developing / Moderate,United Kingdom,13,5,1705.64,888,51,341.13,177.6,542
14860,0,Inactive Low-Activity,United Kingdom,20,1,170.32,232,11,170.32,232.0,0
14861,2,Recent High-Activity,United Kingdom,53,10,1380.73,1076,62,138.07,107.6,679
14862,1,Developing / Moderate,United Kingdom,26,2,841.2,772,47,420.6,386.0,123
14863,0,Inactive Low-Activity,United Kingdom,30,1,266.76,132,11,266.76,132.0,0
14865,1,Developing / Moderate,United Kingdom,8,4,92.52,204,4,23.13,51.0,731
14866,2,Recent High-Activity,United Kingdom,11,19,20746.54,9089,40,1091.92,478.37,460
14867,2,Recent High-Activity,United Kingdom,186,16,2952.06,996,67,184.5,62.25,549
14868,2,Recent High-Activity,United Kingdom,4,12,4184.01,2230,132,348.67,185.83,417
14869,2,Recent High-Activity,United Kingdom,9,6,2778.14,2130,187,463.02,355.0,715
14870,1,Developing / Moderate,United Kingdom,262,6,1838.95,483,43,306.49,80.5,422
14871,2,Recent High-Activity,United Kingdom,4,9,1228.17,446,123,136.46,49.56,735
14872,0,Inactive Low-Activity,United Kingdom,484,3,816.6,662,34,272.2,220.67,150
14873,1,Developing / Moderate,United Kingdom,211,2,854.13,311,48,427.06,155.5,423
14874,0,Inactive Low-Activity,United Kingdom,536,1,116.18,148,6,116.18,148.0,0
14875,1,Developing / Moderate,United Kingdom,108,3,2862.4,1332,88,954.13,444.0,334
14876,0,Inactive Low-Activity,United Kingdom,522,2,256.7,162,12,128.35,81.0,40
14877,0,Inactive Low-Activity,United Kingdom,419,2,425.85,168,57,212.93,84.0,224
14878,2,Recent High-Activity,United Kingdom,13,25,4076.5,2416,159,163.06,96.64,644
14879,0,Inactive Low-Activity,United Kingdom,685,1,185.06,104,27,185.06,104.0,0
14880,1,Developing / Moderate,United Kingdom,78,3,690.59,365,45,230.2,121.67,211
14881,0,Inactive Low-Activity,United Kingdom,20,1,255.4,316,17,255.4,316.0,0
14882,2,Recent High-Activity,United Kingdom,27,14,3546.65,1614,32,253.33,115.29,593
14883,1,Developing / Moderate,United Kingdom,19,6,761.59,790,39,126.93,131.67,193
14884,0,Inactive Low-Activity,United Kingdom,670,1,120.6,72,8,120.6,72.0,0
14885,1,Developing / Moderate,United Kingdom,132,3,1598.12,1308,24,532.71,436.0,334
14886,0,Inactive Low-Activity,United Kingdom,253,1,364.8,160,18,364.8,160.0,0
14887,0,Inactive Low-Activity,United Kingdom,80,1,1862.0,1100,6,1862.0,1100.0,0
14888,0,Inactive Low-Activity,United Kingdom,208,1,369.2,184,20,369.2,184.0,0
14889,0,Inactive Low-Activity,United Kingdom,337,1,135.9,90,10,135.9,90.0,0
14890,1,Developing / Moderate,United Kingdom,254,3,817.25,636,55,272.42,212.0,406
14891,1,Developing / Moderate,United Kingdom,149,4,1106.73,788,55,276.68,197.0,288
14892,0,Inactive Low-Activity,United Kingdom,691,1,202.35,79,13,202.35,79.0,0
14893,1,Developing / Moderate,United Kingdom,10,3,1809.61,1047,98,603.2,349.0,608
14894,1,Developing / Moderate,United Kingdom,86,3,1492.81,603,39,497.6,201.0,652
14895,2,Recent High-Activity,United Kingdom,8,38,25119.54,10714,441,661.04,281.95,722
14896,2,Recent High-Activity,United Kingdom,205,8,1826.0,931,150,228.25,116.38,529
14897,2,Recent High-Activity,United Kingdom,8,8,3140.54,1162,94,392.57,145.25,717
14898,2,Recent High-Activity,United Kingdom,24,14,3365.95,2207,185,240.42,157.64,713
14899,1,Developing / Moderate,United Kingdom,396,1,1331.38,570,126,1331.38,570.0,0
14900,0,Inactive Low-Activity,United Kingdom,523,1,13.92,48,1,13.92,48.0,0
14901,2,Recent High-Activity,United Kingdom,12,12,1919.0,880,103,159.92,73.33,487
14902,1,Developing / Moderate,United Kingdom,26,3,1035.62,716,51,345.21,238.67,528
14903,1,Developing / Moderate,United Kingdom,22,5,2795.33,1531,227,559.07,306.2,257
14904,1,Developing / Moderate,United Kingdom,3,4,1630.49,2522,127,407.62,630.5,425
14905,2,Recent High-Activity,United Kingdom,158,8,1971.39,1009,45,246.42,126.12,579
14906,0,Inactive Low-Activity,United Kingdom,446,1,68.44,1,1,68.44,1.0,0
14907,2,Recent High-Activity,United Kingdom,4,16,5547.72,2583,153,346.73,161.44,599
14908,1,Developing / Moderate,United Kingdom,75,2,381.9,182,14,190.95,91.0,389
14909,1,Developing / Moderate,United Kingdom,438,3,1404.68,888,61,468.23,296.0,226
14910,1,Developing / Moderate,United Kingdom,3,4,434.35,238,25,108.59,59.5,52
14911,2,Recent High-Activity,EIRE,2,398,291420.81,147972,2550,732.21,371.79,737
14912,2,Recent High-Activity,Italy,17,6,1889.25,1819,44,314.88,303.17,666
14913,2,Recent High-Activity,United Kingdom,36,8,4073.13,3955,176,509.14,494.38,450
14915,2,Recent High-Activity,United Kingdom,92,11,1811.25,707,65,164.66,64.27,645
14916,2,Recent High-Activity,United Kingdom,71,8,3042.95,2415,113,380.37,301.88,547
14917,0,Inactive Low-Activity,United Kingdom,597,2,1123.75,891,29,561.88,445.5,0
14918,2,Recent High-Activity,United Kingdom,116,9,5955.81,2551,79,661.76,283.44,495
14919,0,Inactive Low-Activity,United Kingdom,540,1,359.35,129,13,359.35,129.0,0
14920,1,Developing / Moderate,United Kingdom,213,3,1607.17,886,90,535.72,295.33,353
14921,1,Developing / Moderate,United Kingdom,31,2,1316.07,953,78,658.03,476.5,171
14922,0,Inactive Low-Activity,United Kingdom,394,2,843.74,376,49,421.87,188.0,114
14923,1,Developing / Moderate,United Kingdom,51,1,749.1,418,44,749.1,418.0,0
14924,1,Developing / Moderate,United Kingdom,246,3,931.01,312,30,310.34,104.0,394
14926,0,Inactive Low-Activity,United Kingdom,382,2,359.4,204,2,179.7,102.0,217
14927,0,Inactive Low-Activity,United Kingdom,397,1,308.2,196,20,308.2,196.0,0
14928,0,Inactive Low-Activity,United Kingdom,628,1,223.91,268,21,223.91,268.0,0
14929,1,Developing / Moderate,United Kingdom,33,2,836.69,487,34,418.35,243.5,389
14930,2,Recent High-Activity,Channel Islands,109,6,5236.73,2193,213,872.79,365.5,498
14931,1,Developing / Moderate,Channel Islands,5,5,1257.68,417,30,251.54,83.4,236
14932,0,Inactive Low-Activity,Channel Islands,366,2,666.13,257,29,333.06,128.5,20
14933,0,Inactive Low-Activity,Channel Islands,444,4,1770.0,600,1,442.5,150.0,1
14934,1,Developing / Moderate,Channel Islands,82,5,3503.5,2100,115,700.7,420.0,360
14935,1,Developing / Moderate,Channel Islands,298,2,2849.83,1931,25,1424.91,965.5,322
14936,2,Recent High-Activity,Channel Islands,34,12,12410.81,6274,267,1034.23,522.83,550
14937,1,Developing / Moderate,Channel Islands,57,3,1621.88,484,33,540.63,161.33,74
14938,0,Inactive Low-Activity,Channel Islands,563,2,2322.43,1369,71,1161.21,684.5,0
14940,0,Inactive Low-Activity,United Kingdom,418,2,531.49,384,32,265.75,192.0,316
14941,0,Inactive Low-Activity,United Kingdom,579,1,182.1,80,7,182.1,80.0,0
14942,0,Inactive Low-Activity,United Kingdom,402,4,746.56,354,12,186.64,88.5,328
14943,0,Inactive Low-Activity,United Kingdom,664,1,107.62,46,5,107.62,46.0,0
14944,2,Recent High-Activity,United Kingdom,30,19,9784.67,4864,184,514.98,256.0,631
14945,0,Inactive Low-Activity,United Kingdom,414,1,179.4,156,11,179.4,156.0,0
14946,0,Inactive Low-Activity,United Kingdom,15,1,100.9,22,3,100.9,22.0,0
14947,1,Developing / Moderate,United Kingdom,73,6,1049.79,416,47,174.97,69.33,552
14948,1,Developing / Moderate,United Kingdom,24,6,1101.97,673,56,183.66,112.17,196
14949,0,Inactive Low-Activity,United Kingdom,470,4,515.0,250,16,128.75,62.5,252
14950,0,Inactive Low-Activity,United Kingdom,20,1,371.2,136,19,371.2,136.0,0
14951,0,Inactive Low-Activity,United Kingdom,80,1,311.69,311,20,311.69,311.0,0
14952,2,Recent High-Activity,United Kingdom,60,32,17629.35,6977,240,550.92,218.03,677
14953,1,Developing / Moderate,United Kingdom,26,4,971.32,1014,202,242.83,253.5,410
14954,1,Developing / Moderate,United Kingdom,13,2,462.12,209,111,231.06,104.5,691
14955,0,Inactive Low-Activity,United Kingdom,733,1,163.77,74,30,163.77,74.0,0
14956,0,Inactive Low-Activity,United Kingdom,422,1,1325.0,2500,4,1325.0,2500.0,0
14957,1,Developing / Moderate,United Kingdom,254,2,261.69,97,27,130.84,48.5,391
14958,1,Developing / Moderate,United Kingdom,148,6,941.99,248,52,157.0,41.33,589
14959,1,Developing / Moderate,United Kingdom,65,4,695.42,494,37,173.85,123.5,232
14960,1,Developing / Moderate,United Kingdom,9,2,221.27,221,23,110.64,110.5,163
14961,2,Recent High-Activity,United Kingdom,11,22,16410.15,8372,328,745.92,380.55,725
14962,1,Developing / Moderate,United Kingdom,271,4,366.91,123,14,91.73,30.75,314
14963,2,Recent High-Activity,United Kingdom,10,12,3123.57,2287,304,260.3,190.58,516
14964,0,Inactive Low-Activity,United Kingdom,248,1,206.21,143,13,206.21,143.0,0
14965,1,Developing / Moderate,United Kingdom,97,2,596.09,363,80,298.05,181.5,0
14966,2,Recent High-Activity,United Kingdom,15,6,1064.26,1060,125,177.38,176.67,710
14967,1,Developing / Moderate,United Kingdom,50,6,1982.61,652,22,330.44,108.67,687
14968,1,Developing / Moderate,United Kingdom,31,2,501.24,257,83,250.62,128.5,428
14969,0,Inactive Low-Activity,United Kingdom,704,1,906.23,665,13,906.23,665.0,0
14970,2,Recent High-Activity,United Kingdom,69,12,4919.35,982,71,409.95,81.83,595
14971,1,Developing / Moderate,United Kingdom,36,3,1097.98,639,144,365.99,213.0,8
14972,0,Inactive Low-Activity,United Kingdom,129,2,145.07,40,20,72.53,20.0,253
14973,1,Developing / Moderate,United Kingdom,108,3,1314.45,369,29,438.15,123.0,118
14974,0,Inactive Low-Activity,United Kingdom,38,1,89.94,37,17,89.94,37.0,0
14975,1,Developing / Moderate,United Kingdom,58,2,472.39,507,25,236.19,253.5,364
14976,1,Developing / Moderate,United Kingdom,58,7,790.86,234,47,112.98,33.43,269
14977,0,Inactive Low-Activity,United Kingdom,726,1,31.93,17,4,31.93,17.0,0
14978,2,Recent High-Activity,United Kingdom,73,10,3112.19,736,175,311.22,73.6,518
14979,0,Inactive Low-Activity,United Kingdom,736,1,429.66,209,42,429.66,209.0,0
14980,0,Inactive Low-Activity,United Kingdom,738,1,150.68,79,24,150.68,79.0,0
14981,0,Inactive Low-Activity,United Kingdom,247,2,372.92,241,20,186.46,120.5,177
14982,0,Inactive Low-Activity,United Kingdom,573,1,237.78,125,39,237.78,125.0,0
14983,0,Inactive Low-Activity,United Kingdom,690,1,183.2,90,30,183.2,90.0,0
14984,2,Recent High-Activity,United Kingdom,20,6,1260.51,348,48,210.09,58.0,678
14985,1,Developing / Moderate,United Kingdom,199,2,292.01,256,78,146.0,128.0,160
14986,1,Developing / Moderate,United Kingdom,377,2,563.1,338,87,281.55,169.0,308
14987,1,Developing / Moderate,United Kingdom,16,8,1550.65,607,4,193.83,75.88,722
14988,2,Recent High-Activity,United Kingdom,212,7,2038.65,1260,171,291.24,180.0,391
14989,0,Inactive Low-Activity,United Kingdom,662,1,342.4,200,18,342.4,200.0,0
14990,0,Inactive Low-Activity,United Kingdom,613,2,304.17,129,41,152.09,64.5,118
14991,0,Inactive Low-Activity,United Kingdom,431,1,314.67,191,21,314.67,191.0,0
14992,0,Inactive Low-Activity,United Kingdom,443,1,210.5,145,27,210.5,145.0,0
14993,0,Inactive Low-Activity,United Kingdom,564,1,36.13,21,9,36.13,21.0,0
14994,1,Developing / Moderate,United Kingdom,383,5,946.72,568,233,189.34,113.6,241
14995,1,Developing / Moderate,United Kingdom,39,2,231.98,102,53,115.99,51.0,242
14996,0,Inactive Low-Activity,United Kingdom,482,2,442.29,404,37,221.14,202.0,0
14997,1,Developing / Moderate,United Kingdom,47,4,776.6,1408,36,194.15,352.0,609
14998,1,Developing / Moderate,United Kingdom,171,4,753.18,352,111,188.29,88.0,435
14999,0,Inactive Low-Activity,United Kingdom,593,1,129.48,88,9,129.48,88.0,0
15000,1,Developing / Moderate,United Kingdom,48,1,490.52,218,76,490.52,218.0,0
15001,0,Inactive Low-Activity,United Kingdom,395,2,199.11,70,44,99.55,35.0,0
15002,2,Recent High-Activity,United Kingdom,116,9,4138.08,2214,220,459.79,246.0,581
15003,1,Developing / Moderate,United Kingdom,474,6,1027.03,525,253,171.17,87.5,209
15004,1,Developing / Moderate,United Kingdom,148,1,1220.77,623,154,1220.77,623.0,0
15005,2,Recent High-Activity,United Kingdom,16,56,13754.58,8666,591,245.62,154.75,723
15006,1,Developing / Moderate,United Kingdom,52,2,757.78,387,165,378.89,193.5,402
15007,0,Inactive Low-Activity,United Kingdom,160,1,156.91,69,12,156.91,69.0,0
15008,0,Inactive Low-Activity,United Kingdom,481,2,360.0,1500,6,180.0,750.0,157
15009,1,Developing / Moderate,United Kingdom,13,3,1259.43,639,148,419.81,213.0,13
15010,0,Inactive Low-Activity,United Kingdom,36,1,308.94,184,20,308.94,184.0,0
15011,0,Inactive Low-Activity,United Kingdom,396,2,416.6,289,17,208.3,144.5,21
15012,1,Developing / Moderate,United Kingdom,54,3,646.26,383,165,215.42,127.67,523
15013,1,Developing / Moderate,United Kingdom,488,10,1610.82,1715,177,161.08,171.5,190
15014,1,Developing / Moderate,United Kingdom,44,2,257.67,149,29,128.84,74.5,133
15015,1,Developing / Moderate,United Kingdom,502,13,2354.97,1584,158,181.15,121.85,224
15016,1,Developing / Moderate,United Kingdom,173,5,620.89,243,93,124.18,48.6,371
15017,0,Inactive Low-Activity,United Kingdom,34,1,125.58,63,20,125.58,63.0,0
15018,1,Developing / Moderate,United Kingdom,39,3,496.21,189,30,165.4,63.0,329
15019,0,Inactive Low-Activity,United Kingdom,267,1,252.81,150,64,252.81,150.0,0
15020,0,Inactive Low-Activity,United Kingdom,380,1,198.47,111,27,198.47,111.0,0
15021,2,Recent High-Activity,United Kingdom,9,12,2500.59,1079,355,208.38,89.92,490
15022,2,Recent High-Activity,United Kingdom,12,5,1133.44,640,115,226.69,128.0,666
15023,2,Recent High-Activity,United Kingdom,4,20,11578.65,4758,486,578.93,237.9,671
15024,2,Recent High-Activity,United Kingdom,10,16,3559.39,1924,168,222.46,120.25,415
15025,1,Developing / Moderate,United Kingdom,34,2,979.79,503,132,489.89,251.5,535
15026,1,Developing / Moderate,United Kingdom,81,5,1048.89,655,109,209.78,131.0,368
15027,2,Recent High-Activity,United Kingdom,31,10,3195.6,2782,69,319.56,278.2,594
15028,1,Developing / Moderate,United Kingdom,9,6,962.94,673,65,160.49,112.17,386
15029,0,Inactive Low-Activity,United Kingdom,620,1,365.1,234,10,365.1,234.0,0
15030,1,Developing / Moderate,United Kingdom,72,8,1979.91,1225,25,247.49,153.12,574
15031,2,Recent High-Activity,United Kingdom,5,14,3102.94,1576,237,221.64,112.57,727
15032,2,Recent High-Activity,United Kingdom,257,8,11010.05,6601,39,1376.26,825.12,473
15033,2,Recent High-Activity,United Kingdom,5,10,2557.18,1672,315,255.72,167.2,325
15034,2,Recent High-Activity,United Kingdom,16,14,8231.2,4748,416,587.94,339.14,562
15035,0,Inactive Low-Activity,United Kingdom,90,1,252.73,245,26,252.73,245.0,0
15036,1,Developing / Moderate,United Kingdom,73,3,429.56,316,107,143.19,105.33,107
15037,0,Inactive Low-Activity,United Kingdom,377,2,397.76,298,40,198.88,149.0,0
15038,2,Recent High-Activity,United Kingdom,59,9,1146.53,381,190,127.39,42.33,367
15039,2,Recent High-Activity,United Kingdom,10,93,39141.48,17780,562,420.88,191.18,720
15040,0,Inactive Low-Activity,United Kingdom,542,1,7.49,1,1,7.49,1.0,0
15041,1,Developing / Moderate,United Kingdom,171,2,289.4,194,98,144.7,97.0,274
15042,1,Developing / Moderate,United Kingdom,200,2,315.45,238,9,157.72,119.0,396
15043,1,Developing / Moderate,United Kingdom,32,6,2870.32,1019,39,478.39,169.83,502
15044,2,Recent High-Activity,United Kingdom,20,35,16024.15,5241,344,457.83,149.74,704
15045,0,Inactive Low-Activity,United Kingdom,152,2,735.66,114,11,367.83,57.0,106
15046,2,Recent High-Activity,United Kingdom,10,25,7623.79,4585,248,304.95,183.4,685
15047,0,Inactive Low-Activity,United Kingdom,270,1,343.62,222,22,343.62,222.0,0
15048,1,Developing / Moderate,United Kingdom,66,4,381.0,192,86,95.25,48.0,303
15049,0,Inactive Low-Activity,United Kingdom,274,1,121.17,63,3,121.17,63.0,0
15050,2,Recent High-Activity,United Kingdom,26,5,4087.19,2600,116,817.44,520.0,455
15051,2,Recent High-Activity,United Kingdom,24,9,3926.91,3052,226,436.32,339.11,715
15052,0,Inactive Low-Activity,United Kingdom,320,1,207.73,79,27,207.73,79.0,0
15053,1,Developing / Moderate,United Kingdom,5,3,693.95,984,49,231.32,328.0,277
15054,1,Developing / Moderate,United Kingdom,13,2,302.1,198,105,151.05,99.0,28
15055,1,Developing / Moderate,United Kingdom,475,3,549.12,225,77,183.04,75.0,249
15056,0,Inactive Low-Activity,United Kingdom,521,1,113.65,69,6,113.65,69.0,0
15057,1,Developing / Moderate,United Kingdom,276,5,3255.96,1394,62,651.19,278.8,459
15058,2,Recent High-Activity,United Kingdom,26,16,3387.58,1645,232,211.72,102.81,628
15059,2,Recent High-Activity,United Kingdom,41,19,3491.2,1599,308,183.75,84.16,693
15060,1,Developing / Moderate,United Kingdom,9,4,294.25,257,81,73.56,64.25,1
15061,2,Recent High-Activity,United Kingdom,4,127,126389.02,74280,131,995.19,584.88,735
15062,2,Recent High-Activity,United Kingdom,72,8,2585.62,1872,98,323.2,234.0,539
15063,0,Inactive Low-Activity,United Kingdom,214,1,370.8,56,5,370.8,56.0,0
15064,1,Developing / Moderate,United Kingdom,411,4,1254.41,810,75,313.6,202.5,307
15065,2,Recent High-Activity,United Kingdom,38,5,3326.86,1446,156,665.37,289.2,373
15066,1,Developing / Moderate,United Kingdom,54,1,893.59,317,42,893.59,317.0,0
15067,2,Recent High-Activity,United Kingdom,79,5,3862.88,2151,170,772.58,430.2,529
15068,1,Developing / Moderate,United Kingdom,47,4,1174.9,832,178,293.73,208.0,575
15069,1,Developing / Moderate,United Kingdom,180,1,1109.53,520,70,1109.53,520.0,0
15070,1,Developing / Moderate,United Kingdom,373,3,737.05,339,26,245.68,113.0,352
15071,1,Developing / Moderate,United Kingdom,94,4,1455.56,416,41,363.89,104.0,477
15072,0,Inactive Low-Activity,United Kingdom,480,1,187.52,164,13,187.52,164.0,0
15073,2,Recent High-Activity,United Kingdom,10,8,2788.02,1410,115,348.5,176.25,672
15074,1,Developing / Moderate,United Kingdom,106,3,1553.13,1039,63,517.71,346.33,362
15075,1,Developing / Moderate,United Kingdom,78,1,773.03,447,27,773.03,447.0,0
15076,1,Developing / Moderate,United Kingdom,173,3,1447.74,866,68,482.58,288.67,350
15077,1,Developing / Moderate,United Kingdom,495,2,2428.08,528,28,1214.04,264.0,236
15078,2,Recent High-Activity,United Kingdom,8,53,17286.73,8777,118,326.16,165.6,728
15079,2,Recent High-Activity,United Kingdom,213,11,3625.4,1459,119,329.58,132.64,519
15080,0,Inactive Low-Activity,United Kingdom,428,2,546.25,287,31,273.12,143.5,74
15081,2,Recent High-Activity,United Kingdom,23,12,1854.57,749,75,154.55,62.42,513
15082,0,Inactive Low-Activity,United Kingdom,669,1,93.35,43,6,93.35,43.0,0
15083,0,Inactive Low-Activity,United Kingdom,257,1,88.2,38,5,88.2,38.0,0
15084,1,Developing / Moderate,United Kingdom,380,2,965.2,600,31,482.6,300.0,266
15085,0,Inactive Low-Activity,United Kingdom,730,1,347.54,169,9,347.54,169.0,0
15086,0,Inactive Low-Activity,United Kingdom,565,2,218.53,95,10,109.27,47.5,61
15087,0,Inactive Low-Activity,United Kingdom,282,1,306.94,470,15,306.94,470.0,0
15088,1,Developing / Moderate,United Kingdom,22,2,1160.07,460,53,580.03,230.0,46
15089,1,Developing / Moderate,United Kingdom,11,6,2420.84,1359,139,403.47,226.5,118
15090,0,Inactive Low-Activity,United Kingdom,309,1,381.32,208,23,381.32,208.0,0
15091,1,Developing / Moderate,United Kingdom,68,3,1046.61,582,55,348.87,194.0,607
15092,1,Developing / Moderate,United Kingdom,216,3,776.46,230,39,258.82,76.67,247
15093,2,Recent High-Activity,United Kingdom,19,23,13702.38,10778,104,595.76,468.61,713
15094,0,Inactive Low-Activity,United Kingdom,464,2,83.0,28,4,41.5,14.0,181
15095,2,Recent High-Activity,United Kingdom,104,10,3141.64,2233,90,314.16,223.3,584
15096,0,Inactive Low-Activity,United Kingdom,43,1,219.39,120,11,219.39,120.0,0
15097,1,Developing / Moderate,United Kingdom,5,3,908.35,424,59,302.78,141.33,579
15098,1,Developing / Moderate,United Kingdom,183,3,39916.5,121,1,13305.5,40.33,0
15099,0,Inactive Low-Activity,United Kingdom,85,1,410.48,343,23,410.48,343.0,0
15100,1,Developing / Moderate,United Kingdom,334,7,2193.9,270,11,313.41,38.57,368
15101,1,Developing / Moderate,United Kingdom,9,6,1477.94,676,52,246.32,112.67,582
15102,0,Inactive Low-Activity,United Kingdom,531,2,554.67,339,26,277.33,169.5,16
15103,1,Developing / Moderate,United Kingdom,32,2,703.36,329,35,351.68,164.5,55
15104,1,Developing / Moderate,United Kingdom,197,2,993.54,635,66,496.77,317.5,86
15105,2,Recent High-Activity,United Kingdom,19,9,3094.91,1747,129,343.88,194.11,608
15106,1,Developing / Moderate,United Kingdom,18,5,1422.52,1181,90,284.5,236.2,252
15107,1,Developing / Moderate,United Kingdom,312,9,824.35,330,32,91.59,36.67,140
15108,1,Developing / Moderate,European Community,142,4,1300.25,499,50,325.06,124.75,86
15109,1,Developing / Moderate,United Kingdom,246,3,983.1,258,46,327.7,86.0,490
15110,1,Developing / Moderate,United Kingdom,24,6,1505.85,337,23,250.98,56.17,462
15111,2,Recent High-Activity,United Kingdom,30,5,2442.37,1058,109,488.47,211.6,563
15112,0,Inactive Low-Activity,United Kingdom,612,1,209.4,72,7,209.4,72.0,0
15113,1,Developing / Moderate,United Kingdom,10,3,3509.43,2344,77,1169.81,781.33,45
15114,2,Recent High-Activity,United Kingdom,31,12,3400.12,3532,151,283.34,294.33,391
15115,1,Developing / Moderate,United Kingdom,19,2,531.85,245,35,265.93,122.5,714
15116,1,Developing / Moderate,United Kingdom,18,4,1352.75,648,37,338.19,162.0,187
15117,2,Recent High-Activity,United Kingdom,15,8,2485.97,3093,89,310.75,386.62,620
15118,0,Inactive Low-Activity,United Kingdom,135,1,244.8,1440,1,244.8,1440.0,0
15119,0,Inactive Low-Activity,United Kingdom,246,1,266.4,88,14,266.4,88.0,0
15120,0,Inactive Low-Activity,United Kingdom,134,1,358.82,296,21,358.82,296.0,0
15121,1,Developing / Moderate,United Kingdom,51,2,457.72,199,28,228.86,99.5,238
15122,2,Recent High-Activity,United Kingdom,115,11,4487.27,2033,155,407.93,184.82,505
15123,2,Recent High-Activity,United Kingdom,8,5,4656.17,2524,149,931.23,504.8,626
15124,1,Developing / Moderate,United Kingdom,23,4,450.82,462,30,112.7,115.5,629
15125,2,Recent High-Activity,United Kingdom,26,24,17024.87,8433,151,709.37,351.38,593
15126,0,Inactive Low-Activity,United Kingdom,537,2,449.49,273,25,224.75,136.5,151
15127,1,Developing / Moderate,United Kingdom,66,2,711.5,464,27,355.75,232.0,454
15128,1,Developing / Moderate,United Kingdom,61,5,1783.68,1583,87,356.74,316.6,370
15129,2,Recent High-Activity,United Kingdom,51,23,6860.18,4002,86,298.27,174.0,560
15130,0,Inactive Low-Activity,United Kingdom,170,1,330.11,197,22,330.11,197.0,0
15131,0,Inactive Low-Activity,United Kingdom,395,1,80.28,88,7,80.28,88.0,0
15132,1,Developing / Moderate,United Kingdom,19,5,977.93,679,49,195.59,135.8,244
15133,1,Developing / Moderate,United Kingdom,128,5,1806.9,960,45,361.38,192.0,393
15134,1,Developing / Moderate,United Kingdom,15,10,1596.29,1057,47,159.63,105.7,408
15135,0,Inactive Low-Activity,United Kingdom,240,2,305.68,84,17,152.84,42.0,317
15136,1,Developing / Moderate,United Kingdom,3,4,1286.7,776,61,321.68,194.0,94
15137,0,Inactive Low-Activity,United Kingdom,521,2,823.4,596,34,411.7,298.0,160
15138,0,Inactive Low-Activity,United Kingdom,394,1,502.52,300,31,502.52,300.0,0
15139,0,Inactive Low-Activity,United Kingdom,240,2,178.96,208,13,89.48,104.0,97
15140,2,Recent High-Activity,United Kingdom,53,8,3243.69,2010,103,405.46,251.25,390
15141,1,Developing / Moderate,United Kingdom,458,7,1388.47,1197,44,198.35,171.0,164
15142,2,Recent High-Activity,United Kingdom,47,6,2619.92,2155,115,436.65,359.17,454
15143,1,Developing / Moderate,United Kingdom,226,2,563.63,320,27,281.81,160.0,207
15144,2,Recent High-Activity,United Kingdom,9,29,12160.31,5251,199,419.32,181.07,718
15145,1,Developing / Moderate,United Kingdom,5,4,1194.73,756,54,298.68,189.0,244
15146,1,Developing / Moderate,United Kingdom,165,2,1327.16,1473,90,663.58,736.5,127
15147,0,Inactive Low-Activity,United Kingdom,241,1,623.5,366,28,623.5,366.0,0
15148,0,Inactive Low-Activity,United Kingdom,11,1,301.29,187,20,301.29,187.0,0
15149,1,Developing / Moderate,United Kingdom,134,5,1554.61,380,62,310.92,76.0,516
15150,2,Recent High-Activity,United Kingdom,18,13,8977.94,6167,495,690.61,474.38,526
15151,1,Developing / Moderate,United Kingdom,424,2,2085.61,795,56,1042.81,397.5,86
15152,2,Recent High-Activity,United Kingdom,10,14,5263.83,2994,214,375.99,213.86,692
15153,0,Inactive Low-Activity,United Kingdom,32,1,329.25,198,22,329.25,198.0,0
15154,1,Developing / Moderate,United Kingdom,76,3,1343.72,333,166,447.91,111.0,403
15155,0,Inactive Low-Activity,United Kingdom,384,1,383.97,192,24,383.97,192.0,0
15156,1,Developing / Moderate,United Kingdom,2,3,961.49,597,51,320.5,199.0,32
15157,2,Recent High-Activity,United Kingdom,4,5,2654.11,3466,152,530.82,693.2,726
15158,1,Developing / Moderate,United Kingdom,46,2,606.02,219,11,303.01,109.5,356
15159,2,Recent High-Activity,United Kingdom,2,34,22116.73,13512,413,650.49,397.41,430
15160,0,Inactive Low-Activity,United Kingdom,358,4,589.27,307,17,147.32,76.75,64
15161,0,Inactive Low-Activity,United Kingdom,389,1,119.92,144,33,119.92,144.0,0
15162,0,Inactive Low-Activity,United Kingdom,732,1,312.9,74,12,312.9,74.0,0
15163,1,Developing / Moderate,United Kingdom,19,2,304.47,186,29,152.24,93.0,174
15164,2,Recent High-Activity,United Kingdom,69,9,2028.11,912,243,225.35,101.33,622
15165,0,Inactive Low-Activity,United Kingdom,374,1,487.75,160,27,487.75,160.0,0
15166,0,Inactive Low-Activity,United Kingdom,468,1,167.16,140,12,167.16,140.0,0
15167,1,Developing / Moderate,United Kingdom,321,5,1627.62,863,262,325.52,172.6,353
15168,0,Inactive Low-Activity,United Kingdom,26,1,106.56,52,5,106.56,52.0,0
15169,1,Developing / Moderate,United Kingdom,383,2,569.22,356,58,284.61,178.0,344
15170,0,Inactive Low-Activity,United Kingdom,407,1,81.15,33,4,81.15,33.0,0
15171,0,Inactive Low-Activity,United Kingdom,332,1,1289.5,290,5,1289.5,290.0,0
15172,1,Developing / Moderate,United Kingdom,9,5,1624.05,1611,106,324.81,322.2,228
15173,1,Developing / Moderate,United Kingdom,381,7,1494.6,840,68,213.51,120.0,237
15174,0,Inactive Low-Activity,United Kingdom,323,2,481.46,382,34,240.73,191.0,88
15175,0,Inactive Low-Activity,United Kingdom,72,1,224.14,454,23,224.14,454.0,0
15176,0,Inactive Low-Activity,United Kingdom,668,1,988.04,448,52,988.04,448.0,0
15177,0,Inactive Low-Activity,United Kingdom,426,1,948.93,485,26,948.93,485.0,0
15178,0,Inactive Low-Activity,United Kingdom,261,1,40.5,30,3,40.5,30.0,0
15179,2,Recent High-Activity,United Kingdom,19,13,7491.92,5416,225,576.3,416.62,718
15180,1,Developing / Moderate,United Kingdom,368,3,816.93,654,46,272.31,218.0,222
15181,1,Developing / Moderate,United Kingdom,67,5,1200.2,688,15,240.04,137.6,665
15182,2,Recent High-Activity,United Kingdom,155,11,2998.95,1186,78,272.63,107.82,502
15183,0,Inactive Low-Activity,United Kingdom,548,3,639.93,297,33,213.31,99.0,37
15184,1,Developing / Moderate,United Kingdom,30,4,685.39,462,72,171.35,115.5,694
15185,0,Inactive Low-Activity,United Kingdom,71,1,310.62,666,21,310.62,666.0,0
15186,1,Developing / Moderate,United Kingdom,15,5,1403.2,716,29,280.64,143.2,682
15187,2,Recent High-Activity,United Kingdom,2,16,4777.18,1887,61,298.57,117.94,211
15188,0,Inactive Low-Activity,United Kingdom,726,1,310.43,233,23,310.43,233.0,0
15189,2,Recent High-Activity,United Kingdom,2,46,17524.38,6902,90,380.96,150.04,508
15190,0,Inactive Low-Activity,United Kingdom,435,1,834.44,790,40,834.44,790.0,0
15191,0,Inactive Low-Activity,United Kingdom,464,3,588.05,287,33,196.02,95.67,225
15192,1,Developing / Moderate,United Kingdom,120,5,1666.39,1448,56,333.28,289.6,560
15193,0,Inactive Low-Activity,United Kingdom,61,1,499.32,144,19,499.32,144.0,0
15194,2,Recent High-Activity,United Kingdom,4,28,12021.53,8922,274,429.34,318.64,733
15195,0,Inactive Low-Activity,United Kingdom,3,1,3861.0,1404,1,3861.0,1404.0,0
15196,0,Inactive Low-Activity,United Kingdom,433,2,313.7,130,34,156.85,65.0,294
15197,2,Recent High-Activity,United Kingdom,11,6,1877.51,1058,44,312.92,176.33,718
15198,1,Developing / Moderate,United Kingdom,93,5,571.35,327,28,114.27,65.4,597
15199,2,Recent High-Activity,United Kingdom,60,10,3122.4,894,17,312.24,89.4,516
15200,0,Inactive Low-Activity,United Kingdom,495,1,549.05,195,30,549.05,195.0,0
15201,1,Developing / Moderate,United Kingdom,88,7,1842.95,1660,44,263.28,237.14,524
15202,0,Inactive Low-Activity,United Kingdom,421,3,6001.49,3,1,2000.5,1.0,0
15203,2,Recent High-Activity,United Kingdom,26,15,4400.18,4182,150,293.35,278.8,706
15204,0,Inactive Low-Activity,United Kingdom,358,1,316.58,258,9,316.58,258.0,0
15205,1,Developing / Moderate,United Kingdom,86,2,653.24,378,37,326.62,189.0,42
15206,1,Developing / Moderate,United Kingdom,11,4,420.3,162,3,105.07,40.5,265
15207,0,Inactive Low-Activity,United Kingdom,417,3,683.92,428,19,227.97,142.67,131
15208,1,Developing / Moderate,United Kingdom,2,6,970.52,356,27,161.75,59.33,422
15209,0,Inactive Low-Activity,United Kingdom,731,1,178.98,94,13,178.98,94.0,0
15210,1,Developing / Moderate,United Kingdom,226,3,1176.19,841,66,392.06,280.33,350
15211,1,Developing / Moderate,United Kingdom,61,2,894.41,240,52,447.21,120.0,305
15212,0,Inactive Low-Activity,United Kingdom,242,2,208.28,84,7,104.14,42.0,135
15213,0,Inactive Low-Activity,United Kingdom,319,2,328.35,272,22,164.18,136.0,11
15214,1,Developing / Moderate,United Kingdom,2,8,1661.44,1254,109,207.68,156.75,241
15215,2,Recent High-Activity,United Kingdom,47,7,2422.43,776,85,346.06,110.86,566
15216,1,Developing / Moderate,United Kingdom,88,2,486.09,217,24,243.04,108.5,531
15217,0,Inactive Low-Activity,United Kingdom,564,1,426.24,190,28,426.24,190.0,0
15218,2,Recent High-Activity,United Kingdom,11,22,11468.83,6530,139,521.31,296.82,672
15219,1,Developing / Moderate,United Kingdom,177,2,685.45,271,26,342.73,135.5,472
15220,1,Developing / Moderate,United Kingdom,52,6,1778.96,1393,110,296.49,232.17,229
15221,1,Developing / Moderate,United Kingdom,367,4,2062.2,244,21,515.55,61.0,271
15222,2,Recent High-Activity,United Kingdom,319,11,3550.91,4458,98,322.81,405.27,405
15223,1,Developing / Moderate,United Kingdom,226,5,1417.95,385,26,283.59,77.0,509
15224,1,Developing / Moderate,United Kingdom,359,5,871.36,443,24,174.27,88.6,335
15225,0,Inactive Low-Activity,United Kingdom,235,1,409.4,226,23,409.4,226.0,0
15226,0,Inactive Low-Activity,United Kingdom,311,1,154.41,71,8,154.41,71.0,0
15227,2,Recent High-Activity,United Kingdom,37,9,2488.49,1217,86,276.5,135.22,597
15228,2,Recent High-Activity,United Kingdom,67,6,5580.27,3375,184,930.04,562.5,433
15229,0,Inactive Low-Activity,United Kingdom,587,1,160.5,114,9,160.5,114.0,0
15230,0,Inactive Low-Activity,United Kingdom,240,2,429.6,351,23,214.8,175.5,1
15231,0,Inactive Low-Activity,United Kingdom,622,1,250.26,190,14,250.26,190.0,0
15232,1,Developing / Moderate,United Kingdom,114,2,612.06,686,26,306.03,343.0,27
15233,0,Inactive Low-Activity,United Kingdom,402,1,59.4,12,1,59.4,12.0,0
15234,0,Inactive Low-Activity,United Kingdom,277,1,197.0,196,14,197.0,196.0,0
15235,2,Recent High-Activity,United Kingdom,218,16,2772.76,1676,161,173.3,104.75,171
15236,0,Inactive Low-Activity,United Kingdom,299,1,321.05,269,15,321.05,269.0,0
15237,1,Developing / Moderate,United Kingdom,2,4,1412.32,1071,94,353.08,267.75,226
15238,1,Developing / Moderate,United Kingdom,30,3,1071.99,692,49,357.33,230.67,155
15239,1,Developing / Moderate,United Kingdom,11,2,780.59,594,48,390.3,297.0,68
15240,2,Recent High-Activity,United Kingdom,45,12,4459.98,3214,134,371.66,267.83,690
15241,2,Recent High-Activity,United Kingdom,67,11,3050.16,3328,120,277.29,302.55,588
15242,0,Inactive Low-Activity,United Kingdom,423,1,302.04,196,4,302.04,196.0,0
15243,1,Developing / Moderate,United Kingdom,75,2,927.28,543,56,463.64,271.5,361
15244,1,Developing / Moderate,United Kingdom,66,3,912.08,472,44,304.03,157.33,601
15245,2,Recent High-Activity,United Kingdom,135,8,4610.84,3021,72,576.36,377.62,461
15246,1,Developing / Moderate,United Kingdom,239,3,780.4,359,45,260.13,119.67,317
15247,1,Developing / Moderate,United Kingdom,123,3,976.06,514,13,325.35,171.33,415
15248,1,Developing / Moderate,United Kingdom,412,3,1893.93,1065,103,631.31,355.0,123
15249,2,Recent High-Activity,United Kingdom,32,18,9266.0,4980,304,514.78,276.67,592
15250,0,Inactive Low-Activity,United Kingdom,641,1,60.0,48,3,60.0,48.0,0
15251,2,Recent High-Activity,United Kingdom,10,21,20324.54,12108,183,967.84,576.57,670
15252,2,Recent High-Activity,United Kingdom,37,5,2103.41,1430,106,420.68,286.0,575
15253,2,Recent High-Activity,United Kingdom,17,8,2055.09,1588,102,256.89,198.5,570
15254,1,Developing / Moderate,United Kingdom,128,3,1088.35,711,64,362.78,237.0,433
15255,2,Recent High-Activity,United Kingdom,67,9,3706.02,2214,137,411.78,246.0,670
15256,0,Inactive Low-Activity,United Kingdom,149,2,170.4,92,6,85.2,46.0,413
15257,0,Inactive Low-Activity,United Kingdom,284,2,685.9,71,11,342.95,35.5,131
15258,1,Developing / Moderate,United Kingdom,169,2,623.16,142,32,311.58,71.0,49
15259,1,Developing / Moderate,United Kingdom,513,4,1182.38,631,50,295.59,157.75,170
15260,2,Recent High-Activity,United Kingdom,101,25,8767.73,4468,186,350.71,178.72,633
15261,1,Developing / Moderate,United Kingdom,136,4,1508.0,806,87,377.0,201.5,299
15262,0,Inactive Low-Activity,United Kingdom,324,3,418.82,218,22,139.61,72.67,165
15263,0,Inactive Low-Activity,United Kingdom,107,1,156.51,89,12,156.51,89.0,0
15264,1,Developing / Moderate,United Kingdom,65,2,848.4,443,52,424.2,221.5,466
15265,2,Recent High-Activity,United Kingdom,152,4,3345.64,1570,179,836.41,392.5,587
15266,1,Developing / Moderate,United Kingdom,339,5,852.21,236,38,170.44,47.2,363
15267,1,Developing / Moderate,United Kingdom,23,5,1717.36,944,8,343.47,188.8,160
15268,0,Inactive Low-Activity,United Kingdom,479,3,961.9,428,21,320.63,142.67,127
15269,1,Developing / Moderate,United Kingdom,24,3,1225.36,372,33,408.45,124.0,367
15270,2,Recent High-Activity,United Kingdom,16,21,8524.86,4010,66,405.95,190.95,707
15271,2,Recent High-Activity,United Kingdom,8,24,4528.54,2412,369,188.69,100.5,484
15272,2,Recent High-Activity,United Kingdom,58,6,2030.95,665,257,338.49,110.83,606
15273,0,Inactive Low-Activity,United Kingdom,600,1,228.96,216,1,228.96,216.0,0
15274,1,Developing / Moderate,United Kingdom,5,2,716.57,619,44,358.29,309.5,14
15275,1,Developing / Moderate,United Kingdom,38,1,615.14,498,41,615.14,498.0,0
15276,1,Developing / Moderate,United Kingdom,67,4,619.8,317,160,154.95,79.25,368
15277,1,Developing / Moderate,United Kingdom,47,2,476.34,373,23,238.17,186.5,379
15278,0,Inactive Low-Activity,United Kingdom,562,4,496.16,458,29,124.04,114.5,104
15279,1,Developing / Moderate,United Kingdom,355,5,1580.54,802,74,316.11,160.4,321
15280,1,Developing / Moderate,United Kingdom,173,3,397.52,507,48,132.51,169.0,399
15281,2,Recent High-Activity,United Kingdom,59,16,8543.57,5233,427,533.97,327.06,369
15282,0,Inactive Low-Activity,United Kingdom,571,1,348.59,395,27,348.59,395.0,0
15283,0,Inactive Low-Activity,United Kingdom,391,3,148.33,27,9,49.44,9.0,128
15284,0,Inactive Low-Activity,United Kingdom,501,1,24.75,5,1,24.75,5.0,0
15285,0,Inactive Low-Activity,United Kingdom,408,1,94.92,120,6,94.92,120.0,0
15286,0,Inactive Low-Activity,United Kingdom,50,1,240.55,55,3,240.55,55.0,0
15287,1,Developing / Moderate,United Kingdom,23,5,856.03,1010,23,171.21,202.0,715
15288,2,Recent High-Activity,United Kingdom,44,10,3715.38,1336,128,371.54,133.6,622
15289,1,Developing / Moderate,United Kingdom,30,5,1593.09,1627,67,318.62,325.4,592
15290,2,Recent High-Activity,United Kingdom,5,26,10496.28,6567,106,403.7,252.58,649
15291,2,Recent High-Activity,United Kingdom,26,40,13517.76,4905,116,337.94,122.62,711
15292,0,Inactive Low-Activity,United Kingdom,202,1,178.39,55,24,178.39,55.0,0
15293,0,Inactive Low-Activity,United Kingdom,666,1,247.5,178,19,247.5,178.0,0
15294,0,Inactive Low-Activity,United Kingdom,411,1,233.35,97,15,233.35,97.0,0
15295,0,Inactive Low-Activity,United Kingdom,655,1,207.04,139,50,207.04,139.0,0
15296,2,Recent High-Activity,United Kingdom,51,12,10323.03,5452,342,860.25,454.33,637
15297,1,Developing / Moderate,United Kingdom,11,3,641.94,292,30,213.98,97.33,53
15298,2,Recent High-Activity,United Kingdom,3,23,9061.77,6000,199,393.99,260.87,729
15299,2,Recent High-Activity,United Kingdom,68,10,6156.53,3356,9,615.65,335.6,629
15300,1,Developing / Moderate,United Kingdom,65,1,496.44,292,28,496.44,292.0,0
15301,2,Recent High-Activity,United Kingdom,51,17,6909.67,3763,231,406.45,221.35,400
15302,0,Inactive Low-Activity,United Kingdom,731,1,308.0,102,15,308.0,102.0,0
15303,1,Developing / Moderate,United Kingdom,291,3,1224.18,514,63,408.06,171.33,393
15304,1,Developing / Moderate,United Kingdom,61,9,796.4,112,8,88.49,12.44,361
15305,0,Inactive Low-Activity,United Kingdom,556,1,93.6,40,5,93.6,40.0,0
15306,2,Recent High-Activity,United Kingdom,65,9,3484.73,3074,123,387.19,341.56,595
15307,0,Inactive Low-Activity,United Kingdom,96,1,205.3,37,12,205.3,37.0,0
15308,0,Inactive Low-Activity,United Kingdom,275,1,310.47,175,19,310.47,175.0,0
15309,0,Inactive Low-Activity,United Kingdom,611,4,797.96,440,49,199.49,110.0,125
15310,0,Inactive Low-Activity,United Kingdom,479,1,1634.64,1476,45,1634.64,1476.0,0
15311,2,Recent High-Activity,United Kingdom,1,208,114966.42,70149,864,552.72,337.25,738
15312,2,Recent High-Activity,United Kingdom,76,12,2930.19,1693,118,244.18,141.08,648
15313,0,Inactive Low-Activity,United Kingdom,111,1,52.0,25,1,52.0,25.0,0
15314,1,Developing / Moderate,United Kingdom,200,3,820.45,750,49,273.48,250.0,229
15315,1,Developing / Moderate,United Kingdom,65,2,570.5,862,35,285.25,431.0,52
15316,0,Inactive Low-Activity,United Kingdom,327,1,165.0,100,1,165.0,100.0,0
15317,0,Inactive Low-Activity,United Kingdom,678,1,129.75,45,5,129.75,45.0,0
15318,1,Developing / Moderate,United Kingdom,4,1,312.62,642,33,312.62,642.0,0
15319,0,Inactive Low-Activity,United Kingdom,284,1,204.5,175,16,204.5,175.0,0
15320,0,Inactive Low-Activity,United Kingdom,45,1,267.13,326,36,267.13,326.0,0
15321,2,Recent High-Activity,United Kingdom,71,12,6709.73,3653,242,559.14,304.42,604
15322,1,Developing / Moderate,United Kingdom,86,2,1390.86,971,76,695.43,485.5,391
15323,0,Inactive Low-Activity,United Kingdom,563,3,434.6,188,29,144.87,62.67,99
15324,0,Inactive Low-Activity,United Kingdom,702,1,140.22,74,8,140.22,74.0,0
15325,2,Recent High-Activity,United Kingdom,104,8,1601.46,1382,164,200.18,172.75,558
15326,1,Developing / Moderate,United Kingdom,334,5,1700.52,1351,94,340.1,270.2,405
15327,0,Inactive Low-Activity,United Kingdom,53,1,208.75,116,10,208.75,116.0,0
15328,0,Inactive Low-Activity,United Kingdom,408,1,107.24,88,8,107.24,88.0,0
15329,2,Recent High-Activity,United Kingdom,40,11,2958.83,1217,98,268.98,110.64,686
15330,1,Developing / Moderate,United Kingdom,33,2,714.96,1312,10,357.48,656.0,28
15331,0,Inactive Low-Activity,United Kingdom,500,3,767.91,701,41,255.97,233.67,110
15332,1,Developing / Moderate,Lithuania,367,6,4892.68,2306,113,815.45,384.33,147
15333,0,Inactive Low-Activity,United Kingdom,209,1,1028.56,344,16,1028.56,344.0,0
15334,1,Developing / Moderate,United Kingdom,157,3,350.82,273,67,116.94,91.0,17
15335,0,Inactive Low-Activity,United Kingdom,54,1,170.22,79,34,170.22,79.0,0
15336,0,Inactive Low-Activity,United Kingdom,402,1,240.5,84,15,240.5,84.0,0
15337,0,Inactive Low-Activity,United Kingdom,412,1,373.02,200,21,373.02,200.0,0
15338,0,Inactive Low-Activity,United Kingdom,678,1,277.93,148,56,277.93,148.0,0
15339,2,Recent High-Activity,United Kingdom,67,7,1821.02,1138,162,260.15,162.57,603
15340,0,Inactive Low-Activity,United Kingdom,562,1,105.5,76,7,105.5,76.0,0
15341,1,Developing / Moderate,United Kingdom,81,2,2402.72,1008,22,1201.36,504.0,369
15342,0,Inactive Low-Activity,United Kingdom,130,1,406.09,283,24,406.09,283.0,0
15343,0,Inactive Low-Activity,United Kingdom,88,1,364.5,84,21,364.5,84.0,0
15344,1,Developing / Moderate,United Kingdom,1,3,563.94,116,21,187.98,38.67,74
15345,0,Inactive Low-Activity,United Kingdom,46,1,393.54,81,20,393.54,81.0,0
15346,0,Inactive Low-Activity,United Kingdom,333,3,596.12,260,36,198.71,86.67,99
15347,1,Developing / Moderate,United Kingdom,367,4,1162.0,542,29,290.5,135.5,71
15348,0,Inactive Low-Activity,United Kingdom,73,1,158.04,84,9,158.04,84.0,0
15349,1,Developing / Moderate,United Kingdom,159,2,463.91,321,65,231.95,160.5,29
15350,0,Inactive Low-Activity,United Kingdom,374,2,547.6,272,26,273.8,136.0,10
15351,2,Recent High-Activity,United Kingdom,13,10,3430.22,1350,201,343.02,135.0,420
15352,0,Inactive Low-Activity,United Kingdom,549,1,111.15,40,34,111.15,40.0,0
15353,2,Recent High-Activity,United Kingdom,255,7,2794.47,1391,274,399.21,198.71,483
15354,0,Inactive Low-Activity,United Kingdom,604,3,284.4,3,1,94.8,1.0,0
15355,0,Inactive Low-Activity,United Kingdom,30,2,277.05,45,9,138.53,22.5,24
15356,2,Recent High-Activity,United Kingdom,32,13,3239.57,1892,290,249.2,145.54,391
15358,2,Recent High-Activity,United Kingdom,5,42,16425.86,14902,359,391.09,354.81,728
15359,0,Inactive Low-Activity,United Kingdom,663,8,181.35,145,10,22.67,18.12,31
15360,0,Inactive Low-Activity,United Kingdom,40,1,427.93,223,13,427.93,223.0,0
15361,0,Inactive Low-Activity,United Kingdom,362,4,689.07,373,10,172.27,93.25,182
15362,0,Inactive Low-Activity,United Kingdom,449,2,613.08,368,38,306.54,184.0,290
15363,0,Inactive Low-Activity,United Kingdom,373,2,678.11,383,32,339.06,191.5,120
15364,1,Developing / Moderate,United Kingdom,96,2,913.19,493,29,456.6,246.5,159
15365,2,Recent High-Activity,United Kingdom,26,13,4557.13,2131,126,350.55,163.92,648
15366,2,Recent High-Activity,United Kingdom,76,7,2389.08,2447,86,341.3,349.57,576
15367,2,Recent High-Activity,United Kingdom,58,11,5081.33,2944,214,461.94,267.64,672
15368,1,Developing / Moderate,United Kingdom,22,2,722.74,406,8,361.37,203.0,373
15369,1,Developing / Moderate,United Kingdom,493,11,6251.26,3288,44,568.3,298.91,239
15370,2,Recent High-Activity,United Kingdom,41,8,3739.01,1397,90,467.38,174.62,370
15371,0,Inactive Low-Activity,United Kingdom,663,1,59.4,12,1,59.4,12.0,0
15372,2,Recent High-Activity,United Kingdom,138,8,6017.06,6410,45,752.13,801.25,526
15373,2,Recent High-Activity,United Kingdom,9,17,3084.54,726,107,181.44,42.71,578
15374,1,Developing / Moderate,United Kingdom,129,2,307.32,290,8,153.66,145.0,496
15375,0,Inactive Low-Activity,United Kingdom,691,1,60.96,84,6,60.96,84.0,0
15376,1,Developing / Moderate,United Kingdom,41,3,1221.56,615,100,407.19,205.0,182
15377,0,Inactive Low-Activity,United Kingdom,383,4,1211.75,253,15,302.94,63.25,33
15378,0,Inactive Low-Activity,United Kingdom,463,2,246.5,130,8,123.25,65.0,39
15379,2,Recent High-Activity,United Kingdom,170,8,4877.84,3000,177,609.73,375.0,231
15380,2,Recent High-Activity,United Kingdom,9,11,3248.96,954,27,295.36,86.73,730
15381,1,Developing / Moderate,United Kingdom,214,5,1890.57,802,20,378.11,160.4,370
15382,2,Recent High-Activity,United Kingdom,15,12,13733.55,9178,315,1144.46,764.83,721
15384,1,Developing / Moderate,United Kingdom,170,4,2027.79,1767,83,506.95,441.75,423
15385,1,Developing / Moderate,United Kingdom,41,3,942.08,428,18,314.03,142.67,637
15386,0,Inactive Low-Activity,United Kingdom,187,1,394.14,446,31,394.14,446.0,0
15387,0,Inactive Low-Activity,United Kingdom,493,1,468.65,335,20,468.65,335.0,0
15388,0,Inactive Low-Activity,Canada,271,1,140.54,88,10,140.54,88.0,0
15389,1,Developing / Moderate,United Kingdom,173,5,2733.8,3940,2,546.76,788.0,509
15390,1,Developing / Moderate,Canada,397,2,1216.66,894,77,608.33,447.0,13
15391,0,Inactive Low-Activity,United Kingdom,585,1,289.87,109,12,289.87,109.0,0
15392,2,Recent High-Activity,United Kingdom,5,7,2911.62,2144,100,415.95,306.29,427
15393,1,Developing / Moderate,United Kingdom,17,5,891.34,378,37,178.27,75.6,708
15394,2,Recent High-Activity,United Kingdom,10,11,5286.8,2372,129,480.62,215.64,715
15395,0,Inactive Low-Activity,United Kingdom,326,1,107.45,17,7,107.45,17.0,0
15396,1,Developing / Moderate,United Kingdom,113,2,796.38,278,16,398.19,139.0,471
15397,0,Inactive Low-Activity,United Kingdom,290,1,94.0,20,6,94.0,20.0,0
15398,1,Developing / Moderate,United Kingdom,17,2,1345.53,769,60,672.76,384.5,62
15399,1,Developing / Moderate,United Kingdom,2,3,815.77,611,45,271.92,203.67,78
15400,1,Developing / Moderate,United Kingdom,93,8,1302.3,662,16,162.79,82.75,468
15401,0,Inactive Low-Activity,United Kingdom,453,2,216.95,93,14,108.48,46.5,116
15402,1,Developing / Moderate,United Kingdom,149,6,1830.54,2034,79,305.09,339.0,443
15403,0,Inactive Low-Activity,United Kingdom,492,2,170.88,492,6,85.44,246.0,239
15404,0,Inactive Low-Activity,United Kingdom,376,1,257.06,334,16,257.06,334.0,0
15405,1,Developing / Moderate,United Kingdom,190,2,659.84,348,29,329.92,174.0,387
15406,1,Developing / Moderate,United Kingdom,32,4,975.87,547,108,243.97,136.75,422
15407,1,Developing / Moderate,United Kingdom,34,4,1046.74,552,142,261.69,138.0,272
15408,0,Inactive Low-Activity,United Kingdom,265,1,267.18,106,34,267.18,106.0,0
15409,0,Inactive Low-Activity,United Kingdom,722,1,131.25,59,9,131.25,59.0,0
15410,2,Recent High-Activity,United Kingdom,85,10,4685.72,1902,80,468.57,190.2,515
15411,1,Developing / Moderate,United Kingdom,27,4,1348.93,529,86,337.23,132.25,156
15412,0,Inactive Low-Activity,United Kingdom,172,1,190.53,108,10,190.53,108.0,0
15413,0,Inactive Low-Activity,United Kingdom,692,5,6798.72,2694,20,1359.74,538.8,47
15414,1,Developing / Moderate,United Kingdom,10,3,774.9,443,37,258.3,147.67,233
15415,0,Inactive Low-Activity,United Kingdom,314,1,559.61,551,46,559.61,551.0,0
15416,2,Recent High-Activity,United Kingdom,65,7,4572.82,2420,189,653.26,345.71,612
15417,0,Inactive Low-Activity,United Kingdom,86,1,508.8,284,28,508.8,284.0,0
15418,0,Inactive Low-Activity,United Kingdom,426,2,449.42,264,64,224.71,132.0,161
15419,0,Inactive Low-Activity,United Kingdom,25,1,135.86,230,8,135.86,230.0,0
15420,1,Developing / Moderate,United Kingdom,435,6,743.0,844,52,123.83,140.67,300
15421,2,Recent High-Activity,United Kingdom,59,10,3805.34,1927,170,380.53,192.7,674
15422,1,Developing / Moderate,United Kingdom,324,7,1619.97,710,80,231.42,101.43,347
15423,1,Developing / Moderate,United Kingdom,39,3,266.89,198,13,88.96,66.0,583
15424,1,Developing / Moderate,United Kingdom,255,3,597.78,873,33,199.26,291.0,209
15425,1,Developing / Moderate,United Kingdom,401,4,1941.12,1041,114,485.28,260.25,263
15426,2,Recent High-Activity,United Kingdom,20,9,2156.35,1041,327,239.59,115.67,567
15427,1,Developing / Moderate,United Kingdom,34,3,1430.54,967,233,476.85,322.33,14
15428,1,Developing / Moderate,United Kingdom,16,4,762.75,347,39,190.69,86.75,707
15429,1,Developing / Moderate,United Kingdom,27,2,397.35,380,77,198.68,190.0,49
15430,0,Inactive Low-Activity,United Kingdom,468,2,954.75,309,36,477.38,154.5,61
15431,0,Inactive Low-Activity,United Kingdom,503,1,153.24,84,2,153.24,84.0,0
15432,1,Developing / Moderate,United Kingdom,24,2,320.76,92,16,160.38,46.0,518
15433,1,Developing / Moderate,United Kingdom,214,2,533.3,534,40,266.65,267.0,54
15434,2,Recent High-Activity,United Kingdom,9,11,2567.06,1423,82,233.37,129.36,676
15435,0,Inactive Low-Activity,United Kingdom,23,1,149.29,54,29,149.29,54.0,0
15436,1,Developing / Moderate,United Kingdom,13,3,1067.75,574,243,355.92,191.33,222
15437,1,Developing / Moderate,United Kingdom,263,2,393.45,177,56,196.72,88.5,378
15438,0,Inactive Low-Activity,United Kingdom,132,1,156.58,59,25,156.58,59.0,0
15439,1,Developing / Moderate,United Kingdom,405,4,1269.05,572,49,317.26,143.0,249
15440,1,Developing / Moderate,United Kingdom,55,3,383.68,197,50,127.89,65.67,154
15441,1,Developing / Moderate,United Kingdom,397,3,1254.21,587,45,418.07,195.67,334
15442,0,Inactive Low-Activity,United Kingdom,249,1,594.0,120,2,594.0,120.0,0
15443,2,Recent High-Activity,United Kingdom,2,14,5114.23,2699,408,365.3,192.79,641
15444,1,Developing / Moderate,United Kingdom,10,2,1411.21,759,191,705.61,379.5,31
15445,0,Inactive Low-Activity,United Kingdom,265,2,284.5,118,12,142.25,59.0,326
15446,1,Developing / Moderate,United Kingdom,377,3,399.75,265,90,133.25,88.33,350
15447,1,Developing / Moderate,United Kingdom,331,5,492.88,228,27,98.58,45.6,295
15448,1,Developing / Moderate,United Kingdom,313,2,788.81,487,49,394.4,243.5,362
15449,1,Developing / Moderate,United Kingdom,27,3,974.52,812,47,324.84,270.67,235
15450,1,Developing / Moderate,United Kingdom,31,1,429.84,376,30,429.84,376.0,0
15451,0,Inactive Low-Activity,United Kingdom,435,2,226.86,76,56,113.43,38.0,165
15452,2,Recent High-Activity,United Kingdom,30,6,1785.11,1087,158,297.52,181.17,482
15453,1,Developing / Moderate,United Kingdom,2,7,1371.77,837,169,195.97,119.57,186
15454,0,Inactive Low-Activity,United Kingdom,363,2,305.99,146,35,153.0,73.0,256
15455,0,Inactive Low-Activity,United Kingdom,598,1,38.25,3,2,38.25,3.0,0
15456,2,Recent High-Activity,United Kingdom,284,10,2091.52,2727,128,209.15,272.7,448
15457,0,Inactive Low-Activity,United Kingdom,263,1,237.07,132,56,237.07,132.0,0
15458,1,Developing / Moderate,United Kingdom,26,2,370.44,300,13,185.22,150.0,377
15459,0,Inactive Low-Activity,United Kingdom,418,2,202.83,121,6,101.41,60.5,80
15460,0,Inactive Low-Activity,United Kingdom,355,1,214.26,107,53,214.26,107.0,0
15461,0,Inactive Low-Activity,United Kingdom,461,2,429.7,230,1,214.85,115.0,171
15462,1,Developing / Moderate,United Kingdom,95,4,737.05,495,32,184.26,123.75,351
15463,0,Inactive Low-Activity,United Kingdom,30,1,126.14,106,7,126.14,106.0,0
15464,1,Developing / Moderate,United Kingdom,339,1,1044.65,348,155,1044.65,348.0,0
15465,2,Recent High-Activity,United Kingdom,20,32,12100.4,2638,94,378.14,82.44,710
15466,2,Recent High-Activity,United Kingdom,86,4,1560.46,941,211,390.12,235.25,651
15467,1,Developing / Moderate,United Kingdom,10,3,524.88,310,41,174.96,103.33,143
15468,1,Developing / Moderate,United Kingdom,52,3,1430.48,1400,80,476.83,466.67,341
15469,1,Developing / Moderate,United Kingdom,51,3,874.25,287,38,291.42,95.67,388
15470,0,Inactive Low-Activity,United Kingdom,576,1,63.42,232,4,63.42,232.0,0
15471,1,Developing / Moderate,United Kingdom,3,3,1292.01,670,122,430.67,223.33,548
15472,1,Developing / Moderate,United Kingdom,114,1,371.56,251,76,371.56,251.0,0
15473,1,Developing / Moderate,United Kingdom,15,8,2046.0,776,5,255.75,97.0,430
15474,0,Inactive Low-Activity,United Kingdom,596,1,150.35,55,19,150.35,55.0,0
15475,0,Inactive Low-Activity,United Kingdom,78,1,454.11,319,29,454.11,319.0,0
15476,1,Developing / Moderate,United Kingdom,381,4,2209.98,1174,67,552.5,293.5,62
15477,0,Inactive Low-Activity,United Kingdom,650,1,368.4,216,2,368.4,216.0,0
15478,1,Developing / Moderate,United Kingdom,41,3,1983.48,894,53,661.16,298.0,535
15479,0,Inactive Low-Activity,United Kingdom,734,1,147.4,38,9,147.4,38.0,0
15480,2,Recent High-Activity,Malta,117,5,6279.0,1852,199,1255.8,370.4,560
15481,0,Inactive Low-Activity,Norway,402,1,1993.34,1450,38,1993.34,1450.0,0
15482,2,Recent High-Activity,United Kingdom,16,19,14417.36,6516,74,758.81,342.95,722
15483,2,Recent High-Activity,United Kingdom,162,10,817.82,905,216,81.78,90.5,523
15484,2,Recent High-Activity,United Kingdom,2,6,4652.1,4074,180,775.35,679.0,733
15485,2,Recent High-Activity,United Kingdom,31,7,4810.92,2153,80,687.27,307.57,708
15486,0,Inactive Low-Activity,United Kingdom,528,1,102.0,40,1,102.0,40.0,0
15487,0,Inactive Low-Activity,United Kingdom,680,1,231.32,144,14,231.32,144.0,0
15488,1,Developing / Moderate,United Kingdom,93,5,431.92,251,10,86.38,50.2,491
15489,2,Recent High-Activity,United Kingdom,23,8,2419.61,1264,75,302.45,158.0,671
15490,0,Inactive Low-Activity,United Kingdom,431,1,210.85,82,22,210.85,82.0,0
15491,1,Developing / Moderate,United Kingdom,96,6,3100.09,1646,108,516.68,274.33,140
15492,1,Developing / Moderate,United Kingdom,29,2,659.46,483,32,329.73,241.5,46
15493,2,Recent High-Activity,United Kingdom,33,9,4121.68,1206,289,457.96,134.0,622
15494,2,Recent High-Activity,United Kingdom,22,5,3702.6,3052,307,740.52,610.4,708
15495,0,Inactive Low-Activity,United Kingdom,380,1,246.5,194,20,246.5,194.0,0
15496,0,Inactive Low-Activity,United Kingdom,632,1,146.14,98,22,146.14,98.0,0
15497,2,Recent High-Activity,United Kingdom,18,9,8657.39,2937,66,961.93,326.33,704
15498,2,Recent High-Activity,United Kingdom,3,44,24972.86,12134,597,567.57,275.77,721
15499,0,Inactive Low-Activity,United Kingdom,724,1,158.65,59,40,158.65,59.0,0
15500,1,Developing / Moderate,United Kingdom,9,4,1131.56,572,64,282.89,143.0,73
15501,0,Inactive Low-Activity,United Kingdom,405,2,399.95,205,64,199.97,102.5,11
15502,2,Recent High-Activity,United Kingdom,16,14,13003.87,5559,231,928.85,397.07,539
15503,1,Developing / Moderate,United Kingdom,363,2,257.3,130,112,128.65,65.0,364
15504,1,Developing / Moderate,United Kingdom,82,4,402.7,141,42,100.67,35.25,584
15505,1,Developing / Moderate,United Kingdom,53,5,3610.96,2390,90,722.19,478.0,103
15506,2,Recent High-Activity,United Kingdom,23,6,2030.33,1637,180,338.39,272.83,455
15507,0,Inactive Low-Activity,United Kingdom,172,1,475.86,160,41,475.86,160.0,0
15508,1,Developing / Moderate,United Kingdom,190,6,1000.27,440,78,166.71,73.33,46
15509,0,Inactive Low-Activity,United Kingdom,381,1,152.41,58,26,152.41,58.0,0
15510,0,Inactive Low-Activity,United Kingdom,331,1,250.0,2,1,250.0,2.0,0
15511,1,Developing / Moderate,United Kingdom,12,5,900.53,269,117,180.11,53.8,74
15512,1,Developing / Moderate,United Kingdom,156,4,331.58,235,29,82.89,58.75,521
15513,2,Recent High-Activity,United Kingdom,34,35,26437.05,10477,278,755.34,299.34,662
15514,2,Recent High-Activity,United Kingdom,13,18,6392.06,4087,171,355.11,227.06,723
15515,0,Inactive Low-Activity,United Kingdom,388,1,171.81,131,7,171.81,131.0,0
15516,0,Inactive Low-Activity,United Kingdom,45,3,62.43,27,15,20.81,9.0,2
15517,0,Inactive Low-Activity,United Kingdom,234,1,267.03,293,27,267.03,293.0,0
15518,2,Recent High-Activity,United Kingdom,65,15,4189.99,2810,250,279.33,187.33,655
15519,0,Inactive Low-Activity,United Kingdom,384,2,344.61,116,34,172.31,58.0,63
15520,0,Inactive Low-Activity,United Kingdom,2,1,343.5,314,18,343.5,314.0,0
15521,2,Recent High-Activity,United Kingdom,41,16,7098.24,4507,186,443.64,281.69,663
15522,1,Developing / Moderate,United Kingdom,33,2,397.99,572,47,199.0,286.0,55
15523,2,Recent High-Activity,United Kingdom,85,16,17259.19,15633,65,1078.7,977.06,653
15524,1,Developing / Moderate,United Kingdom,25,2,591.4,28,9,295.7,14.0,582
15525,1,Developing / Moderate,United Kingdom,3,4,890.22,527,152,222.56,131.75,380
15526,0,Inactive Low-Activity,United Kingdom,34,2,148.44,24,4,74.22,12.0,0
15527,2,Recent High-Activity,United Kingdom,19,23,5554.89,2211,226,241.52,96.13,706
15528,0,Inactive Low-Activity,United Kingdom,255,1,229.33,123,26,229.33,123.0,0
15529,2,Recent High-Activity,United Kingdom,23,12,4783.66,4271,451,398.64,355.92,372
15530,1,Developing / Moderate,United Kingdom,22,5,1808.68,1328,111,361.74,265.6,491
15531,1,Developing / Moderate,United Kingdom,9,2,1972.39,1085,196,986.2,542.5,22
15532,2,Recent High-Activity,United Kingdom,26,10,3738.85,1337,417,373.88,133.7,524
15533,1,Developing / Moderate,United Kingdom,20,3,807.57,289,73,269.19,96.33,70
15534,0,Inactive Low-Activity,United Kingdom,726,1,162.25,63,8,162.25,63.0,0
15535,1,Developing / Moderate,United Kingdom,174,6,1044.37,314,88,174.06,52.33,276
15536,0,Inactive Low-Activity,United Kingdom,410,1,259.09,242,16,259.09,242.0,0
15537,0,Inactive Low-Activity,United Kingdom,164,1,110.92,29,24,110.92,29.0,0
15538,0,Inactive Low-Activity,United Kingdom,538,6,3358.4,1016,3,559.73,169.33,126
15539,1,Developing / Moderate,United Kingdom,8,1,538.46,410,41,538.46,410.0,0
15540,1,Developing / Moderate,United Kingdom,12,2,460.68,444,31,230.34,222.0,364
15541,0,Inactive Low-Activity,United Kingdom,115,1,85.13,49,29,85.13,49.0,0
15542,1,Developing / Moderate,United Kingdom,513,3,855.71,418,212,285.24,139.33,225
15543,0,Inactive Low-Activity,United Kingdom,289,2,242.26,167,50,121.13,83.5,171
15544,2,Recent High-Activity,United Kingdom,10,20,7807.89,6745,175,390.39,337.25,671
15545,1,Developing / Moderate,United Kingdom,55,2,288.97,162,78,144.48,81.0,317
15546,0,Inactive Low-Activity,United Kingdom,607,2,1079.1,198,6,539.55,99.0,0
15547,2,Recent High-Activity,United Kingdom,8,26,10057.05,7278,652,386.81,279.92,726
15548,0,Inactive Low-Activity,United Kingdom,596,1,158.09,64,23,158.09,64.0,0
15549,2,Recent High-Activity,United Kingdom,78,8,2334.16,936,139,291.77,117.0,620
15550,2,Recent High-Activity,United Kingdom,5,12,2211.05,1139,166,184.25,94.92,732
15551,2,Recent High-Activity,United Kingdom,37,7,1679.81,796,117,239.97,113.71,514
15552,1,Developing / Moderate,United Kingdom,218,2,252.52,166,29,126.26,83.0,406
15553,1,Developing / Moderate,United Kingdom,61,1,428.93,449,51,428.93,449.0,0
15554,0,Inactive Low-Activity,United Kingdom,278,1,217.2,74,14,217.2,74.0,0
15555,2,Recent High-Activity,United Kingdom,13,36,11243.91,8511,667,312.33,236.42,721
15556,0,Inactive Low-Activity,United Kingdom,25,1,279.77,236,31,279.77,236.0,0
15557,0,Inactive Low-Activity,United Kingdom,29,1,468.91,213,16,468.91,213.0,0
15558,0,Inactive Low-Activity,United Kingdom,640,1,202.68,73,23,202.68,73.0,0
15559,0,Inactive Low-Activity,United Kingdom,569,1,1109.4,526,62,1109.4,526.0,0
15560,0,Inactive Low-Activity,United Kingdom,398,2,153.52,72,10,76.76,36.0,0
15561,2,Recent High-Activity,United Kingdom,12,8,1934.39,1334,65,241.8,166.75,652
15562,1,Developing / Moderate,United Kingdom,352,3,671.43,560,32,223.81,186.67,375
15563,2,Recent High-Activity,United Kingdom,23,7,2859.46,3005,179,408.49,429.29,658
15564,0,Inactive Low-Activity,United Kingdom,464,2,70.74,42,4,35.37,21.0,213
15565,0,Inactive Low-Activity,United Kingdom,51,2,173.16,60,8,86.58,30.0,20
15566,0,Inactive Low-Activity,United Kingdom,393,2,227.87,153,9,113.94,76.5,332
15567,0,Inactive Low-Activity,United Kingdom,19,1,186.01,223,7,186.01,223.0,0
15568,1,Developing / Moderate,United Kingdom,3,3,758.29,461,27,252.76,153.67,71
15569,2,Recent High-Activity,United Kingdom,104,10,3583.45,1734,123,358.34,173.4,546
15570,2,Recent High-Activity,United Kingdom,8,25,8736.49,4079,442,349.46,163.16,614
15571,2,Recent High-Activity,United Kingdom,12,14,3892.35,2411,442,278.02,172.21,722
15572,2,Recent High-Activity,United Kingdom,5,10,3965.2,2089,259,396.52,208.9,600
15573,2,Recent High-Activity,United Kingdom,32,5,1188.42,770,181,237.68,154.0,698
15574,1,Developing / Moderate,United Kingdom,178,6,1101.44,750,191,183.57,125.0,287
15575,0,Inactive Low-Activity,United Kingdom,620,1,30.1,6,3,30.1,6.0,0
15576,1,Developing / Moderate,United Kingdom,38,1,921.37,394,43,921.37,394.0,0
15577,1,Developing / Moderate,United Kingdom,152,5,396.03,120,58,79.21,24.0,575
15578,0,Inactive Low-Activity,United Kingdom,163,1,127.1,52,13,127.1,52.0,0
15579,1,Developing / Moderate,United Kingdom,69,5,1250.63,713,140,250.13,142.6,364
15580,1,Developing / Moderate,United Kingdom,377,8,1375.39,955,150,171.92,119.38,294
15581,2,Recent High-Activity,United Kingdom,121,38,7480.4,3028,542,196.85,79.68,617
15582,1,Developing / Moderate,United Kingdom,25,3,682.91,453,39,227.64,151.0,196
15583,0,Inactive Low-Activity,United Kingdom,377,1,95.96,56,37,95.96,56.0,0
15584,2,Recent High-Activity,United Kingdom,24,6,1268.2,483,174,211.37,80.5,647
15585,0,Inactive Low-Activity,United Kingdom,177,1,455.3,320,31,455.3,320.0,0
15586,0,Inactive Low-Activity,United Kingdom,593,3,1139.1,1338,30,379.7,446.0,108
15587,1,Developing / Moderate,United Kingdom,51,7,1522.08,528,3,217.44,75.43,441
15588,0,Inactive Low-Activity,United Kingdom,678,1,579.6,96,4,579.6,96.0,0
15589,0,Inactive Low-Activity,United Kingdom,256,3,478.53,243,28,159.51,81.0,55
15590,1,Developing / Moderate,United Kingdom,383,5,1496.6,832,75,299.32,166.4,224
15591,0,Inactive Low-Activity,United Kingdom,583,3,217.9,58,6,72.63,19.33,91
15592,0,Inactive Low-Activity,United Kingdom,47,1,388.58,354,24,388.58,354.0,0
15593,0,Inactive Low-Activity,United Kingdom,71,1,199.8,60,5,199.8,60.0,0
15594,1,Developing / Moderate,United Kingdom,16,5,1771.78,983,85,354.36,196.6,219
15595,0,Inactive Low-Activity,United Kingdom,488,1,357.6,144,4,357.6,144.0,0
15596,2,Recent High-Activity,United Kingdom,101,9,2727.72,1208,82,303.08,134.22,399
15597,1,Developing / Moderate,United Kingdom,36,2,563.37,393,35,281.69,196.5,540
15598,1,Developing / Moderate,United Kingdom,54,2,548.02,404,32,274.01,202.0,374
15599,1,Developing / Moderate,United Kingdom,27,3,1250.06,1098,77,416.69,366.0,419
15600,1,Developing / Moderate,United Kingdom,429,4,1199.31,657,55,299.83,164.25,165
15601,2,Recent High-Activity,United Kingdom,12,30,14191.74,10395,310,473.06,346.5,727
15602,2,Recent High-Activity,United Kingdom,9,16,3137.96,2292,62,196.12,143.25,729
15603,0,Inactive Low-Activity,United Kingdom,79,2,88.48,128,4,44.24,64.0,570
15604,0,Inactive Low-Activity,United Kingdom,53,1,216.39,159,17,216.39,159.0,0
15605,2,Recent High-Activity,United Kingdom,37,9,1741.95,641,80,193.55,71.22,658
15606,2,Recent High-Activity,United Kingdom,62,17,5230.99,1615,84,307.71,95.0,586
15607,1,Developing / Moderate,United Kingdom,337,9,1708.97,1470,95,189.89,163.33,364
15608,1,Developing / Moderate,United Kingdom,29,5,1785.98,1262,93,357.2,252.4,387
15609,0,Inactive Low-Activity,United Kingdom,185,1,298.48,148,16,298.48,148.0,0
15610,0,Inactive Low-Activity,United Kingdom,52,1,112.46,66,6,112.46,66.0,0
15611,2,Recent High-Activity,United Kingdom,10,26,2997.28,747,43,115.28,28.73,674
15612,0,Inactive Low-Activity,United Kingdom,37,2,195.15,52,4,97.58,26.0,25
15613,0,Inactive Low-Activity,United Kingdom,611,1,433.72,700,27,433.72,700.0,0
15614,1,Developing / Moderate,United Kingdom,438,4,3147.36,1632,73,786.84,408.0,189
15615,2,Recent High-Activity,United Kingdom,11,47,21373.97,12090,292,454.77,257.23,727
15616,0,Inactive Low-Activity,United Kingdom,439,1,317.11,137,13,317.11,137.0,0
15617,0,Inactive Low-Activity,United Kingdom,397,3,828.55,485,41,276.18,161.67,111
15618,1,Developing / Moderate,United Kingdom,33,4,776.85,454,39,194.21,113.5,104
15619,0,Inactive Low-Activity,United Kingdom,11,1,336.4,136,3,336.4,136.0,0
15620,1,Developing / Moderate,United Kingdom,57,4,1942.36,1249,114,485.59,312.25,353
15621,1,Developing / Moderate,United Kingdom,5,4,1293.03,501,11,323.26,125.25,17
15622,2,Recent High-Activity,United Kingdom,44,17,7852.61,4091,331,461.92,240.65,602
15623,2,Recent High-Activity,United Kingdom,142,8,2437.05,1087,91,304.63,135.88,588
15624,1,Developing / Moderate,United Kingdom,117,4,588.13,357,26,147.03,89.25,140
15625,2,Recent High-Activity,United Kingdom,104,9,3236.4,3020,106,359.6,335.56,439
15626,1,Developing / Moderate,United Kingdom,75,3,1067.52,1138,73,355.84,379.33,347
15627,0,Inactive Low-Activity,United Kingdom,458,2,566.9,344,23,283.45,172.0,65
15628,2,Recent High-Activity,United Kingdom,5,17,5333.08,3569,136,313.71,209.94,722
15629,1,Developing / Moderate,United Kingdom,451,4,2240.9,1518,39,560.23,379.5,82
15630,1,Developing / Moderate,United Kingdom,46,3,1481.4,987,76,493.8,329.0,599
15631,0,Inactive Low-Activity,United Kingdom,643,1,596.67,525,39,596.67,525.0,0
15632,2,Recent High-Activity,United Kingdom,16,8,3285.31,2109,107,410.66,263.62,259
15633,1,Developing / Moderate,United Kingdom,510,13,4335.96,2048,77,333.54,157.54,222
15634,1,Developing / Moderate,United Kingdom,18,2,554.65,227,34,277.32,113.5,366
15635,0,Inactive Low-Activity,United Kingdom,396,1,100.35,5,2,100.35,5.0,0
15636,1,Developing / Moderate,United Kingdom,90,4,1444.58,560,39,361.14,140.0,480
15637,1,Developing / Moderate,United Kingdom,53,5,797.59,651,37,159.52,130.2,672
15638,1,Developing / Moderate,United Kingdom,379,6,2265.2,1134,20,377.53,189.0,232
15639,1,Developing / Moderate,United Kingdom,135,3,1065.08,849,61,355.03,283.0,471
15640,2,Recent High-Activity,United Kingdom,5,29,23494.31,12140,303,810.15,418.62,721
15641,2,Recent High-Activity,United Kingdom,106,12,5345.55,4422,249,445.46,368.5,628
15642,0,Inactive Low-Activity,United Kingdom,730,1,105.78,270,6,105.78,270.0,0
15643,1,Developing / Moderate,United Kingdom,192,3,664.0,246,31,221.33,82.0,91
15644,1,Developing / Moderate,United Kingdom,167,4,803.54,550,166,200.88,137.5,95
15645,1,Developing / Moderate,United Kingdom,19,3,1055.17,396,59,351.72,132.0,407
15646,1,Developing / Moderate,United Kingdom,158,5,784.81,821,65,156.96,164.2,253
15647,0,Inactive Low-Activity,United Kingdom,416,1,169.0,124,11,169.0,124.0,0
15648,0,Inactive Low-Activity,United Kingdom,205,2,639.5,218,23,319.75,109.0,63
15649,0,Inactive Low-Activity,United Kingdom,337,4,1660.35,365,8,415.09,91.25,51
15650,0,Inactive Low-Activity,United Kingdom,522,2,553.88,210,33,276.94,105.0,107
15651,1,Developing / Moderate,United Kingdom,37,5,1259.06,871,52,251.81,174.2,560
15652,1,Developing / Moderate,United Kingdom,92,5,1405.94,657,93,281.19,131.4,394
15653,0,Inactive Low-Activity,United Kingdom,93,2,877.44,1200,4,438.72,600.0,23
15654,1,Developing / Moderate,United Kingdom,10,2,922.53,475,15,461.26,237.5,17
15655,0,Inactive Low-Activity,United Kingdom,244,1,560.67,324,34,560.67,324.0,0
15656,1,Developing / Moderate,United Kingdom,46,4,748.5,343,46,187.12,85.75,239
15657,0,Inactive Low-Activity,United Kingdom,23,1,30.0,24,1,30.0,24.0,0
15658,2,Recent High-Activity,United Kingdom,191,8,2117.27,627,79,264.66,78.38,546
15659,1,Developing / Moderate,United Kingdom,44,3,532.49,161,14,177.5,53.67,610
15660,2,Recent High-Activity,United Kingdom,26,15,2603.69,1783,73,173.58,118.87,647
15661,1,Developing / Moderate,United Kingdom,318,8,1215.95,779,27,151.99,97.38,261
15662,0,Inactive Low-Activity,United Kingdom,662,2,283.73,145,12,141.87,72.5,77
15663,0,Inactive Low-Activity,United Kingdom,107,1,138.14,106,9,138.14,106.0,0
15664,1,Developing / Moderate,United Kingdom,51,4,1254.03,530,54,313.51,132.5,599
15665,2,Recent High-Activity,United Kingdom,169,5,3987.07,2777,163,797.41,555.4,467
15666,0,Inactive Low-Activity,United Kingdom,473,2,632.94,469,62,316.47,234.5,23
15667,0,Inactive Low-Activity,United Kingdom,40,1,301.32,240,13,301.32,240.0,0
15668,0,Inactive Low-Activity,United Kingdom,218,1,76.32,72,1,76.32,72.0,0
15669,1,Developing / Moderate,United Kingdom,41,4,684.34,342,31,171.09,85.5,223
15670,0,Inactive Low-Activity,United Kingdom,297,2,325.2,132,19,162.6,66.0,260
15671,1,Developing / Moderate,United Kingdom,19,7,2657.13,1699,52,379.59,242.71,252
15672,0,Inactive Low-Activity,United Kingdom,726,1,45.3,10,3,45.3,10.0,0
15673,2,Recent High-Activity,United Kingdom,89,9,6204.32,3274,177,689.37,363.78,567
15674,2,Recent High-Activity,United Kingdom,74,13,6948.23,3648,262,534.48,280.62,658
15675,1,Developing / Moderate,United Kingdom,82,4,542.04,624,32,135.51,156.0,323
15676,1,Developing / Moderate,United Kingdom,19,3,3435.76,2252,191,1145.25,750.67,265
15677,1,Developing / Moderate,United Kingdom,50,3,1305.63,675,63,435.21,225.0,414
15678,1,Developing / Moderate,United Kingdom,53,3,1825.94,1022,77,608.65,340.67,470
15679,1,Developing / Moderate,United Kingdom,25,4,781.28,1170,98,195.32,292.5,158
15680,2,Recent High-Activity,United Kingdom,10,10,4028.69,2743,155,402.87,274.3,728
15681,2,Recent High-Activity,United Kingdom,26,14,2989.7,1392,48,213.55,99.43,539
15682,0,Inactive Low-Activity,United Kingdom,600,2,318.24,222,25,159.12,111.0,88
15683,1,Developing / Moderate,United Kingdom,118,2,524.54,332,25,262.27,166.0,356
15684,0,Inactive Low-Activity,United Kingdom,548,3,173.95,77,9,57.98,25.67,188
15685,0,Inactive Low-Activity,United Kingdom,451,1,55.98,36,17,55.98,36.0,0
15686,0,Inactive Low-Activity,United Kingdom,421,1,90.0,72,1,90.0,72.0,0
15687,2,Recent High-Activity,United Kingdom,9,9,2993.1,1310,119,332.57,145.56,322
15688,0,Inactive Low-Activity,United Kingdom,419,1,190.57,95,26,190.57,95.0,0
15689,1,Developing / Moderate,United Kingdom,120,3,521.03,207,20,173.68,69.0,498
15690,1,Developing / Moderate,United Kingdom,5,2,239.76,408,19,119.88,204.0,96
15691,1,Developing / Moderate,United Kingdom,253,4,571.3,212,12,142.82,53.0,481
15692,0,Inactive Low-Activity,United Kingdom,29,1,191.04,138,12,191.04,138.0,0
15693,0,Inactive Low-Activity,United Kingdom,660,1,37.5,30,1,37.5,30.0,0
15694,2,Recent High-Activity,United Kingdom,1,24,9978.48,2467,55,415.77,102.79,732
15695,1,Developing / Moderate,United Kingdom,267,4,1131.04,484,55,282.76,121.0,415
15696,2,Recent High-Activity,United Kingdom,34,13,3881.22,1386,163,298.56,106.62,651
15697,0,Inactive Low-Activity,United Kingdom,690,1,246.75,127,14,246.75,127.0,0
15698,0,Inactive Low-Activity,United Kingdom,625,1,46.2,60,2,46.2,60.0,0
15699,0,Inactive Low-Activity,United Kingdom,18,1,309.65,113,18,309.65,113.0,0
15700,1,Developing / Moderate,United Kingdom,173,2,696.68,357,85,348.34,178.5,1
15701,1,Developing / Moderate,United Kingdom,3,4,1529.0,912,193,382.25,228.0,108
15702,0,Inactive Low-Activity,Nigeria,477,2,140.39,103,30,70.2,51.5,206
15703,0,Inactive Low-Activity,United Kingdom,265,1,211.5,66,5,211.5,66.0,0
15704,2,Recent High-Activity,United Kingdom,141,6,3734.66,1709,129,622.44,284.83,443
15705,0,Inactive Low-Activity,United Kingdom,202,1,143.1,62,6,143.1,62.0,0
15706,1,Developing / Moderate,United Kingdom,64,4,1060.56,321,50,265.14,80.25,53
15707,1,Developing / Moderate,United Kingdom,36,4,916.98,594,126,229.25,148.5,51
15708,2,Recent High-Activity,United Kingdom,41,9,3887.15,1465,135,431.91,162.78,385
15709,1,Developing / Moderate,United Kingdom,284,2,327.85,169,26,163.93,84.5,306
15710,0,Inactive Low-Activity,United Kingdom,418,1,898.87,641,110,898.87,641.0,0
15711,0,Inactive Low-Activity,United Kingdom,557,2,420.25,199,25,210.12,99.5,128
15712,2,Recent High-Activity,United Kingdom,10,12,3472.41,1277,86,289.37,106.42,729
15713,1,Developing / Moderate,United Kingdom,144,4,839.64,451,48,209.91,112.75,580
15714,1,Developing / Moderate,United Kingdom,12,5,783.96,361,45,156.79,72.2,544
15715,0,Inactive Low-Activity,United Kingdom,556,5,658.02,246,33,131.6,49.2,64
15716,2,Recent High-Activity,United Kingdom,146,11,2485.26,1379,188,225.93,125.36,587
15717,1,Developing / Moderate,United Kingdom,235,5,607.0,224,17,121.4,44.8,358
15718,0,Inactive Low-Activity,United Kingdom,541,1,293.79,95,18,293.79,95.0,0
15719,2,Recent High-Activity,United Kingdom,33,31,10195.97,5356,449,328.9,172.77,706
15720,1,Developing / Moderate,United Kingdom,25,2,739.22,327,152,369.61,163.5,526
15721,1,Developing / Moderate,United Kingdom,12,1,471.4,388,80,471.4,388.0,0
15722,2,Recent High-Activity,United Kingdom,36,11,5234.0,2279,91,475.82,207.18,605
15723,1,Developing / Moderate,United Kingdom,365,4,930.7,427,108,232.68,106.75,210
15724,1,Developing / Moderate,United Kingdom,202,3,310.85,117,17,103.62,39.0,199
15725,1,Developing / Moderate,United Kingdom,16,1,415.25,221,32,415.25,221.0,0
15726,0,Inactive Low-Activity,United Kingdom,391,1,321.91,123,23,321.91,123.0,0
15727,2,Recent High-Activity,United Kingdom,17,15,9371.71,5908,426,624.78,393.87,668
15728,0,Inactive Low-Activity,United Kingdom,380,2,544.6,132,10,272.3,66.0,65
15729,0,Inactive Low-Activity,United Kingdom,213,3,192.55,47,10,64.18,15.67,191
15730,1,Developing / Moderate,United Kingdom,66,5,1726.58,1061,102,345.32,212.2,366
15731,0,Inactive Low-Activity,United Kingdom,554,1,125.3,122,8,125.3,122.0,0
15732,1,Developing / Moderate,United Kingdom,213,10,1543.97,1264,53,154.4,126.4,461
15733,0,Inactive Low-Activity,United Kingdom,283,1,162.3,62,10,162.3,62.0,0
15734,1,Developing / Moderate,United Kingdom,115,4,2263.3,516,36,565.83,129.0,433
15735,0,Inactive Low-Activity,United Kingdom,422,1,327.68,206,19,327.68,206.0,0
15736,1,Developing / Moderate,United Kingdom,436,2,1767.12,1208,95,883.56,604.0,0
15737,1,Developing / Moderate,United Kingdom,15,8,1188.12,597,60,148.52,74.62,228
15738,2,Recent High-Activity,United Kingdom,19,41,13043.32,9030,70,318.13,220.24,711
15739,0,Inactive Low-Activity,United Kingdom,67,1,449.12,472,8,449.12,472.0,0
15740,0,Inactive Low-Activity,United Kingdom,50,1,154.88,152,9,154.88,152.0,0
15741,0,Inactive Low-Activity,United Kingdom,459,2,208.62,70,11,104.31,35.0,160
15742,0,Inactive Low-Activity,United Kingdom,620,1,156.87,51,41,156.87,51.0,0
15743,1,Developing / Moderate,United Kingdom,17,4,775.96,214,59,193.99,53.5,168
15744,0,Inactive Low-Activity,United Kingdom,78,1,34.8,120,3,34.8,120.0,0
15745,1,Developing / Moderate,United Kingdom,20,4,1094.59,421,57,273.65,105.25,217
15746,0,Inactive Low-Activity,United Kingdom,135,1,196.88,178,28,196.88,178.0,0
15747,2,Recent High-Activity,United Kingdom,13,9,2499.81,1344,116,277.76,149.33,678
15748,1,Developing / Moderate,United Kingdom,41,3,609.81,261,34,203.27,87.0,409
15749,1,Developing / Moderate,United Kingdom,236,3,44534.3,18028,5,14844.77,6009.33,97
15750,2,Recent High-Activity,United Kingdom,3,18,6452.99,4281,389,358.5,237.83,736
15751,1,Developing / Moderate,United Kingdom,461,11,1380.44,443,90,125.49,40.27,273
15752,2,Recent High-Activity,United Kingdom,40,9,3924.91,2792,359,436.1,310.22,418
15753,0,Inactive Low-Activity,United Kingdom,305,1,79.2,144,1,79.2,144.0,0
15754,2,Recent High-Activity,United Kingdom,52,9,3037.61,1762,114,337.51,195.78,604
15755,2,Recent High-Activity,United Kingdom,11,17,5993.12,4034,281,352.54,237.29,725
15756,1,Developing / Moderate,United Kingdom,62,4,528.01,241,160,132.0,60.25,188
15757,2,Recent High-Activity,United Kingdom,66,6,2940.36,1757,162,490.06,292.83,482
15758,0,Inactive Low-Activity,United Kingdom,25,1,205.25,47,9,205.25,47.0,0
15759,1,Developing / Moderate,United Kingdom,219,7,830.93,523,10,118.7,74.71,519
15760,0,Inactive Low-Activity,Norway,631,2,13916.34,2,1,6958.17,1.0,0
15761,0,Inactive Low-Activity,United Kingdom,443,1,143.05,31,5,143.05,31.0,0
15762,1,Developing / Moderate,United Kingdom,66,2,583.75,251,37,291.88,125.5,12
15763,1,Developing / Moderate,United Kingdom,32,2,1086.92,271,58,543.46,135.5,46
15764,2,Recent High-Activity,United Kingdom,89,8,4503.08,2945,187,562.88,368.12,390
15765,0,Inactive Low-Activity,United Kingdom,667,1,370.63,335,25,370.63,335.0,0
15766,1,Developing / Moderate,United Kingdom,65,3,831.06,334,21,277.02,111.33,618
15768,2,Recent High-Activity,United Kingdom,116,34,15308.89,4215,437,450.26,123.97,621
15769,2,Recent High-Activity,United Kingdom,8,46,88612.52,49068,26,1926.36,1066.7,721
15770,0,Inactive Low-Activity,United Kingdom,613,1,321.45,67,18,321.45,67.0,0
15771,0,Inactive Low-Activity,United Kingdom,605,3,1006.54,512,26,335.51,170.67,89
15772,0,Inactive Low-Activity,United Kingdom,419,1,280.88,110,16,280.88,110.0,0
15773,1,Developing / Moderate,United Kingdom,6,2,774.52,410,46,387.26,205.0,404
15774,2,Recent High-Activity,United Kingdom,69,6,1288.34,465,88,214.72,77.5,588
15775,0,Inactive Low-Activity,United Kingdom,246,2,150.5,260,9,75.25,130.0,386
15776,0,Inactive Low-Activity,United Kingdom,134,1,241.62,138,18,241.62,138.0,0
15777,1,Developing / Moderate,United Kingdom,242,7,1762.61,599,29,251.8,85.57,327
15778,0,Inactive Low-Activity,United Kingdom,432,1,307.95,101,17,307.95,101.0,0
15779,0,Inactive Low-Activity,United Kingdom,464,2,124.08,20,8,62.04,10.0,69
15780,1,Developing / Moderate,United Kingdom,184,3,475.28,220,26,158.43,73.33,174
15781,1,Developing / Moderate,United Kingdom,26,3,345.46,180,20,115.15,60.0,280
15782,1,Developing / Moderate,United Kingdom,10,4,4014.1,1844,51,1003.52,461.0,421
15783,0,Inactive Low-Activity,United Kingdom,11,1,246.3,212,14,246.3,212.0,0
15784,0,Inactive Low-Activity,United Kingdom,468,2,848.33,381,33,424.16,190.5,205
15785,2,Recent High-Activity,United Kingdom,33,16,5969.93,4479,102,373.12,279.94,692
15786,2,Recent High-Activity,United Kingdom,47,5,8501.62,5957,358,1700.32,1191.4,490
15787,1,Developing / Moderate,United Kingdom,27,3,933.26,534,156,311.09,178.0,35
15788,0,Inactive Low-Activity,United Kingdom,509,1,221.83,115,14,221.83,115.0,0
15789,1,Developing / Moderate,United Kingdom,359,6,1962.01,2499,110,327.0,416.5,265
15790,0,Inactive Low-Activity,United Kingdom,11,1,218.75,113,34,218.75,113.0,0
15791,2,Recent High-Activity,United Kingdom,44,5,3608.34,1970,121,721.67,394.0,598
15792,1,Developing / Moderate,United Kingdom,400,2,933.84,606,57,466.92,303.0,219
15793,2,Recent High-Activity,United Kingdom,15,8,2399.57,1685,12,299.95,210.62,724
15794,0,Inactive Low-Activity,United Kingdom,737,2,777.0,288,15,388.5,144.0,1
15795,2,Recent High-Activity,United Kingdom,150,8,1979.87,1411,111,247.48,176.38,541
15796,2,Recent High-Activity,United Kingdom,2,17,5171.63,1733,138,304.21,101.94,617
15797,1,Developing / Moderate,United Kingdom,114,6,2821.08,1281,12,470.18,213.5,568
15798,1,Developing / Moderate,United Kingdom,493,3,1535.37,915,73,511.79,305.0,189
15799,1,Developing / Moderate,United Kingdom,76,4,1421.34,1341,143,355.33,335.25,343
15800,2,Recent High-Activity,United Kingdom,108,7,1227.07,575,198,175.3,82.14,511
15801,1,Developing / Moderate,United Kingdom,47,3,1063.95,570,61,354.65,190.0,63
15802,0,Inactive Low-Activity,United Kingdom,143,1,451.42,1,1,451.42,1.0,0
15803,1,Developing / Moderate,United Kingdom,52,4,1929.66,1030,48,482.42,257.5,625
15804,2,Recent High-Activity,United Kingdom,1,13,4206.39,2565,170,323.57,197.31,198
15805,2,Recent High-Activity,United Kingdom,24,30,10148.93,6205,337,338.3,206.83,706
15806,1,Developing / Moderate,United Kingdom,47,3,784.58,602,24,261.53,200.67,230
15807,2,Recent High-Activity,United Kingdom,51,5,1817.52,1532,85,363.5,306.4,616
15808,2,Recent High-Activity,United Kingdom,307,21,17180.25,6753,348,818.11,321.57,432
15809,1,Developing / Moderate,United Kingdom,37,7,1274.44,700,51,182.06,100.0,499
15810,2,Recent High-Activity,United Kingdom,79,8,2999.04,1653,89,374.88,206.62,595
15811,2,Recent High-Activity,United Kingdom,23,7,3486.15,1781,205,498.02,254.43,366
15812,2,Recent High-Activity,United Kingdom,108,12,5201.47,3450,87,433.46,287.5,617
15813,1,Developing / Moderate,United Kingdom,208,2,1303.91,603,40,651.95,301.5,32
15814,2,Recent High-Activity,United Kingdom,17,6,2634.44,1728,83,439.07,288.0,587
15815,1,Developing / Moderate,United Kingdom,64,5,2100.6,1856,33,420.12,371.2,196
15816,0,Inactive Low-Activity,United Kingdom,543,2,144.15,54,11,72.07,27.0,0
15817,1,Developing / Moderate,United Kingdom,421,3,2766.4,1596,133,922.13,532.0,123
15818,0,Inactive Low-Activity,United Kingdom,589,1,340.5,284,11,340.5,284.0,0
15819,2,Recent High-Activity,United Kingdom,50,10,3934.79,2928,182,393.48,292.8,582
15820,0,Inactive Low-Activity,United Kingdom,320,1,206.98,128,17,206.98,128.0,0
15821,1,Developing / Moderate,United Kingdom,45,2,570.96,202,57,285.48,101.0,17
15822,2,Recent High-Activity,United Kingdom,4,6,1840.06,950,46,306.68,158.33,730
15823,1,Developing / Moderate,United Kingdom,373,3,3882.17,1774,155,1294.06,591.33,359
15824,0,Inactive Low-Activity,United Kingdom,454,2,890.94,478,24,445.47,239.0,79
15825,0,Inactive Low-Activity,United Kingdom,173,1,532.94,220,20,532.94,220.0,0
15826,1,Developing / Moderate,United Kingdom,57,4,2598.28,1824,100,649.57,456.0,512
15827,2,Recent High-Activity,United Kingdom,74,28,3603.14,1715,124,128.68,61.25,627
15828,0,Inactive Low-Activity,United Kingdom,376,1,1108.82,367,74,1108.82,367.0,0
15829,1,Developing / Moderate,United Kingdom,100,2,636.14,996,44,318.07,498.0,41
15830,1,Developing / Moderate,United Kingdom,38,1,576.0,415,39,576.0,415.0,0
15831,1,Developing / Moderate,United Kingdom,59,3,794.64,1092,63,264.88,364.0,266
15832,0,Inactive Low-Activity,United Kingdom,255,1,836.79,465,54,836.79,465.0,0
15833,0,Inactive Low-Activity,United Kingdom,738,1,80.4,24,5,80.4,24.0,0
15834,2,Recent High-Activity,United Kingdom,71,7,3764.39,1815,333,537.77,259.29,354
15835,1,Developing / Moderate,United Kingdom,45,4,954.09,439,47,238.52,109.75,286
15836,0,Inactive Low-Activity,United Kingdom,51,1,137.37,26,10,137.37,26.0,0
15837,1,Developing / Moderate,United Kingdom,65,2,777.01,405,52,388.5,202.5,421
15838,2,Recent High-Activity,United Kingdom,12,34,73205.5,64114,61,2153.1,1885.71,713
15839,1,Developing / Moderate,United Kingdom,34,3,1048.49,675,56,349.5,225.0,115
15840,1,Developing / Moderate,United Kingdom,59,2,355.56,396,26,177.78,198.0,114
15841,2,Recent High-Activity,United Kingdom,73,9,2742.41,2391,60,304.71,265.67,657
15842,0,Inactive Low-Activity,United Kingdom,394,2,548.8,296,24,274.4,148.0,134
15843,0,Inactive Low-Activity,United Kingdom,304,1,118.95,27,8,118.95,27.0,0
15844,0,Inactive Low-Activity,United Kingdom,47,1,130.74,134,11,130.74,134.0,0
15845,2,Recent High-Activity,United Kingdom,18,11,4426.28,2128,129,402.39,193.45,665
15846,0,Inactive Low-Activity,United Kingdom,386,1,107.01,79,27,107.01,79.0,0
15847,1,Developing / Moderate,United Kingdom,39,5,822.57,643,39,164.51,128.6,603
15848,0,Inactive Low-Activity,United Kingdom,622,1,137.99,45,34,137.99,45.0,0
15850,2,Recent High-Activity,United Kingdom,20,6,1006.75,1334,269,167.79,222.33,707
15851,0,Inactive Low-Activity,United Kingdom,527,1,109.73,67,8,109.73,67.0,0
15852,1,Developing / Moderate,United Kingdom,187,3,257.26,60,31,85.75,20.0,340
15853,0,Inactive Low-Activity,United Kingdom,52,1,110.8,135,29,110.8,135.0,0
15854,2,Recent High-Activity,United Kingdom,5,21,5578.28,1691,168,265.63,80.52,725
15855,1,Developing / Moderate,United Kingdom,137,6,1052.72,712,72,175.45,118.67,340
15856,2,Recent High-Activity,United Kingdom,5,52,32275.95,19550,384,620.69,375.96,732
15857,1,Developing / Moderate,United Kingdom,19,2,570.48,584,21,285.24,292.0,412
15858,2,Recent High-Activity,United Kingdom,16,13,3552.41,2715,273,273.26,208.85,714
15859,0,Inactive Low-Activity,United Kingdom,433,1,438.46,174,22,438.46,174.0,0
15860,2,Recent High-Activity,United Kingdom,41,17,2361.3,1259,249,138.9,74.06,693
15861,2,Recent High-Activity,United Kingdom,13,12,4369.2,3837,452,364.1,319.75,668
15862,2,Recent High-Activity,United Kingdom,9,13,2512.29,1520,417,193.25,116.92,714
15863,1,Developing / Moderate,United Kingdom,26,5,355.1,162,74,71.02,32.4,697
15864,1,Developing / Moderate,United Kingdom,23,7,2180.76,1486,18,311.54,212.29,359
15865,2,Recent High-Activity,United Kingdom,41,5,2241.42,1141,119,448.28,228.2,663
15866,0,Inactive Low-Activity,United Kingdom,102,1,211.89,124,43,211.89,124.0,0
15867,2,Recent High-Activity,United Kingdom,6,31,8923.3,5067,547,287.85,163.45,720
15868,0,Inactive Low-Activity,United Kingdom,584,1,94.53,57,4,94.53,57.0,0
15869,1,Developing / Moderate,United Kingdom,278,3,321.11,273,29,107.04,91.0,349
15870,1,Developing / Moderate,United Kingdom,33,4,857.46,504,127,214.37,126.0,414
15871,0,Inactive Low-Activity,United Kingdom,438,1,33.1,5,5,33.1,5.0,0
15872,1,Developing / Moderate,United Kingdom,15,4,729.25,467,164,182.31,116.75,536
15873,0,Inactive Low-Activity,United Kingdom,500,4,313.92,1152,3,78.48,288.0,1
15874,2,Recent High-Activity,United Kingdom,64,21,11284.76,5102,262,537.37,242.95,638
15875,0,Inactive Low-Activity,United Kingdom,647,1,108.52,74,18,108.52,74.0,0
15876,0,Inactive Low-Activity,United Kingdom,410,2,1449.14,886,11,724.57,443.0,39
15877,1,Developing / Moderate,United Kingdom,2,2,490.33,368,122,245.16,184.0,16
15878,0,Inactive Low-Activity,United Kingdom,562,2,330.77,243,47,165.38,121.5,172
15879,1,Developing / Moderate,United Kingdom,405,4,1137.8,639,171,284.45,159.75,318
15880,0,Inactive Low-Activity,United Kingdom,370,1,329.03,202,95,329.03,202.0,0
15881,0,Inactive Low-Activity,United Kingdom,313,5,501.39,260,26,100.28,52.0,52
15882,1,Developing / Moderate,United Kingdom,199,8,1124.66,650,49,140.58,81.25,531
15883,1,Developing / Moderate,United Kingdom,3,2,396.48,223,42,198.24,111.5,31
15884,0,Inactive Low-Activity,United Kingdom,433,2,244.6,152,14,122.3,76.0,304
15885,2,Recent High-Activity,United Kingdom,93,15,1951.82,622,83,130.12,41.47,595
15886,1,Developing / Moderate,United Kingdom,61,4,1052.87,667,58,263.22,166.75,538
15887,0,Inactive Low-Activity,United Kingdom,407,3,1027.15,605,27,342.38,201.67,149
15888,1,Developing / Moderate,United Kingdom,81,3,429.16,139,33,143.05,46.33,446
15889,2,Recent High-Activity,United Kingdom,157,8,1427.6,800,256,178.45,100.0,573
15890,0,Inactive Low-Activity,United Kingdom,395,5,535.65,119,10,107.13,23.8,210
15891,0,Inactive Low-Activity,United Kingdom,227,1,511.68,418,60,511.68,418.0,0
15892,0,Inactive Low-Activity,United Kingdom,670,1,128.2,46,38,128.2,46.0,0
15893,0,Inactive Low-Activity,United Kingdom,482,1,305.28,288,1,305.28,288.0,0
15894,0,Inactive Low-Activity,United Kingdom,254,2,258.25,164,35,129.12,82.0,116
15895,0,Inactive Low-Activity,United Kingdom,150,1,179.17,94,11,179.17,94.0,0
15897,0,Inactive Low-Activity,United Kingdom,195,2,208.59,223,17,104.3,111.5,0
15898,2,Recent High-Activity,United Kingdom,2,25,4996.45,2160,281,199.86,86.4,727
15899,0,Inactive Low-Activity,United Kingdom,369,1,56.25,39,4,56.25,39.0,0
15900,1,Developing / Moderate,United Kingdom,24,4,886.57,656,100,221.64,164.0,539
15901,2,Recent High-Activity,United Kingdom,17,7,687.72,695,145,98.25,99.29,527
15902,0,Inactive Low-Activity,United Kingdom,381,1,145.01,124,18,145.01,124.0,0
15903,2,Recent High-Activity,United Kingdom,10,12,8939.84,3926,58,744.99,327.17,685
15904,0,Inactive Low-Activity,United Kingdom,9,1,164.68,84,30,164.68,84.0,0
15905,0,Inactive Low-Activity,United Kingdom,544,1,114.69,82,22,114.69,82.0,0
15906,2,Recent High-Activity,United Kingdom,20,10,2530.19,749,143,253.02,74.9,431
15907,1,Developing / Moderate,United Kingdom,4,3,882.72,478,175,294.24,159.33,207
15908,0,Inactive Low-Activity,United Kingdom,491,2,758.62,173,37,379.31,86.5,22
15909,0,Inactive Low-Activity,United Kingdom,174,1,191.94,98,7,191.94,98.0,0
15910,2,Recent High-Activity,United Kingdom,1,15,2661.17,2158,394,177.41,143.87,687
15911,1,Developing / Moderate,United Kingdom,624,8,1700.24,810,162,212.53,101.25,107
15912,2,Recent High-Activity,United Kingdom,179,9,1074.7,759,83,119.41,84.33,551
15913,0,Inactive Low-Activity,United Kingdom,535,1,6.3,3,1,6.3,3.0,0
15914,0,Inactive Low-Activity,United Kingdom,379,2,205.99,149,13,103.0,74.5,0
15915,0,Inactive Low-Activity,United Kingdom,402,1,364.45,414,105,364.45,414.0,0
15916,2,Recent High-Activity,United Kingdom,17,13,3145.24,1618,227,241.94,124.46,713
15917,1,Developing / Moderate,United Kingdom,248,5,530.17,248,127,106.03,49.6,490
15918,1,Developing / Moderate,United Kingdom,191,3,582.88,240,49,194.29,80.0,441
15919,1,Developing / Moderate,United Kingdom,20,2,525.69,385,103,262.85,192.5,349
15920,1,Developing / Moderate,United Kingdom,155,9,569.14,238,93,63.24,26.44,571
15921,1,Developing / Moderate,United Kingdom,173,4,775.26,335,69,193.81,83.75,468
15922,0,Inactive Low-Activity,United Kingdom,374,1,369.5,138,11,369.5,138.0,0
15923,0,Inactive Low-Activity,United Kingdom,373,1,127.08,122,21,127.08,122.0,0
15924,0,Inactive Low-Activity,United Kingdom,732,1,102.82,103,14,102.82,103.0,0
15925,0,Inactive Low-Activity,United Kingdom,195,1,207.15,93,12,207.15,93.0,0
15926,0,Inactive Low-Activity,United Kingdom,543,1,134.44,155,7,134.44,155.0,0
15927,0,Inactive Low-Activity,United Kingdom,648,1,106.54,66,13,106.54,66.0,0
15928,0,Inactive Low-Activity,United Kingdom,657,1,293.53,164,11,293.53,164.0,0
15929,0,Inactive Low-Activity,United Kingdom,645,1,594.0,120,1,594.0,120.0,0
15930,0,Inactive Low-Activity,United Kingdom,68,1,426.63,139,21,426.63,139.0,0
15931,0,Inactive Low-Activity,United Kingdom,429,1,239.9,118,14,239.9,118.0,0
15932,1,Developing / Moderate,United Kingdom,5,8,2495.87,2325,93,311.98,290.62,285
15933,1,Developing / Moderate,United Kingdom,22,3,1107.46,885,63,369.15,295.0,65
15934,0,Inactive Low-Activity,United Kingdom,418,2,2190.66,2166,29,1095.33,1083.0,12
15935,0,Inactive Low-Activity,United Kingdom,240,2,416.86,115,12,208.43,57.5,2
15936,0,Inactive Low-Activity,United Kingdom,380,2,282.79,211,16,141.4,105.5,88
15937,0,Inactive Low-Activity,United Kingdom,65,1,145.35,73,7,145.35,73.0,0
15938,1,Developing / Moderate,United Kingdom,113,9,734.81,449,27,81.65,49.89,444
15939,2,Recent High-Activity,United Kingdom,90,16,9060.39,6260,52,566.27,391.25,285
15940,0,Inactive Low-Activity,United Kingdom,312,1,35.8,4,1,35.8,4.0,0
15941,0,Inactive Low-Activity,United Kingdom,638,1,405.0,60,6,405.0,60.0,0
15942,0,Inactive Low-Activity,United Kingdom,134,1,337.44,232,14,337.44,232.0,0
15943,0,Inactive Low-Activity,United Kingdom,650,2,271.29,183,12,135.64,91.5,28
15944,1,Developing / Moderate,United Kingdom,277,4,2164.24,859,25,541.06,214.75,450
15945,1,Developing / Moderate,United Kingdom,366,4,646.27,345,24,161.57,86.25,373
15946,0,Inactive Low-Activity,United Kingdom,503,3,2304.18,1614,25,768.06,538.0,131
15947,1,Developing / Moderate,United Kingdom,83,1,1708.24,898,29,1708.24,898.0,0
15948,1,Developing / Moderate,United Kingdom,9,3,1509.09,852,63,503.03,284.0,416
15949,1,Developing / Moderate,United Kingdom,17,2,364.72,284,12,182.36,142.0,55
15950,2,Recent High-Activity,United Kingdom,32,10,7120.91,3354,225,712.09,335.4,651
15951,1,Developing / Moderate,United Kingdom,9,3,1013.17,420,44,337.72,140.0,373
15952,1,Developing / Moderate,United Kingdom,34,4,781.91,391,65,195.48,97.75,192
15953,2,Recent High-Activity,United Kingdom,16,18,3440.34,1741,102,191.13,96.72,721
15954,0,Inactive Low-Activity,United Kingdom,590,1,190.75,119,20,190.75,119.0,0
15955,2,Recent High-Activity,United Kingdom,25,22,8085.98,3967,222,367.54,180.32,630
15956,0,Inactive Low-Activity,United Kingdom,552,2,617.6,278,18,308.8,139.0,175
15957,1,Developing / Moderate,United Kingdom,32,3,921.25,453,121,307.08,151.0,389
15958,1,Developing / Moderate,United Kingdom,75,4,462.12,154,50,115.53,38.5,476
15959,0,Inactive Low-Activity,United Kingdom,683,3,542.89,269,58,180.96,89.67,0
15960,0,Inactive Low-Activity,United Kingdom,375,4,410.95,258,24,102.74,64.5,61
15961,0,Inactive Low-Activity,United Kingdom,380,1,451.29,154,42,451.29,154.0,0
15962,0,Inactive Low-Activity,United Kingdom,450,1,289.48,228,43,289.48,228.0,0
15963,1,Developing / Moderate,United Kingdom,20,2,470.76,298,26,235.38,149.0,26
15964,0,Inactive Low-Activity,United Kingdom,664,1,269.21,93,20,269.21,93.0,0
15965,2,Recent High-Activity,United Kingdom,18,13,2771.94,1313,202,213.23,101.0,719
15966,0,Inactive Low-Activity,United Kingdom,451,1,426.53,275,27,426.53,275.0,0
15967,2,Recent High-Activity,United Kingdom,24,12,2966.0,1183,316,247.17,98.58,715
15968,0,Inactive Low-Activity,United Kingdom,389,1,404.55,247,70,404.55,247.0,0
15969,1,Developing / Moderate,United Kingdom,3,5,1127.05,223,31,225.41,44.6,520
15970,1,Developing / Moderate,United Kingdom,304,2,1017.32,498,19,508.66,249.0,295
15971,2,Recent High-Activity,United Kingdom,18,18,5902.83,2251,12,327.94,125.06,714
15972,1,Developing / Moderate,United Kingdom,457,5,1769.33,468,104,353.87,93.6,144
15973,0,Inactive Low-Activity,United Kingdom,367,3,680.62,195,8,226.87,65.0,63
15974,1,Developing / Moderate,United Kingdom,40,7,3442.15,2262,141,491.74,323.14,249
15975,0,Inactive Low-Activity,United Kingdom,85,1,371.01,243,24,371.01,243.0,0
15976,2,Recent High-Activity,United Kingdom,166,6,1694.41,1053,265,282.4,175.5,386
15977,1,Developing / Moderate,United Kingdom,18,2,1054.73,1016,48,527.37,508.0,22
15978,1,Developing / Moderate,United Kingdom,78,3,3279.42,2444,107,1093.14,814.67,567
15979,0,Inactive Low-Activity,United Kingdom,603,1,329.22,450,22,329.22,450.0,0
15980,2,Recent High-Activity,United Kingdom,89,7,6543.68,4822,101,934.81,688.86,468
15981,2,Recent High-Activity,United Kingdom,25,21,9362.77,4827,151,445.85,229.86,596
15982,0,Inactive Low-Activity,United Kingdom,606,1,324.51,131,45,324.51,131.0,0
15983,2,Recent High-Activity,United Kingdom,23,8,3110.37,1872,137,388.8,234.0,711
15984,2,Recent High-Activity,United Kingdom,3,30,8393.02,5730,458,279.77,191.0,736
15985,1,Developing / Moderate,United Kingdom,124,7,2715.28,2750,50,387.9,392.86,438
15986,1,Developing / Moderate,United Kingdom,31,2,354.42,368,25,177.21,184.0,351
15987,2,Recent High-Activity,United Kingdom,13,8,1535.99,1599,143,192.0,199.88,367
15988,1,Developing / Moderate,United Kingdom,20,3,738.89,476,114,246.3,158.67,637
15989,1,Developing / Moderate,United Kingdom,376,2,368.31,169,81,184.16,84.5,362
15990,2,Recent High-Activity,United Kingdom,45,7,1997.75,1086,117,285.39,155.14,605
15991,0,Inactive Low-Activity,United Kingdom,535,1,150.55,41,6,150.55,41.0,0
15992,1,Developing / Moderate,United Kingdom,4,3,896.6,514,53,298.87,171.33,450
15993,1,Developing / Moderate,United Kingdom,9,7,2777.67,2037,335,396.81,291.0,36
15994,1,Developing / Moderate,United Kingdom,55,3,1175.68,462,93,391.89,154.0,581
15995,0,Inactive Low-Activity,United Kingdom,415,1,694.54,352,108,694.54,352.0,0
15996,1,Developing / Moderate,United Kingdom,89,7,1386.4,643,140,198.06,91.86,309
15998,2,Recent High-Activity,United Kingdom,37,16,8274.14,5350,682,517.13,334.38,702
15999,0,Inactive Low-Activity,United Kingdom,736,1,20.4,24,1,20.4,24.0,0
16000,1,Developing / Moderate,United Kingdom,3,3,12393.7,5110,9,4131.23,1703.33,0
16001,0,Inactive Low-Activity,United Kingdom,382,1,583.39,337,29,583.39,337.0,0
16002,0,Inactive Low-Activity,United Kingdom,626,1,169.21,70,42,169.21,70.0,0
16003,2,Recent High-Activity,United Kingdom,30,10,5613.83,2210,146,561.38,221.0,707
16004,1,Developing / Moderate,United Kingdom,475,5,2146.39,1076,63,429.28,215.2,209
16005,2,Recent High-Activity,United Kingdom,13,10,2365.49,1269,315,236.55,126.9,438
16006,1,Developing / Moderate,United Kingdom,212,2,332.82,205,75,166.41,102.5,176
16007,2,Recent High-Activity,United Kingdom,48,7,3053.06,2631,337,436.15,375.86,496
16008,2,Recent High-Activity,United Kingdom,24,15,5339.13,3237,63,355.94,215.8,607
16009,1,Developing / Moderate,United Kingdom,23,4,972.11,366,68,243.03,91.5,137
16010,1,Developing / Moderate,United Kingdom,246,11,1694.86,919,122,154.08,83.55,166
16011,2,Recent High-Activity,United Kingdom,9,29,5601.01,3323,181,193.14,114.59,730
16012,2,Recent High-Activity,United Kingdom,36,5,2978.59,1760,207,595.72,352.0,494
16013,2,Recent High-Activity,United Kingdom,4,84,56078.44,25520,54,667.6,303.81,728
16014,2,Recent High-Activity,United Kingdom,38,5,1100.28,462,219,220.06,92.4,640
16015,1,Developing / Moderate,United Kingdom,4,3,704.55,907,146,234.85,302.33,46
16016,2,Recent High-Activity,United Kingdom,4,11,2083.4,881,181,189.4,80.09,399
16017,2,Recent High-Activity,United Kingdom,48,5,1545.58,635,99,309.12,127.0,656
16018,1,Developing / Moderate,United Kingdom,40,4,698.13,503,48,174.53,125.75,693
16019,2,Recent High-Activity,United Kingdom,47,27,17329.16,6959,256,641.82,257.74,679
16020,1,Developing / Moderate,United Kingdom,17,3,851.01,487,42,283.67,162.33,49
16021,1,Developing / Moderate,United Kingdom,396,2,487.03,276,117,243.51,138.0,149
16022,0,Inactive Low-Activity,United Kingdom,261,1,602.63,255,68,602.63,255.0,0
16023,1,Developing / Moderate,United Kingdom,47,3,719.81,358,90,239.94,119.33,220
16024,1,Developing / Moderate,United Kingdom,13,3,483.99,504,78,161.33,168.0,399
16025,1,Developing / Moderate,United Kingdom,30,1,439.66,338,28,439.66,338.0,0
16026,0,Inactive Low-Activity,United Kingdom,44,1,236.09,243,30,236.09,243.0,0
16027,2,Recent High-Activity,United Kingdom,92,15,2048.36,2099,20,136.56,139.93,609
16028,0,Inactive Low-Activity,United Kingdom,596,1,82.2,18,5,82.2,18.0,0
16029,2,Recent High-Activity,United Kingdom,39,107,117763.62,54450,57,1100.59,508.88,693
16030,0,Inactive Low-Activity,United Kingdom,310,1,331.24,283,28,331.24,283.0,0
16031,1,Developing / Moderate,United Kingdom,93,2,547.9,421,91,273.95,210.5,155
16032,1,Developing / Moderate,United Kingdom,457,6,1965.72,1467,130,327.62,244.5,67
16033,2,Recent High-Activity,United Kingdom,6,27,10608.81,4200,605,392.92,155.56,480
16034,1,Developing / Moderate,United Kingdom,197,6,911.32,585,43,151.89,97.5,213
16035,0,Inactive Low-Activity,United Kingdom,561,1,217.73,33,21,217.73,33.0,0
16036,2,Recent High-Activity,United Kingdom,88,4,2556.84,1369,120,639.21,342.25,533
16037,1,Developing / Moderate,United Kingdom,270,5,1509.34,766,62,301.87,153.2,379
16038,1,Developing / Moderate,United Kingdom,8,3,471.78,244,24,157.26,81.33,194
16039,0,Inactive Low-Activity,United Kingdom,424,2,456.4,409,27,228.2,204.5,205
16040,2,Recent High-Activity,United Kingdom,66,7,2416.9,1185,95,345.27,169.29,544
16041,1,Developing / Moderate,United Kingdom,31,3,3166.4,1584,6,1055.47,528.0,111
16042,2,Recent High-Activity,United Kingdom,23,8,2245.32,1430,88,280.67,178.75,431
16043,1,Developing / Moderate,United Kingdom,38,8,1856.59,1011,56,232.07,126.38,444
16044,0,Inactive Low-Activity,United Kingdom,436,1,340.84,170,19,340.84,170.0,0
16045,2,Recent High-Activity,United Kingdom,120,8,3434.93,2108,111,429.37,263.5,379
16046,0,Inactive Low-Activity,United Kingdom,563,1,235.78,248,22,235.78,248.0,0
16047,0,Inactive Low-Activity,EIRE,683,1,107.14,1,1,107.14,1.0,0
16048,1,Developing / Moderate,United Kingdom,374,4,818.79,425,30,204.7,106.25,176
16049,2,Recent High-Activity,United Kingdom,41,6,1852.15,1132,383,308.69,188.67,476
16050,1,Developing / Moderate,United Kingdom,174,3,300.7,388,19,100.23,129.33,228
16051,0,Inactive Low-Activity,United Kingdom,682,1,188.44,80,12,188.44,80.0,0
16052,1,Developing / Moderate,United Kingdom,55,1,362.06,282,34,362.06,282.0,0
16053,2,Recent High-Activity,United Kingdom,33,6,3634.84,3067,169,605.81,511.17,578
16054,1,Developing / Moderate,United Kingdom,146,4,2111.88,791,109,527.97,197.75,472
16055,0,Inactive Low-Activity,United Kingdom,221,1,134.8,22,8,134.8,22.0,0
16056,1,Developing / Moderate,United Kingdom,46,1,650.75,345,66,650.75,345.0,0
16057,2,Recent High-Activity,United Kingdom,17,10,3854.85,1691,175,385.49,169.1,685
16058,0,Inactive Low-Activity,United Kingdom,407,1,62.7,18,2,62.7,18.0,0
16059,2,Recent High-Activity,United Kingdom,66,12,3053.57,1431,233,254.46,119.25,504
16060,0,Inactive Low-Activity,United Kingdom,401,3,541.95,243,22,180.65,81.0,94
16061,0,Inactive Low-Activity,United Kingdom,432,1,89.65,19,3,89.65,19.0,0
16062,2,Recent High-Activity,United Kingdom,10,8,2863.45,2035,134,357.93,254.38,527
16063,0,Inactive Low-Activity,United Kingdom,261,1,335.32,262,23,335.32,262.0,0
16064,0,Inactive Low-Activity,United Kingdom,726,1,109.31,55,17,109.31,55.0,0
16065,1,Developing / Moderate,United Kingdom,366,8,1992.13,1207,214,249.02,150.88,98
16066,1,Developing / Moderate,United Kingdom,17,5,1521.04,935,77,304.21,187.0,108
16067,1,Developing / Moderate,United Kingdom,563,3,3269.11,1236,60,1089.7,412.0,113
16068,0,Inactive Low-Activity,United Kingdom,594,1,115.73,48,34,115.73,48.0,0
16069,0,Inactive Low-Activity,United Kingdom,418,1,457.7,138,25,457.7,138.0,0
16070,1,Developing / Moderate,United Kingdom,23,2,852.15,457,32,426.07,228.5,10
16071,1,Developing / Moderate,United Kingdom,45,4,1076.8,697,62,269.2,174.25,611
16072,1,Developing / Moderate,United Kingdom,289,4,4180.09,1580,414,1045.02,395.0,261
16073,0,Inactive Low-Activity,United Kingdom,298,1,122.4,48,1,122.4,48.0,0
16074,0,Inactive Low-Activity,United Kingdom,391,1,252.5,38,23,252.5,38.0,0
16075,0,Inactive Low-Activity,United Kingdom,503,2,736.93,271,41,368.47,135.5,62
16076,1,Developing / Moderate,United Kingdom,4,10,2234.73,1435,71,223.47,143.5,205
16077,0,Inactive Low-Activity,United Kingdom,626,1,2300.4,840,8,2300.4,840.0,0
16078,1,Developing / Moderate,United Kingdom,284,2,362.99,200,39,181.5,100.0,386
16079,1,Developing / Moderate,United Kingdom,17,3,1352.0,864,18,450.67,288.0,24
16080,1,Developing / Moderate,United Kingdom,82,4,602.56,298,29,150.64,74.5,369
16081,2,Recent High-Activity,United Kingdom,57,8,4278.96,2177,235,534.87,272.12,618
16082,0,Inactive Low-Activity,United Kingdom,671,1,106.75,39,16,106.75,39.0,0
16083,1,Developing / Moderate,United Kingdom,101,4,2351.42,1514,61,587.86,378.5,288
16084,0,Inactive Low-Activity,United Kingdom,300,1,436.18,216,38,436.18,216.0,0
16085,2,Recent High-Activity,United Kingdom,24,12,2341.03,1382,259,195.09,115.17,665
16086,2,Recent High-Activity,United Kingdom,60,10,2687.73,1450,66,268.77,145.0,678
16087,1,Developing / Moderate,United Kingdom,390,5,1739.92,664,6,347.98,132.8,300
16088,0,Inactive Low-Activity,United Kingdom,576,2,1437.43,373,3,718.72,186.5,16
16089,0,Inactive Low-Activity,United Kingdom,387,2,263.49,119,42,131.75,59.5,123
16090,0,Inactive Low-Activity,United Kingdom,625,1,180.56,58,18,180.56,58.0,0
16091,0,Inactive Low-Activity,United Kingdom,155,2,315.06,154,16,157.53,77.0,44
16092,1,Developing / Moderate,United Kingdom,115,6,1587.94,1188,60,264.66,198.0,465
16093,0,Inactive Low-Activity,United Kingdom,107,1,17.0,20,1,17.0,20.0,0
16094,2,Recent High-Activity,United Kingdom,12,11,3695.56,2020,101,335.96,183.64,591
16095,0,Inactive Low-Activity,United Kingdom,457,1,447.05,265,30,447.05,265.0,0
16096,1,Developing / Moderate,United Kingdom,265,4,1584.97,700,58,396.24,175.0,381
16097,0,Inactive Low-Activity,United Kingdom,241,1,185.05,87,10,185.05,87.0,0
16098,2,Recent High-Activity,United Kingdom,88,14,4010.7,2008,83,286.48,143.43,637
16099,2,Recent High-Activity,United Kingdom,51,7,1573.2,960,44,224.74,137.14,596
16100,0,Inactive Low-Activity,United Kingdom,463,1,582.64,438,37,582.64,438.0,0
16101,2,Recent High-Activity,United Kingdom,71,4,3229.16,1844,153,807.29,461.0,491
16102,1,Developing / Moderate,United Kingdom,43,3,1842.14,942,41,614.05,314.0,86
16103,2,Recent High-Activity,United Kingdom,8,22,6191.71,2639,111,281.44,119.95,693
16104,2,Recent High-Activity,United Kingdom,62,9,2774.46,1047,187,308.27,116.33,672
16105,1,Developing / Moderate,United Kingdom,249,5,2386.19,2125,92,477.24,425.0,356
16106,0,Inactive Low-Activity,United Kingdom,66,1,108.38,74,6,108.38,74.0,0
16107,1,Developing / Moderate,United Kingdom,18,7,3204.16,1176,16,457.74,168.0,166
16108,2,Recent High-Activity,United Kingdom,85,4,2235.92,1473,124,558.98,368.25,547
16109,1,Developing / Moderate,United Kingdom,219,3,939.48,1092,30,313.16,364.0,480
16110,2,Recent High-Activity,United Kingdom,46,4,1781.59,880,343,445.4,220.0,477
16111,0,Inactive Low-Activity,United Kingdom,429,1,549.33,233,72,549.33,233.0,0
16112,1,Developing / Moderate,United Kingdom,144,4,195.74,574,15,48.93,143.5,195
16113,0,Inactive Low-Activity,United Kingdom,184,1,161.38,176,30,161.38,176.0,0
16114,0,Inactive Low-Activity,United Kingdom,171,1,135.75,43,8,135.75,43.0,0
16115,2,Recent High-Activity,United Kingdom,10,12,2553.8,1589,230,212.82,132.42,565
16116,0,Inactive Low-Activity,United Kingdom,212,1,612.78,248,34,612.78,248.0,0
16117,1,Developing / Moderate,United Kingdom,190,3,654.4,321,64,218.13,107.0,402
16118,0,Inactive Low-Activity,United Kingdom,653,1,4376.25,2851,41,4376.25,2851.0,0
16119,2,Recent High-Activity,United Kingdom,9,8,1720.81,811,37,215.1,101.38,715
16120,1,Developing / Moderate,United Kingdom,60,6,2967.51,2161,84,494.59,360.17,363
16121,2,Recent High-Activity,United Kingdom,58,5,1450.04,879,256,290.01,175.8,508
16122,1,Developing / Moderate,United Kingdom,74,6,895.62,1280,28,149.27,213.33,352
16123,0,Inactive Low-Activity,United Kingdom,52,1,307.78,170,16,307.78,170.0,0
16124,1,Developing / Moderate,United Kingdom,318,4,1772.49,797,63,443.12,199.25,415
16125,2,Recent High-Activity,United Kingdom,368,14,4292.35,1819,168,306.6,129.93,358
16126,2,Recent High-Activity,United Kingdom,30,15,14644.6,6140,144,976.31,409.33,708
16127,1,Developing / Moderate,United Kingdom,40,2,801.31,391,75,400.65,195.5,687
16128,2,Recent High-Activity,United Kingdom,18,11,3801.05,2445,155,345.55,222.27,494
16129,1,Developing / Moderate,United Kingdom,408,3,1396.05,1261,91,465.35,420.33,100
16130,1,Developing / Moderate,United Kingdom,423,4,987.48,296,53,246.87,74.0,195
16131,2,Recent High-Activity,United Kingdom,52,12,9957.42,4768,131,829.78,397.33,686
16132,0,Inactive Low-Activity,United Kingdom,545,2,664.2,280,14,332.1,140.0,83
16133,2,Recent High-Activity,United Kingdom,4,56,22992.26,13653,303,410.58,243.8,615
16134,2,Recent High-Activity,United Kingdom,22,5,2145.34,1637,85,429.07,327.4,519
16135,1,Developing / Moderate,United Kingdom,263,2,819.45,395,35,409.73,197.5,321
16136,1,Developing / Moderate,United Kingdom,60,4,946.8,674,44,236.7,168.5,604
16137,0,Inactive Low-Activity,United Kingdom,681,1,422.7,210,28,422.7,210.0,0
16138,1,Developing / Moderate,United Kingdom,379,3,910.35,774,35,303.45,258.0,212
16139,1,Developing / Moderate,United Kingdom,19,5,1111.15,602,47,222.23,120.4,718
16140,1,Developing / Moderate,United Kingdom,66,3,1433.46,1272,50,477.82,424.0,376
16141,1,Developing / Moderate,United Kingdom,89,2,955.94,410,47,477.97,205.0,329
16142,0,Inactive Low-Activity,United Kingdom,250,1,535.34,422,37,535.34,422.0,0
16143,2,Recent High-Activity,United Kingdom,4,12,4555.08,1866,107,379.59,155.5,726
16144,0,Inactive Low-Activity,United Kingdom,247,1,175.2,16,1,175.2,16.0,0
16145,2,Recent High-Activity,United Kingdom,9,19,6805.44,5270,217,358.18,277.37,576
16146,1,Developing / Moderate,United Kingdom,158,4,946.38,544,34,236.59,136.0,291
16147,2,Recent High-Activity,United Kingdom,134,5,2398.91,1395,113,479.78,279.0,539
16148,0,Inactive Low-Activity,United Kingdom,297,2,386.62,250,9,193.31,125.0,140
16149,1,Developing / Moderate,United Kingdom,5,3,422.22,598,30,140.74,199.33,425
16150,2,Recent High-Activity,United Kingdom,43,10,4002.17,1990,143,400.22,199.0,680
16152,0,Inactive Low-Activity,United Kingdom,269,1,1829.04,642,29,1829.04,642.0,0
16153,2,Recent High-Activity,United Kingdom,50,11,5133.49,3693,161,466.68,335.73,513
16155,1,Developing / Moderate,United Kingdom,382,5,796.9,495,45,159.38,99.0,158
16156,2,Recent High-Activity,United Kingdom,9,20,6188.18,3205,199,309.41,160.25,729
16157,1,Developing / Moderate,United Kingdom,16,3,656.69,347,12,218.9,115.67,57
16158,1,Developing / Moderate,United Kingdom,523,9,628.32,182,29,69.81,20.22,212
16159,1,Developing / Moderate,United Kingdom,282,4,1232.79,635,31,308.2,158.75,455
16160,1,Developing / Moderate,United Kingdom,66,2,1025.44,1162,20,512.72,581.0,20
16161,2,Recent High-Activity,United Kingdom,2,43,12580.06,6255,458,292.56,145.47,668
16162,0,Inactive Low-Activity,United Kingdom,253,1,37.4,4,2,37.4,4.0,0
16163,1,Developing / Moderate,United Kingdom,233,6,2407.98,676,59,401.33,112.67,505
16164,1,Developing / Moderate,United Kingdom,18,3,822.48,433,27,274.16,144.33,25
16165,0,Inactive Low-Activity,United Kingdom,506,1,79.9,2,1,79.9,2.0,0
16166,0,Inactive Low-Activity,United Kingdom,429,2,435.83,173,18,217.91,86.5,263
16167,1,Developing / Moderate,United Kingdom,415,5,1386.12,1494,51,277.22,298.8,324
16168,2,Recent High-Activity,United Kingdom,11,66,10360.67,4975,131,156.98,75.38,726
16169,1,Developing / Moderate,United Kingdom,9,4,1822.97,1325,71,455.74,331.25,67
16170,2,Recent High-Activity,United Kingdom,51,20,6869.0,6056,254,343.45,302.8,609
16171,0,Inactive Low-Activity,United Kingdom,60,1,73.2,24,3,73.2,24.0,0
16172,1,Developing / Moderate,United Kingdom,96,8,1884.55,1419,81,235.57,177.38,418
16173,1,Developing / Moderate,United Kingdom,16,6,1418.32,575,70,236.39,95.83,83
16174,1,Developing / Moderate,United Kingdom,127,7,2246.75,1431,28,320.96,204.43,477
16175,1,Developing / Moderate,United Kingdom,95,7,1836.44,932,59,262.35,133.14,469
16176,1,Developing / Moderate,United Kingdom,422,4,2052.69,952,53,513.17,238.0,199
16177,2,Recent High-Activity,United Kingdom,51,8,2247.31,1021,79,280.91,127.62,597
16178,1,Developing / Moderate,United Kingdom,139,2,612.6,304,24,306.3,152.0,263
16179,0,Inactive Low-Activity,United Kingdom,61,1,215.83,99,11,215.83,99.0,0
16180,2,Recent High-Activity,United Kingdom,101,13,16249.87,9813,171,1249.99,754.85,434
16181,0,Inactive Low-Activity,United Kingdom,74,1,305.54,152,11,305.54,152.0,0
16182,2,Recent High-Activity,United Kingdom,73,9,9971.65,5887,20,1107.96,654.11,568
16183,1,Developing / Moderate,United Kingdom,68,4,1077.81,351,32,269.45,87.75,340
16184,1,Developing / Moderate,United Kingdom,65,6,1158.79,561,26,193.13,93.5,147
16185,1,Developing / Moderate,United Kingdom,17,3,644.72,321,39,214.91,107.0,548
16186,2,Recent High-Activity,United Kingdom,23,26,8718.43,6594,172,335.32,253.62,708
16187,2,Recent High-Activity,United Kingdom,32,15,6911.44,5048,160,460.76,336.53,253
16188,1,Developing / Moderate,United Kingdom,45,5,1087.66,838,72,217.53,167.6,364
16189,0,Inactive Low-Activity,United Kingdom,16,2,215.48,134,9,107.74,67.0,70
16190,2,Recent High-Activity,United Kingdom,41,8,2723.55,1231,89,340.44,153.88,685
16191,2,Recent High-Activity,United Kingdom,3,24,15677.82,9348,113,653.24,389.5,726
16192,0,Inactive Low-Activity,United Kingdom,736,1,351.3,208,11,351.3,208.0,0
16193,1,Developing / Moderate,United Kingdom,237,2,630.43,379,38,315.21,189.5,174
16194,0,Inactive Low-Activity,United Kingdom,376,1,308.6,140,8,308.6,140.0,0
16195,0,Inactive Low-Activity,United Kingdom,724,1,323.25,123,16,323.25,123.0,0
16196,0,Inactive Low-Activity,United Kingdom,489,1,93.3,26,4,93.3,26.0,0
16197,1,Developing / Moderate,United Kingdom,470,9,2016.71,1420,52,224.08,157.78,254
16198,1,Developing / Moderate,United Kingdom,76,2,1030.04,384,31,515.02,192.0,362
16199,0,Inactive Low-Activity,United Kingdom,393,7,942.75,321,2,134.68,45.86,239
16200,2,Recent High-Activity,United Kingdom,5,12,5608.1,3068,361,467.34,255.67,733
16201,1,Developing / Moderate,United Kingdom,4,5,2112.12,1421,86,422.42,284.2,412
16202,1,Developing / Moderate,United Kingdom,361,9,2501.99,1307,105,278.0,145.22,377
16203,1,Developing / Moderate,United Kingdom,59,6,943.84,537,56,157.31,89.5,446
16204,1,Developing / Moderate,United Kingdom,24,3,918.71,671,86,306.24,223.67,708
16205,2,Recent High-Activity,United Kingdom,31,7,1820.11,1452,147,260.02,207.43,512
16206,2,Recent High-Activity,United Kingdom,55,13,2589.87,1379,187,199.22,106.08,630
16207,0,Inactive Low-Activity,United Kingdom,26,1,394.38,140,19,394.38,140.0,0
16208,2,Recent High-Activity,United Kingdom,45,10,3440.45,1541,180,344.04,154.1,609
16209,2,Recent High-Activity,United Kingdom,89,9,4146.78,1895,51,460.75,210.56,458
16210,2,Recent High-Activity,United Kingdom,2,35,33750.97,12397,145,964.31,354.2,736
16211,1,Developing / Moderate,United Kingdom,89,3,1090.59,519,35,363.53,173.0,350
16212,1,Developing / Moderate,United Kingdom,20,4,1293.71,571,71,323.43,142.75,651
16213,0,Inactive Low-Activity,United Kingdom,79,1,159.0,48,6,159.0,48.0,0
16214,1,Developing / Moderate,United Kingdom,171,4,2038.25,1308,84,509.56,327.0,265
16215,0,Inactive Low-Activity,United Kingdom,81,1,242.35,104,14,242.35,104.0,0
16216,0,Inactive Low-Activity,United Kingdom,268,1,914.93,254,37,914.93,254.0,0
16217,0,Inactive Low-Activity,United Kingdom,236,2,304.25,91,13,152.12,45.5,47
16218,2,Recent High-Activity,United Kingdom,30,13,3968.67,2799,82,305.28,215.31,532
16219,0,Inactive Low-Activity,United Kingdom,501,1,40.8,48,1,40.8,48.0,0
16221,2,Recent High-Activity,United Kingdom,37,9,2019.92,1449,177,224.44,161.0,450
16222,1,Developing / Moderate,United Kingdom,319,2,1272.05,463,133,636.02,231.5,403
16223,1,Developing / Moderate,United Kingdom,375,2,1087.05,643,101,543.52,321.5,21
16224,1,Developing / Moderate,United Kingdom,58,5,1616.54,1555,107,323.31,311.0,330
16225,2,Recent High-Activity,United Kingdom,45,15,2859.31,1281,189,190.62,85.4,626
16226,1,Developing / Moderate,United Kingdom,204,5,672.17,521,23,134.43,104.2,210
16227,1,Developing / Moderate,United Kingdom,226,3,1027.22,436,28,342.41,145.33,310
16228,0,Inactive Low-Activity,United Kingdom,386,3,885.71,555,45,295.24,185.0,15
16229,2,Recent High-Activity,United Kingdom,88,6,2867.86,1292,144,477.98,215.33,477
16230,1,Developing / Moderate,United Kingdom,190,2,542.03,365,32,271.01,182.5,31
16231,1,Developing / Moderate,United Kingdom,380,4,1074.47,563,69,268.62,140.75,218
16232,2,Recent High-Activity,United Kingdom,44,7,2712.97,1849,60,387.57,264.14,507
16233,2,Recent High-Activity,United Kingdom,72,9,1818.31,677,49,202.03,75.22,666
16234,0,Inactive Low-Activity,United Kingdom,477,3,333.18,170,13,111.06,56.67,85
16235,2,Recent High-Activity,United Kingdom,41,9,2053.71,788,80,228.19,87.56,430
16236,0,Inactive Low-Activity,United Kingdom,79,1,432.2,184,20,432.2,184.0,0
16237,0,Inactive Low-Activity,United Kingdom,438,1,136.65,57,7,136.65,57.0,0
16238,0,Inactive Low-Activity,United Kingdom,423,1,63.66,85,6,63.66,85.0,0
16239,1,Developing / Moderate,United Kingdom,57,6,1492.2,692,24,248.7,115.33,407
16240,1,Developing / Moderate,United Kingdom,25,2,3718.8,1641,126,1859.4,820.5,53
16241,2,Recent High-Activity,United Kingdom,10,16,3992.86,2258,500,249.55,141.12,401
16242,2,Recent High-Activity,United Kingdom,9,14,7404.65,3921,348,528.9,280.07,626
16243,1,Developing / Moderate,United Kingdom,34,2,409.1,110,49,204.55,55.0,21
16244,1,Developing / Moderate,United Kingdom,212,2,1522.75,855,88,761.38,427.5,161
16245,1,Developing / Moderate,United Kingdom,24,3,1413.66,1014,80,471.22,338.0,233
16246,1,Developing / Moderate,United Kingdom,460,2,821.35,336,79,410.68,168.0,210
16247,0,Inactive Low-Activity,United Kingdom,171,1,114.56,182,16,114.56,182.0,0
16248,0,Inactive Low-Activity,United Kingdom,62,1,152.94,78,7,152.94,78.0,0
16249,1,Developing / Moderate,United Kingdom,53,5,1800.07,950,67,360.01,190.0,187
16250,1,Developing / Moderate,United Kingdom,262,3,565.24,268,29,188.41,89.33,125
16251,0,Inactive Low-Activity,United Kingdom,513,1,128.31,44,20,128.31,44.0,0
16252,0,Inactive Low-Activity,United Kingdom,383,1,295.09,158,21,295.09,158.0,0
16253,2,Recent High-Activity,United Kingdom,67,7,7272.2,6030,218,1038.89,861.43,665
16254,1,Developing / Moderate,United Kingdom,379,3,967.44,543,65,322.48,181.0,254
16255,2,Recent High-Activity,United Kingdom,17,15,4530.0,2876,231,302.0,191.73,668
16256,1,Developing / Moderate,United Kingdom,267,3,1629.37,1590,27,543.12,530.0,331
16257,0,Inactive Low-Activity,United Kingdom,177,1,46.95,2,2,46.95,2.0,0
16258,2,Recent High-Activity,United Kingdom,46,15,11942.52,7200,253,796.17,480.0,594
16259,1,Developing / Moderate,United Kingdom,411,3,340.94,143,75,113.65,47.67,195
16260,1,Developing / Moderate,United Kingdom,51,1,1035.45,311,18,1035.45,311.0,0
16261,1,Developing / Moderate,United Kingdom,18,6,1041.16,454,118,173.53,75.67,425
16262,0,Inactive Low-Activity,United Kingdom,379,1,755.15,446,46,755.15,446.0,0
16263,0,Inactive Low-Activity,United Kingdom,424,1,348.16,197,19,348.16,197.0,0
16264,0,Inactive Low-Activity,United Kingdom,439,2,823.53,616,62,411.76,308.0,8
16265,2,Recent High-Activity,United Kingdom,10,12,6935.17,3214,192,577.93,267.83,398
16266,2,Recent High-Activity,United Kingdom,74,14,1757.95,791,73,125.57,56.5,600
16267,0,Inactive Low-Activity,United Kingdom,592,1,186.66,198,7,186.66,198.0,0
16268,1,Developing / Moderate,United Kingdom,72,2,667.65,533,45,333.82,266.5,0
16269,0,Inactive Low-Activity,United Kingdom,438,1,717.57,579,53,717.57,579.0,0
16270,0,Inactive Low-Activity,United Kingdom,354,1,1141.24,688,54,1141.24,688.0,0
16271,2,Recent High-Activity,United Kingdom,3,10,3397.82,2359,176,339.78,235.9,640
16272,0,Inactive Low-Activity,United Kingdom,117,1,411.7,224,25,411.7,224.0,0
16273,0,Inactive Low-Activity,United Kingdom,649,2,318.34,40,15,159.17,20.0,8
16274,0,Inactive Low-Activity,United Kingdom,374,1,351.75,153,64,351.75,153.0,0
16275,1,Developing / Moderate,United Kingdom,197,3,2151.11,1268,105,717.04,422.67,445
16276,1,Developing / Moderate,United Kingdom,177,3,2629.39,1467,20,876.46,489.0,431
16277,0,Inactive Low-Activity,United Kingdom,734,1,188.69,33,23,188.69,33.0,0
16278,1,Developing / Moderate,United Kingdom,101,3,1117.84,342,50,372.61,114.0,399
16279,2,Recent High-Activity,United Kingdom,22,9,5698.28,3683,243,633.14,409.22,575
16280,0,Inactive Low-Activity,United Kingdom,726,1,238.05,101,16,238.05,101.0,0
16281,1,Developing / Moderate,United Kingdom,73,3,3424.02,1570,27,1141.34,523.33,610
16282,1,Developing / Moderate,United Kingdom,340,3,1307.58,790,31,435.86,263.33,379
16283,2,Recent High-Activity,United Kingdom,6,8,4350.32,2867,385,543.79,358.38,644
16284,1,Developing / Moderate,United Kingdom,32,3,1018.48,674,108,339.49,224.67,362
16285,0,Inactive Low-Activity,United Kingdom,647,1,176.9,60,31,176.9,60.0,0
16286,0,Inactive Low-Activity,United Kingdom,478,2,328.95,101,17,164.47,50.5,146
16287,1,Developing / Moderate,United Kingdom,170,5,1006.98,1426,18,201.4,285.2,520
16288,0,Inactive Low-Activity,United Kingdom,471,1,129.85,19,7,129.85,19.0,0
16289,0,Inactive Low-Activity,United Kingdom,463,1,136.31,97,21,136.31,97.0,0
16290,1,Developing / Moderate,United Kingdom,465,4,1957.7,957,85,489.43,239.25,101
16291,0,Inactive Low-Activity,Portugal,683,1,117.72,1,1,117.72,1.0,0
16292,1,Developing / Moderate,United Kingdom,122,5,1253.76,688,51,250.75,137.6,483
16293,2,Recent High-Activity,United Kingdom,22,15,4279.2,1833,168,285.28,122.2,707
16294,0,Inactive Low-Activity,United Kingdom,477,1,126.05,54,8,126.05,54.0,0
16295,1,Developing / Moderate,United Kingdom,10,4,1328.55,841,70,332.14,210.25,55
16296,0,Inactive Low-Activity,United Kingdom,627,4,1313.67,645,56,328.42,161.25,95
16297,0,Inactive Low-Activity,United Kingdom,269,1,301.9,206,20,301.9,206.0,0
16298,1,Developing / Moderate,United Kingdom,23,7,1085.7,308,32,155.1,44.0,420
16299,0,Inactive Low-Activity,United Kingdom,478,1,193.65,107,12,193.65,107.0,0
16300,1,Developing / Moderate,United Kingdom,431,3,1367.32,643,190,455.77,214.33,245
16301,0,Inactive Low-Activity,United Kingdom,737,1,107.33,41,6,107.33,41.0,0
16302,0,Inactive Low-Activity,United Kingdom,127,1,233.22,158,11,233.22,158.0,0
16303,2,Recent High-Activity,United Kingdom,26,7,7928.27,3859,156,1132.61,551.29,606
16304,0,Inactive Low-Activity,United Kingdom,695,1,381.66,228,25,381.66,228.0,0
16305,0,Inactive Low-Activity,United Kingdom,139,1,361.22,256,22,361.22,256.0,0
16306,1,Developing / Moderate,United Kingdom,214,7,1124.72,712,55,160.67,101.71,221
16307,1,Developing / Moderate,United Kingdom,430,3,1194.92,1123,69,398.31,374.33,148
16308,1,Developing / Moderate,United Kingdom,38,7,5120.0,16000,1,731.43,2285.71,687
16309,1,Developing / Moderate,United Kingdom,107,2,706.57,467,39,353.29,233.5,134
16310,0,Inactive Low-Activity,United Kingdom,415,2,460.08,270,26,230.04,135.0,228
16311,1,Developing / Moderate,United Kingdom,18,2,616.26,394,35,308.13,197.0,32
16312,0,Inactive Low-Activity,United Kingdom,433,1,171.15,53,10,171.15,53.0,0
16313,1,Developing / Moderate,United Kingdom,4,2,274.15,165,16,137.08,82.5,46
16314,1,Developing / Moderate,United Kingdom,390,3,1491.4,636,58,497.13,212.0,83
16315,0,Inactive Low-Activity,United Kingdom,331,2,402.71,143,21,201.35,71.5,206
16316,2,Recent High-Activity,United Kingdom,65,13,5744.91,3057,193,441.92,235.15,429
16317,1,Developing / Moderate,United Kingdom,120,5,2192.51,1236,103,438.5,247.2,465
16318,0,Inactive Low-Activity,United Kingdom,36,1,328.15,199,19,328.15,199.0,0
16319,0,Inactive Low-Activity,United Kingdom,218,1,404.4,72,3,404.4,72.0,0
16320,2,Recent High-Activity,Unspecified,173,6,5628.99,3319,193,938.16,553.17,509
16321,1,Developing / Moderate,Australia,73,7,604.55,259,15,86.36,37.0,666
16322,1,Developing / Moderate,United Kingdom,2,2,326.75,231,28,163.38,115.5,35
16323,0,Inactive Low-Activity,United Kingdom,197,2,353.66,146,4,176.83,73.0,381
16324,1,Developing / Moderate,United Kingdom,129,3,408.59,270,100,136.2,90.0,49
16325,2,Recent High-Activity,United Kingdom,47,12,3597.5,2464,104,299.79,205.33,689
16326,2,Recent High-Activity,United Kingdom,6,24,4721.25,1083,243,196.72,45.12,675
16327,2,Recent High-Activity,United Kingdom,15,16,10159.64,8124,289,634.98,507.75,711
16328,0,Inactive Low-Activity,United Kingdom,564,1,310.83,141,16,310.83,141.0,0
16329,1,Developing / Moderate,United Kingdom,428,4,1664.92,797,83,416.23,199.25,311
16330,2,Recent High-Activity,United Kingdom,18,7,625.38,326,105,89.34,46.57,645
16331,1,Developing / Moderate,United Kingdom,433,6,2037.7,756,33,339.62,126.0,210
16332,2,Recent High-Activity,United Kingdom,29,11,2000.01,1128,158,181.82,102.55,561
16333,2,Recent High-Activity,United Kingdom,8,22,26626.8,32184,9,1210.31,1462.91,302
16334,0,Inactive Low-Activity,United Kingdom,493,1,263.73,206,54,263.73,206.0,0
16335,1,Developing / Moderate,United Kingdom,552,7,2753.52,1004,193,393.36,143.43,184
16336,1,Developing / Moderate,United Kingdom,421,4,3517.69,1473,64,879.42,368.25,211
16337,0,Inactive Low-Activity,United Kingdom,37,1,151.05,87,10,151.05,87.0,0
16338,0,Inactive Low-Activity,United Kingdom,158,1,214.8,94,11,214.8,94.0,0
16339,0,Inactive Low-Activity,United Kingdom,285,1,94.05,21,17,94.05,21.0,0
16340,1,Developing / Moderate,United Kingdom,108,3,1496.24,1319,277,498.75,439.67,444
16341,2,Recent High-Activity,United Kingdom,25,7,3850.79,3022,103,550.11,431.71,585
16342,1,Developing / Moderate,United Kingdom,76,4,322.41,157,10,80.6,39.25,104
16343,1,Developing / Moderate,United Kingdom,17,3,614.12,345,54,204.71,115.0,391
16344,1,Developing / Moderate,United Kingdom,159,4,842.42,706,43,210.6,176.5,510
16345,1,Developing / Moderate,United Kingdom,45,2,1178.79,611,95,589.39,305.5,439
16346,0,Inactive Low-Activity,United Kingdom,386,1,224.51,289,15,224.51,289.0,0
16347,2,Recent High-Activity,United Kingdom,12,11,3442.96,1715,209,313.0,155.91,626
16348,2,Recent High-Activity,United Kingdom,33,8,1744.42,1164,180,218.05,145.5,398
16349,0,Inactive Low-Activity,United Kingdom,291,1,53.5,9,9,53.5,9.0,0
16350,2,Recent High-Activity,United Kingdom,22,9,2253.89,1077,72,250.43,119.67,407
16351,2,Recent High-Activity,United Kingdom,333,13,3330.03,2165,124,256.16,166.54,403
16352,1,Developing / Moderate,United Kingdom,18,2,494.44,300,28,247.22,150.0,20
16353,2,Recent High-Activity,United Kingdom,4,38,9795.46,3483,76,257.78,91.66,729
16354,1,Developing / Moderate,United Kingdom,64,5,1119.46,592,116,223.89,118.4,528
16355,0,Inactive Low-Activity,United Kingdom,376,1,416.35,179,47,416.35,179.0,0
16356,1,Developing / Moderate,United Kingdom,198,6,415.87,190,27,69.31,31.67,354
16357,1,Developing / Moderate,United Kingdom,34,4,868.37,389,43,217.09,97.25,348
16358,1,Developing / Moderate,United Kingdom,2,5,2919.65,2065,118,583.93,413.0,393
16359,2,Recent High-Activity,United Kingdom,8,16,2697.75,1764,78,168.61,110.25,654
16360,1,Developing / Moderate,United Kingdom,5,6,3450.41,2110,365,575.07,351.67,84
16361,1,Developing / Moderate,United Kingdom,10,4,891.21,418,87,222.8,104.5,62
16362,1,Developing / Moderate,United Kingdom,33,6,922.16,467,67,153.69,77.83,405
16363,0,Inactive Low-Activity,United Kingdom,54,1,109.36,52,5,109.36,52.0,0
16364,1,Developing / Moderate,United Kingdom,12,2,705.79,279,48,352.89,139.5,126
16365,2,Recent High-Activity,United Kingdom,18,15,3167.34,1034,97,211.16,68.93,711
16366,2,Recent High-Activity,United Kingdom,19,4,1548.13,882,74,387.03,220.5,705
16367,1,Developing / Moderate,United Kingdom,38,3,1350.48,1103,196,450.16,367.67,346
16368,1,Developing / Moderate,United Kingdom,3,3,621.44,307,74,207.15,102.33,433
16369,2,Recent High-Activity,United Kingdom,19,7,2656.56,1589,115,379.51,227.0,593
16370,1,Developing / Moderate,United Kingdom,83,4,1301.91,640,143,325.48,160.0,143
16371,0,Inactive Low-Activity,United Kingdom,449,1,157.2,108,11,157.2,108.0,0
16372,2,Recent High-Activity,United Kingdom,34,5,1290.31,722,271,258.06,144.4,574
16373,0,Inactive Low-Activity,United Kingdom,383,2,309.49,119,25,154.75,59.5,29
16374,2,Recent High-Activity,United Kingdom,67,5,1723.4,771,276,344.68,154.2,522
16375,0,Inactive Low-Activity,United Kingdom,471,2,104.0,74,11,52.0,37.0,0
16376,1,Developing / Moderate,United Kingdom,9,2,974.96,691,104,487.48,345.5,9
16377,1,Developing / Moderate,United Kingdom,268,2,1308.48,2928,6,654.24,1464.0,350
16378,0,Inactive Low-Activity,United Kingdom,248,3,362.95,267,22,120.98,89.0,63
16379,1,Developing / Moderate,United Kingdom,5,4,2157.4,1410,87,539.35,352.5,74
16380,1,Developing / Moderate,United Kingdom,62,1,1743.15,1428,28,1743.15,1428.0,0
16381,0,Inactive Low-Activity,United Kingdom,396,2,247.85,108,60,123.92,54.0,23
16382,0,Inactive Low-Activity,United Kingdom,409,2,353.1,167,42,176.55,83.5,142
16383,2,Recent High-Activity,United Kingdom,75,7,2896.69,1596,239,413.81,228.0,599
16384,1,Developing / Moderate,United Kingdom,90,4,1358.95,861,80,339.74,215.25,501
16385,1,Developing / Moderate,United Kingdom,61,5,881.35,476,94,176.27,95.2,571
16386,1,Developing / Moderate,United Kingdom,29,3,1068.16,700,127,356.05,233.33,359
16387,1,Developing / Moderate,United Kingdom,323,5,882.46,448,68,176.49,89.6,316
16388,0,Inactive Low-Activity,United Kingdom,654,1,186.05,83,13,186.05,83.0,0
16389,1,Developing / Moderate,United Kingdom,54,4,1382.07,1242,33,345.52,310.5,230
16390,0,Inactive Low-Activity,United Kingdom,537,3,467.5,122,16,155.83,40.67,143
16391,1,Developing / Moderate,United Kingdom,401,4,1052.26,715,261,263.06,178.75,161
16392,1,Developing / Moderate,United Kingdom,270,3,756.7,604,125,252.23,201.33,292
16393,2,Recent High-Activity,United Kingdom,3,23,5297.77,3001,313,230.34,130.48,736
16394,1,Developing / Moderate,United Kingdom,57,5,1555.34,2604,61,311.07,520.8,233
16395,2,Recent High-Activity,United Kingdom,61,14,3518.41,2901,416,251.31,207.21,673
16396,0,Inactive Low-Activity,United Kingdom,477,1,137.8,80,8,137.8,80.0,0
16397,0,Inactive Low-Activity,United Kingdom,629,1,123.13,43,9,123.13,43.0,0
16398,1,Developing / Moderate,United Kingdom,155,2,1705.8,758,75,852.9,379.0,99
16399,1,Developing / Moderate,United Kingdom,20,3,630.22,452,97,210.07,150.67,370
16400,2,Recent High-Activity,United Kingdom,95,9,3059.85,2066,214,339.98,229.56,637
16401,2,Recent High-Activity,United Kingdom,2,23,6849.15,6035,110,297.79,262.39,554
16402,0,Inactive Low-Activity,United Kingdom,265,2,293.45,146,55,146.72,73.0,105
16403,0,Inactive Low-Activity,United Kingdom,313,1,177.5,114,10,177.5,114.0,0
16404,0,Inactive Low-Activity,United Kingdom,71,1,443.05,157,23,443.05,157.0,0
16405,0,Inactive Low-Activity,United Kingdom,303,2,167.25,187,3,83.62,93.5,8
16406,1,Developing / Moderate,United Kingdom,19,3,528.36,257,135,176.12,85.67,635
16407,2,Recent High-Activity,United Kingdom,13,14,2761.65,1448,120,197.26,103.43,420
16408,0,Inactive Low-Activity,United Kingdom,592,1,231.93,227,45,231.93,227.0,0
16409,2,Recent High-Activity,United Kingdom,37,12,5652.74,3664,335,471.06,305.33,690
16410,0,Inactive Low-Activity,United Kingdom,735,1,130.32,348,5,130.32,348.0,0
16411,1,Developing / Moderate,United Kingdom,20,4,756.39,461,139,189.1,115.25,409
16412,1,Developing / Moderate,United Kingdom,54,5,593.19,288,84,118.64,57.6,620
16413,1,Developing / Moderate,United Kingdom,57,2,522.03,283,55,261.01,141.5,319
16414,1,Developing / Moderate,United Kingdom,22,5,551.21,201,58,110.24,40.2,673
16415,1,Developing / Moderate,United Kingdom,45,3,696.76,508,120,232.25,169.33,632
16416,2,Recent High-Activity,United Kingdom,27,9,2957.88,2198,146,328.65,244.22,628
16417,0,Inactive Low-Activity,United Kingdom,493,1,35.7,6,1,35.7,6.0,0
16418,1,Developing / Moderate,United Kingdom,45,5,1028.74,564,121,205.75,112.8,378
16419,2,Recent High-Activity,United Kingdom,113,8,1463.7,701,62,182.96,87.62,556
16420,0,Inactive Low-Activity,United Kingdom,397,1,75.0,120,2,75.0,120.0,0
16421,0,Inactive Low-Activity,United Kingdom,377,3,526.27,123,35,175.42,41.0,93
16422,2,Recent High-Activity,United Kingdom,18,109,61920.87,64225,111,568.08,589.22,679
16423,0,Inactive Low-Activity,United Kingdom,25,1,346.12,230,18,346.12,230.0,0
16424,0,Inactive Low-Activity,United Kingdom,192,2,443.06,212,10,221.53,106.0,191
16425,0,Inactive Low-Activity,United Kingdom,303,1,302.7,199,21,302.7,199.0,0
16426,2,Recent High-Activity,United Kingdom,3,10,1863.76,1215,211,186.38,121.5,274
16427,0,Inactive Low-Activity,United Kingdom,264,2,241.06,156,8,120.53,78.0,21
16428,1,Developing / Moderate,United Kingdom,414,3,638.49,575,121,212.83,191.67,84
16429,0,Inactive Low-Activity,United Kingdom,107,1,284.55,9,2,284.55,9.0,0
16430,1,Developing / Moderate,United Kingdom,58,7,1117.94,307,19,159.71,43.86,624
16431,1,Developing / Moderate,United Kingdom,214,3,623.28,442,51,207.76,147.33,84
16432,0,Inactive Low-Activity,United Kingdom,65,1,287.4,276,8,287.4,276.0,0
16433,1,Developing / Moderate,United Kingdom,29,2,384.52,214,33,192.26,107.0,380
16434,2,Recent High-Activity,United Kingdom,30,12,2673.69,1310,126,222.81,109.17,662
16435,0,Inactive Low-Activity,United Kingdom,513,3,1003.07,608,119,334.36,202.67,2
16436,0,Inactive Low-Activity,United Kingdom,669,3,319.14,227,37,106.38,75.67,65
16437,0,Inactive Low-Activity,United Kingdom,382,2,301.25,197,17,150.62,98.5,48
16438,1,Developing / Moderate,United Kingdom,6,5,798.35,463,74,159.67,92.6,77
16439,0,Inactive Low-Activity,United Kingdom,723,1,310.7,74,9,310.7,74.0,0
16440,2,Recent High-Activity,United Kingdom,8,6,3856.97,2108,202,642.83,351.33,486
16441,1,Developing / Moderate,United Kingdom,68,5,1019.13,478,67,203.83,95.6,560
16442,2,Recent High-Activity,United Kingdom,2,5,891.98,580,226,178.4,116.0,725
16443,0,Inactive Low-Activity,United Kingdom,521,1,162.24,96,1,162.24,96.0,0
16444,2,Recent High-Activity,United Kingdom,47,17,3625.88,1945,217,213.29,114.41,579
16445,1,Developing / Moderate,United Kingdom,34,4,583.16,287,143,145.79,71.75,378
16446,1,Developing / Moderate,United Kingdom,1,2,168472.5,80997,3,84236.25,40498.5,205
16447,1,Developing / Moderate,United Kingdom,136,3,727.1,315,59,242.37,105.0,525
16448,1,Developing / Moderate,United Kingdom,199,2,361.12,176,45,180.56,88.0,273
16449,1,Developing / Moderate,United Kingdom,198,2,707.69,367,40,353.85,183.5,83
16450,1,Developing / Moderate,United Kingdom,150,3,1505.73,681,36,501.91,227.0,507
16451,1,Developing / Moderate,United Kingdom,88,3,1013.15,524,61,337.72,174.67,648
16452,0,Inactive Low-Activity,United Kingdom,631,2,332.17,199,14,166.09,99.5,63
16453,0,Inactive Low-Activity,United Kingdom,531,2,251.71,139,15,125.86,69.5,18
16454,0,Inactive Low-Activity,United Kingdom,45,4,30.95,9,4,7.74,2.25,567
16455,2,Recent High-Activity,United Kingdom,64,11,3995.57,2851,111,363.23,259.18,556
16456,2,Recent High-Activity,United Kingdom,100,13,6000.94,3296,226,461.61,253.54,521
16457,0,Inactive Low-Activity,United Kingdom,219,1,208.36,140,9,208.36,140.0,0
16458,2,Recent High-Activity,United Kingdom,3,30,5690.89,3395,91,189.7,113.17,560
16459,0,Inactive Low-Activity,United Kingdom,730,1,71.79,59,5,71.79,59.0,0
16460,1,Developing / Moderate,United Kingdom,29,3,811.23,876,128,270.41,292.0,53
16461,1,Developing / Moderate,United Kingdom,178,3,1545.83,933,223,515.28,311.0,469
16462,0,Inactive Low-Activity,United Kingdom,74,3,136.0,16,1,45.33,5.33,210
16463,1,Developing / Moderate,United Kingdom,22,4,1422.4,1163,74,355.6,290.75,183
16464,1,Developing / Moderate,United Kingdom,20,3,1298.66,952,152,432.89,317.33,123
16465,0,Inactive Low-Activity,United Kingdom,421,2,746.24,504,45,373.12,252.0,24
16466,2,Recent High-Activity,United Kingdom,34,15,3767.09,1777,207,251.14,118.47,609
16467,1,Developing / Moderate,United Kingdom,509,7,2869.16,7384,14,409.88,1054.86,229
16468,1,Developing / Moderate,United Kingdom,75,3,787.52,371,38,262.51,123.67,407
16469,1,Developing / Moderate,United Kingdom,24,5,803.9,332,167,160.78,66.4,491
16470,2,Recent High-Activity,United Kingdom,52,11,2416.85,1335,286,219.71,121.36,677
16471,1,Developing / Moderate,United Kingdom,275,4,1189.98,670,48,297.5,167.5,378
16472,0,Inactive Low-Activity,United Kingdom,435,2,789.6,252,39,394.8,126.0,163
16473,1,Developing / Moderate,United Kingdom,165,4,470.83,296,26,117.71,74.0,210
16474,1,Developing / Moderate,United Kingdom,8,7,1810.65,909,237,258.66,129.86,138
16475,1,Developing / Moderate,United Kingdom,89,4,544.3,319,23,136.07,79.75,185
16476,0,Inactive Low-Activity,United Kingdom,432,1,350.35,187,24,350.35,187.0,0
16477,2,Recent High-Activity,United Kingdom,64,11,4094.37,2507,177,372.22,227.91,421
16478,1,Developing / Moderate,United Kingdom,26,3,331.0,224,15,110.33,74.67,40
16479,1,Developing / Moderate,United Kingdom,11,2,300.83,102,35,150.41,51.0,0
16480,1,Developing / Moderate,United Kingdom,76,1,769.29,455,51,769.29,455.0,0
16481,0,Inactive Low-Activity,United Kingdom,683,1,453.38,201,16,453.38,201.0,0
16482,0,Inactive Low-Activity,United Kingdom,16,1,220.62,346,18,220.62,346.0,0
16483,0,Inactive Low-Activity,United Kingdom,193,1,139.35,44,19,139.35,44.0,0
16484,0,Inactive Low-Activity,United Kingdom,174,2,404.3,200,25,202.15,100.0,17
16485,2,Recent High-Activity,United Kingdom,78,5,2287.19,1153,126,457.44,230.6,656
16486,0,Inactive Low-Activity,United Kingdom,538,1,134.36,24,7,134.36,24.0,0
16487,0,Inactive Low-Activity,United Kingdom,578,2,209.4,163,28,104.7,81.5,82
16488,1,Developing / Moderate,United Kingdom,34,3,498.8,728,28,166.27,242.67,115
16489,0,Inactive Low-Activity,United Kingdom,381,2,303.7,38,4,151.85,19.0,56
16490,0,Inactive Low-Activity,United Kingdom,437,1,205.41,113,13,205.41,113.0,0
16491,1,Developing / Moderate,United Kingdom,47,2,1533.16,1060,86,766.58,530.0,367
16492,0,Inactive Low-Activity,United Kingdom,541,1,385.56,235,23,385.56,235.0,0
16493,2,Recent High-Activity,United Kingdom,80,7,2132.09,1988,77,304.58,284.0,544
16494,0,Inactive Low-Activity,United Kingdom,297,1,826.53,675,47,826.53,675.0,0
16495,1,Developing / Moderate,United Kingdom,4,3,648.26,328,78,216.09,109.33,273
16496,2,Recent High-Activity,United Kingdom,9,6,2330.77,1764,120,388.46,294.0,501
16497,2,Recent High-Activity,United Kingdom,50,23,6695.28,3050,239,291.1,132.61,687
16498,0,Inactive Low-Activity,United Kingdom,162,2,100.97,45,15,50.48,22.5,1
16499,1,Developing / Moderate,United Kingdom,361,8,2578.34,1364,104,322.29,170.5,186
16500,1,Developing / Moderate,United Kingdom,5,9,843.91,386,24,93.77,42.89,539
16501,1,Developing / Moderate,United Kingdom,384,1,1191.23,628,181,1191.23,628.0,0
16502,0,Inactive Low-Activity,United Kingdom,621,2,258.55,220,41,129.28,110.0,0
16503,2,Recent High-Activity,United Kingdom,107,11,3614.34,1535,161,328.58,139.55,430
16504,1,Developing / Moderate,United Kingdom,26,1,465.88,510,76,465.88,510.0,0
16505,0,Inactive Low-Activity,United Kingdom,32,1,777.6,576,4,777.6,576.0,0
16506,0,Inactive Low-Activity,United Kingdom,20,2,90.3,42,3,45.15,21.0,21
16507,0,Inactive Low-Activity,United Kingdom,573,1,142.71,111,37,142.71,111.0,0
16508,0,Inactive Low-Activity,United Kingdom,631,1,240.95,103,42,240.95,103.0,0
16509,0,Inactive Low-Activity,United Kingdom,297,1,363.7,64,13,363.7,64.0,0
16510,1,Developing / Moderate,United Kingdom,373,6,1777.5,930,94,296.25,155.0,319
16511,2,Recent High-Activity,United Kingdom,22,6,1760.49,769,235,293.42,128.17,627
16513,1,Developing / Moderate,United Kingdom,5,4,874.59,407,33,218.65,101.75,39
16515,2,Recent High-Activity,United Kingdom,53,10,3179.06,1573,184,317.91,157.3,488
16516,0,Inactive Low-Activity,United Kingdom,31,1,101.7,58,6,101.7,58.0,0
16517,0,Inactive Low-Activity,United Kingdom,278,1,162.7,96,17,162.7,96.0,0
16518,1,Developing / Moderate,United Kingdom,62,4,959.37,524,61,239.84,131.0,495
16519,1,Developing / Moderate,United Kingdom,26,4,439.06,150,32,109.77,37.5,623
16520,2,Recent High-Activity,United Kingdom,187,6,2148.38,1045,251,358.06,174.17,461
16521,1,Developing / Moderate,United Kingdom,416,3,1140.11,1014,212,380.04,338.0,233
16522,0,Inactive Low-Activity,United Kingdom,436,2,433.36,212,16,216.68,106.0,15
16523,2,Recent High-Activity,United Kingdom,2,28,11916.33,4979,180,425.58,177.82,683
16524,0,Inactive Low-Activity,United Kingdom,447,2,306.19,259,50,153.09,129.5,245
16525,2,Recent High-Activity,United Kingdom,3,48,24151.3,14430,115,503.15,300.62,735
16526,1,Developing / Moderate,United Kingdom,172,2,717.21,279,30,358.61,139.5,413
16527,1,Developing / Moderate,United Kingdom,82,2,1232.94,708,66,616.47,354.0,343
16528,0,Inactive Low-Activity,United Kingdom,4,1,244.41,171,17,244.41,171.0,0
16529,1,Developing / Moderate,United Kingdom,191,4,1986.8,739,87,496.7,184.75,340
16530,0,Inactive Low-Activity,United Kingdom,669,1,48.35,17,3,48.35,17.0,0
16531,2,Recent High-Activity,United Kingdom,23,11,2298.33,1863,109,208.94,169.36,419
16532,1,Developing / Moderate,United Kingdom,18,5,8756.64,2544,2,1751.33,508.8,603
16533,1,Developing / Moderate,United Kingdom,20,3,1082.81,611,112,360.94,203.67,49
16534,0,Inactive Low-Activity,United Kingdom,643,1,635.9,168,36,635.9,168.0,0
16535,1,Developing / Moderate,United Kingdom,6,3,972.04,664,67,324.01,221.33,675
16536,1,Developing / Moderate,United Kingdom,111,1,548.12,250,49,548.12,250.0,0
16537,0,Inactive Low-Activity,United Kingdom,642,1,23.35,59,3,23.35,59.0,0
16538,0,Inactive Low-Activity,United Kingdom,542,3,395.07,254,35,131.69,84.67,54
16539,2,Recent High-Activity,United Kingdom,3,10,3289.66,1014,83,328.97,101.4,530
16540,0,Inactive Low-Activity,United Kingdom,415,1,205.75,105,25,205.75,105.0,0
16541,0,Inactive Low-Activity,United Kingdom,736,1,424.03,173,38,424.03,173.0,0
16542,1,Developing / Moderate,United Kingdom,54,2,257.32,142,13,128.66,71.0,348
16543,0,Inactive Low-Activity,United Kingdom,592,1,292.21,317,18,292.21,317.0,0
16544,0,Inactive Low-Activity,United Kingdom,520,4,376.7,150,8,94.18,37.5,143
16545,0,Inactive Low-Activity,United Kingdom,165,2,689.82,322,6,344.91,161.0,211
16546,1,Developing / Moderate,United Kingdom,291,5,5307.07,4211,75,1061.41,842.2,152
16547,0,Inactive Low-Activity,United Kingdom,547,1,104.26,108,25,104.26,108.0,0
16548,0,Inactive Low-Activity,United Kingdom,600,1,30.15,6,6,30.15,6.0,0
16549,2,Recent High-Activity,United Kingdom,11,34,12781.8,7087,836,375.94,208.44,611
16550,2,Recent High-Activity,United Kingdom,109,18,8813.58,5405,274,489.64,300.28,629
16551,2,Recent High-Activity,United Kingdom,96,7,2237.12,2076,67,319.59,296.57,631
16552,0,Inactive Low-Activity,United Kingdom,243,2,379.73,219,17,189.87,109.5,131
16553,2,Recent High-Activity,United Kingdom,164,33,16584.01,16427,195,502.55,497.79,503
16554,2,Recent High-Activity,United Kingdom,43,8,2841.72,1346,108,355.21,168.25,682
16555,1,Developing / Moderate,United Kingdom,36,6,1915.68,1816,59,319.28,302.67,470
16556,2,Recent High-Activity,United Kingdom,67,17,8012.58,4353,280,471.33,256.06,666
16557,1,Developing / Moderate,United Kingdom,25,2,281.85,111,11,140.93,55.5,113
16558,2,Recent High-Activity,United Kingdom,1,38,13304.11,7813,383,350.11,205.61,736
16559,0,Inactive Low-Activity,United Kingdom,398,1,175.0,61,17,175.0,61.0,0
16560,2,Recent High-Activity,United Kingdom,27,8,3048.38,1603,140,381.05,200.38,705
16561,1,Developing / Moderate,United Kingdom,6,2,511.12,244,29,255.56,122.0,54
16562,0,Inactive Low-Activity,United Kingdom,477,1,223.86,264,34,223.86,264.0,0
16563,2,Recent High-Activity,United Kingdom,54,6,4412.56,2584,55,735.43,430.67,685
16564,0,Inactive Low-Activity,United Kingdom,570,1,87.8,40,5,87.8,40.0,0
16565,0,Inactive Low-Activity,United Kingdom,365,4,773.05,211,7,193.26,52.75,191
16566,1,Developing / Moderate,United Kingdom,16,5,614.66,362,14,122.93,72.4,277
16567,1,Developing / Moderate,United Kingdom,195,2,865.6,996,34,432.8,498.0,142
16568,0,Inactive Low-Activity,United Kingdom,428,2,1020.9,366,5,510.45,183.0,214
16569,1,Developing / Moderate,United Kingdom,4,5,1455.23,988,27,291.05,197.6,720
16570,2,Recent High-Activity,United Kingdom,16,20,7434.31,4292,114,371.72,214.6,604
16571,2,Recent High-Activity,United Kingdom,27,10,4248.74,3703,151,424.87,370.3,605
16572,1,Developing / Moderate,United Kingdom,128,3,1009.6,532,40,336.53,177.33,148
16573,1,Developing / Moderate,United Kingdom,85,2,663.61,360,40,331.81,180.0,206
16574,1,Developing / Moderate,United Kingdom,72,3,1301.78,1002,86,433.93,334.0,587
16576,0,Inactive Low-Activity,United Kingdom,421,2,540.87,323,32,270.44,161.5,101
16577,0,Inactive Low-Activity,United Kingdom,667,1,380.0,142,23,380.0,142.0,0
16578,0,Inactive Low-Activity,United Kingdom,627,1,156.6,108,9,156.6,108.0,0
16579,0,Inactive Low-Activity,United Kingdom,426,1,295.05,119,14,295.05,119.0,0
16581,0,Inactive Low-Activity,United Kingdom,183,1,105.84,134,9,105.84,134.0,0
16582,0,Inactive Low-Activity,United Kingdom,114,1,313.62,164,6,313.62,164.0,0
16583,0,Inactive Low-Activity,United Kingdom,374,2,297.95,153,18,148.97,76.5,300
16584,2,Recent High-Activity,United Kingdom,81,5,3156.17,1913,61,631.23,382.6,581
16585,0,Inactive Low-Activity,United Kingdom,594,2,341.59,151,16,170.79,75.5,102
16586,1,Developing / Moderate,United Kingdom,249,3,1462.78,348,27,487.59,116.0,387
16587,0,Inactive Low-Activity,United Kingdom,233,1,225.15,71,13,225.15,71.0,0
16588,1,Developing / Moderate,United Kingdom,387,4,1361.28,882,64,340.32,220.5,188
16589,1,Developing / Moderate,United Kingdom,72,4,612.36,536,39,153.09,134.0,379
16590,0,Inactive Low-Activity,United Kingdom,401,2,605.9,240,26,302.95,120.0,14
16591,0,Inactive Low-Activity,United Kingdom,69,1,213.5,41,10,213.5,41.0,0
16592,2,Recent High-Activity,United Kingdom,5,28,7807.91,5504,221,278.85,196.57,717
16593,2,Recent High-Activity,United Kingdom,51,8,1071.14,377,57,133.89,47.12,684
16594,0,Inactive Low-Activity,United Kingdom,76,1,181.09,64,53,181.09,64.0,0
16595,2,Recent High-Activity,United Kingdom,62,5,1757.75,1331,337,351.55,266.2,630
16596,1,Developing / Moderate,United Kingdom,16,4,458.98,180,23,114.75,45.0,714
16597,0,Inactive Low-Activity,United Kingdom,5,1,90.04,184,7,90.04,184.0,0
16598,0,Inactive Low-Activity,United Kingdom,286,1,145.05,73,10,145.05,73.0,0
16599,0,Inactive Low-Activity,United Kingdom,386,1,172.8,159,12,172.8,159.0,0
16600,2,Recent High-Activity,United Kingdom,5,13,2153.41,2420,106,165.65,186.15,717
16601,1,Developing / Moderate,United Kingdom,41,3,677.0,391,60,225.67,130.33,583
16602,1,Developing / Moderate,United Kingdom,37,2,763.33,429,37,381.67,214.5,352
16603,1,Developing / Moderate,United Kingdom,75,2,482.47,480,34,241.24,240.0,17
16604,0,Inactive Low-Activity,United Kingdom,563,2,432.45,175,10,216.22,87.5,6
16605,0,Inactive Low-Activity,United Kingdom,725,1,60.48,144,1,60.48,144.0,0
16606,0,Inactive Low-Activity,United Kingdom,405,2,357.66,148,16,178.83,74.0,30
16607,2,Recent High-Activity,United Kingdom,18,25,5706.87,4436,212,228.27,177.44,572
16608,1,Developing / Moderate,United Kingdom,454,2,1286.62,612,94,643.31,306.0,210
16609,2,Recent High-Activity,United Kingdom,16,7,5493.46,2420,155,784.78,345.71,237
16610,0,Inactive Low-Activity,United Kingdom,220,1,75.66,66,6,75.66,66.0,0
16611,1,Developing / Moderate,United Kingdom,187,6,1785.13,874,86,297.52,145.67,453
16612,2,Recent High-Activity,United Kingdom,33,9,3245.43,1419,105,360.6,157.67,704
16613,1,Developing / Moderate,United Kingdom,71,1,618.59,293,30,618.59,293.0,0
16614,1,Developing / Moderate,United Kingdom,183,3,1179.79,349,37,393.26,116.33,396
16615,0,Inactive Low-Activity,United Kingdom,627,1,291.5,211,19,291.5,211.0,0
16616,1,Developing / Moderate,United Kingdom,16,2,500.42,370,31,250.21,185.0,142
16617,0,Inactive Low-Activity,United Kingdom,236,1,151.85,91,5,151.85,91.0,0
16618,1,Developing / Moderate,United Kingdom,32,5,2647.59,1363,79,529.52,272.6,291
16619,1,Developing / Moderate,United Kingdom,264,4,1938.33,1055,103,484.58,263.75,392
16620,2,Recent High-Activity,United Kingdom,4,6,1758.93,1146,78,293.16,191.0,735
16621,1,Developing / Moderate,United Kingdom,52,4,813.48,302,22,203.37,75.5,226
16622,0,Inactive Low-Activity,United Kingdom,544,1,225.4,44,12,225.4,44.0,0
16623,1,Developing / Moderate,United Kingdom,246,4,1015.24,442,44,253.81,110.5,347
16624,1,Developing / Moderate,United Kingdom,81,2,810.57,488,44,405.28,244.0,117
16625,1,Developing / Moderate,United Kingdom,275,5,1654.03,1057,82,330.81,211.4,269
16626,2,Recent High-Activity,United Kingdom,1,17,4413.1,2690,86,259.59,158.24,266
16627,0,Inactive Low-Activity,United Kingdom,80,1,322.8,162,20,322.8,162.0,0
16628,2,Recent High-Activity,United Kingdom,30,7,2318.1,1260,84,331.16,180.0,612
16629,1,Developing / Moderate,United Kingdom,74,2,408.63,489,58,204.31,244.5,23
16630,0,Inactive Low-Activity,United Kingdom,408,1,106.8,72,4,106.8,72.0,0
16631,1,Developing / Moderate,United Kingdom,482,7,1892.52,775,46,270.36,110.71,170
16632,0,Inactive Low-Activity,United Kingdom,486,2,406.4,256,22,203.2,128.0,96
16633,1,Developing / Moderate,United Kingdom,18,6,2883.1,1138,115,480.52,189.67,217
16634,1,Developing / Moderate,United Kingdom,223,6,1649.81,1257,72,274.97,209.5,465
16635,0,Inactive Low-Activity,United Kingdom,407,1,473.0,277,25,473.0,277.0,0
16636,1,Developing / Moderate,United Kingdom,439,4,3802.04,2186,62,950.51,546.5,208
16637,1,Developing / Moderate,United Kingdom,33,4,1154.47,927,66,288.62,231.75,193
16638,2,Recent High-Activity,United Kingdom,23,15,2380.13,1627,130,158.68,108.47,456
16639,1,Developing / Moderate,United Kingdom,32,4,1747.98,751,76,437.0,187.75,378
16640,0,Inactive Low-Activity,United Kingdom,398,1,179.4,146,13,179.4,146.0,0
16641,1,Developing / Moderate,United Kingdom,106,2,554.5,454,36,277.25,227.0,596
16642,1,Developing / Moderate,United Kingdom,5,3,1077.45,775,50,359.15,258.33,411
16643,1,Developing / Moderate,United Kingdom,246,2,923.11,553,48,461.56,276.5,177
16644,1,Developing / Moderate,United Kingdom,178,2,833.78,826,62,416.89,413.0,35
16645,0,Inactive Low-Activity,United Kingdom,736,1,160.39,117,14,160.39,117.0,0
16646,0,Inactive Low-Activity,United Kingdom,450,1,678.8,1072,29,678.8,1072.0,0
16647,1,Developing / Moderate,United Kingdom,170,4,541.9,396,28,135.47,99.0,375
16648,1,Developing / Moderate,United Kingdom,43,3,672.8,503,37,224.27,167.67,548
16649,0,Inactive Low-Activity,United Kingdom,521,1,306.58,82,20,306.58,82.0,0
16650,1,Developing / Moderate,United Kingdom,72,7,1916.11,1511,71,273.73,215.86,448
16651,0,Inactive Low-Activity,United Kingdom,587,1,136.2,60,6,136.2,60.0,0
16652,2,Recent High-Activity,United Kingdom,59,16,17550.39,7477,124,1096.9,467.31,574
16653,1,Developing / Moderate,United Kingdom,17,2,1212.66,733,67,606.33,366.5,55
16654,1,Developing / Moderate,United Kingdom,142,8,1484.07,640,64,185.51,80.0,471
16655,2,Recent High-Activity,United Kingdom,18,13,6423.26,3938,408,494.1,302.92,660
16656,2,Recent High-Activity,United Kingdom,23,30,16833.17,15433,22,561.11,514.43,713
16657,1,Developing / Moderate,United Kingdom,10,4,874.43,1130,158,218.61,282.5,245
16658,1,Developing / Moderate,United Kingdom,369,6,690.83,277,49,115.14,46.17,251
16659,0,Inactive Low-Activity,United Kingdom,190,1,39.12,72,2,39.12,72.0,0
16660,2,Recent High-Activity,United Kingdom,17,7,1879.55,991,20,268.51,141.57,678
16661,0,Inactive Low-Activity,United Kingdom,541,4,932.76,364,50,233.19,91.0,182
16662,0,Inactive Low-Activity,United Kingdom,395,1,151.05,35,28,151.05,35.0,0
16663,0,Inactive Low-Activity,United Kingdom,730,1,165.0,100,1,165.0,100.0,0
16664,0,Inactive Low-Activity,United Kingdom,570,1,109.2,24,8,109.2,24.0,0
16665,0,Inactive Low-Activity,United Kingdom,363,1,135.4,59,9,135.4,59.0,0
16666,1,Developing / Moderate,United Kingdom,20,2,217.71,354,42,108.86,177.0,602
16667,1,Developing / Moderate,United Kingdom,69,2,567.18,236,52,283.59,118.0,216
16668,2,Recent High-Activity,United Kingdom,16,13,862.42,773,28,66.34,59.46,616
16669,1,Developing / Moderate,United Kingdom,24,3,1348.88,881,141,449.63,293.67,55
16670,2,Recent High-Activity,United Kingdom,17,20,8030.15,4534,258,401.51,226.7,713
16671,1,Developing / Moderate,United Kingdom,29,3,1692.27,875,3,564.09,291.67,136
16672,2,Recent High-Activity,United Kingdom,3,20,8134.94,2832,22,406.75,141.6,264
16673,0,Inactive Low-Activity,United Kingdom,680,1,171.13,95,19,171.13,95.0,0
16674,1,Developing / Moderate,United Kingdom,55,2,304.24,181,89,152.12,90.5,44
16675,0,Inactive Low-Activity,United Kingdom,442,2,608.86,296,21,304.43,148.0,37
16676,1,Developing / Moderate,United Kingdom,34,6,2361.9,927,106,393.65,154.5,385
16677,1,Developing / Moderate,United Kingdom,412,2,880.62,457,45,440.31,228.5,241
16678,2,Recent High-Activity,United Kingdom,3,12,3109.99,2397,92,259.17,199.75,280
16679,0,Inactive Low-Activity,United Kingdom,367,3,663.31,247,15,221.1,82.33,181
16680,1,Developing / Moderate,United Kingdom,44,3,821.45,377,24,273.82,125.67,491
16681,1,Developing / Moderate,United Kingdom,73,7,1921.84,1492,22,274.55,213.14,569
16682,1,Developing / Moderate,United Kingdom,5,5,1028.0,1040,15,205.6,208.0,183
16683,0,Inactive Low-Activity,United Kingdom,534,1,320.25,190,18,320.25,190.0,0
16684,2,Recent High-Activity,United Kingdom,5,55,147142.77,104810,184,2675.32,1905.64,728
16685,1,Developing / Moderate,United Kingdom,62,2,324.24,396,60,162.12,198.0,0
16686,2,Recent High-Activity,United Kingdom,48,16,4881.07,3419,549,305.07,213.69,686
16687,0,Inactive Low-Activity,United Kingdom,391,1,157.63,141,8,157.63,141.0,0
16688,1,Developing / Moderate,United Kingdom,2,4,1260.86,804,52,315.21,201.0,59
16689,0,Inactive Low-Activity,United Kingdom,76,2,422.6,330,12,211.3,165.0,7
16690,1,Developing / Moderate,United Kingdom,73,4,353.03,209,12,88.26,52.25,379
16691,0,Inactive Low-Activity,United Kingdom,419,2,178.83,92,11,89.42,46.0,143
16692,0,Inactive Low-Activity,United Kingdom,257,4,1914.7,878,3,478.67,219.5,185
16693,2,Recent High-Activity,United Kingdom,69,5,1179.48,658,149,235.9,131.6,588
16694,0,Inactive Low-Activity,United Kingdom,724,1,98.3,26,3,98.3,26.0,0
16695,0,Inactive Low-Activity,United Kingdom,562,2,191.9,184,30,95.95,92.0,0
16696,1,Developing / Moderate,United Kingdom,136,4,657.9,146,7,164.48,36.5,113
16697,0,Inactive Low-Activity,United Kingdom,242,1,112.75,27,20,112.75,27.0,0
16698,0,Inactive Low-Activity,United Kingdom,227,2,1998.0,840,4,999.0,420.0,27
16699,1,Developing / Moderate,United Kingdom,381,7,994.6,640,51,142.09,91.43,355
16700,2,Recent High-Activity,United Kingdom,9,25,8830.77,6644,263,353.23,265.76,729
16701,2,Recent High-Activity,United Kingdom,9,26,9916.73,11046,154,381.41,424.85,730
16702,1,Developing / Moderate,United Kingdom,416,4,1110.83,692,84,277.71,173.0,317
16704,0,Inactive Low-Activity,United Kingdom,619,2,664.16,433,50,332.08,216.5,54
16705,2,Recent High-Activity,United Kingdom,1,42,43515.05,22302,400,1036.07,531.0,730
16706,1,Developing / Moderate,United Kingdom,38,3,531.35,249,108,177.12,83.0,77
16707,1,Developing / Moderate,United Kingdom,401,4,533.41,396,64,133.35,99.0,240
16708,1,Developing / Moderate,United Kingdom,46,1,656.63,285,27,656.63,285.0,0
16709,2,Recent High-Activity,United Kingdom,85,14,9056.01,3261,220,646.86,232.93,646
16710,2,Recent High-Activity,United Kingdom,20,22,5921.35,4174,541,269.15,189.73,716
16711,2,Recent High-Activity,United Kingdom,4,9,2868.48,1212,26,318.72,134.67,734
16712,2,Recent High-Activity,United Kingdom,10,13,4232.87,2074,301,325.61,159.54,392
16713,2,Recent High-Activity,United Kingdom,19,32,14115.56,8482,541,441.11,265.06,706
16714,1,Developing / Moderate,United Kingdom,219,4,1497.33,828,95,374.33,207.0,452
16715,1,Developing / Moderate,United Kingdom,79,2,625.52,1174,27,312.76,587.0,484
16716,1,Developing / Moderate,United Kingdom,267,3,2149.68,912,7,716.56,304.0,364
16717,2,Recent High-Activity,United Kingdom,24,14,6663.68,3145,274,475.98,224.64,709
16718,1,Developing / Moderate,United Kingdom,370,5,3006.08,1924,123,601.22,384.8,364
16719,2,Recent High-Activity,United Kingdom,15,14,3513.62,2356,204,250.97,168.29,712
16720,1,Developing / Moderate,United Kingdom,27,3,758.74,460,130,252.91,153.33,696
16721,0,Inactive Low-Activity,United Kingdom,263,1,292.47,172,37,292.47,172.0,0
16722,2,Recent High-Activity,United Kingdom,18,22,8189.56,7986,145,372.25,363.0,719
16723,1,Developing / Moderate,United Kingdom,92,4,1231.36,958,108,307.84,239.5,644
16724,0,Inactive Low-Activity,United Kingdom,405,1,147.35,69,17,147.35,69.0,0
16725,2,Recent High-Activity,United Kingdom,303,14,1688.26,700,242,120.59,50.0,424
16726,2,Recent High-Activity,United Kingdom,27,7,2063.88,1323,150,294.84,189.0,385
16727,1,Developing / Moderate,United Kingdom,365,4,1377.77,1066,158,344.44,266.5,324
16728,1,Developing / Moderate,United Kingdom,47,4,1048.28,671,218,262.07,167.75,218
16729,2,Recent High-Activity,United Kingdom,39,21,7205.33,5722,234,343.11,272.48,203
16730,1,Developing / Moderate,United Kingdom,53,3,743.11,994,75,247.7,331.33,267
16731,0,Inactive Low-Activity,United Kingdom,649,1,170.3,124,40,170.3,124.0,0
16732,2,Recent High-Activity,United Kingdom,32,4,4387.64,2414,199,1096.91,603.5,700
16733,0,Inactive Low-Activity,United Kingdom,530,1,259.68,112,12,259.68,112.0,0
16734,1,Developing / Moderate,United Kingdom,53,3,646.76,345,44,215.59,115.0,62
16735,2,Recent High-Activity,United Kingdom,79,14,6217.41,4240,178,444.1,302.86,653
16736,1,Developing / Moderate,United Kingdom,506,5,2956.56,1050,116,591.31,210.0,231
16737,1,Developing / Moderate,United Kingdom,54,2,835.2,576,1,417.6,288.0,524
16738,0,Inactive Low-Activity,United Kingdom,298,1,3.75,3,1,3.75,3.0,0
16739,1,Developing / Moderate,United Kingdom,177,2,786.43,391,33,393.21,195.5,360
16740,0,Inactive Low-Activity,United Kingdom,396,1,226.91,110,30,226.91,110.0,0
16741,0,Inactive Low-Activity,United Kingdom,626,1,173.06,81,11,173.06,81.0,0
16742,2,Recent High-Activity,United Kingdom,47,14,2799.87,2558,51,199.99,182.71,677
16743,2,Recent High-Activity,United Kingdom,30,14,4212.15,3707,118,300.87,264.79,567
16744,1,Developing / Moderate,United Kingdom,12,7,1291.91,798,198,184.56,114.0,162
16745,2,Recent High-Activity,United Kingdom,87,17,7180.7,6719,148,422.39,395.24,225
16746,2,Recent High-Activity,United Kingdom,5,42,18046.75,11900,390,429.68,283.33,731
16747,1,Developing / Moderate,United Kingdom,38,2,836.06,583,34,418.03,291.5,30
16748,2,Recent High-Activity,United Kingdom,18,14,3637.33,2127,55,259.81,151.93,712
16749,0,Inactive Low-Activity,United Kingdom,592,2,4157.88,1910,53,2078.94,955.0,133
16750,1,Developing / Moderate,United Kingdom,45,5,623.93,214,74,124.79,42.8,188
16751,1,Developing / Moderate,United Kingdom,31,1,1764.72,1031,24,1764.72,1031.0,0
16752,0,Inactive Low-Activity,United Kingdom,373,1,207.5,54,9,207.5,54.0,0
16753,0,Inactive Low-Activity,United Kingdom,59,1,223.92,189,34,223.92,189.0,0
16754,2,Recent High-Activity,United Kingdom,373,29,65500.07,63551,38,2258.62,2191.41,269
16755,2,Recent High-Activity,United Kingdom,115,7,2864.68,1985,219,409.24,283.57,616
16756,1,Developing / Moderate,United Kingdom,215,7,1312.37,707,64,187.48,101.0,426
16757,0,Inactive Low-Activity,United Kingdom,319,2,270.48,180,13,135.24,90.0,91
16758,0,Inactive Low-Activity,United Kingdom,66,1,369.34,203,22,369.34,203.0,0
16759,1,Developing / Moderate,United Kingdom,8,3,789.79,609,40,263.26,203.0,23
16760,0,Inactive Low-Activity,United Kingdom,431,1,228.0,168,17,228.0,168.0,0
16761,0,Inactive Low-Activity,United Kingdom,97,1,316.62,341,13,316.62,341.0,0
16762,1,Developing / Moderate,United Kingdom,20,3,1207.24,480,51,402.41,160.0,125
16763,1,Developing / Moderate,United Kingdom,199,2,964.7,492,44,482.35,246.0,540
16764,2,Recent High-Activity,United Kingdom,4,13,2790.95,1253,209,214.69,96.38,140
16765,0,Inactive Low-Activity,United Kingdom,295,2,454.75,311,52,227.38,155.5,88
16766,0,Inactive Low-Activity,United Kingdom,274,2,1145.6,536,17,572.8,268.0,0
16767,2,Recent High-Activity,United Kingdom,31,15,8056.76,7102,209,537.12,473.47,560
16768,2,Recent High-Activity,United Kingdom,48,9,1698.57,774,108,188.73,86.0,685
16769,1,Developing / Moderate,United Kingdom,261,4,1117.05,295,76,279.26,73.75,465
16770,2,Recent High-Activity,United Kingdom,58,9,1778.93,1052,202,197.66,116.89,417
16771,2,Recent High-Activity,United Kingdom,34,10,3949.6,2308,303,394.96,230.8,697
16772,1,Developing / Moderate,United Kingdom,424,3,3698.05,687,54,1232.68,229.0,298
16773,1,Developing / Moderate,United Kingdom,58,3,421.24,252,53,140.41,84.0,676
16774,2,Recent High-Activity,United Kingdom,68,8,1567.48,774,89,195.94,96.75,594
16775,2,Recent High-Activity,United Kingdom,11,16,2820.84,957,132,176.3,59.81,432
16776,1,Developing / Moderate,United Kingdom,61,2,592.51,435,105,296.25,217.5,355
16777,1,Developing / Moderate,United Kingdom,81,5,1292.18,470,125,258.44,94.0,552
16778,1,Developing / Moderate,United Kingdom,75,2,245.94,194,16,122.97,97.0,200
16779,2,Recent High-Activity,United Kingdom,3,53,32809.03,19411,293,619.04,366.25,734
16780,1,Developing / Moderate,United Kingdom,101,3,596.4,352,73,198.8,117.33,307
16781,1,Developing / Moderate,United Kingdom,373,2,623.0,192,36,311.5,96.0,297
16782,2,Recent High-Activity,United Kingdom,11,38,9636.12,4027,575,253.58,105.97,720
16783,0,Inactive Low-Activity,United Kingdom,437,1,391.95,163,25,391.95,163.0,0
16784,2,Recent High-Activity,United Kingdom,20,5,892.33,494,138,178.47,98.8,602
16785,0,Inactive Low-Activity,United Kingdom,410,1,533.78,313,35,533.78,313.0,0
16786,0,Inactive Low-Activity,United Kingdom,394,1,51.84,72,1,51.84,72.0,0
16787,1,Developing / Moderate,United Kingdom,398,4,1017.53,472,102,254.38,118.0,301
16788,2,Recent High-Activity,United Kingdom,124,5,1928.93,965,348,385.79,193.0,547
16789,0,Inactive Low-Activity,United Kingdom,9,1,80.8,32,5,80.8,32.0,0
16790,1,Developing / Moderate,United Kingdom,4,6,1545.62,898,88,257.6,149.67,34
16791,2,Recent High-Activity,United Kingdom,30,15,3957.63,1854,393,263.84,123.6,707
16792,1,Developing / Moderate,United Kingdom,283,5,623.46,324,90,124.69,64.8,422
16793,0,Inactive Low-Activity,United Kingdom,58,1,243.84,146,16,243.84,146.0,0
16794,2,Recent High-Activity,United Kingdom,2,15,2052.7,1576,245,136.85,105.07,623
16795,1,Developing / Moderate,United Kingdom,366,3,2062.41,1214,306,687.47,404.67,318
16796,0,Inactive Low-Activity,United Kingdom,90,1,305.62,186,18,305.62,186.0,0
16797,1,Developing / Moderate,United Kingdom,394,5,1802.02,898,289,360.4,179.6,344
16798,1,Developing / Moderate,United Kingdom,555,3,841.16,205,141,280.39,68.33,175
16799,0,Inactive Low-Activity,United Kingdom,433,2,452.78,162,81,226.39,81.0,21
16800,1,Developing / Moderate,United Kingdom,12,1,1162.65,524,148,1162.65,524.0,0
16801,1,Developing / Moderate,United Kingdom,164,4,1594.23,493,72,398.56,123.25,110
16802,0,Inactive Low-Activity,United Kingdom,680,2,582.61,369,48,291.31,184.5,51
16803,0,Inactive Low-Activity,United Kingdom,66,1,332.3,245,24,332.3,245.0,0
16804,1,Developing / Moderate,United Kingdom,24,3,536.99,246,59,179.0,82.0,247
16805,2,Recent High-Activity,United Kingdom,174,5,1091.34,1120,213,218.27,224.0,558
16806,1,Developing / Moderate,United Kingdom,104,4,762.16,356,68,190.54,89.0,136
16807,2,Recent High-Activity,United Kingdom,143,6,2123.88,1433,107,353.98,238.83,481
16808,1,Developing / Moderate,United Kingdom,100,2,288.42,196,21,144.21,98.0,175
16809,2,Recent High-Activity,United Kingdom,24,9,1727.43,1093,113,191.94,121.44,582
16810,1,Developing / Moderate,United Kingdom,193,2,842.04,372,34,421.02,186.0,228
16811,1,Developing / Moderate,United Kingdom,5,2,547.07,477,26,273.54,238.5,13
16812,1,Developing / Moderate,United Kingdom,361,4,2392.0,1116,98,598.0,279.0,22
16813,2,Recent High-Activity,United Kingdom,9,10,1652.18,1501,248,165.22,150.1,196
16814,2,Recent High-Activity,United Kingdom,15,36,11924.85,4844,247,331.25,134.56,593
16815,0,Inactive Low-Activity,United Kingdom,454,2,406.02,237,66,203.01,118.5,83
16816,1,Developing / Moderate,United Kingdom,104,4,417.06,274,28,104.27,68.5,255
16817,2,Recent High-Activity,United Kingdom,3,13,2560.7,1401,107,196.98,107.77,429
16818,2,Recent High-Activity,United Kingdom,11,11,3349.57,2164,172,304.51,196.73,195
16819,0,Inactive Low-Activity,United Kingdom,466,2,182.59,253,17,91.3,126.5,0
16820,0,Inactive Low-Activity,United Kingdom,96,1,497.61,307,26,497.61,307.0,0
16821,0,Inactive Low-Activity,United Kingdom,382,1,113.35,13,7,113.35,13.0,0
16822,0,Inactive Low-Activity,United Kingdom,687,1,181.39,171,11,181.39,171.0,0
16823,2,Recent High-Activity,United Kingdom,228,7,2243.09,1166,149,320.44,166.57,510
16824,1,Developing / Moderate,United Kingdom,16,3,686.24,390,34,228.75,130.0,378
16825,1,Developing / Moderate,United Kingdom,39,5,1826.89,1297,48,365.38,259.4,496
16826,0,Inactive Low-Activity,United Kingdom,52,1,341.7,158,22,341.7,158.0,0
16827,0,Inactive Low-Activity,United Kingdom,394,5,392.13,125,10,78.43,25.0,196
16828,0,Inactive Low-Activity,United Kingdom,94,2,128.5,59,8,64.25,29.5,19
16829,1,Developing / Moderate,United Kingdom,157,2,513.32,215,25,256.66,107.5,232
16830,1,Developing / Moderate,United Kingdom,39,4,1207.5,699,65,301.88,174.75,688
16831,0,Inactive Low-Activity,United Kingdom,565,1,91.8,48,6,91.8,48.0,0
16832,1,Developing / Moderate,United Kingdom,185,5,417.61,179,19,83.52,35.8,274
16833,2,Recent High-Activity,United Kingdom,2,6,2409.04,878,87,401.51,146.33,622
16834,1,Developing / Moderate,United Kingdom,228,2,898.96,760,43,449.48,380.0,447
16835,1,Developing / Moderate,United Kingdom,129,6,1456.66,496,58,242.78,82.67,441
16836,1,Developing / Moderate,United Kingdom,40,4,782.37,539,42,195.59,134.75,535
16837,2,Recent High-Activity,United Kingdom,32,11,3170.98,1563,123,288.27,142.09,214
16838,1,Developing / Moderate,United Kingdom,198,4,1159.61,509,53,289.9,127.25,466
16839,2,Recent High-Activity,United Kingdom,9,44,21758.25,11295,132,494.51,256.7,658
16840,0,Inactive Low-Activity,United Kingdom,604,2,139.85,117,9,69.92,58.5,71
16841,2,Recent High-Activity,United Kingdom,37,12,4006.06,3478,187,333.84,289.83,660
16842,1,Developing / Moderate,United Kingdom,101,3,1264.19,693,45,421.4,231.0,202
16843,2,Recent High-Activity,United Kingdom,43,35,19571.43,18502,317,559.18,528.63,687
16844,0,Inactive Low-Activity,United Kingdom,563,2,614.34,281,26,307.17,140.5,20
16845,0,Inactive Low-Activity,United Kingdom,619,1,253.88,167,20,253.88,167.0,0
16846,1,Developing / Moderate,United Kingdom,51,3,842.41,517,47,280.8,172.33,589
16847,1,Developing / Moderate,United Kingdom,44,2,614.89,255,37,307.44,127.5,575
16848,1,Developing / Moderate,United Kingdom,53,4,1411.62,780,75,352.9,195.0,380
16849,0,Inactive Low-Activity,United Kingdom,187,1,124.57,33,8,124.57,33.0,0
16850,0,Inactive Low-Activity,United Kingdom,334,1,332.41,249,19,332.41,249.0,0
16851,1,Developing / Moderate,United Kingdom,5,3,342.45,271,17,114.15,90.33,47
16852,0,Inactive Low-Activity,United Kingdom,11,2,144.91,56,9,72.46,28.0,166
16854,1,Developing / Moderate,United Kingdom,418,2,1408.96,997,72,704.48,498.5,223
16855,1,Developing / Moderate,United Kingdom,24,2,328.4,164,19,164.2,82.0,20
16856,1,Developing / Moderate,United Kingdom,15,3,358.49,171,16,119.5,57.0,428
16857,0,Inactive Low-Activity,United Kingdom,443,1,352.8,168,11,352.8,168.0,0
16858,2,Recent High-Activity,United Kingdom,369,10,4292.59,1423,75,429.26,142.3,356
16859,2,Recent High-Activity,United Kingdom,145,7,1932.41,1899,87,276.06,271.29,501
16860,1,Developing / Moderate,United Kingdom,453,3,1610.62,625,35,536.87,208.33,210
16861,1,Developing / Moderate,United Kingdom,60,5,946.59,616,39,189.32,123.2,449
16862,0,Inactive Low-Activity,United Kingdom,548,4,662.33,513,34,165.58,128.25,154
16863,1,Developing / Moderate,United Kingdom,32,3,834.27,640,43,278.09,213.33,378
16864,0,Inactive Low-Activity,United Kingdom,435,2,409.25,283,17,204.62,141.5,164
16865,0,Inactive Low-Activity,United Kingdom,402,1,130.95,157,15,130.95,157.0,0
16866,0,Inactive Low-Activity,United Kingdom,141,3,207.74,60,10,69.25,20.0,21
16867,0,Inactive Low-Activity,United Kingdom,690,1,76.74,58,6,76.74,58.0,0
16868,0,Inactive Low-Activity,United Kingdom,395,3,384.56,112,47,128.19,37.33,199
16869,1,Developing / Moderate,United Kingdom,23,4,817.12,583,113,204.28,145.75,153
16870,0,Inactive Low-Activity,United Kingdom,470,1,450.16,278,28,450.16,278.0,0
16871,1,Developing / Moderate,United Kingdom,23,6,2812.34,1253,131,468.72,208.83,248
16872,1,Developing / Moderate,United Kingdom,78,6,1213.13,1079,12,202.19,179.83,386
16873,2,Recent High-Activity,United Kingdom,5,12,14617.39,8601,252,1218.12,716.75,664
16874,0,Inactive Low-Activity,United Kingdom,380,1,209.89,78,31,209.89,78.0,0
16875,2,Recent High-Activity,United Kingdom,68,11,4234.53,2099,161,384.96,190.82,636
16876,0,Inactive Low-Activity,United Kingdom,404,1,136.01,181,32,136.01,181.0,0
16877,1,Developing / Moderate,United Kingdom,13,6,846.62,458,111,141.1,76.33,196
16878,0,Inactive Low-Activity,United Kingdom,85,1,13.3,12,3,13.3,12.0,0
16880,2,Recent High-Activity,United Kingdom,31,8,1813.21,904,130,226.65,113.0,463
16881,0,Inactive Low-Activity,United Kingdom,67,1,432.0,600,1,432.0,600.0,0
16882,1,Developing / Moderate,United Kingdom,67,3,705.12,424,39,235.04,141.33,251
16883,2,Recent High-Activity,United Kingdom,188,19,2246.06,1016,159,118.21,53.47,548
16884,1,Developing / Moderate,United Kingdom,38,4,1070.97,520,64,267.74,130.0,533
16885,1,Developing / Moderate,United Kingdom,16,4,684.6,358,121,171.15,89.5,370
16886,0,Inactive Low-Activity,United Kingdom,457,1,134.0,48,8,134.0,48.0,0
16887,1,Developing / Moderate,United Kingdom,36,3,658.17,423,94,219.39,141.0,703
16888,1,Developing / Moderate,United Kingdom,401,3,434.2,145,44,144.73,48.33,301
16889,1,Developing / Moderate,United Kingdom,195,6,2526.65,1611,163,421.11,268.5,371
16890,0,Inactive Low-Activity,United Kingdom,477,3,285.41,243,17,95.14,81.0,106
16891,2,Recent High-Activity,United Kingdom,2,11,1727.94,652,335,157.09,59.27,734
16892,2,Recent High-Activity,United Kingdom,2,7,754.75,367,119,107.82,52.43,730
16893,0,Inactive Low-Activity,United Kingdom,367,2,249.89,117,80,124.95,58.5,10
16894,1,Developing / Moderate,United Kingdom,503,3,1306.96,503,186,435.65,167.67,33
16895,2,Recent High-Activity,United Kingdom,65,5,1102.9,421,135,220.58,84.2,601
16896,0,Inactive Low-Activity,United Kingdom,556,1,103.95,18,18,103.95,18.0,0
16897,0,Inactive Low-Activity,United Kingdom,300,2,289.78,73,37,144.89,36.5,14
16898,2,Recent High-Activity,United Kingdom,27,5,885.21,695,223,177.04,139.0,550
16899,2,Recent High-Activity,United Kingdom,8,8,1695.77,811,101,211.97,101.38,390
16900,1,Developing / Moderate,United Kingdom,17,3,887.11,833,78,295.7,277.67,47
16901,0,Inactive Low-Activity,United Kingdom,730,1,204.26,42,23,204.26,42.0,0
16902,1,Developing / Moderate,United Kingdom,117,1,1706.88,629,43,1706.88,629.0,0
16903,1,Developing / Moderate,United Kingdom,30,3,1041.75,717,148,347.25,239.0,386
16904,2,Recent High-Activity,United Kingdom,5,21,4675.36,2607,484,222.64,124.14,407
16905,2,Recent High-Activity,United Kingdom,6,17,4706.77,1913,171,276.87,112.53,724
16906,2,Recent High-Activity,United Kingdom,82,7,1410.92,590,180,201.56,84.29,494
16907,2,Recent High-Activity,United Kingdom,30,9,1470.89,451,109,163.43,50.11,497
16908,0,Inactive Low-Activity,United Kingdom,723,1,252.59,61,20,252.59,61.0,0
16909,0,Inactive Low-Activity,United Kingdom,73,1,379.14,436,18,379.14,436.0,0
16910,1,Developing / Moderate,United Kingdom,5,8,1508.96,884,318,188.62,110.5,87
16911,0,Inactive Low-Activity,United Kingdom,636,2,255.25,161,30,127.62,80.5,26
16912,2,Recent High-Activity,United Kingdom,29,15,4460.51,1689,130,297.37,112.6,702
16913,1,Developing / Moderate,United Kingdom,291,3,423.91,229,18,141.3,76.33,361
16914,0,Inactive Low-Activity,United Kingdom,37,1,183.76,112,25,183.76,112.0,0
16915,2,Recent High-Activity,United Kingdom,10,11,1543.18,190,54,140.29,17.27,560
16916,1,Developing / Moderate,United Kingdom,24,4,902.02,649,180,225.5,162.25,392
16917,1,Developing / Moderate,United Kingdom,277,2,1851.88,792,45,925.94,396.0,356
16918,2,Recent High-Activity,United Kingdom,50,16,3206.54,2066,280,200.41,129.12,687
16919,2,Recent High-Activity,United Kingdom,157,24,4909.66,2333,230,204.57,97.21,321
16920,0,Inactive Low-Activity,United Kingdom,412,1,355.45,81,23,355.45,81.0,0
16921,1,Developing / Moderate,United Kingdom,62,3,409.21,275,78,136.4,91.67,539
16922,0,Inactive Low-Activity,United Kingdom,573,1,611.08,281,122,611.08,281.0,0
16923,2,Recent High-Activity,United Kingdom,13,32,13157.13,6190,431,411.16,193.44,665
16924,1,Developing / Moderate,United Kingdom,22,3,829.89,467,69,276.63,155.67,63
16925,0,Inactive Low-Activity,United Kingdom,541,1,125.65,123,18,125.65,123.0,0
16926,1,Developing / Moderate,United Kingdom,372,5,1169.61,197,63,233.92,39.4,155
16927,1,Developing / Moderate,United Kingdom,116,3,543.05,993,5,181.02,331.0,246
16928,2,Recent High-Activity,United Kingdom,81,29,3897.53,2587,135,134.4,89.21,594
16929,1,Developing / Moderate,United Kingdom,4,7,1295.39,929,51,185.06,132.71,152
16930,1,Developing / Moderate,United Kingdom,27,3,378.89,339,47,126.3,113.0,42
16931,2,Recent High-Activity,United Kingdom,6,23,5032.22,3357,466,218.79,145.96,392
16932,1,Developing / Moderate,United Kingdom,54,3,412.55,217,116,137.52,72.33,518
16933,2,Recent High-Activity,United Kingdom,2,9,3099.3,1533,213,344.37,170.33,729
16934,2,Recent High-Activity,United Kingdom,55,6,2083.14,936,128,347.19,156.0,567
16935,0,Inactive Low-Activity,United Kingdom,382,3,530.86,273,55,176.95,91.0,40
16936,1,Developing / Moderate,United Kingdom,26,2,548.29,339,122,274.14,169.5,360
16937,0,Inactive Low-Activity,United Kingdom,500,1,196.25,123,49,196.25,123.0,0
16938,2,Recent High-Activity,United Kingdom,9,9,6995.36,5041,547,777.26,560.11,652
16939,0,Inactive Low-Activity,United Kingdom,489,3,433.85,229,38,144.62,76.33,161
16940,2,Recent High-Activity,United Kingdom,53,8,6427.66,4503,360,803.46,562.88,679
16941,0,Inactive Low-Activity,United Kingdom,612,1,33.0,12,2,33.0,12.0,0
16942,1,Developing / Moderate,United Kingdom,13,9,1904.99,805,159,211.67,89.44,215
16943,1,Developing / Moderate,United Kingdom,212,5,1299.49,147,24,259.9,29.4,413
16944,0,Inactive Low-Activity,United Kingdom,610,1,101.36,27,7,101.36,27.0,0
16945,2,Recent High-Activity,United Kingdom,22,33,8548.16,5889,231,259.04,178.45,709
16946,1,Developing / Moderate,United Kingdom,384,5,1222.04,509,69,244.41,101.8,264
16947,1,Developing / Moderate,United Kingdom,236,5,955.21,655,50,191.04,131.0,411
16948,1,Developing / Moderate,United Kingdom,139,7,868.77,2091,20,124.11,298.71,518
16949,1,Developing / Moderate,United Kingdom,4,6,1286.27,791,57,214.38,131.83,313
16950,2,Recent High-Activity,United Kingdom,57,10,3541.77,2432,111,354.18,243.2,628
16951,1,Developing / Moderate,United Kingdom,135,3,1277.75,1318,73,425.92,439.33,170
16952,1,Developing / Moderate,United Kingdom,110,5,795.83,343,76,159.17,68.6,619
16953,0,Inactive Low-Activity,United Kingdom,31,1,20.8,10,1,20.8,10.0,0
16954,2,Recent High-Activity,United Kingdom,1,20,6081.88,4086,83,304.09,204.3,690
16955,1,Developing / Moderate,United Kingdom,185,6,1120.31,723,33,186.72,120.5,493
16956,0,Inactive Low-Activity,United Kingdom,18,1,308.74,114,16,308.74,114.0,0
16957,0,Inactive Low-Activity,United Kingdom,240,2,416.64,172,15,208.32,86.0,42
16958,0,Inactive Low-Activity,United Kingdom,436,1,778.49,514,69,778.49,514.0,0
16959,0,Inactive Low-Activity,United Kingdom,88,1,117.35,49,7,117.35,49.0,0
16960,2,Recent High-Activity,United Kingdom,39,8,1990.88,1492,334,248.86,186.5,609
16961,1,Developing / Moderate,United Kingdom,117,3,794.56,482,52,264.85,160.67,416
16962,0,Inactive Low-Activity,United Kingdom,410,1,251.04,158,15,251.04,158.0,0
16963,0,Inactive Low-Activity,United Kingdom,188,1,110.55,35,7,110.55,35.0,0
16964,0,Inactive Low-Activity,United Kingdom,734,2,207.85,49,6,103.92,24.5,0
16965,0,Inactive Low-Activity,United Kingdom,227,1,201.19,291,26,201.19,291.0,0
16966,1,Developing / Moderate,United Kingdom,9,7,2154.97,1981,8,307.85,283.0,232
16967,0,Inactive Low-Activity,United Kingdom,190,1,319.02,333,21,319.02,333.0,0
16968,1,Developing / Moderate,United Kingdom,5,2,439.43,326,31,219.72,163.0,103
16969,1,Developing / Moderate,United Kingdom,40,3,650.41,816,42,216.8,272.0,152
16970,0,Inactive Low-Activity,United Kingdom,627,1,71.4,12,2,71.4,12.0,0
16971,1,Developing / Moderate,United Kingdom,39,1,357.21,72,40,357.21,72.0,0
16972,0,Inactive Low-Activity,United Kingdom,383,2,749.0,183,54,374.5,91.5,74
16973,0,Inactive Low-Activity,United Kingdom,387,1,127.0,60,6,127.0,60.0,0
16974,0,Inactive Low-Activity,United Kingdom,523,2,365.5,70,5,182.75,35.0,42
16975,0,Inactive Low-Activity,United Kingdom,424,3,926.12,586,44,308.71,195.33,82
16976,0,Inactive Low-Activity,United Kingdom,268,1,251.52,88,2,251.52,88.0,0
16977,0,Inactive Low-Activity,United Kingdom,396,4,496.0,142,25,124.0,35.5,236
16978,1,Developing / Moderate,United Kingdom,78,3,768.88,285,65,256.29,95.0,589
16979,2,Recent High-Activity,United Kingdom,4,9,2859.74,1451,82,317.75,161.22,447
16980,1,Developing / Moderate,United Kingdom,256,3,1422.83,990,91,474.28,330.0,173
16982,0,Inactive Low-Activity,United Kingdom,61,1,384.06,182,22,384.06,182.0,0
16983,2,Recent High-Activity,United Kingdom,13,11,3490.53,2315,151,317.32,210.45,434
16984,2,Recent High-Activity,United Kingdom,89,9,10350.53,5127,669,1150.06,569.67,554
16985,2,Recent High-Activity,United Kingdom,18,23,10923.16,3103,130,474.92,134.91,712
16986,2,Recent High-Activity,United Kingdom,30,11,4888.75,2539,65,444.43,230.82,644
16987,2,Recent High-Activity,United Kingdom,4,11,2521.4,671,155,229.22,61.0,734
16988,1,Developing / Moderate,United Kingdom,6,2,382.67,158,20,191.34,79.0,374
16989,1,Developing / Moderate,United Kingdom,8,6,1133.25,1233,7,188.88,205.5,143
16990,0,Inactive Low-Activity,United Kingdom,219,2,344.0,200,1,172.0,100.0,204
16991,0,Inactive Low-Activity,United Kingdom,422,1,1041.21,793,74,1041.21,793.0,0
16992,2,Recent High-Activity,United Kingdom,11,13,5476.5,2061,212,421.27,158.54,656
16993,0,Inactive Low-Activity,United Kingdom,464,2,1950.95,285,19,975.47,142.5,113
16996,1,Developing / Moderate,United Kingdom,31,9,2123.61,919,32,235.96,102.11,387
16997,0,Inactive Low-Activity,United Kingdom,289,3,702.0,360,7,234.0,120.0,37
16998,0,Inactive Low-Activity,United Kingdom,150,5,402.0,104,2,80.4,20.8,295
16999,1,Developing / Moderate,United Kingdom,24,2,484.82,294,21,242.41,147.0,51
17000,0,Inactive Low-Activity,United Kingdom,397,2,406.3,305,26,203.15,152.5,12
17001,2,Recent High-Activity,United Kingdom,1,19,6640.8,3782,108,349.52,199.05,624
17002,2,Recent High-Activity,United Kingdom,86,7,2571.55,1265,64,367.36,180.71,556
17003,1,Developing / Moderate,United Kingdom,403,4,828.21,494,90,207.05,123.5,176
17004,1,Developing / Moderate,United Kingdom,47,4,2324.36,1233,48,581.09,308.25,378
17005,0,Inactive Low-Activity,United Kingdom,471,2,622.36,691,14,311.18,345.5,118
17006,2,Recent High-Activity,United Kingdom,5,8,1635.27,572,103,204.41,71.5,640
17007,1,Developing / Moderate,United Kingdom,51,7,1120.1,717,63,160.01,102.43,387
17008,0,Inactive Low-Activity,United Kingdom,430,1,81.36,24,1,81.36,24.0,0
17009,0,Inactive Low-Activity,United Kingdom,552,1,242.06,336,10,242.06,336.0,0
17010,0,Inactive Low-Activity,United Kingdom,19,1,195.36,118,11,195.36,118.0,0
17011,1,Developing / Moderate,United Kingdom,31,3,671.7,792,27,223.9,264.0,621
17012,0,Inactive Low-Activity,United Kingdom,726,1,360.61,251,34,360.61,251.0,0
17014,1,Developing / Moderate,United Kingdom,9,3,583.43,243,63,194.48,81.0,58
17015,1,Developing / Moderate,United Kingdom,29,3,1838.61,1978,182,612.87,659.33,157
17016,0,Inactive Low-Activity,United Kingdom,577,1,552.4,309,41,552.4,309.0,0
17017,2,Recent High-Activity,United Kingdom,3,29,12576.99,9397,120,433.69,324.03,734
17018,2,Recent High-Activity,United Kingdom,41,6,2287.7,456,26,381.28,76.0,694
17019,2,Recent High-Activity,United Kingdom,12,11,3602.29,2396,344,327.48,217.82,726
17020,0,Inactive Low-Activity,United Kingdom,543,2,935.62,860,64,467.81,430.0,104
17021,1,Developing / Moderate,United Kingdom,443,6,1182.22,992,35,197.04,165.33,147
17022,1,Developing / Moderate,United Kingdom,32,2,260.0,180,16,130.0,90.0,401
17023,1,Developing / Moderate,United Kingdom,418,3,800.18,530,48,266.73,176.67,280
17024,0,Inactive Low-Activity,United Kingdom,46,3,95.85,69,2,31.95,23.0,112
17025,1,Developing / Moderate,United Kingdom,61,5,1349.67,885,31,269.93,177.0,581
17026,0,Inactive Low-Activity,United Kingdom,186,3,175.83,107,4,58.61,35.67,232
17027,2,Recent High-Activity,United Kingdom,79,9,1310.63,645,126,145.63,71.67,651
17028,1,Developing / Moderate,United Kingdom,582,3,1593.83,856,85,531.28,285.33,140
17029,1,Developing / Moderate,United Kingdom,111,7,2137.3,1265,19,305.33,180.71,553
17030,0,Inactive Low-Activity,United Kingdom,64,1,146.87,146,11,146.87,146.0,0
17031,2,Recent High-Activity,United Kingdom,12,6,2773.85,1595,34,462.31,265.83,570
17032,1,Developing / Moderate,United Kingdom,548,8,2984.32,1667,183,373.04,208.38,182
17033,1,Developing / Moderate,United Kingdom,87,4,1332.79,871,33,333.2,217.75,311
17034,1,Developing / Moderate,United Kingdom,17,5,1276.42,694,49,255.28,138.8,497
17035,1,Developing / Moderate,United Kingdom,246,4,613.59,327,29,153.4,81.75,491
17036,0,Inactive Low-Activity,United Kingdom,384,1,176.9,76,12,176.9,76.0,0
17037,1,Developing / Moderate,United Kingdom,88,1,1267.32,656,75,1267.32,656.0,0
17038,1,Developing / Moderate,United Kingdom,31,2,743.17,535,61,371.58,267.5,385
17039,0,Inactive Low-Activity,United Kingdom,605,1,1954.99,689,44,1954.99,689.0,0
17040,1,Developing / Moderate,United Kingdom,138,2,463.25,189,15,231.62,94.5,413
17041,2,Recent High-Activity,United Kingdom,27,6,1655.2,1303,93,275.87,217.17,574
17042,1,Developing / Moderate,United Kingdom,3,5,1036.58,990,74,207.32,198.0,245
17043,2,Recent High-Activity,United Kingdom,33,8,2593.65,1616,175,324.21,202.0,698
17044,2,Recent High-Activity,United Kingdom,26,12,11962.3,5722,92,996.86,476.83,707
17045,1,Developing / Moderate,United Kingdom,114,5,827.68,294,44,165.54,58.8,316
17046,1,Developing / Moderate,United Kingdom,158,5,1906.07,1636,76,381.21,327.2,463
17047,2,Recent High-Activity,United Kingdom,86,6,2289.23,1184,114,381.54,197.33,646
17048,2,Recent High-Activity,United Kingdom,118,7,2071.68,1068,88,295.95,152.57,573
17049,2,Recent High-Activity,United Kingdom,3,19,9942.53,4273,316,523.29,224.89,643
17050,2,Recent High-Activity,United Kingdom,97,11,4648.59,2432,193,422.6,221.09,586
17051,1,Developing / Moderate,United Kingdom,195,4,706.49,507,107,176.62,126.75,434
17052,1,Developing / Moderate,United Kingdom,29,1,399.09,251,72,399.09,251.0,0
17053,0,Inactive Low-Activity,United Kingdom,131,1,498.48,122,13,498.48,122.0,0
17054,1,Developing / Moderate,United Kingdom,29,5,1356.33,804,64,271.27,160.8,217
17055,0,Inactive Low-Activity,United Kingdom,446,1,232.85,83,24,232.85,83.0,0
17056,0,Inactive Low-Activity,United Kingdom,739,1,128.6,26,8,128.6,26.0,0
17057,0,Inactive Low-Activity,United Kingdom,597,1,294.74,129,48,294.74,129.0,0
17058,1,Developing / Moderate,United Kingdom,82,3,1179.89,592,51,393.3,197.33,158
17059,2,Recent High-Activity,United Kingdom,30,9,4864.57,3107,349,540.51,345.22,653
17060,0,Inactive Low-Activity,United Kingdom,267,1,234.24,216,5,234.24,216.0,0
17061,1,Developing / Moderate,United Kingdom,74,11,5232.23,1526,57,475.66,138.73,159
17062,1,Developing / Moderate,United Kingdom,314,6,889.75,644,82,148.29,107.33,126
17063,2,Recent High-Activity,United Kingdom,22,13,3638.53,1899,150,279.89,146.08,717
17064,1,Developing / Moderate,United Kingdom,59,3,855.45,316,53,285.15,105.33,269
17065,0,Inactive Low-Activity,United Kingdom,638,2,194.7,82,6,97.35,41.0,0
17066,0,Inactive Low-Activity,United Kingdom,727,1,228.34,93,17,228.34,93.0,0
17067,0,Inactive Low-Activity,United Kingdom,725,3,454.54,322,8,151.51,107.33,7
17068,2,Recent High-Activity,United Kingdom,13,47,8987.68,4351,250,191.23,92.57,609
17069,2,Recent High-Activity,United Kingdom,29,14,5517.23,3230,202,394.09,230.71,708
17070,1,Developing / Moderate,United Kingdom,115,2,437.42,232,102,218.71,116.0,296
17071,2,Recent High-Activity,United Kingdom,29,13,3793.71,1934,141,291.82,148.77,656
17072,0,Inactive Low-Activity,United Kingdom,626,1,273.35,212,20,273.35,212.0,0
17073,1,Developing / Moderate,United Kingdom,18,4,1446.09,759,142,361.52,189.75,92
17074,0,Inactive Low-Activity,United Kingdom,563,1,203.05,19,4,203.05,19.0,0
17075,2,Recent High-Activity,United Kingdom,18,10,2236.63,785,153,223.66,78.5,708
17076,1,Developing / Moderate,United Kingdom,37,6,1242.75,514,31,207.12,85.67,699
17077,0,Inactive Low-Activity,United Kingdom,579,1,306.0,36,1,306.0,36.0,0
17078,1,Developing / Moderate,United Kingdom,37,2,378.2,788,28,189.1,394.0,0
17079,0,Inactive Low-Activity,United Kingdom,79,1,118.8,24,2,118.8,24.0,0
17080,1,Developing / Moderate,United Kingdom,23,7,957.53,569,26,136.79,81.29,504
17081,2,Recent High-Activity,United Kingdom,26,6,949.39,381,166,158.23,63.5,630
17082,2,Recent High-Activity,United Kingdom,34,6,4732.03,2526,117,788.67,421.0,691
17083,2,Recent High-Activity,United Kingdom,110,9,4049.79,1955,30,449.98,217.22,559
17084,2,Recent High-Activity,United Kingdom,36,3,5001.21,3178,263,1667.07,1059.33,361
17085,2,Recent High-Activity,United Kingdom,124,28,7847.67,3583,411,280.27,127.96,610
17086,1,Developing / Moderate,United Kingdom,8,6,2050.08,1859,76,341.68,309.83,56
17087,0,Inactive Low-Activity,United Kingdom,738,1,221.53,113,12,221.53,113.0,0
17088,1,Developing / Moderate,United Kingdom,29,4,1991.01,868,96,497.75,217.0,225
17089,0,Inactive Low-Activity,United Kingdom,387,1,128.45,35,4,128.45,35.0,0
17090,2,Recent High-Activity,United Kingdom,5,13,3080.18,1344,54,236.94,103.38,504
17091,2,Recent High-Activity,United Kingdom,3,19,7495.75,3732,242,394.51,196.42,721
17092,2,Recent High-Activity,United Kingdom,51,11,5511.41,3768,273,501.04,342.55,625
17093,0,Inactive Low-Activity,United Kingdom,593,1,235.88,114,13,235.88,114.0,0
17094,0,Inactive Low-Activity,United Kingdom,323,2,402.2,212,18,201.1,106.0,101
17095,2,Recent High-Activity,United Kingdom,23,7,2572.25,1695,110,367.46,242.14,702
17096,2,Recent High-Activity,United Kingdom,16,11,3697.93,1559,162,336.18,141.73,540
17097,2,Recent High-Activity,Spain,3,9,1143.36,582,182,127.04,64.67,428
17098,0,Inactive Low-Activity,United Kingdom,382,3,591.07,125,10,197.02,41.67,159
17099,0,Inactive Low-Activity,United Kingdom,534,1,582.17,317,40,582.17,317.0,0
17100,1,Developing / Moderate,United Kingdom,19,2,971.74,800,65,485.87,400.0,0
17101,2,Recent High-Activity,United Kingdom,11,7,2507.05,1175,54,358.15,167.86,540
17102,0,Inactive Low-Activity,United Kingdom,262,1,25.5,2,1,25.5,2.0,0
17103,0,Inactive Low-Activity,United Kingdom,723,1,424.3,471,32,424.3,471.0,0
17104,0,Inactive Low-Activity,United Kingdom,424,1,474.03,149,19,474.03,149.0,0
17105,1,Developing / Moderate,United Kingdom,160,2,665.78,693,80,332.89,346.5,147
17106,0,Inactive Low-Activity,United Kingdom,390,1,481.58,153,51,481.58,153.0,0
17107,2,Recent High-Activity,United Kingdom,34,10,16052.72,7530,377,1605.27,753.0,644
17108,0,Inactive Low-Activity,United Kingdom,664,1,174.95,31,9,174.95,31.0,0
17109,2,Recent High-Activity,United Kingdom,30,8,1291.71,788,124,161.46,98.5,468
17110,1,Developing / Moderate,United Kingdom,166,3,499.9,136,38,166.63,45.33,445
17111,1,Developing / Moderate,United Kingdom,48,2,459.58,581,44,229.79,290.5,378
17112,0,Inactive Low-Activity,United Kingdom,503,1,197.57,130,44,197.57,130.0,0
17113,1,Developing / Moderate,United Kingdom,575,6,2305.59,913,122,384.27,152.17,123
17114,1,Developing / Moderate,United Kingdom,6,8,801.12,215,85,100.14,26.88,329
17115,2,Recent High-Activity,United Kingdom,9,7,2761.49,885,102,394.5,126.43,726
17116,0,Inactive Low-Activity,United Kingdom,649,1,389.78,392,47,389.78,392.0,0
17117,0,Inactive Low-Activity,United Kingdom,289,1,116.2,68,9,116.2,68.0,0
17118,0,Inactive Low-Activity,United Kingdom,318,1,157.02,154,10,157.02,154.0,0
17119,1,Developing / Moderate,United Kingdom,4,2,606.91,334,35,303.45,167.0,56
17120,0,Inactive Low-Activity,United Kingdom,234,1,307.46,120,18,307.46,120.0,0
17121,0,Inactive Low-Activity,United Kingdom,403,1,314.74,106,12,314.74,106.0,0
17122,1,Developing / Moderate,United Kingdom,120,4,570.5,368,23,142.62,92.0,380
17123,1,Developing / Moderate,United Kingdom,162,3,977.17,676,37,325.72,225.33,411
17124,0,Inactive Low-Activity,United Kingdom,186,1,294.24,129,31,294.24,129.0,0
17125,0,Inactive Low-Activity,United Kingdom,51,1,230.5,281,34,230.5,281.0,0
17126,2,Recent High-Activity,United Kingdom,153,9,2016.43,1426,295,224.05,158.44,313
17127,1,Developing / Moderate,United Kingdom,429,5,1155.03,340,27,231.01,68.0,307
17128,0,Inactive Low-Activity,United Kingdom,335,1,157.09,76,14,157.09,76.0,0
17129,0,Inactive Low-Activity,United Kingdom,521,1,31.85,5,2,31.85,5.0,0
17131,1,Developing / Moderate,United Kingdom,6,5,2463.17,983,78,492.63,196.6,70
17132,0,Inactive Low-Activity,United Kingdom,453,2,1220.91,963,62,610.45,481.5,36
17133,2,Recent High-Activity,United Kingdom,16,12,14622.33,10107,22,1218.53,842.25,613
17134,1,Developing / Moderate,United Kingdom,107,3,625.3,144,31,208.43,48.0,336
17135,2,Recent High-Activity,United Kingdom,17,10,1722.18,1686,98,172.22,168.6,563
17136,0,Inactive Low-Activity,United Kingdom,663,1,231.68,256,14,231.68,256.0,0
17137,1,Developing / Moderate,United Kingdom,417,6,1099.81,680,125,183.3,113.33,261
17138,2,Recent High-Activity,United Kingdom,276,7,4417.27,2024,234,631.04,289.14,398
17139,2,Recent High-Activity,United Kingdom,16,25,19566.76,9853,447,782.67,394.12,682
17140,0,Inactive Low-Activity,United Kingdom,248,1,454.12,296,16,454.12,296.0,0
17141,1,Developing / Moderate,United Kingdom,419,4,727.58,423,138,181.9,105.75,266
17142,1,Developing / Moderate,United Kingdom,240,4,1275.25,322,78,318.81,80.5,445
17143,1,Developing / Moderate,United Kingdom,418,2,880.97,314,82,440.49,157.0,98
17144,1,Developing / Moderate,United Kingdom,2,2,984.57,483,42,492.29,241.5,83
17145,1,Developing / Moderate,United Kingdom,513,4,3120.91,2591,168,780.23,647.75,146
17146,2,Recent High-Activity,United Kingdom,106,13,5852.64,2188,164,450.2,168.31,570
17147,2,Recent High-Activity,United Kingdom,23,9,3199.95,1308,99,355.55,145.33,675
17148,0,Inactive Low-Activity,United Kingdom,52,1,124.88,82,9,124.88,82.0,0
17149,0,Inactive Low-Activity,United Kingdom,452,1,143.1,18,6,143.1,18.0,0
17150,1,Developing / Moderate,United Kingdom,377,6,1357.95,397,64,226.33,66.17,357
17151,0,Inactive Low-Activity,United Kingdom,736,1,231.9,42,4,231.9,42.0,0
17152,1,Developing / Moderate,United Kingdom,195,4,2016.5,577,9,504.12,144.25,231
17153,0,Inactive Low-Activity,United Kingdom,25,1,213.78,104,14,213.78,104.0,0
17154,0,Inactive Low-Activity,United Kingdom,76,1,329.34,490,23,329.34,490.0,0
17155,2,Recent High-Activity,United Kingdom,18,7,892.46,987,43,127.49,141.0,719
17156,0,Inactive Low-Activity,United Kingdom,492,1,591.87,391,39,591.87,391.0,0
17157,2,Recent High-Activity,United Kingdom,8,19,5151.9,2092,78,271.15,110.11,728
17158,2,Recent High-Activity,United Kingdom,33,5,1980.0,1147,74,396.0,229.4,610
17159,2,Recent High-Activity,United Kingdom,22,5,2099.59,1348,115,419.92,269.6,624
17160,2,Recent High-Activity,United Kingdom,32,17,10209.16,8390,215,600.54,493.53,704
17161,0,Inactive Low-Activity,United Kingdom,445,1,856.01,537,52,856.01,537.0,0
17162,1,Developing / Moderate,United Kingdom,29,10,1715.46,1001,81,171.55,100.1,277
17163,1,Developing / Moderate,United Kingdom,22,4,699.78,531,27,174.94,132.75,654
17164,1,Developing / Moderate,United Kingdom,33,7,2467.35,1501,92,352.48,214.43,241
17165,1,Developing / Moderate,United Kingdom,285,6,1794.32,788,77,299.05,131.33,444
17166,0,Inactive Low-Activity,United Kingdom,39,2,206.34,78,11,103.17,39.0,165
17167,1,Developing / Moderate,United Kingdom,380,3,867.11,429,64,289.04,143.0,66
17168,0,Inactive Low-Activity,United Kingdom,499,1,400.2,220,21,400.2,220.0,0
17169,1,Developing / Moderate,United Kingdom,58,3,1156.73,671,64,385.58,223.67,521
17170,0,Inactive Low-Activity,United Kingdom,375,2,178.68,152,8,89.34,76.0,15
17171,1,Developing / Moderate,United Kingdom,290,2,384.59,225,25,192.29,112.5,372
17172,1,Developing / Moderate,United Kingdom,79,3,956.57,1215,39,318.86,405.0,648
17173,1,Developing / Moderate,United Kingdom,6,8,3766.6,1122,36,470.82,140.25,126
17174,0,Inactive Low-Activity,United Kingdom,218,1,59.9,41,4,59.9,41.0,0
17175,1,Developing / Moderate,United Kingdom,45,4,1443.69,866,42,360.92,216.5,252
17176,1,Developing / Moderate,United Kingdom,202,3,902.32,576,37,300.77,192.0,476
17177,0,Inactive Low-Activity,United Kingdom,506,1,119.5,40,29,119.5,40.0,0
17178,0,Inactive Low-Activity,United Kingdom,732,1,432.96,100,31,432.96,100.0,0
17179,1,Developing / Moderate,United Kingdom,179,6,1507.26,625,75,251.21,104.17,384
17180,2,Recent High-Activity,United Kingdom,57,11,2236.77,1809,189,203.34,164.45,631
17181,1,Developing / Moderate,United Kingdom,58,3,309.85,268,28,103.28,89.33,538
17182,0,Inactive Low-Activity,United Kingdom,423,2,321.3,54,4,160.65,27.0,296
17183,1,Developing / Moderate,United Kingdom,8,6,3347.31,1296,42,557.88,216.0,98
17184,0,Inactive Low-Activity,United Kingdom,570,2,198.41,73,14,99.21,36.5,161
17185,0,Inactive Low-Activity,United Kingdom,592,3,229.46,119,38,76.49,39.67,7
17186,0,Inactive Low-Activity,United Kingdom,47,2,144.0,200,1,72.0,100.0,14
17187,1,Developing / Moderate,United Kingdom,227,2,467.71,426,21,233.85,213.0,300
17188,2,Recent High-Activity,United Kingdom,12,13,4592.93,2569,136,353.3,197.62,720
17189,1,Developing / Moderate,United Kingdom,107,5,953.63,601,101,190.73,120.2,631
17190,2,Recent High-Activity,United Kingdom,59,7,1726.57,2218,160,246.65,316.86,586
17191,2,Recent High-Activity,United Kingdom,29,15,4310.34,2208,269,287.36,147.2,710
17192,0,Inactive Low-Activity,United Kingdom,537,1,75.28,45,20,75.28,45.0,0
17193,2,Recent High-Activity,United Kingdom,36,9,2310.04,1668,28,256.67,185.33,702
17194,1,Developing / Moderate,United Kingdom,274,3,812.5,420,57,270.83,140.0,257
17195,0,Inactive Low-Activity,United Kingdom,656,1,562.98,486,31,562.98,486.0,0
17196,0,Inactive Low-Activity,United Kingdom,428,1,327.75,154,84,327.75,154.0,0
17197,1,Developing / Moderate,United Kingdom,30,1,1013.01,191,29,1013.01,191.0,0
17198,1,Developing / Moderate,United Kingdom,24,3,692.22,357,89,230.74,119.0,348
17199,0,Inactive Low-Activity,United Kingdom,583,1,135.04,232,8,135.04,232.0,0
17200,0,Inactive Low-Activity,United Kingdom,388,4,356.71,367,25,89.18,91.75,265
17201,2,Recent High-Activity,United Kingdom,54,4,1143.1,1004,154,285.77,251.0,614
17202,0,Inactive Low-Activity,United Kingdom,421,1,160.65,55,8,160.65,55.0,0
17203,2,Recent High-Activity,United Kingdom,36,10,5564.09,4597,195,556.41,459.7,353
17204,2,Recent High-Activity,United Kingdom,176,9,5504.69,2651,110,611.63,294.56,372
17205,1,Developing / Moderate,United Kingdom,54,3,999.35,2214,27,333.12,738.0,511
17206,0,Inactive Low-Activity,United Kingdom,54,1,204.24,76,7,204.24,76.0,0
17207,0,Inactive Low-Activity,United Kingdom,653,1,292.62,233,55,292.62,233.0,0
17208,0,Inactive Low-Activity,United Kingdom,396,1,111.15,101,21,111.15,101.0,0
17209,0,Inactive Low-Activity,United Kingdom,650,3,595.7,723,36,198.57,241.0,87
17210,0,Inactive Low-Activity,United Kingdom,393,1,251.72,242,47,251.72,242.0,0
17211,2,Recent High-Activity,United Kingdom,27,13,3773.35,2141,217,290.26,164.69,700
17212,1,Developing / Moderate,United Kingdom,254,3,794.41,727,29,264.8,242.33,233
17213,2,Recent High-Activity,United Kingdom,41,13,4869.4,2087,130,374.57,160.54,684
17214,1,Developing / Moderate,United Kingdom,61,6,1059.12,272,79,176.52,45.33,299
17215,0,Inactive Low-Activity,United Kingdom,465,1,186.15,104,11,186.15,104.0,0
17216,0,Inactive Low-Activity,United Kingdom,555,1,63.6,21,13,63.6,21.0,0
17217,1,Developing / Moderate,United Kingdom,235,2,210.1,93,27,105.05,46.5,385
17218,2,Recent High-Activity,United Kingdom,5,18,3891.39,2066,248,216.19,114.78,679
17219,1,Developing / Moderate,United Kingdom,32,2,259.13,188,43,129.56,94.0,385
17220,2,Recent High-Activity,United Kingdom,25,21,4457.31,2663,408,212.25,126.81,664
17221,2,Recent High-Activity,United Kingdom,8,5,976.62,713,115,195.32,142.6,600
17222,2,Recent High-Activity,United Kingdom,66,6,1579.51,857,94,263.25,142.83,633
17223,1,Developing / Moderate,United Kingdom,311,3,558.04,155,62,186.01,51.67,65
17224,0,Inactive Low-Activity,United Kingdom,502,1,100.86,65,8,100.86,65.0,0
17225,0,Inactive Low-Activity,United Kingdom,582,1,131.15,36,5,131.15,36.0,0
17226,1,Developing / Moderate,United Kingdom,309,3,895.47,853,51,298.49,284.33,357
17227,2,Recent High-Activity,United Kingdom,19,12,1878.93,1681,58,156.58,140.08,675
17228,2,Recent High-Activity,United Kingdom,16,13,2820.03,2354,199,216.93,181.08,622
17229,1,Developing / Moderate,United Kingdom,97,2,318.76,185,39,159.38,92.5,46
17230,2,Recent High-Activity,United Kingdom,265,18,9388.49,3753,141,521.58,208.5,467
17231,2,Recent High-Activity,United Kingdom,13,25,7064.8,3681,509,282.59,147.24,720
17232,1,Developing / Moderate,United Kingdom,3,2,417.77,202,30,208.88,101.0,12
17233,1,Developing / Moderate,United Kingdom,36,3,560.86,298,56,186.95,99.33,689
17234,0,Inactive Low-Activity,United Kingdom,183,1,149.89,55,14,149.89,55.0,0
17235,2,Recent High-Activity,United Kingdom,26,8,1562.98,845,52,195.37,105.62,528
17236,2,Recent High-Activity,United Kingdom,13,12,1929.26,804,123,160.77,67.0,630
17237,1,Developing / Moderate,United Kingdom,12,4,994.13,414,76,248.53,103.5,370
17238,2,Recent High-Activity,United Kingdom,3,32,7331.67,3555,486,229.11,111.09,736
17239,1,Developing / Moderate,United Kingdom,313,4,1189.45,515,18,297.36,128.75,214
17240,0,Inactive Low-Activity,United Kingdom,597,1,130.6,108,7,130.6,108.0,0
17241,1,Developing / Moderate,United Kingdom,386,12,2736.64,859,116,228.05,71.58,277
17242,1,Developing / Moderate,United Kingdom,109,5,2889.28,1459,44,577.86,291.8,576
17243,2,Recent High-Activity,United Kingdom,2,69,20203.58,7932,359,292.81,114.96,737
17244,2,Recent High-Activity,United Kingdom,54,5,1826.04,1419,109,365.21,283.8,680
17245,1,Developing / Moderate,United Kingdom,205,2,371.63,307,24,185.81,153.5,485
17246,0,Inactive Low-Activity,United Kingdom,547,2,38.92,36,6,19.46,18.0,192
17247,1,Developing / Moderate,United Kingdom,16,1,280.09,105,53,280.09,105.0,0
17248,1,Developing / Moderate,United Kingdom,121,2,500.54,276,85,250.27,138.0,361
17249,0,Inactive Low-Activity,United Kingdom,429,1,68.03,79,27,68.03,79.0,0
17250,1,Developing / Moderate,United Kingdom,4,2,381.97,167,55,190.99,83.5,258
17251,1,Developing / Moderate,United Kingdom,363,3,798.98,377,65,266.33,125.67,362
17252,1,Developing / Moderate,United Kingdom,117,2,348.91,192,86,174.46,96.0,70
17253,0,Inactive Low-Activity,United Kingdom,19,1,178.26,43,18,178.26,43.0,0
17254,1,Developing / Moderate,United Kingdom,5,3,469.48,397,129,156.49,132.33,397
17255,1,Developing / Moderate,United Kingdom,41,4,781.7,583,163,195.43,145.75,406
17256,1,Developing / Moderate,United Kingdom,108,5,498.93,299,20,99.79,59.8,493
17257,0,Inactive Low-Activity,United Kingdom,437,2,189.78,187,14,94.89,93.5,0
17258,0,Inactive Low-Activity,United Kingdom,397,2,417.3,188,46,208.65,94.0,269
17259,2,Recent High-Activity,United Kingdom,149,6,1452.39,844,179,242.07,140.67,507
17260,0,Inactive Low-Activity,United Kingdom,412,1,120.95,23,6,120.95,23.0,0
17261,0,Inactive Low-Activity,United Kingdom,510,1,221.59,95,43,221.59,95.0,0
17262,2,Recent High-Activity,United Kingdom,53,11,2488.76,635,12,226.25,57.73,672
17263,0,Inactive Low-Activity,United Kingdom,209,1,63.44,36,23,63.44,36.0,0
17264,0,Inactive Low-Activity,United Kingdom,425,1,268.28,217,70,268.28,217.0,0
17265,1,Developing / Moderate,United Kingdom,139,2,550.01,389,106,275.0,194.5,42
17266,1,Developing / Moderate,United Kingdom,3,5,501.72,243,95,100.34,48.6,638
17267,1,Developing / Moderate,United Kingdom,128,2,317.2,158,37,158.6,79.0,0
17268,2,Recent High-Activity,United Kingdom,108,11,1733.89,1395,26,157.63,126.82,624
17269,0,Inactive Low-Activity,United Kingdom,386,1,491.81,314,110,491.81,314.0,0
17270,0,Inactive Low-Activity,United Kingdom,470,2,601.45,420,45,300.72,210.0,263
17271,0,Inactive Low-Activity,United Kingdom,737,1,204.3,113,46,204.3,113.0,0
17272,1,Developing / Moderate,United Kingdom,43,4,2148.63,1778,70,537.16,444.5,220
17273,0,Inactive Low-Activity,United Kingdom,425,1,141.12,133,12,141.12,133.0,0
17274,1,Developing / Moderate,United Kingdom,36,2,573.22,271,76,286.61,135.5,360
17275,0,Inactive Low-Activity,United Kingdom,384,1,114.1,71,23,114.1,71.0,0
17276,0,Inactive Low-Activity,United Kingdom,403,1,502.49,187,50,502.49,187.0,0
17277,1,Developing / Moderate,United Kingdom,228,2,1065.35,430,67,532.68,215.0,95
17278,0,Inactive Low-Activity,United Kingdom,242,2,271.24,195,17,135.62,97.5,324
17279,0,Inactive Low-Activity,United Kingdom,58,1,187.83,48,8,187.83,48.0,0
17280,0,Inactive Low-Activity,United Kingdom,439,1,118.86,74,6,118.86,74.0,0
17281,0,Inactive Low-Activity,United Kingdom,375,6,797.85,295,2,132.97,49.17,299
17282,1,Developing / Moderate,United Kingdom,131,5,2308.54,2332,168,461.71,466.4,418
17283,0,Inactive Low-Activity,United Kingdom,379,1,188.46,179,15,188.46,179.0,0
17284,2,Recent High-Activity,United Kingdom,61,8,2788.06,2069,285,348.51,258.62,385
17285,0,Inactive Low-Activity,United Kingdom,629,2,407.94,134,41,203.97,67.0,35
17286,1,Developing / Moderate,United Kingdom,22,3,389.18,368,89,129.73,122.67,379
17287,2,Recent High-Activity,United Kingdom,27,21,3826.86,1955,279,182.23,93.1,710
17288,2,Recent High-Activity,United Kingdom,10,11,2468.43,1699,233,224.4,154.45,385
17289,2,Recent High-Activity,United Kingdom,32,9,2041.8,1237,202,226.87,137.44,610
17290,2,Recent High-Activity,United Kingdom,4,8,1487.96,1139,184,186.0,142.38,723
17291,0,Inactive Low-Activity,United Kingdom,309,1,550.8,72,1,550.8,72.0,0
17292,0,Inactive Low-Activity,United Kingdom,473,2,271.75,131,14,135.88,65.5,107
17293,2,Recent High-Activity,United Kingdom,9,17,3750.63,2228,148,220.63,131.06,728
17294,0,Inactive Low-Activity,United Kingdom,670,2,467.79,297,17,233.89,148.5,0
17295,1,Developing / Moderate,United Kingdom,29,3,547.0,293,53,182.33,97.67,36
17296,0,Inactive Low-Activity,United Kingdom,731,1,338.13,216,32,338.13,216.0,0
17297,0,Inactive Low-Activity,United Kingdom,18,1,128.18,65,49,128.18,65.0,0
17298,1,Developing / Moderate,United Kingdom,102,5,954.26,852,61,190.85,170.4,540
17299,1,Developing / Moderate,United Kingdom,12,6,993.23,919,96,165.54,153.17,470
17300,0,Inactive Low-Activity,United Kingdom,391,2,393.64,467,37,196.82,233.5,91
17301,1,Developing / Moderate,United Kingdom,22,2,294.39,216,107,147.19,108.0,603
17302,1,Developing / Moderate,United Kingdom,15,5,1135.63,575,68,227.13,115.0,291
17303,0,Inactive Low-Activity,United Kingdom,362,1,250.04,144,53,250.04,144.0,0
17304,0,Inactive Low-Activity,United Kingdom,535,1,111.5,73,5,111.5,73.0,0
17305,0,Inactive Low-Activity,United Kingdom,649,1,2135.46,1006,9,2135.46,1006.0,0
17306,2,Recent High-Activity,United Kingdom,11,21,9782.35,13747,17,465.83,654.62,393
17307,1,Developing / Moderate,United Kingdom,396,11,3999.89,3667,22,363.63,333.36,294
17308,0,Inactive Low-Activity,United Kingdom,394,2,4511.76,5148,5,2255.88,2574.0,59
17309,1,Developing / Moderate,United Kingdom,96,3,320.39,181,33,106.8,60.33,578
17310,0,Inactive Low-Activity,United Kingdom,388,2,1025.1,402,1,512.55,201.0,147
17311,2,Recent High-Activity,United Kingdom,79,6,3566.56,2755,124,594.43,459.17,596
17312,0,Inactive Low-Activity,United Kingdom,139,3,644.3,372,11,214.77,124.0,21
17313,1,Developing / Moderate,United Kingdom,32,1,2328.84,1402,24,2328.84,1402.0,0
17314,2,Recent High-Activity,United Kingdom,25,17,4904.43,3663,200,288.5,215.47,712
17315,2,Recent High-Activity,United Kingdom,2,43,9599.58,5088,385,223.25,118.33,437
17316,0,Inactive Low-Activity,United Kingdom,421,1,124.45,44,35,124.45,44.0,0
17317,1,Developing / Moderate,United Kingdom,47,3,2600.34,1146,8,866.78,382.0,43
17318,0,Inactive Low-Activity,United Kingdom,726,1,157.33,59,17,157.33,59.0,0
17319,0,Inactive Low-Activity,United Kingdom,670,1,29.1,14,3,29.1,14.0,0
17320,2,Recent High-Activity,United Kingdom,101,6,2444.85,1182,86,407.47,197.0,587
17321,2,Recent High-Activity,United Kingdom,9,6,1665.21,790,241,277.54,131.67,569
17322,1,Developing / Moderate,United Kingdom,377,5,922.59,631,115,184.52,126.2,360
17323,2,Recent High-Activity,United Kingdom,16,12,1551.04,1426,168,129.25,118.83,683
17324,2,Recent High-Activity,United Kingdom,18,12,2171.07,1485,111,180.92,123.75,704
17325,1,Developing / Moderate,United Kingdom,281,3,609.57,465,39,203.19,155.0,361
17326,0,Inactive Low-Activity,United Kingdom,409,2,312.35,136,82,156.18,68.0,121
17327,0,Inactive Low-Activity,United Kingdom,410,2,152.35,59,3,76.17,29.5,153
17328,0,Inactive Low-Activity,United Kingdom,674,1,104.7,86,6,104.7,86.0,0
17329,2,Recent High-Activity,United Kingdom,15,5,998.53,430,80,199.71,86.0,722
17330,1,Developing / Moderate,United Kingdom,23,4,423.8,122,7,105.95,30.5,625
17331,0,Inactive Low-Activity,United Kingdom,124,1,175.2,16,1,175.2,16.0,0
17332,1,Developing / Moderate,United Kingdom,529,5,838.27,794,82,167.65,158.8,128
17333,0,Inactive Low-Activity,United Kingdom,86,1,494.25,375,28,494.25,375.0,0
17334,0,Inactive Low-Activity,United Kingdom,303,3,635.15,566,20,211.72,188.67,104
17335,0,Inactive Low-Activity,United Kingdom,384,2,497.04,210,34,248.52,105.0,301
17336,0,Inactive Low-Activity,United Kingdom,473,1,81.12,48,1,81.12,48.0,0
17337,1,Developing / Moderate,United Kingdom,152,4,1981.06,1247,421,495.26,311.75,159
17338,2,Recent High-Activity,United Kingdom,18,17,11889.33,5780,590,699.37,340.0,622
17339,1,Developing / Moderate,United Kingdom,95,3,302.36,172,10,100.79,57.33,415
17340,2,Recent High-Activity,United Kingdom,30,18,19617.95,9497,322,1089.89,527.61,634
17341,1,Developing / Moderate,United Kingdom,157,5,1272.21,831,200,254.44,166.2,384
17342,1,Developing / Moderate,United Kingdom,380,4,1227.54,521,31,306.88,130.25,290
17343,1,Developing / Moderate,United Kingdom,356,6,1259.94,454,61,209.99,75.67,381
17344,1,Developing / Moderate,United Kingdom,47,2,457.36,200,64,228.68,100.0,682
17345,2,Recent High-Activity,United Kingdom,16,10,1586.63,2008,174,158.66,200.8,723
17346,2,Recent High-Activity,United Kingdom,4,26,4998.61,3439,517,192.25,132.27,597
17347,0,Inactive Low-Activity,United Kingdom,87,1,228.96,216,1,228.96,216.0,0
17348,2,Recent High-Activity,United Kingdom,15,9,2442.29,2766,326,271.37,307.33,625
17349,1,Developing / Moderate,United Kingdom,180,5,772.41,772,74,154.48,154.4,452
17350,2,Recent High-Activity,United Kingdom,9,7,1893.7,1178,124,270.53,168.29,668
17351,2,Recent High-Activity,United Kingdom,37,12,1988.23,383,45,165.69,31.92,693
17352,0,Inactive Low-Activity,United Kingdom,697,1,36.25,15,5,36.25,15.0,0
17353,1,Developing / Moderate,United Kingdom,130,4,3242.0,2168,7,810.5,542.0,495
17354,1,Developing / Moderate,United Kingdom,51,4,3133.96,2531,85,783.49,632.75,378
17355,0,Inactive Low-Activity,United Kingdom,387,1,273.31,249,28,273.31,249.0,0
17356,1,Developing / Moderate,United Kingdom,312,5,946.47,925,73,189.29,185.0,377
17357,1,Developing / Moderate,United Kingdom,25,2,384.39,152,41,192.19,76.0,0
17358,1,Developing / Moderate,United Kingdom,304,5,861.01,430,126,172.2,86.0,350
17359,1,Developing / Moderate,United Kingdom,12,2,284.46,237,36,142.23,118.5,637
17360,1,Developing / Moderate,United Kingdom,18,6,1200.51,624,189,200.09,104.0,417
17361,1,Developing / Moderate,United Kingdom,50,5,871.79,380,51,174.36,76.0,627
17362,1,Developing / Moderate,United Kingdom,240,7,1024.04,549,99,146.29,78.43,463
17363,0,Inactive Low-Activity,United Kingdom,396,3,920.46,499,34,306.82,166.33,7
17364,2,Recent High-Activity,United Kingdom,1,28,11972.92,7464,513,427.6,266.57,732
17365,2,Recent High-Activity,United Kingdom,13,15,8184.49,8015,395,545.63,534.33,664
17366,1,Developing / Moderate,United Kingdom,433,2,1077.24,504,120,538.62,252.0,24
17367,0,Inactive Low-Activity,United Kingdom,239,1,167.55,149,33,167.55,149.0,0
17368,2,Recent High-Activity,United Kingdom,24,14,2758.29,2319,195,197.02,165.64,701
17369,0,Inactive Low-Activity,United Kingdom,456,1,979.2,1152,1,979.2,1152.0,0
17370,1,Developing / Moderate,United Kingdom,73,4,446.18,540,31,111.55,135.0,97
17371,2,Recent High-Activity,United Kingdom,18,6,655.37,281,135,109.23,46.83,714
17372,2,Recent High-Activity,United Kingdom,41,28,4347.31,1863,412,155.26,66.54,696
17373,2,Recent High-Activity,United Kingdom,41,7,1167.5,738,65,166.79,105.43,609
17374,1,Developing / Moderate,United Kingdom,219,3,727.11,155,34,242.37,51.67,177
17375,1,Developing / Moderate,United Kingdom,200,4,660.55,480,77,165.14,120.0,232
17376,1,Developing / Moderate,United Kingdom,71,4,453.64,244,41,113.41,61.0,452
17377,2,Recent High-Activity,United Kingdom,24,78,17644.27,7335,505,226.21,94.04,714
17378,0,Inactive Low-Activity,United Kingdom,375,1,10.95,1,1,10.95,1.0,0
17379,1,Developing / Moderate,United Kingdom,12,1,389.72,623,71,389.72,623.0,0
17380,0,Inactive Low-Activity,United Kingdom,435,3,645.0,252,5,215.0,84.0,100
17381,2,Recent High-Activity,United Kingdom,9,38,36398.65,42879,50,957.86,1128.39,540
17382,1,Developing / Moderate,United Kingdom,66,8,902.28,457,16,112.78,57.12,504
17383,1,Developing / Moderate,United Kingdom,5,2,304.09,160,51,152.04,80.0,449
17384,1,Developing / Moderate,United Kingdom,20,3,507.55,121,15,169.18,40.33,448
17385,1,Developing / Moderate,United Kingdom,15,1,256.11,197,42,256.11,197.0,0
17386,1,Developing / Moderate,United Kingdom,8,7,2812.77,1955,32,401.82,279.29,378
17387,1,Developing / Moderate,United Kingdom,20,2,746.81,522,71,373.4,261.0,14
17388,2,Recent High-Activity,United Kingdom,78,11,2675.37,2555,41,243.22,232.27,652
17389,2,Recent High-Activity,United Kingdom,1,61,57215.33,17880,63,937.96,293.11,735
17390,0,Inactive Low-Activity,United Kingdom,421,1,149.3,49,12,149.3,49.0,0
17391,0,Inactive Low-Activity,United Kingdom,164,2,508.8,480,2,254.4,240.0,1
17392,1,Developing / Moderate,United Kingdom,307,3,585.92,450,66,195.31,150.0,144
17393,0,Inactive Low-Activity,United Kingdom,411,2,381.15,238,45,190.57,119.0,78
17394,0,Inactive Low-Activity,United Kingdom,220,1,203.87,241,4,203.87,241.0,0
17395,0,Inactive Low-Activity,United Kingdom,509,1,97.5,66,3,97.5,66.0,0
17396,2,Recent High-Activity,United Kingdom,40,14,8409.6,2313,29,600.69,165.21,402
17397,1,Developing / Moderate,United Kingdom,23,3,1198.28,691,132,399.43,230.33,394
17398,1,Developing / Moderate,United Kingdom,115,3,653.38,310,30,217.79,103.33,141
17400,2,Recent High-Activity,United Kingdom,127,8,4623.28,2185,345,577.91,273.12,596
17401,0,Inactive Low-Activity,United Kingdom,542,1,114.85,34,11,114.85,34.0,0
17402,2,Recent High-Activity,United Kingdom,5,23,4635.56,1450,105,201.55,63.04,719
17403,1,Developing / Moderate,United Kingdom,37,2,382.87,188,45,191.44,94.0,414
17404,2,Recent High-Activity,Sweden,5,23,47781.12,50679,126,2077.44,2203.43,697
17405,1,Developing / Moderate,United Kingdom,2,3,1031.41,726,77,343.8,242.0,149
17406,2,Recent High-Activity,United Kingdom,334,13,4186.95,1847,155,322.07,142.08,400
17407,0,Inactive Low-Activity,United Kingdom,412,1,552.9,426,23,552.9,426.0,0
17408,1,Developing / Moderate,United Kingdom,164,3,316.09,163,7,105.36,54.33,351
17409,2,Recent High-Activity,United Kingdom,185,10,7793.51,4089,50,779.35,408.9,544
17410,1,Developing / Moderate,United Kingdom,17,5,1214.72,616,57,242.94,123.2,199
17411,2,Recent High-Activity,United Kingdom,13,5,1425.38,608,69,285.08,121.6,724
17412,2,Recent High-Activity,United Kingdom,3,16,4220.22,2554,161,263.76,159.62,735
17413,0,Inactive Low-Activity,United Kingdom,405,2,560.14,302,10,280.07,151.0,165
17414,1,Developing / Moderate,United Kingdom,44,6,2249.52,6256,6,374.92,1042.67,693
17415,0,Inactive Low-Activity,United Kingdom,80,1,507.84,114,14,507.84,114.0,0
17416,2,Recent High-Activity,United Kingdom,30,22,17298.45,8769,324,786.29,398.59,696
17417,0,Inactive Low-Activity,United Kingdom,549,1,164.18,76,16,164.18,76.0,0
17418,1,Developing / Moderate,United Kingdom,43,3,670.06,521,40,223.35,173.67,345
17419,2,Recent High-Activity,United Kingdom,12,18,6126.25,2884,203,340.35,160.22,672
17420,1,Developing / Moderate,United Kingdom,51,6,953.58,446,43,158.93,74.33,351
17421,1,Developing / Moderate,United Kingdom,387,3,1059.41,807,46,353.14,269.0,349
17422,2,Recent High-Activity,United Kingdom,17,11,3594.76,3538,149,326.8,321.64,518
17423,1,Developing / Moderate,United Kingdom,47,3,1118.95,790,39,372.98,263.33,347
17425,1,Developing / Moderate,United Kingdom,20,2,759.17,407,42,379.58,203.5,41
17426,2,Recent High-Activity,United Kingdom,9,13,8077.77,5187,248,621.37,399.0,652
17427,0,Inactive Low-Activity,United Kingdom,72,1,100.8,34,2,100.8,34.0,0
17428,2,Recent High-Activity,United Kingdom,1,45,31466.76,17356,422,699.26,385.69,738
17429,1,Developing / Moderate,United Kingdom,129,5,1357.46,1286,80,271.49,257.2,301
17430,1,Developing / Moderate,United Kingdom,33,4,622.57,455,30,155.64,113.75,447
17431,0,Inactive Low-Activity,United Kingdom,314,1,403.3,292,41,403.3,292.0,0
17432,2,Recent High-Activity,United Kingdom,19,9,1728.99,1008,213,192.11,112.0,718
17433,1,Developing / Moderate,United Kingdom,89,2,569.96,305,81,284.98,152.5,297
17434,1,Developing / Moderate,United Kingdom,3,7,2373.82,1693,100,339.12,241.86,83
17435,0,Inactive Low-Activity,United Kingdom,412,1,331.35,195,15,331.35,195.0,0
17436,1,Developing / Moderate,United Kingdom,2,5,534.06,178,8,106.81,35.6,731
17437,0,Inactive Low-Activity,United Kingdom,530,1,369.68,283,52,369.68,283.0,0
17438,1,Developing / Moderate,United Kingdom,254,5,1422.77,553,49,284.55,110.6,388
17439,0,Inactive Low-Activity,United Kingdom,656,1,325.74,370,8,325.74,370.0,0
17440,1,Developing / Moderate,United Kingdom,157,4,323.58,282,4,80.89,70.5,393
17441,0,Inactive Low-Activity,United Kingdom,733,1,293.35,245,21,293.35,245.0,0
17442,2,Recent High-Activity,United Kingdom,37,15,4620.3,3134,188,308.02,208.93,626
17443,0,Inactive Low-Activity,Canada,220,1,534.24,504,1,534.24,504.0,0
17444,1,Developing / Moderate,Canada,148,3,2940.04,2119,132,980.01,706.33,25
17446,0,Inactive Low-Activity,United Kingdom,177,2,120.9,198,6,60.45,99.0,134
17447,1,Developing / Moderate,United Kingdom,41,2,541.53,443,33,270.76,221.5,31
17448,2,Recent High-Activity,United Kingdom,498,46,14523.67,11534,569,315.73,250.74,148
17449,2,Recent High-Activity,United Kingdom,3,13,4868.15,2483,292,374.47,191.0,728
17450,2,Recent High-Activity,United Kingdom,9,51,244784.25,83914,144,4799.69,1645.37,430
17451,1,Developing / Moderate,United Kingdom,2,7,1721.4,1203,83,245.91,171.86,104
17453,1,Developing / Moderate,United Kingdom,18,2,486.72,219,19,243.36,109.5,47
17454,2,Recent High-Activity,United Kingdom,193,10,1547.94,727,98,154.79,72.7,501
17455,0,Inactive Low-Activity,United Kingdom,204,1,131.7,66,8,131.7,66.0,0
17456,1,Developing / Moderate,United Kingdom,366,2,975.56,508,59,487.78,254.0,91
17457,2,Recent High-Activity,United Kingdom,127,14,5984.81,2695,30,427.49,192.5,606
17458,1,Developing / Moderate,United Kingdom,16,2,529.58,282,81,264.79,141.0,366
17459,1,Developing / Moderate,United Kingdom,44,2,657.3,537,88,328.65,268.5,17
17460,2,Recent High-Activity,United Kingdom,95,16,2157.97,954,93,134.87,59.62,592
17461,1,Developing / Moderate,United Kingdom,23,3,735.82,770,104,245.27,256.67,7
17462,1,Developing / Moderate,United Kingdom,61,2,675.69,227,25,337.85,113.5,224
17463,2,Recent High-Activity,United Kingdom,17,7,2535.26,1480,234,362.18,211.43,573
17464,1,Developing / Moderate,United Kingdom,159,3,907.14,608,35,302.38,202.67,461
17465,1,Developing / Moderate,United Kingdom,426,7,2542.79,1477,103,363.26,211.0,311
17466,1,Developing / Moderate,United Kingdom,11,2,763.28,306,41,381.64,153.0,68
17467,0,Inactive Low-Activity,United Kingdom,396,1,102.6,20,4,102.6,20.0,0
17468,1,Developing / Moderate,United Kingdom,11,3,194.8,184,8,64.93,61.33,365
17469,2,Recent High-Activity,United Kingdom,17,17,5051.25,2304,165,297.13,135.53,707
17470,2,Recent High-Activity,United Kingdom,45,11,2626.47,2731,111,238.77,248.27,464
17471,0,Inactive Low-Activity,United Kingdom,475,1,321.65,153,19,321.65,153.0,0
17472,1,Developing / Moderate,United Kingdom,192,4,922.35,551,183,230.59,137.75,437
17473,0,Inactive Low-Activity,United Kingdom,409,2,607.0,270,33,303.5,135.0,48
17474,0,Inactive Low-Activity,United Kingdom,600,1,1047.0,200,6,1047.0,200.0,0
17475,0,Inactive Low-Activity,United Kingdom,80,1,194.37,178,14,194.37,178.0,0
17476,0,Inactive Low-Activity,United Kingdom,396,2,489.86,224,29,244.93,112.0,342
17477,0,Inactive Low-Activity,United Kingdom,613,2,1144.3,225,44,572.15,112.5,35
17478,1,Developing / Moderate,United Kingdom,409,2,1272.8,516,40,636.4,258.0,225
17479,0,Inactive Low-Activity,United Kingdom,633,1,389.26,266,18,389.26,266.0,0
17480,1,Developing / Moderate,United Kingdom,78,2,882.23,581,50,441.12,290.5,367
17481,1,Developing / Moderate,United Kingdom,4,4,1255.59,1061,69,313.9,265.25,90
17482,0,Inactive Low-Activity,United Kingdom,488,2,775.64,240,50,387.82,120.0,91
17483,1,Developing / Moderate,United Kingdom,66,4,591.73,265,23,147.93,66.25,349
17484,0,Inactive Low-Activity,United Kingdom,577,2,209.57,339,14,104.78,169.5,48
17486,0,Inactive Low-Activity,United Kingdom,262,1,396.87,191,24,396.87,191.0,0
17487,0,Inactive Low-Activity,United Kingdom,729,1,160.55,37,8,160.55,37.0,0
17488,0,Inactive Low-Activity,United Kingdom,642,1,336.5,136,18,336.5,136.0,0
17489,1,Developing / Moderate,United Kingdom,59,2,376.64,428,28,188.32,214.0,154
17490,2,Recent High-Activity,United Kingdom,1,9,2750.5,1531,93,305.61,170.11,569
17491,2,Recent High-Activity,United Kingdom,2,17,5653.67,3362,105,332.57,197.76,589
17492,1,Developing / Moderate,United Kingdom,249,3,1122.42,450,32,374.14,150.0,270
17493,0,Inactive Low-Activity,United Kingdom,386,1,100.91,62,8,100.91,62.0,0
17494,0,Inactive Low-Activity,United Kingdom,502,1,54.7,26,3,54.7,26.0,0
17495,1,Developing / Moderate,United Kingdom,8,3,806.72,367,38,268.91,122.33,383
17496,1,Developing / Moderate,United Kingdom,359,4,1412.89,675,54,353.22,168.75,336
17497,0,Inactive Low-Activity,United Kingdom,391,2,287.25,59,7,143.62,29.5,220
17498,0,Inactive Low-Activity,United Kingdom,76,1,272.22,394,17,272.22,394.0,0
17499,1,Developing / Moderate,United Kingdom,290,2,1341.39,1086,66,670.7,543.0,272
17500,1,Developing / Moderate,United Kingdom,18,3,1138.0,17,3,379.33,5.67,12
17501,0,Inactive Low-Activity,United Kingdom,221,2,288.6,160,18,144.3,80.0,0
17502,1,Developing / Moderate,United Kingdom,10,4,689.1,376,25,172.28,94.0,20
17503,1,Developing / Moderate,United Kingdom,3,2,558.96,486,36,279.48,243.0,36
17504,2,Recent High-Activity,United Kingdom,207,18,9490.17,5420,244,527.23,301.11,463
17505,1,Developing / Moderate,United Kingdom,162,5,2435.48,1242,83,487.1,248.4,444
17506,0,Inactive Low-Activity,United Kingdom,76,1,302.2,139,14,302.2,139.0,0
17507,1,Developing / Moderate,United Kingdom,262,2,605.58,359,79,302.79,179.5,48
17508,2,Recent High-Activity,Greece,281,8,4579.23,2891,199,572.4,361.38,452
17509,1,Developing / Moderate,United Kingdom,58,8,6083.64,3512,75,760.46,439.0,6
17510,1,Developing / Moderate,United Kingdom,25,2,514.56,422,28,257.28,211.0,396
17511,2,Recent High-Activity,United Kingdom,3,60,172132.87,117174,657,2868.88,1952.9,735
17512,2,Recent High-Activity,United Kingdom,29,18,5467.82,5434,102,303.77,301.89,701
17513,1,Developing / Moderate,United Kingdom,73,3,1158.8,440,18,386.27,146.67,407
17514,1,Developing / Moderate,United Kingdom,129,2,522.0,284,72,261.0,142.0,541
17515,2,Recent High-Activity,United Kingdom,32,9,1602.51,527,91,178.06,58.56,519
17516,1,Developing / Moderate,United Kingdom,16,6,947.5,522,150,157.92,87.0,363
17517,0,Inactive Low-Activity,United Kingdom,309,1,153.94,102,11,153.94,102.0,0
17518,0,Inactive Low-Activity,United Kingdom,426,2,329.42,267,71,164.71,133.5,196
17519,2,Recent High-Activity,United Kingdom,18,15,4774.17,3230,142,318.28,215.33,721
17520,1,Developing / Moderate,United Kingdom,54,1,546.81,365,30,546.81,365.0,0
17521,1,Developing / Moderate,United Kingdom,30,5,1278.06,806,65,255.61,161.2,405
17522,1,Developing / Moderate,United Kingdom,2,5,1070.71,1034,59,214.14,206.8,217
17523,1,Developing / Moderate,United Kingdom,12,4,652.74,872,25,163.19,218.0,8
17524,0,Inactive Low-Activity,United Kingdom,362,3,539.14,362,37,179.71,120.67,77
17525,0,Inactive Low-Activity,United Kingdom,360,3,1161.9,338,19,387.3,112.67,69
17526,2,Recent High-Activity,United Kingdom,5,12,3939.24,1442,67,328.27,120.17,718
17527,1,Developing / Moderate,United Kingdom,54,4,939.37,488,45,234.84,122.0,165
17528,1,Developing / Moderate,United Kingdom,2,8,3628.5,2138,183,453.56,267.25,70
17529,0,Inactive Low-Activity,United Kingdom,611,2,1240.25,790,78,620.12,395.0,87
17530,2,Recent High-Activity,United Kingdom,2,12,2791.69,1741,359,232.64,145.08,732
17531,1,Developing / Moderate,United Kingdom,191,3,1266.82,472,54,422.27,157.33,428
17532,0,Inactive Low-Activity,United Kingdom,386,1,65.34,30,4,65.34,30.0,0
17533,0,Inactive Low-Activity,United Kingdom,435,1,34.8,24,1,34.8,24.0,0
17534,2,Recent High-Activity,United Kingdom,54,5,1668.83,860,76,333.77,172.0,599
17535,0,Inactive Low-Activity,United Kingdom,281,1,164.4,136,13,164.4,136.0,0
17536,1,Developing / Moderate,United Kingdom,178,3,364.83,201,16,121.61,67.0,505
17537,1,Developing / Moderate,United Kingdom,30,2,887.67,699,74,443.83,349.5,274
17538,0,Inactive Low-Activity,United Kingdom,26,1,98.42,134,9,98.42,134.0,0
17539,1,Developing / Moderate,United Kingdom,618,4,1176.84,708,132,294.21,177.0,109
17540,1,Developing / Moderate,United Kingdom,25,6,1590.6,588,41,265.1,98.0,575
17541,0,Inactive Low-Activity,United Kingdom,510,1,119.86,44,31,119.86,44.0,0
17542,1,Developing / Moderate,United Kingdom,270,3,340.85,323,57,113.62,107.67,372
17543,0,Inactive Low-Activity,United Kingdom,550,1,120.05,62,13,120.05,62.0,0
17544,1,Developing / Moderate,United Kingdom,391,3,944.82,410,80,314.94,136.67,0
17545,2,Recent High-Activity,United Kingdom,44,6,1409.86,682,204,234.98,113.67,534
17547,0,Inactive Low-Activity,United Kingdom,376,2,727.85,223,22,363.93,111.5,290
17548,1,Developing / Moderate,United Kingdom,234,4,731.26,494,22,182.81,123.5,163
17549,0,Inactive Low-Activity,United Kingdom,24,2,148.86,210,5,74.43,105.0,28
17550,2,Recent High-Activity,United Kingdom,198,9,2506.64,968,250,278.52,107.56,473
17551,0,Inactive Low-Activity,United Kingdom,360,1,290.34,142,39,290.34,142.0,0
17552,2,Recent High-Activity,United Kingdom,61,12,2786.77,1951,78,232.23,162.58,567
17553,1,Developing / Moderate,United Kingdom,130,4,3757.6,2288,2,939.4,572.0,481
17554,1,Developing / Moderate,United Kingdom,2,5,1952.45,1763,58,390.49,352.6,147
17555,2,Recent High-Activity,United Kingdom,20,5,1045.74,739,220,209.15,147.8,567
17556,0,Inactive Low-Activity,United Kingdom,206,2,300.67,184,13,150.34,92.0,174
17557,1,Developing / Moderate,United Kingdom,15,4,575.46,310,28,143.87,77.5,718
17558,0,Inactive Low-Activity,United Kingdom,394,1,259.17,54,28,259.17,54.0,0
17559,0,Inactive Low-Activity,United Kingdom,513,1,167.62,270,12,167.62,270.0,0
17560,2,Recent High-Activity,United Kingdom,95,8,1895.8,1588,37,236.97,198.5,566
17561,2,Recent High-Activity,United Kingdom,20,4,703.02,381,163,175.75,95.25,714
17562,1,Developing / Moderate,United Kingdom,15,7,1122.38,817,48,160.34,116.71,159
17563,0,Inactive Low-Activity,United Kingdom,579,2,392.38,256,27,196.19,128.0,33
17564,1,Developing / Moderate,United Kingdom,25,3,454.01,146,38,151.34,48.67,56
17565,0,Inactive Low-Activity,United Kingdom,587,1,131.83,67,30,131.83,67.0,0
17566,1,Developing / Moderate,United Kingdom,9,2,869.77,497,113,434.88,248.5,17
17567,2,Recent High-Activity,United Kingdom,8,9,4838.08,2908,128,537.56,323.11,434
17568,0,Inactive Low-Activity,United Kingdom,634,1,374.45,275,61,374.45,275.0,0
17569,0,Inactive Low-Activity,United Kingdom,333,1,344.14,159,29,344.14,159.0,0
17570,0,Inactive Low-Activity,United Kingdom,382,1,100.0,1,1,100.0,1.0,0
17571,2,Recent High-Activity,United Kingdom,51,5,1630.91,991,290,326.18,198.2,492
17572,1,Developing / Moderate,United Kingdom,72,10,652.21,327,14,65.22,32.7,653
17573,1,Developing / Moderate,United Kingdom,30,3,380.6,308,24,126.87,102.67,64
17574,0,Inactive Low-Activity,United Kingdom,243,1,185.65,77,8,185.65,77.0,0
17575,0,Inactive Low-Activity,United Kingdom,668,1,171.7,72,5,171.7,72.0,0
17576,2,Recent High-Activity,United Kingdom,9,41,8711.95,4583,417,212.49,111.78,728
17577,0,Inactive Low-Activity,United Kingdom,646,2,348.75,179,20,174.38,89.5,23
17578,1,Developing / Moderate,United Kingdom,219,7,1047.33,529,57,149.62,75.57,311
17579,1,Developing / Moderate,United Kingdom,5,4,753.28,375,89,188.32,93.75,574
17580,1,Developing / Moderate,United Kingdom,253,5,541.02,223,78,108.2,44.6,170
17581,2,Recent High-Activity,United Kingdom,1,43,17951.17,9519,387,417.47,221.37,736
17582,1,Developing / Moderate,United Kingdom,237,5,1446.95,603,92,289.39,120.6,387
17583,0,Inactive Low-Activity,United Kingdom,561,1,135.95,55,7,135.95,55.0,0
17584,2,Recent High-Activity,United Kingdom,8,6,5309.42,2464,85,884.9,410.67,676
17585,2,Recent High-Activity,United Kingdom,110,7,2064.71,2510,295,294.96,358.57,369
17586,0,Inactive Low-Activity,United Kingdom,620,1,167.4,68,8,167.4,68.0,0
17587,0,Inactive Low-Activity,United Kingdom,629,1,176.71,67,42,176.71,67.0,0
17588,2,Recent High-Activity,United Kingdom,101,7,2939.55,1379,35,419.94,197.0,537
17589,2,Recent High-Activity,United Kingdom,61,18,13837.94,8704,601,768.77,483.56,582
17590,1,Developing / Moderate,United Kingdom,3,3,1468.02,822,162,489.34,274.0,38
17591,2,Recent High-Activity,United Kingdom,74,8,2339.32,1028,93,292.42,128.5,618
17592,0,Inactive Low-Activity,United Kingdom,739,1,148.3,38,13,148.3,38.0,0
17593,2,Recent High-Activity,United Kingdom,4,11,8092.32,5595,311,735.67,508.64,732
17594,1,Developing / Moderate,United Kingdom,86,4,2497.88,1368,70,624.47,342.0,519
17595,1,Developing / Moderate,United Kingdom,13,2,386.69,228,68,193.34,114.0,25
17596,2,Recent High-Activity,United Kingdom,24,13,4491.46,7010,274,345.5,539.23,701
17597,1,Developing / Moderate,United Kingdom,214,5,3484.09,2215,109,696.82,443.0,370
17598,0,Inactive Low-Activity,United Kingdom,382,1,409.98,126,10,409.98,126.0,0
17599,0,Inactive Low-Activity,United Kingdom,478,1,52.05,11,3,52.05,11.0,0
17600,0,Inactive Low-Activity,United Kingdom,18,1,161.67,144,13,161.67,144.0,0
17601,1,Developing / Moderate,United Kingdom,240,2,413.08,295,69,206.54,147.5,141
17602,2,Recent High-Activity,United Kingdom,3,14,7354.43,5880,450,525.32,420.0,617
17603,2,Recent High-Activity,United Kingdom,79,4,1788.38,638,104,447.1,159.5,651
17604,1,Developing / Moderate,United Kingdom,218,6,942.38,614,142,157.06,102.33,464
17605,0,Inactive Low-Activity,United Kingdom,591,1,160.75,71,13,160.75,71.0,0
17606,0,Inactive Low-Activity,United Kingdom,738,1,87.3,42,6,87.3,42.0,0
17607,0,Inactive Low-Activity,United Kingdom,377,1,333.81,269,22,333.81,269.0,0
17608,1,Developing / Moderate,United Kingdom,34,4,488.06,528,134,122.02,132.0,574
17609,2,Recent High-Activity,United Kingdom,41,11,1887.9,1321,317,171.63,120.09,569
17610,1,Developing / Moderate,United Kingdom,541,5,1511.94,893,114,302.39,178.6,193
17611,2,Recent High-Activity,United Kingdom,8,28,8337.53,5341,722,297.77,190.75,731
17612,2,Recent High-Activity,United Kingdom,54,18,5394.86,3521,213,299.71,195.61,669
17613,2,Recent High-Activity,United Kingdom,23,14,4544.55,2490,211,324.61,177.86,283
17614,1,Developing / Moderate,United Kingdom,58,1,386.32,235,97,386.32,235.0,0
17615,1,Developing / Moderate,United Kingdom,131,6,721.8,378,47,120.3,63.0,355
17616,0,Inactive Low-Activity,United Kingdom,174,4,734.4,288,1,183.6,72.0,278
17617,0,Inactive Low-Activity,United Kingdom,559,1,385.19,249,18,385.19,249.0,0
17618,2,Recent High-Activity,United Kingdom,6,11,4001.64,1798,202,363.79,163.45,679
17619,0,Inactive Low-Activity,United Kingdom,313,1,214.37,124,71,214.37,124.0,0
17620,0,Inactive Low-Activity,United Kingdom,60,1,81.44,60,4,81.44,60.0,0
17621,1,Developing / Moderate,United Kingdom,22,6,3175.12,1110,61,529.19,185.0,410
17622,0,Inactive Low-Activity,United Kingdom,598,2,1130.21,379,19,565.11,189.5,1
17623,2,Recent High-Activity,United Kingdom,33,7,2365.77,799,130,337.97,114.14,693
17624,2,Recent High-Activity,United Kingdom,15,4,1568.63,958,91,392.16,239.5,705
17625,2,Recent High-Activity,United Kingdom,19,8,5978.9,3505,429,747.36,438.12,706
17626,0,Inactive Low-Activity,United Kingdom,603,1,254.0,202,18,254.0,202.0,0
17627,0,Inactive Low-Activity,United Kingdom,479,1,296.36,676,10,296.36,676.0,0
17628,0,Inactive Low-Activity,United Kingdom,82,1,75.75,79,5,75.75,79.0,0
17629,2,Recent High-Activity,United Kingdom,6,10,2455.52,1903,129,245.55,190.3,416
17630,0,Inactive Low-Activity,United Kingdom,170,2,503.6,158,24,251.8,79.0,63
17631,2,Recent High-Activity,United Kingdom,2,7,998.49,591,66,142.64,84.43,729
17633,1,Developing / Moderate,United Kingdom,32,7,2057.39,899,84,293.91,128.43,358
17634,2,Recent High-Activity,United Kingdom,37,9,2358.59,838,209,262.07,93.11,301
17635,1,Developing / Moderate,United Kingdom,425,3,1265.58,770,60,421.86,256.67,166
17636,0,Inactive Low-Activity,United Kingdom,20,1,285.56,182,20,285.56,182.0,0
17637,1,Developing / Moderate,United Kingdom,32,2,547.06,280,35,273.53,140.0,84
17638,0,Inactive Low-Activity,United Kingdom,648,2,842.4,432,2,421.2,216.0,74
17639,1,Developing / Moderate,United Kingdom,277,6,615.17,576,59,102.53,96.0,207
17640,2,Recent High-Activity,United Kingdom,87,6,3168.94,1692,48,528.16,282.0,540
17642,2,Recent High-Activity,United Kingdom,120,5,1824.49,1475,88,364.9,295.0,615
17643,0,Inactive Low-Activity,United Kingdom,374,2,439.7,226,30,219.85,113.0,132
17644,2,Recent High-Activity,United Kingdom,2,20,6028.6,3469,160,301.43,173.45,660
17646,2,Recent High-Activity,United Kingdom,220,12,3898.79,1308,124,324.9,109.0,504
17647,1,Developing / Moderate,United Kingdom,66,3,331.66,82,12,110.55,27.33,604
17648,1,Developing / Moderate,United Kingdom,61,5,2216.37,954,114,443.27,190.8,325
17649,1,Developing / Moderate,United Kingdom,139,3,1578.89,723,88,526.3,241.0,334
17650,0,Inactive Low-Activity,United Kingdom,22,1,166.08,150,8,166.08,150.0,0
17651,2,Recent High-Activity,United Kingdom,12,16,5703.52,4086,198,356.47,255.38,515
17652,2,Recent High-Activity,United Kingdom,26,12,4867.72,2509,118,405.64,209.08,256
17653,1,Developing / Moderate,United Kingdom,37,4,1207.56,1409,44,301.89,352.25,84
17654,0,Inactive Low-Activity,United Kingdom,278,1,117.55,41,22,117.55,41.0,0
17655,2,Recent High-Activity,United Kingdom,11,9,2976.38,1268,75,330.71,140.89,406
17656,1,Developing / Moderate,United Kingdom,74,5,1674.69,1399,67,334.94,279.8,55
17657,0,Inactive Low-Activity,United Kingdom,431,1,126.0,60,7,126.0,60.0,0
17658,1,Developing / Moderate,United Kingdom,26,2,595.42,616,17,297.71,308.0,186
17659,2,Recent High-Activity,United Kingdom,18,14,3586.99,1752,150,256.21,125.14,369
17660,1,Developing / Moderate,United Kingdom,142,2,342.22,259,75,171.11,129.5,596
17662,0,Inactive Low-Activity,United Kingdom,662,2,412.92,184,14,206.46,92.0,61
17663,2,Recent High-Activity,United Kingdom,26,17,5175.83,2297,153,304.46,135.12,620
17664,1,Developing / Moderate,United Kingdom,19,4,1166.23,1058,68,291.56,264.5,602
17665,0,Inactive Low-Activity,United Kingdom,494,1,563.1,690,19,563.1,690.0,0
17666,1,Developing / Moderate,United Kingdom,4,5,2047.8,1552,30,409.56,310.4,524
17667,2,Recent High-Activity,United Kingdom,67,9,3950.7,2192,140,438.97,243.56,588
17668,1,Developing / Moderate,United Kingdom,2,2,347.75,93,14,173.88,46.5,37
17669,2,Recent High-Activity,United Kingdom,43,10,6142.35,3505,85,614.24,350.5,575
17670,0,Inactive Low-Activity,United Kingdom,228,1,205.7,110,11,205.7,110.0,0
17671,1,Developing / Moderate,United Kingdom,16,5,2009.16,987,54,401.83,197.4,360
17672,2,Recent High-Activity,United Kingdom,51,7,5778.63,2758,179,825.52,394.0,632
17673,2,Recent High-Activity,United Kingdom,2,13,4173.88,3284,195,321.07,252.62,629
17674,1,Developing / Moderate,United Kingdom,75,2,551.04,672,19,275.52,336.0,294
17675,2,Recent High-Activity,United Kingdom,2,70,37642.48,16180,345,537.75,231.14,728
17676,2,Recent High-Activity,United Kingdom,5,10,2448.64,1764,85,244.86,176.4,615
17677,2,Recent High-Activity,United Kingdom,2,54,35058.46,20921,346,649.23,387.43,722
17678,1,Developing / Moderate,United Kingdom,264,2,599.76,368,27,299.88,184.0,340
17679,2,Recent High-Activity,United Kingdom,53,7,3577.61,1755,70,511.09,250.71,684
17680,1,Developing / Moderate,United Kingdom,24,3,497.45,155,20,165.82,51.67,488
17681,0,Inactive Low-Activity,United Kingdom,598,5,731.2,450,12,146.24,90.0,96
17682,2,Recent High-Activity,United Kingdom,11,11,4065.28,2281,85,369.57,207.36,631
17683,1,Developing / Moderate,United Kingdom,386,3,819.01,781,41,273.0,260.33,169
17684,0,Inactive Low-Activity,United Kingdom,44,1,239.41,145,15,239.41,145.0,0
17685,2,Recent High-Activity,United Kingdom,17,12,5454.95,3474,124,454.58,289.5,650
17686,2,Recent High-Activity,United Kingdom,8,9,8296.81,3583,283,921.87,398.11,526
17687,0,Inactive Low-Activity,United Kingdom,421,1,432.68,210,26,432.68,210.0,0
17688,0,Inactive Low-Activity,United Kingdom,394,1,304.2,114,19,304.2,114.0,0
17689,0,Inactive Low-Activity,United Kingdom,389,2,317.08,300,17,158.54,150.0,86
17690,2,Recent High-Activity,United Kingdom,31,20,6963.8,2939,237,348.19,146.95,644
17691,1,Developing / Moderate,United Kingdom,359,4,637.55,315,37,159.39,78.75,188
17692,2,Recent High-Activity,United Kingdom,128,12,2975.8,2338,90,247.98,194.83,413
17693,0,Inactive Low-Activity,United Kingdom,138,1,200.47,231,16,200.47,231.0,0
17694,1,Developing / Moderate,United Kingdom,142,3,1695.97,1493,54,565.32,497.67,421
17695,1,Developing / Moderate,United Kingdom,132,5,1746.04,1809,46,349.21,361.8,549
17696,2,Recent High-Activity,United Kingdom,39,27,7679.59,5891,191,284.43,218.19,691
17697,0,Inactive Low-Activity,United Kingdom,237,1,338.95,93,19,338.95,93.0,0
17698,0,Inactive Low-Activity,United Kingdom,261,1,154.95,93,8,154.95,93.0,0
17699,0,Inactive Low-Activity,United Kingdom,477,2,442.0,208,17,221.0,104.0,85
17700,2,Recent High-Activity,United Kingdom,17,14,6679.97,3469,259,477.14,247.79,722
17701,0,Inactive Low-Activity,United Kingdom,253,1,417.95,109,24,417.95,109.0,0
17702,2,Recent High-Activity,United Kingdom,31,6,3144.04,2153,120,524.01,358.83,370
17703,1,Developing / Moderate,United Kingdom,36,4,1094.84,897,63,273.71,224.25,383
17704,1,Developing / Moderate,United Kingdom,169,2,885.19,343,27,442.6,171.5,71
17705,2,Recent High-Activity,United Kingdom,4,11,2083.9,1301,74,189.45,118.27,573
17706,2,Recent High-Activity,United Kingdom,5,31,20272.15,7824,408,653.94,252.39,685
17707,1,Developing / Moderate,United Kingdom,186,8,609.3,546,9,76.16,68.25,547
17708,1,Developing / Moderate,United Kingdom,188,4,884.18,387,57,221.05,96.75,236
17709,1,Developing / Moderate,United Kingdom,170,5,671.01,295,37,134.2,59.0,434
17710,0,Inactive Low-Activity,United Kingdom,424,1,293.5,158,20,293.5,158.0,0
17711,1,Developing / Moderate,United Kingdom,11,2,385.1,246,22,192.55,123.0,279
17712,1,Developing / Moderate,United Kingdom,45,1,522.91,215,29,522.91,215.0,0
17713,1,Developing / Moderate,United Kingdom,383,4,1198.09,989,55,299.52,247.25,166
17714,1,Developing / Moderate,United Kingdom,321,5,1410.18,608,69,282.04,121.6,193
17715,0,Inactive Low-Activity,United Kingdom,201,2,489.6,576,1,244.8,288.0,392
17716,2,Recent High-Activity,United Kingdom,23,24,15956.97,8819,334,664.87,367.46,715
17717,0,Inactive Low-Activity,United Kingdom,422,1,376.92,344,26,376.92,344.0,0
17718,1,Developing / Moderate,United Kingdom,233,2,439.18,274,22,219.59,137.0,412
17719,2,Recent High-Activity,United Kingdom,38,15,5396.04,2466,111,359.74,164.4,218
17720,2,Recent High-Activity,United Kingdom,27,10,2666.91,1589,81,266.69,158.9,552
17721,0,Inactive Low-Activity,United Kingdom,660,1,307.21,107,11,307.21,107.0,0
17722,1,Developing / Moderate,United Kingdom,97,5,3520.22,2412,163,704.04,482.4,279
17723,1,Developing / Moderate,United Kingdom,128,7,3378.4,912,6,482.63,130.29,248
17724,1,Developing / Moderate,United Kingdom,72,3,1033.0,300,38,344.33,100.0,67
17725,2,Recent High-Activity,United Kingdom,17,11,3439.08,2162,115,312.64,196.55,251
17726,1,Developing / Moderate,United Kingdom,396,7,1092.06,444,52,156.01,63.43,287
17727,1,Developing / Moderate,United Kingdom,16,1,1060.25,645,66,1060.25,645.0,0
17728,2,Recent High-Activity,United Kingdom,4,5,4238.76,2146,196,847.75,429.2,450
17729,0,Inactive Low-Activity,United Kingdom,597,1,438.65,247,23,438.65,247.0,0
17730,2,Recent High-Activity,United Kingdom,4,20,7773.8,5300,177,388.69,265.0,586
17731,2,Recent High-Activity,United Kingdom,80,6,1708.99,707,82,284.83,117.83,589
17732,1,Developing / Moderate,United Kingdom,373,8,2166.42,1058,90,270.8,132.25,115
17733,1,Developing / Moderate,United Kingdom,39,2,692.19,463,33,346.1,231.5,223
17734,2,Recent High-Activity,United Kingdom,54,6,1442.32,741,76,240.39,123.5,589
17735,2,Recent High-Activity,United Kingdom,3,26,16790.33,10683,391,645.78,410.88,495
17736,1,Developing / Moderate,United Kingdom,10,3,377.44,238,24,125.81,79.33,104
17737,0,Inactive Low-Activity,United Kingdom,10,2,168.24,108,8,84.12,54.0,49
17738,2,Recent High-Activity,United Kingdom,20,13,4183.56,2776,173,321.81,213.54,611
17739,2,Recent High-Activity,United Kingdom,12,18,7730.59,2335,56,429.48,129.72,721
17740,0,Inactive Low-Activity,United Kingdom,390,6,426.9,222,5,71.15,37.0,308
17741,0,Inactive Low-Activity,United Kingdom,407,2,101.1,114,6,50.55,57.0,154
17742,2,Recent High-Activity,United Kingdom,114,11,2098.48,653,52,190.77,59.36,625
17743,0,Inactive Low-Activity,United Kingdom,449,1,229.2,96,3,229.2,96.0,0
17744,2,Recent High-Activity,United Kingdom,4,7,2649.14,3826,121,378.45,546.57,377
17745,0,Inactive Low-Activity,United Kingdom,478,2,600.34,164,27,300.17,82.0,78
17746,1,Developing / Moderate,United Kingdom,241,4,904.18,688,32,226.05,172.0,370
17747,0,Inactive Low-Activity,United Kingdom,113,1,71.4,12,1,71.4,12.0,0
17748,0,Inactive Low-Activity,United Kingdom,528,1,358.15,111,17,358.15,111.0,0
17749,1,Developing / Moderate,United Kingdom,179,3,1026.18,446,52,342.06,148.67,368
17750,1,Developing / Moderate,United Kingdom,6,9,1710.45,3747,101,190.05,416.33,159
17751,0,Inactive Low-Activity,United Kingdom,422,1,157.86,147,31,157.86,147.0,0
17752,0,Inactive Low-Activity,United Kingdom,360,1,80.64,192,1,80.64,192.0,0
17753,1,Developing / Moderate,United Kingdom,465,4,382.06,124,63,95.52,31.0,238
17754,2,Recent High-Activity,United Kingdom,1,13,4451.22,4366,185,342.4,335.85,728
17756,0,Inactive Low-Activity,United Kingdom,376,3,728.75,399,54,242.92,133.0,19
17757,2,Recent High-Activity,United Kingdom,2,56,9074.05,5011,362,162.04,89.48,694
17758,2,Recent High-Activity,United Kingdom,20,12,4964.03,3199,403,413.67,266.58,549
17759,2,Recent High-Activity,United Kingdom,18,5,1261.88,965,114,252.38,193.0,566
17760,1,Developing / Moderate,United Kingdom,22,6,746.39,531,58,124.4,88.5,628
17761,1,Developing / Moderate,United Kingdom,33,1,712.78,398,19,712.78,398.0,0
17762,0,Inactive Low-Activity,United Kingdom,457,1,129.75,129,16,129.75,129.0,0
17763,0,Inactive Low-Activity,United Kingdom,264,4,86.15,41,11,21.54,10.25,396
17764,2,Recent High-Activity,United Kingdom,51,5,1513.57,674,126,302.71,134.8,686
17765,1,Developing / Moderate,United Kingdom,159,4,524.0,195,71,131.0,48.75,290
17766,0,Inactive Low-Activity,United Kingdom,382,2,299.61,155,21,149.81,77.5,0
17767,1,Developing / Moderate,United Kingdom,16,2,413.05,198,35,206.53,99.0,395
17768,2,Recent High-Activity,United Kingdom,9,7,3292.73,2339,134,470.39,334.14,729
17769,2,Recent High-Activity,United Kingdom,13,17,7053.38,3157,330,414.9,185.71,677
17770,1,Developing / Moderate,United Kingdom,199,5,1143.27,365,33,228.65,73.0,84
17771,1,Developing / Moderate,United Kingdom,57,4,387.41,373,63,96.85,93.25,533
17772,1,Developing / Moderate,United Kingdom,11,3,360.75,113,94,120.25,37.67,382
17773,0,Inactive Low-Activity,United Kingdom,515,2,575.37,254,48,287.69,127.0,176
17774,2,Recent High-Activity,United Kingdom,97,9,3273.83,1585,286,363.76,176.11,573
17775,0,Inactive Low-Activity,United Kingdom,255,1,56.4,72,3,56.4,72.0,0
17776,1,Developing / Moderate,United Kingdom,387,2,330.56,273,74,165.28,136.5,337
17777,1,Developing / Moderate,United Kingdom,25,3,647.56,501,141,215.85,167.0,76
17778,0,Inactive Low-Activity,United Kingdom,662,1,197.7,214,10,197.7,214.0,0
17779,1,Developing / Moderate,United Kingdom,22,3,650.32,396,73,216.77,132.0,122
17780,0,Inactive Low-Activity,United Kingdom,668,3,346.56,156,76,115.52,52.0,17
17781,0,Inactive Low-Activity,United Kingdom,160,2,188.02,34,12,94.01,17.0,94
17782,0,Inactive Low-Activity,United Kingdom,383,2,679.02,538,29,339.51,269.0,0
17783,1,Developing / Moderate,United Kingdom,73,3,376.96,438,91,125.65,146.0,440
17784,0,Inactive Low-Activity,United Kingdom,551,1,112.86,72,19,112.86,72.0,0
17785,1,Developing / Moderate,United Kingdom,54,3,403.38,227,48,134.46,75.67,512
17786,1,Developing / Moderate,United Kingdom,86,2,266.85,195,57,133.43,97.5,232
17787,1,Developing / Moderate,United Kingdom,153,4,1817.54,896,94,454.38,224.0,219
17788,0,Inactive Low-Activity,United Kingdom,74,2,1117.9,211,3,558.95,105.5,56
17789,1,Developing / Moderate,United Kingdom,282,2,397.15,199,27,198.57,99.5,380
17790,2,Recent High-Activity,United Kingdom,27,20,2779.41,1387,188,138.97,69.35,518
17791,0,Inactive Low-Activity,United Kingdom,30,1,106.1,46,10,106.1,46.0,0
17792,0,Inactive Low-Activity,United Kingdom,468,2,368.35,149,45,184.18,74.5,11
17793,1,Developing / Moderate,United Kingdom,26,1,300.34,226,49,300.34,226.0,0
17794,0,Inactive Low-Activity,United Kingdom,687,2,147.3,46,7,73.65,23.0,2
17795,1,Developing / Moderate,United Kingdom,180,2,342.83,305,43,171.41,152.5,85
17796,1,Developing / Moderate,United Kingdom,41,7,1236.39,347,149,176.63,49.57,381
17797,2,Recent High-Activity,United Kingdom,23,8,1971.87,1086,222,246.48,135.75,702
17798,0,Inactive Low-Activity,United Kingdom,582,1,178.07,138,43,178.07,138.0,0
17799,2,Recent High-Activity,United Kingdom,23,20,6246.93,3674,478,312.35,183.7,704
17800,1,Developing / Moderate,United Kingdom,38,9,1187.21,732,51,131.91,81.33,297
17801,1,Developing / Moderate,United Kingdom,452,3,770.03,820,66,256.68,273.33,240
17802,2,Recent High-Activity,United Kingdom,83,10,4946.22,2705,283,494.62,270.5,644
17803,0,Inactive Low-Activity,United Kingdom,393,1,184.66,98,27,184.66,98.0,0
17804,1,Developing / Moderate,United Kingdom,377,3,383.78,194,82,127.93,64.67,362
17805,1,Developing / Moderate,United Kingdom,74,2,927.03,1126,10,463.51,563.0,537
17806,1,Developing / Moderate,United Kingdom,12,1,546.04,727,43,546.04,727.0,0
17807,1,Developing / Moderate,United Kingdom,396,3,437.87,262,88,145.96,87.33,309
17808,0,Inactive Low-Activity,United Kingdom,549,4,262.64,143,29,65.66,35.75,33
17809,2,Recent High-Activity,United Kingdom,17,20,10085.89,2995,59,504.29,149.75,721
17810,0,Inactive Low-Activity,United Kingdom,669,2,373.16,118,51,186.58,59.0,15
17811,2,Recent High-Activity,United Kingdom,5,47,9519.8,5278,538,202.55,112.3,441
17812,2,Recent High-Activity,United Kingdom,13,7,911.99,444,162,130.28,63.43,518
17813,1,Developing / Moderate,United Kingdom,15,5,1698.07,752,297,339.61,150.4,57
17814,1,Developing / Moderate,United Kingdom,376,2,1609.37,1435,112,804.68,717.5,47
17815,0,Inactive Low-Activity,United Kingdom,394,1,591.96,612,13,591.96,612.0,0
17816,1,Developing / Moderate,United Kingdom,37,6,96.11,80,41,16.02,13.33,688
17817,1,Developing / Moderate,United Kingdom,5,6,788.15,353,115,131.36,58.83,418
17818,0,Inactive Low-Activity,United Kingdom,738,1,124.78,86,42,124.78,86.0,0
17819,2,Recent High-Activity,United Kingdom,72,12,6021.05,1610,66,501.75,134.17,655
17820,0,Inactive Low-Activity,United Kingdom,375,1,180.61,111,39,180.61,111.0,0
17821,0,Inactive Low-Activity,United Kingdom,407,1,334.62,162,6,334.62,162.0,0
17822,1,Developing / Moderate,United Kingdom,421,5,2162.93,1375,152,432.59,275.0,140
17823,0,Inactive Low-Activity,United Kingdom,422,2,449.25,252,88,224.62,126.0,0
17824,0,Inactive Low-Activity,United Kingdom,52,1,298.4,408,13,298.4,408.0,0
17825,0,Inactive Low-Activity,United Kingdom,599,4,701.96,516,24,175.49,129.0,127
17826,0,Inactive Low-Activity,United Kingdom,375,1,133.34,84,33,133.34,84.0,0
17827,2,Recent High-Activity,United Kingdom,6,6,2376.17,1582,240,396.03,263.67,616
17828,1,Developing / Moderate,Malta,23,4,1820.09,667,54,455.02,166.75,162
17829,1,Developing / Moderate,United Arab Emirates,299,5,4756.74,3009,121,951.35,601.8,357
17830,1,Developing / Moderate,United Kingdom,2,3,398.7,92,18,132.9,30.67,287
17831,0,Inactive Low-Activity,United Kingdom,34,1,35.4,12,2,35.4,12.0,0
17832,0,Inactive Low-Activity,United Kingdom,50,1,155.37,208,61,155.37,208.0,0
17833,0,Inactive Low-Activity,United Kingdom,724,1,338.46,143,28,338.46,143.0,0
17834,0,Inactive Low-Activity,United Kingdom,415,2,689.67,639,54,344.84,319.5,31
17835,1,Developing / Moderate,United Kingdom,3,3,342.24,344,45,114.08,114.67,21
17836,0,Inactive Low-Activity,United Kingdom,48,1,110.21,88,23,110.21,88.0,0
17837,1,Developing / Moderate,United Kingdom,43,8,1541.23,510,110,192.65,63.75,121
17838,2,Recent High-Activity,United Kingdom,27,13,5604.64,3491,141,431.13,268.54,604
17839,1,Developing / Moderate,United Kingdom,43,1,318.15,257,50,318.15,257.0,0
17840,0,Inactive Low-Activity,United Kingdom,444,1,175.9,128,44,175.9,128.0,0
17841,2,Recent High-Activity,United Kingdom,2,211,68545.25,36584,2116,324.86,173.38,736
17842,0,Inactive Low-Activity,United Kingdom,603,1,430.69,89,18,430.69,89.0,0
17843,0,Inactive Low-Activity,United Kingdom,304,2,320.4,251,58,160.2,125.5,108
17844,0,Inactive Low-Activity,Canada,107,1,51.56,52,5,51.56,52.0,0
17845,0,Inactive Low-Activity,United Kingdom,556,4,596.09,195,42,149.02,48.75,21
17846,0,Inactive Low-Activity,United Kingdom,86,1,2033.1,1,1,2033.1,1.0,0
17847,0,Inactive Low-Activity,United Kingdom,516,2,129.69,29,9,64.84,14.5,130
17848,2,Recent High-Activity,United Kingdom,82,30,3559.11,1404,105,118.64,46.8,652
17849,1,Developing / Moderate,United Kingdom,219,8,1063.76,224,24,132.97,28.0,417
17850,2,Recent High-Activity,United Kingdom,373,155,51208.87,21052,100,330.38,135.82,362
17851,1,Developing / Moderate,United Kingdom,423,6,1552.35,933,185,258.72,155.5,314
17852,1,Developing / Moderate,United Kingdom,12,5,657.81,372,82,131.56,74.4,720
17853,1,Developing / Moderate,United Kingdom,408,3,1596.29,625,84,532.1,208.33,329
17854,1,Developing / Moderate,United Kingdom,186,6,1068.5,607,113,178.08,101.17,546
17855,0,Inactive Low-Activity,United Kingdom,373,1,208.97,197,17,208.97,197.0,0
17856,1,Developing / Moderate,United Kingdom,2,4,1418.03,842,12,354.51,210.5,280
17857,2,Recent High-Activity,United Kingdom,5,24,27347.04,19906,21,1139.46,829.42,637
17858,2,Recent High-Activity,United Kingdom,6,30,12518.65,5383,173,417.29,179.43,728
17859,0,Inactive Low-Activity,United Kingdom,305,1,141.92,102,23,141.92,102.0,0
17860,1,Developing / Moderate,United Kingdom,369,4,717.39,696,127,179.35,174.0,360
17861,2,Recent High-Activity,United Kingdom,4,18,5088.29,4541,329,282.68,252.28,726
17862,1,Developing / Moderate,United Kingdom,324,4,1254.89,440,90,313.72,110.0,240
17863,2,Recent High-Activity,United Kingdom,60,12,5360.48,4676,154,446.71,389.67,593
17864,1,Developing / Moderate,United Kingdom,13,5,876.57,1015,93,175.31,203.0,415
17865,2,Recent High-Activity,United Kingdom,31,46,26312.19,12950,391,572.0,281.52,708
17866,1,Developing / Moderate,United Kingdom,143,3,1134.95,535,20,378.32,178.33,583
17867,2,Recent High-Activity,United Kingdom,31,15,1582.05,638,119,105.47,42.53,707
17868,0,Inactive Low-Activity,United Kingdom,387,1,227.15,85,18,227.15,85.0,0
17869,1,Developing / Moderate,United Kingdom,108,7,813.64,491,72,116.23,70.14,440
17870,2,Recent High-Activity,United Kingdom,3,13,2753.29,1699,215,211.79,130.69,379
17871,1,Developing / Moderate,United Kingdom,205,5,1068.95,665,64,213.79,133.0,489
17872,0,Inactive Low-Activity,United Kingdom,382,1,235.87,176,15,235.87,176.0,0
17873,2,Recent High-Activity,United Kingdom,81,18,6265.33,4159,65,348.07,231.06,643
17874,1,Developing / Moderate,United Kingdom,186,6,683.46,221,37,113.91,36.83,70
17875,0,Inactive Low-Activity,United Kingdom,689,1,167.1,98,25,167.1,98.0,0
17876,0,Inactive Low-Activity,United Kingdom,400,3,3424.02,1958,3,1141.34,652.67,276
17877,0,Inactive Low-Activity,United Kingdom,171,1,237.61,98,12,237.61,98.0,0
17878,1,Developing / Moderate,United Kingdom,44,3,1378.93,1014,82,459.64,338.0,352
17879,0,Inactive Low-Activity,United Kingdom,174,1,178.52,45,6,178.52,45.0,0
17880,1,Developing / Moderate,United Kingdom,365,3,824.92,466,43,274.97,155.33,366
17881,0,Inactive Low-Activity,United Kingdom,305,1,133.35,32,8,133.35,32.0,0
17882,0,Inactive Low-Activity,United Kingdom,380,2,291.56,130,47,145.78,65.0,0
17883,2,Recent High-Activity,United Kingdom,4,7,988.42,476,155,141.2,68.0,649
17884,2,Recent High-Activity,United Kingdom,4,20,2698.47,2749,305,134.92,137.45,732
17885,1,Developing / Moderate,United Kingdom,13,1,156.34,110,50,156.34,110.0,0
17886,2,Recent High-Activity,United Kingdom,32,6,1572.55,711,138,262.09,118.5,558
17887,0,Inactive Low-Activity,United Kingdom,130,1,111.35,30,10,111.35,30.0,0
17888,2,Recent High-Activity,United Kingdom,22,25,1807.44,1536,145,72.3,61.44,697
17889,1,Developing / Moderate,United Kingdom,213,7,746.42,403,97,106.63,57.57,406
17890,1,Developing / Moderate,United Kingdom,323,2,586.89,402,88,293.44,201.0,39
17891,0,Inactive Low-Activity,United Kingdom,163,1,203.86,393,34,203.86,393.0,0
17892,1,Developing / Moderate,United Kingdom,57,3,244.1,109,27,81.37,36.33,99
17893,0,Inactive Low-Activity,United Kingdom,226,1,107.21,149,15,107.21,149.0,0
17894,2,Recent High-Activity,United Kingdom,72,18,2304.58,938,215,128.03,52.11,398
17895,0,Inactive Low-Activity,United Kingdom,45,1,95.45,127,15,95.45,127.0,0
17896,0,Inactive Low-Activity,United Kingdom,24,1,256.32,288,2,256.32,288.0,0
17897,2,Recent High-Activity,United Kingdom,173,9,2099.89,864,211,233.32,96.0,404
17898,1,Developing / Moderate,United Kingdom,86,4,299.18,251,48,74.8,62.75,482
17899,0,Inactive Low-Activity,United Kingdom,160,1,154.55,170,29,154.55,170.0,0
17900,0,Inactive Low-Activity,United Kingdom,191,2,112.2,73,4,56.1,36.5,0
17901,1,Developing / Moderate,United Kingdom,30,3,260.08,38,22,86.69,12.67,492
17902,0,Inactive Low-Activity,United Kingdom,547,1,216.4,526,24,216.4,526.0,0
17903,0,Inactive Low-Activity,United Kingdom,395,1,381.09,142,44,381.09,142.0,0
17904,0,Inactive Low-Activity,United Kingdom,22,1,181.07,59,33,181.07,59.0,0
17905,2,Recent High-Activity,United Kingdom,72,13,2178.87,1299,129,167.61,99.92,609
17906,0,Inactive Low-Activity,United Kingdom,248,1,72.9,26,12,72.9,26.0,0
17907,0,Inactive Low-Activity,United Kingdom,641,1,291.76,1046,13,291.76,1046.0,0
17908,1,Developing / Moderate,United Kingdom,374,5,1142.47,670,178,228.49,134.0,352
17909,0,Inactive Low-Activity,United Kingdom,738,1,110.05,35,8,110.05,35.0,0
17910,0,Inactive Low-Activity,United Kingdom,727,1,261.7,121,25,261.7,121.0,0
17911,1,Developing / Moderate,United Kingdom,10,1,366.23,223,39,366.23,223.0,0
17912,1,Developing / Moderate,United Kingdom,311,6,374.55,215,48,62.43,35.83,65
17913,2,Recent High-Activity,United Kingdom,59,14,3429.29,1725,224,244.95,123.21,678
17914,1,Developing / Moderate,United Kingdom,4,1,329.36,457,72,329.36,457.0,0
17915,0,Inactive Low-Activity,United Kingdom,552,1,225.78,184,27,225.78,184.0,0
17916,0,Inactive Low-Activity,United Kingdom,629,2,43.87,90,15,21.93,45.0,105
17917,1,Developing / Moderate,United Kingdom,46,3,335.03,184,77,111.68,61.33,317
17918,0,Inactive Low-Activity,United Kingdom,501,3,396.39,352,34,132.13,117.33,5
17919,1,Developing / Moderate,United Kingdom,89,2,1840.32,1452,37,920.16,726.0,350
17920,2,Recent High-Activity,United Kingdom,5,54,23581.78,12265,715,436.7,227.13,729
17921,2,Recent High-Activity,United Kingdom,65,10,2394.36,991,230,239.44,99.1,448
17922,0,Inactive Low-Activity,United Kingdom,544,1,170.4,49,8,170.4,49.0,0
17923,0,Inactive Low-Activity,United Kingdom,283,3,497.0,140,2,165.67,46.67,262
17924,1,Developing / Moderate,United Kingdom,12,8,3257.7,1208,27,407.21,151.0,403
17925,0,Inactive Low-Activity,United Kingdom,373,1,244.08,72,1,244.08,72.0,0
17926,1,Developing / Moderate,United Kingdom,134,5,1035.49,572,27,207.1,114.4,446
17927,0,Inactive Low-Activity,United Kingdom,722,1,294.0,108,10,294.0,108.0,0
17928,1,Developing / Moderate,United Kingdom,46,3,341.24,222,27,113.75,74.0,526
17929,2,Recent High-Activity,United Kingdom,12,12,3082.1,434,6,256.84,36.17,719
17930,2,Recent High-Activity,United Kingdom,36,13,4275.22,3795,39,328.86,291.92,610
17931,2,Recent High-Activity,United Kingdom,135,14,3402.24,1919,274,243.02,137.07,527
17932,1,Developing / Moderate,United Kingdom,30,3,1331.57,789,84,443.86,263.0,182
17933,0,Inactive Low-Activity,United Kingdom,633,1,114.69,63,12,114.69,63.0,0
17934,1,Developing / Moderate,United Kingdom,52,3,1049.15,628,36,349.72,209.33,355
17935,1,Developing / Moderate,United Kingdom,139,7,686.14,244,60,98.02,34.86,597
17936,1,Developing / Moderate,United Kingdom,6,1,380.13,257,68,380.13,257.0,0
17937,1,Developing / Moderate,United Kingdom,9,7,4301.22,1754,19,614.46,250.57,354
17938,0,Inactive Low-Activity,United Kingdom,421,1,144.29,53,29,144.29,53.0,0
17939,0,Inactive Low-Activity,United Kingdom,160,1,99.14,40,12,99.14,40.0,0
17940,2,Recent High-Activity,United Kingdom,50,16,30306.79,85148,11,1894.17,5321.75,687
17941,1,Developing / Moderate,United Kingdom,131,4,1433.28,1108,5,358.32,277.0,572
17942,0,Inactive Low-Activity,United Kingdom,8,1,77.5,38,2,77.5,38.0,0
17944,0,Inactive Low-Activity,United Kingdom,424,1,74.99,84,24,74.99,84.0,0
17945,0,Inactive Low-Activity,United Kingdom,697,3,360.35,244,66,120.12,81.33,0
17946,0,Inactive Low-Activity,United Kingdom,234,2,149.58,75,18,74.79,37.5,26
17947,0,Inactive Low-Activity,United Kingdom,38,1,176.68,168,9,176.68,168.0,0
17948,0,Inactive Low-Activity,United Kingdom,148,1,358.56,144,1,358.56,144.0,0
17949,2,Recent High-Activity,United Kingdom,2,118,117314.08,60538,58,994.19,513.03,736
17950,2,Recent High-Activity,United Kingdom,73,7,1166.29,659,133,166.61,94.14,632
17951,1,Developing / Moderate,United Kingdom,40,4,1340.58,780,24,335.15,195.0,365
17952,1,Developing / Moderate,United Kingdom,379,4,788.46,477,85,197.12,119.25,163
17953,0,Inactive Low-Activity,United Kingdom,541,1,159.17,98,20,159.17,98.0,0
17954,2,Recent High-Activity,United Kingdom,6,19,3804.38,3180,479,200.23,167.37,725
17955,1,Developing / Moderate,United Kingdom,199,6,949.9,681,16,158.32,113.5,467
17956,0,Inactive Low-Activity,United Kingdom,250,1,12.75,1,1,12.75,1.0,0
17957,0,Inactive Low-Activity,United Kingdom,67,1,111.68,287,31,111.68,287.0,0
17958,1,Developing / Moderate,United Kingdom,117,2,973.88,284,35,486.94,142.0,612
17959,0,Inactive Low-Activity,United Kingdom,593,1,140.75,49,2,140.75,49.0,0
17960,1,Developing / Moderate,United Kingdom,172,3,135.08,60,37,45.03,20.0,470
17961,2,Recent High-Activity,United Kingdom,22,100,2866.74,1491,486,28.67,14.91,717
17962,1,Developing / Moderate,United Kingdom,143,4,666.96,633,146,166.74,158.25,553
17963,1,Developing / Moderate,United Kingdom,472,4,643.16,341,98,160.79,85.25,218
17964,1,Developing / Moderate,United Kingdom,32,2,463.21,294,84,231.6,147.0,341
17965,2,Recent High-Activity,United Kingdom,38,29,7006.65,4383,588,241.61,151.14,688
17966,2,Recent High-Activity,United Kingdom,38,10,1963.92,3918,82,196.39,391.8,653
17967,0,Inactive Low-Activity,United Kingdom,372,2,223.42,111,59,111.71,55.5,45
17968,1,Developing / Moderate,United Kingdom,374,4,590.44,352,106,147.61,88.0,139
17969,2,Recent High-Activity,United Kingdom,167,20,2354.29,1014,113,117.71,50.7,567
17970,0,Inactive Low-Activity,United Kingdom,212,1,562.79,513,27,562.79,513.0,0
17971,0,Inactive Low-Activity,United Kingdom,549,1,161.94,62,21,161.94,62.0,0
17972,0,Inactive Low-Activity,United Kingdom,242,1,135.19,36,30,135.19,36.0,0
17973,0,Inactive Low-Activity,United Kingdom,52,1,337.04,176,15,337.04,176.0,0
17974,2,Recent High-Activity,United Kingdom,25,6,1739.09,1189,279,289.85,198.17,383
17975,2,Recent High-Activity,United Kingdom,16,24,6696.33,2179,243,279.01,90.79,475
17976,0,Inactive Low-Activity,United Kingdom,373,1,321.79,93,56,321.79,93.0,0
17977,1,Developing / Moderate,United Kingdom,30,2,1511.45,1948,94,755.73,974.0,371
17978,1,Developing / Moderate,United Kingdom,366,4,1159.99,1297,62,290.0,324.25,366
17979,1,Developing / Moderate,United Kingdom,36,4,732.41,383,116,183.1,95.75,224
17980,1,Developing / Moderate,United Kingdom,166,4,1012.72,771,41,253.18,192.75,228
17981,0,Inactive Low-Activity,United Kingdom,411,1,239.12,260,17,239.12,260.0,0
17982,0,Inactive Low-Activity,United Kingdom,681,1,138.18,117,13,138.18,117.0,0
17983,0,Inactive Low-Activity,United Kingdom,396,1,171.71,108,23,171.71,108.0,0
17984,2,Recent High-Activity,United Kingdom,146,5,1152.19,939,209,230.44,187.8,593
17985,1,Developing / Moderate,United Kingdom,23,1,631.35,171,20,631.35,171.0,0
17986,0,Inactive Low-Activity,United Kingdom,57,1,20.8,10,1,20.8,10.0,0
17987,1,Developing / Moderate,United Kingdom,186,5,965.44,981,139,193.09,196.2,365
17988,2,Recent High-Activity,United Kingdom,12,14,489.54,186,115,34.97,13.29,721
17989,0,Inactive Low-Activity,United Kingdom,380,1,207.33,300,26,207.33,300.0,0
17990,1,Developing / Moderate,United Kingdom,237,6,1527.61,777,40,254.6,129.5,496
17991,1,Developing / Moderate,United Kingdom,226,3,300.3,93,37,100.1,31.0,366
17992,0,Inactive Low-Activity,United Kingdom,390,1,252.88,130,49,252.88,130.0,0
17993,0,Inactive Low-Activity,United Kingdom,618,1,225.99,108,60,225.99,108.0,0
17994,2,Recent High-Activity,United Kingdom,122,11,2270.03,2181,227,206.37,198.27,499
17995,0,Inactive Low-Activity,United Kingdom,282,3,495.48,263,28,165.16,87.67,106
17996,1,Developing / Moderate,United Kingdom,380,3,482.33,587,63,160.78,195.67,167
17997,1,Developing / Moderate,United Kingdom,75,8,1962.46,2273,133,245.31,284.12,90
17998,1,Developing / Moderate,United Kingdom,381,3,639.24,561,57,213.08,187.0,358
17999,1,Developing / Moderate,United Kingdom,38,3,528.46,286,125,176.15,95.33,341
18000,0,Inactive Low-Activity,United Kingdom,565,1,124.25,109,6,124.25,109.0,0
18001,2,Recent High-Activity,United Kingdom,13,6,924.14,874,120,154.02,145.67,725
18002,1,Developing / Moderate,United Kingdom,376,4,244.37,71,52,61.09,17.75,356
18003,0,Inactive Low-Activity,United Kingdom,377,1,353.51,297,23,353.51,297.0,0
18004,0,Inactive Low-Activity,United Kingdom,363,1,157.92,75,32,157.92,75.0,0
18005,1,Developing / Moderate,United Kingdom,4,2,226.47,86,52,113.23,43.0,44
18006,1,Developing / Moderate,United Kingdom,24,4,969.51,395,57,242.38,98.75,699
18007,0,Inactive Low-Activity,United Kingdom,393,1,215.22,246,46,215.22,246.0,0
18008,2,Recent High-Activity,United Kingdom,71,23,19759.08,7825,77,859.09,340.22,632
18009,2,Recent High-Activity,United Kingdom,236,8,2144.23,651,145,268.03,81.38,417
18010,0,Inactive Low-Activity,United Kingdom,257,1,174.8,60,14,174.8,60.0,0
18011,0,Inactive Low-Activity,United Kingdom,374,2,410.79,125,63,205.4,62.5,194
18012,0,Inactive Low-Activity,United Kingdom,724,1,115.3,63,13,115.3,63.0,0
18013,0,Inactive Low-Activity,United Kingdom,156,2,187.29,285,31,93.64,142.5,0
18014,0,Inactive Low-Activity,United Kingdom,29,1,162.22,66,29,162.22,66.0,0
18015,0,Inactive Low-Activity,United Kingdom,5,1,120.03,157,46,120.03,157.0,0
18016,2,Recent High-Activity,United Kingdom,33,7,1954.56,1207,115,279.22,172.43,649
18017,1,Developing / Moderate,United Kingdom,82,4,688.0,400,1,172.0,100.0,350
18018,1,Developing / Moderate,United Kingdom,109,4,297.99,186,43,74.5,46.5,312
18019,0,Inactive Low-Activity,United Kingdom,52,1,38.45,7,5,38.45,7.0,0
18020,0,Inactive Low-Activity,United Kingdom,544,1,190.48,67,12,190.48,67.0,0
18021,0,Inactive Low-Activity,United Kingdom,510,2,216.41,168,32,108.2,84.0,3
18022,2,Recent High-Activity,United Kingdom,36,5,1507.25,1311,306,301.45,262.2,511
18024,0,Inactive Low-Activity,United Kingdom,153,2,389.78,184,21,194.89,92.0,0
18025,1,Developing / Moderate,United Kingdom,380,6,1177.72,1053,83,196.29,175.5,240
18026,0,Inactive Low-Activity,United Kingdom,501,2,2074.07,530,12,1037.04,265.0,5
18027,0,Inactive Low-Activity,United Kingdom,99,1,115.31,78,21,115.31,78.0,0
18028,0,Inactive Low-Activity,United Kingdom,584,1,192.05,133,4,192.05,133.0,0
18029,0,Inactive Low-Activity,United Kingdom,643,1,433.77,253,18,433.77,253.0,0
18030,0,Inactive Low-Activity,United Kingdom,5,2,230.65,67,8,115.32,33.5,38
18031,0,Inactive Low-Activity,United Kingdom,379,1,451.3,298,49,451.3,298.0,0
18032,0,Inactive Low-Activity,United Kingdom,335,1,73.5,42,5,73.5,42.0,0
18033,0,Inactive Low-Activity,United Kingdom,66,1,93.82,252,32,93.82,252.0,0
18034,1,Developing / Moderate,United Kingdom,22,3,754.2,951,182,251.4,317.0,354
18035,1,Developing / Moderate,United Kingdom,36,5,1260.23,1134,52,252.05,226.8,350
18036,2,Recent High-Activity,United Kingdom,33,11,1545.49,741,221,140.5,67.36,689
18037,1,Developing / Moderate,United Kingdom,155,15,167.42,37,31,11.16,2.47,584
18038,0,Inactive Low-Activity,United Kingdom,557,1,141.48,80,25,141.48,80.0,0
18039,1,Developing / Moderate,United Kingdom,375,4,548.22,555,137,137.06,138.75,266
18040,1,Developing / Moderate,United Kingdom,20,2,357.2,148,18,178.6,74.0,226
18041,2,Recent High-Activity,United Kingdom,12,38,8018.77,7316,464,211.02,192.53,683
18042,1,Developing / Moderate,United Kingdom,54,2,281.15,69,13,140.57,34.5,488
18043,1,Developing / Moderate,United Kingdom,25,3,529.29,265,106,176.43,88.33,342
18044,2,Recent High-Activity,United Kingdom,5,18,3505.61,1598,128,194.76,88.78,556
18045,0,Inactive Low-Activity,United Kingdom,46,1,178.34,138,43,178.34,138.0,0
18046,0,Inactive Low-Activity,United Kingdom,650,1,189.63,44,26,189.63,44.0,0
18047,0,Inactive Low-Activity,United Kingdom,382,2,326.09,130,74,163.04,65.0,0
18048,1,Developing / Moderate,United Kingdom,204,3,394.93,256,56,131.64,85.33,290
18049,0,Inactive Low-Activity,United Kingdom,438,2,500.92,402,82,250.46,201.0,153
18050,0,Inactive Low-Activity,United Kingdom,360,2,412.06,250,22,206.03,125.0,34
18051,0,Inactive Low-Activity,United Kingdom,635,7,2282.28,1661,41,326.04,237.29,96
18052,0,Inactive Low-Activity,United Kingdom,565,1,10877.18,17766,16,10877.18,17766.0,0
18053,1,Developing / Moderate,United Kingdom,71,3,571.07,409,29,190.36,136.33,457
18054,0,Inactive Low-Activity,United Kingdom,393,1,176.5,96,11,176.5,96.0,0
18055,2,Recent High-Activity,United Kingdom,8,14,10142.64,3534,320,724.47,252.43,406
18056,1,Developing / Moderate,United Kingdom,289,2,554.6,334,28,277.3,167.0,330
18057,1,Developing / Moderate,United Kingdom,394,3,1188.46,970,121,396.15,323.33,297
18058,1,Developing / Moderate,United Kingdom,10,3,774.06,394,12,258.02,131.33,658
18059,1,Developing / Moderate,United Kingdom,24,3,306.46,258,17,102.15,86.0,44
18060,1,Developing / Moderate,United Kingdom,409,2,1185.46,902,74,592.73,451.0,156
18061,2,Recent High-Activity,United Kingdom,22,28,6083.81,3359,30,217.28,119.96,714
18062,1,Developing / Moderate,United Kingdom,174,6,1632.67,831,46,272.11,138.5,424
18063,0,Inactive Low-Activity,United Kingdom,391,2,186.6,48,2,93.3,24.0,243
18064,2,Recent High-Activity,United Kingdom,134,11,4481.83,2685,53,407.44,244.09,543
18065,2,Recent High-Activity,United Kingdom,6,29,5866.63,2265,193,202.3,78.1,725
18066,1,Developing / Moderate,United Kingdom,76,3,1440.4,535,37,480.13,178.33,340
18067,1,Developing / Moderate,United Kingdom,41,1,396.33,189,36,396.33,189.0,0
18068,0,Inactive Low-Activity,United Kingdom,290,1,101.7,6,1,101.7,6.0,0
18069,2,Recent High-Activity,United Kingdom,27,11,4464.92,3168,602,405.9,288.0,623
18070,0,Inactive Low-Activity,United Kingdom,670,1,314.1,86,9,314.1,86.0,0
18071,1,Developing / Moderate,United Kingdom,258,6,1169.68,678,52,194.95,113.0,477
18072,0,Inactive Low-Activity,United Kingdom,186,1,247.44,288,18,247.44,288.0,0
18073,1,Developing / Moderate,United Kingdom,115,12,3859.82,3102,23,321.65,258.5,83
18074,0,Inactive Low-Activity,United Kingdom,374,2,1019.44,361,37,509.72,180.5,132
18075,2,Recent High-Activity,United Kingdom,24,20,5783.29,3281,180,289.16,164.05,475
18076,0,Inactive Low-Activity,United Kingdom,381,1,151.49,164,8,151.49,164.0,0
18077,2,Recent High-Activity,United Kingdom,9,18,4078.79,3020,141,226.6,167.78,724
18078,1,Developing / Moderate,United Kingdom,218,4,725.53,370,65,181.38,92.5,411
18079,2,Recent High-Activity,United Kingdom,46,5,4203.93,8730,107,840.79,1746.0,446
18080,1,Developing / Moderate,United Kingdom,19,2,1231.5,642,2,615.75,321.0,224
18081,1,Developing / Moderate,United Kingdom,37,3,343.45,195,14,114.48,65.0,97
18082,1,Developing / Moderate,United Kingdom,26,1,680.84,608,62,680.84,608.0,0
18083,0,Inactive Low-Activity,United Kingdom,398,1,463.53,268,36,463.53,268.0,0
18084,1,Developing / Moderate,United Kingdom,17,3,795.23,755,7,265.08,251.67,372
18085,1,Developing / Moderate,United Kingdom,331,4,1341.85,507,42,335.46,126.75,298
18086,0,Inactive Low-Activity,United Kingdom,275,1,101.34,106,7,101.34,106.0,0
18087,2,Recent High-Activity,United Kingdom,99,17,14761.52,7775,44,868.32,457.35,640
18088,0,Inactive Low-Activity,United Kingdom,62,1,166.03,107,35,166.03,107.0,0
18089,0,Inactive Low-Activity,United Kingdom,447,1,428.45,95,9,428.45,95.0,0
18090,0,Inactive Low-Activity,United Kingdom,422,1,321.9,307,47,321.9,307.0,0
18091,0,Inactive Low-Activity,United Kingdom,594,1,360.85,539,25,360.85,539.0,0
18092,2,Recent High-Activity,United Kingdom,3,18,14693.72,8298,42,816.32,461.0,733
18093,2,Recent High-Activity,United Kingdom,94,8,4452.71,3429,43,556.59,428.62,525
18094,2,Recent High-Activity,United Kingdom,82,13,6391.52,4164,55,491.66,320.31,620
18095,1,Developing / Moderate,United Kingdom,313,5,2303.09,1623,37,460.62,324.6,287
18096,2,Recent High-Activity,United Kingdom,12,6,1657.87,1409,299,276.31,234.83,502
18097,2,Recent High-Activity,United Kingdom,8,11,4627.92,2716,86,420.72,246.91,715
18098,0,Inactive Low-Activity,United Kingdom,397,1,527.94,215,85,527.94,215.0,0
18099,0,Inactive Low-Activity,United Kingdom,128,1,168.31,149,19,168.31,149.0,0
18100,0,Inactive Low-Activity,United Kingdom,551,1,451.56,440,30,451.56,440.0,0
18101,1,Developing / Moderate,United Kingdom,12,5,622.01,247,89,124.4,49.4,663
18102,2,Recent High-Activity,United Kingdom,1,145,580987.04,181645,382,4006.81,1252.72,738
18103,0,Inactive Low-Activity,United Kingdom,550,1,105.8,23,10,105.8,23.0,0
18104,1,Developing / Moderate,United Kingdom,38,1,754.64,362,38,754.64,362.0,0
18105,0,Inactive Low-Activity,United Kingdom,38,1,113.48,46,18,113.48,46.0,0
18106,1,Developing / Moderate,United Kingdom,330,6,1441.06,506,126,240.18,84.33,364
18107,0,Inactive Low-Activity,United Kingdom,443,1,165.88,65,38,165.88,65.0,0
18108,1,Developing / Moderate,United Kingdom,255,3,848.81,261,43,282.94,87.0,483
18109,2,Recent High-Activity,United Kingdom,2,38,9555.71,4822,203,251.47,126.89,525
18110,1,Developing / Moderate,United Kingdom,20,2,392.28,169,58,196.14,84.5,392
18111,0,Inactive Low-Activity,United Kingdom,590,1,405.85,232,27,405.85,232.0,0
18112,1,Developing / Moderate,United Kingdom,13,4,773.36,443,59,193.34,110.75,539
18113,0,Inactive Low-Activity,United Kingdom,369,1,76.32,72,1,76.32,72.0,0
18114,0,Inactive Low-Activity,United Kingdom,291,1,220.1,55,28,220.1,55.0,0
18115,0,Inactive Low-Activity,United Kingdom,698,1,9.7,3,3,9.7,3.0,0
18116,2,Recent High-Activity,United Kingdom,68,13,2134.49,1267,311,164.19,97.46,344
18117,1,Developing / Moderate,United Kingdom,26,1,315.65,605,68,315.65,605.0,0
18118,2,Recent High-Activity,United Kingdom,11,29,6221.02,3184,444,214.52,109.79,371
18119,0,Inactive Low-Activity,United Kingdom,368,1,180.7,124,29,180.7,124.0,0
18120,0,Inactive Low-Activity,United Kingdom,215,1,111.15,31,17,111.15,31.0,0
18121,1,Developing / Moderate,United Kingdom,150,2,653.3,438,28,326.65,219.0,5
18122,1,Developing / Moderate,United Kingdom,9,6,1793.06,1225,239,298.84,204.17,142
18123,1,Developing / Moderate,United Kingdom,25,3,666.64,616,53,222.21,205.33,489
18124,0,Inactive Low-Activity,United Kingdom,473,1,102.65,47,20,102.65,47.0,0
18125,1,Developing / Moderate,United Kingdom,30,4,1131.75,800,164,282.94,200.0,287
18126,0,Inactive Low-Activity,United Kingdom,61,1,200.92,135,52,200.92,135.0,0
18127,1,Developing / Moderate,United Kingdom,20,4,556.13,250,56,139.03,62.5,384
18128,0,Inactive Low-Activity,United Kingdom,538,1,399.29,216,42,399.29,216.0,0
18129,0,Inactive Low-Activity,United Kingdom,244,1,112.55,48,13,112.55,48.0,0
18130,1,Developing / Moderate,United Kingdom,16,3,1059.39,824,58,353.13,274.67,42
18131,0,Inactive Low-Activity,United Kingdom,632,1,222.96,552,4,222.96,552.0,0
18132,0,Inactive Low-Activity,United Kingdom,505,1,220.13,212,60,220.13,212.0,0
18133,0,Inactive Low-Activity,United Kingdom,213,1,931.5,1350,1,931.5,1350.0,0
18134,0,Inactive Low-Activity,United Kingdom,599,2,445.0,128,27,222.5,64.0,96
18135,2,Recent High-Activity,United Kingdom,30,10,1249.62,753,23,124.96,75.3,605
18136,1,Developing / Moderate,United Kingdom,64,5,1631.36,860,77,326.27,172.0,388
18137,0,Inactive Low-Activity,United Kingdom,552,2,145.99,59,26,73.0,29.5,0
18138,0,Inactive Low-Activity,United Kingdom,296,1,152.65,38,8,152.65,38.0,0
18139,1,Developing / Moderate,United Kingdom,18,6,8438.34,5557,35,1406.39,926.17,1
18140,0,Inactive Low-Activity,West Indies,474,1,536.41,395,49,536.41,395.0,0
18141,0,Inactive Low-Activity,United Kingdom,402,2,882.47,433,38,441.24,216.5,188
18142,0,Inactive Low-Activity,United Kingdom,158,2,1019.52,1276,9,509.76,638.0,58
18143,1,Developing / Moderate,United Kingdom,117,2,1000.16,570,59,500.08,285.0,25
18144,2,Recent High-Activity,United Kingdom,8,19,4892.95,2144,51,257.52,112.84,716
18145,2,Recent High-Activity,United Kingdom,13,11,5609.74,5104,250,509.98,464.0,719
18146,0,Inactive Low-Activity,United Kingdom,141,2,160.35,153,10,80.18,76.5,80
18147,0,Inactive Low-Activity,United Kingdom,46,2,179.34,203,7,89.67,101.5,63
18148,0,Inactive Low-Activity,United Kingdom,647,1,112.85,63,9,112.85,63.0,0
18149,2,Recent High-Activity,United Kingdom,51,7,1553.96,869,54,221.99,124.14,585
18150,1,Developing / Moderate,United Kingdom,33,3,566.58,332,29,188.86,110.67,169
18151,2,Recent High-Activity,United Kingdom,135,6,1879.44,986,99,313.24,164.33,511
18152,0,Inactive Low-Activity,United Kingdom,647,1,426.69,75,10,426.69,75.0,0
18153,0,Inactive Low-Activity,United Kingdom,660,1,246.22,200,17,246.22,200.0,0
18154,1,Developing / Moderate,United Kingdom,4,5,932.6,626,34,186.52,125.2,487
18155,1,Developing / Moderate,United Kingdom,76,3,371.62,266,19,123.87,88.67,216
18156,1,Developing / Moderate,United Kingdom,13,2,675.64,283,100,337.82,141.5,357
18157,0,Inactive Low-Activity,United Kingdom,572,1,213.9,145,25,213.9,145.0,0
18158,1,Developing / Moderate,United Kingdom,10,2,453.4,354,24,226.7,177.0,79
18159,0,Inactive Low-Activity,United Kingdom,302,1,530.15,139,23,530.15,139.0,0
18160,1,Developing / Moderate,United Kingdom,58,3,1003.88,519,56,334.63,173.0,329
18161,1,Developing / Moderate,United Kingdom,16,6,1803.1,965,57,300.52,160.83,364
18162,0,Inactive Low-Activity,United Kingdom,733,1,371.51,332,45,371.51,332.0,0
18163,0,Inactive Low-Activity,United Kingdom,585,1,728.84,452,33,728.84,452.0,0
18164,0,Inactive Low-Activity,United Kingdom,38,1,399.65,184,24,399.65,184.0,0
18165,0,Inactive Low-Activity,United Kingdom,178,1,302.46,254,10,302.46,254.0,0
18166,0,Inactive Low-Activity,United Kingdom,624,1,175.5,90,10,175.5,90.0,0
18167,1,Developing / Moderate,United Kingdom,24,3,1384.86,382,24,461.62,127.33,82
18168,2,Recent High-Activity,United Kingdom,177,16,3435.5,1995,209,214.72,124.69,560
18169,0,Inactive Low-Activity,United Kingdom,61,1,202.65,61,9,202.65,61.0,0
18170,2,Recent High-Activity,United Kingdom,34,9,2878.0,1184,59,319.78,131.56,667
18171,2,Recent High-Activity,United Kingdom,59,9,2437.31,991,76,270.81,110.11,645
18172,2,Recent High-Activity,United Kingdom,15,52,17467.24,7407,176,335.91,142.44,714
18173,1,Developing / Moderate,United Kingdom,87,5,2696.36,1730,34,539.27,346.0,526
18174,1,Developing / Moderate,United Kingdom,8,2,162.5,80,1,81.25,40.0,596
18175,0,Inactive Low-Activity,United Kingdom,676,1,176.1,70,7,176.1,70.0,0
18176,0,Inactive Low-Activity,United Kingdom,359,1,476.35,283,30,476.35,283.0,0
18177,2,Recent High-Activity,United Kingdom,32,9,2216.32,1238,66,246.26,137.56,693
18178,2,Recent High-Activity,United Kingdom,129,11,6103.74,3850,204,554.89,350.0,531
18179,2,Recent High-Activity,United Kingdom,10,8,2547.55,1811,101,318.44,226.38,654
18180,1,Developing / Moderate,United Kingdom,5,6,1843.75,1721,108,307.29,286.83,138
18181,2,Recent High-Activity,United Kingdom,25,5,1188.34,510,139,237.67,102.0,711
18182,0,Inactive Low-Activity,United Kingdom,464,1,291.13,167,10,291.13,167.0,0
18183,1,Developing / Moderate,United Kingdom,228,2,632.07,371,36,316.04,185.5,47
18184,0,Inactive Low-Activity,United Kingdom,16,1,49.8,60,1,49.8,60.0,0
18185,0,Inactive Low-Activity,United Kingdom,250,1,304.25,183,17,304.25,183.0,0
18186,0,Inactive Low-Activity,United Kingdom,723,1,329.58,338,11,329.58,338.0,0
18187,0,Inactive Low-Activity,United Kingdom,632,1,724.89,310,48,724.89,310.0,0
18188,2,Recent High-Activity,United Kingdom,16,6,3280.59,1888,95,546.76,314.67,608
18189,1,Developing / Moderate,United Kingdom,78,3,1403.73,836,79,467.91,278.67,548
18190,1,Developing / Moderate,United Kingdom,193,5,745.62,490,34,149.12,98.0,525
18191,0,Inactive Low-Activity,United Kingdom,262,2,529.4,332,15,264.7,166.0,216
18192,1,Developing / Moderate,United Kingdom,72,1,957.97,339,45,957.97,339.0,0
18193,1,Developing / Moderate,United Kingdom,166,3,1207.35,926,66,402.45,308.67,277
18194,2,Recent High-Activity,United Kingdom,83,6,4162.04,1774,23,693.67,295.67,598
18195,0,Inactive Low-Activity,United Kingdom,388,1,101.16,60,5,101.16,60.0,0
18196,2,Recent High-Activity,United Kingdom,96,4,1457.19,1038,210,364.3,259.5,537
18197,0,Inactive Low-Activity,United Kingdom,576,1,230.1,166,9,230.1,166.0,0
18198,2,Recent High-Activity,United Kingdom,5,17,5425.56,4074,81,319.15,239.65,332
18199,0,Inactive Low-Activity,United Kingdom,684,1,344.75,99,20,344.75,99.0,0
18200,0,Inactive Low-Activity,United Kingdom,107,1,150.35,104,29,150.35,104.0,0
18201,0,Inactive Low-Activity,United Kingdom,723,1,447.53,191,27,447.53,191.0,0
18202,1,Developing / Moderate,United Kingdom,200,3,1396.99,581,55,465.66,193.67,112
18203,1,Developing / Moderate,United Kingdom,158,4,492.52,111,40,123.13,27.75,574
18204,1,Developing / Moderate,United Kingdom,72,3,1975.35,1190,159,658.45,396.67,121
18205,1,Developing / Moderate,United Kingdom,37,2,517.36,192,30,258.68,96.0,38
18206,0,Inactive Low-Activity,United Kingdom,554,1,314.66,246,19,314.66,246.0,0
18207,0,Inactive Low-Activity,United Kingdom,500,1,544.47,325,31,544.47,325.0,0
18208,0,Inactive Low-Activity,United Kingdom,566,1,360.08,82,17,360.08,82.0,0
18209,0,Inactive Low-Activity,United Kingdom,29,1,139.1,58,8,139.1,58.0,0
18210,2,Recent High-Activity,United Kingdom,2,7,2768.83,1499,116,395.55,214.14,381
18211,1,Developing / Moderate,United Kingdom,26,5,600.07,359,37,120.01,71.8,253
18212,1,Developing / Moderate,United Kingdom,327,2,514.37,158,40,257.19,79.0,351
18213,0,Inactive Low-Activity,United Kingdom,237,1,232.48,232,15,232.48,232.0,0
18214,0,Inactive Low-Activity,United Kingdom,531,4,1780.34,989,38,445.08,247.25,24
18215,1,Developing / Moderate,United Kingdom,90,5,2232.49,1131,53,446.5,226.2,534
18216,1,Developing / Moderate,United Kingdom,32,1,481.75,200,26,481.75,200.0,0
18217,1,Developing / Moderate,United Kingdom,30,4,945.04,740,33,236.26,185.0,497
18218,1,Developing / Moderate,United Kingdom,212,4,1121.84,1028,25,280.46,257.0,449
18219,2,Recent High-Activity,United Kingdom,3,17,3352.7,1586,87,197.22,93.29,730
18220,1,Developing / Moderate,United Kingdom,227,6,1921.76,1352,17,320.29,225.33,498
18221,1,Developing / Moderate,United Kingdom,23,6,1424.94,1000,71,237.49,166.67,368
18222,0,Inactive Low-Activity,United Kingdom,93,1,443.0,335,19,443.0,335.0,0
18223,2,Recent High-Activity,United Kingdom,5,26,14000.85,6644,192,538.49,255.54,731
18224,0,Inactive Low-Activity,United Kingdom,264,1,158.95,69,10,158.95,69.0,0
18225,2,Recent High-Activity,United Kingdom,4,26,13014.8,7282,266,500.57,280.08,732
18226,2,Recent High-Activity,United Kingdom,45,26,11878.88,7883,299,456.88,303.19,600
18227,0,Inactive Low-Activity,United Kingdom,218,2,388.75,22,6,194.38,11.0,267
18228,1,Developing / Moderate,United Kingdom,57,2,779.9,238,23,389.95,119.0,23
18229,2,Recent High-Activity,United Kingdom,12,28,10150.51,3071,73,362.52,109.68,725
18230,2,Recent High-Activity,United Kingdom,10,9,4291.06,1996,42,476.78,221.78,516
18231,2,Recent High-Activity,United Kingdom,193,28,6854.17,2915,218,244.79,104.11,506
18232,1,Developing / Moderate,United Kingdom,82,4,592.97,302,31,148.24,75.5,116
18233,0,Inactive Low-Activity,United Kingdom,326,1,440.0,4,1,440.0,4.0,0
18234,0,Inactive Low-Activity,United Kingdom,552,1,179.6,80,30,179.6,80.0,0
18235,1,Developing / Moderate,United Kingdom,72,3,1796.48,1578,100,598.83,526.0,146
18236,2,Recent High-Activity,United Kingdom,30,12,1795.35,696,80,149.61,58.0,574
18237,1,Developing / Moderate,United Kingdom,3,5,987.1,622,40,197.42,124.4,132
18238,0,Inactive Low-Activity,United Kingdom,516,1,270.92,114,14,270.92,114.0,0
18239,1,Developing / Moderate,United Kingdom,219,6,1712.26,844,85,285.38,140.67,204
18240,0,Inactive Low-Activity,United Kingdom,47,1,422.58,126,6,422.58,126.0,0
18241,2,Recent High-Activity,United Kingdom,10,21,2986.99,1471,101,142.24,70.05,608
18242,2,Recent High-Activity,United Kingdom,73,8,3605.21,2021,113,450.65,252.62,625
18243,0,Inactive Low-Activity,United Kingdom,415,1,515.78,221,26,515.78,221.0,0
18244,0,Inactive Low-Activity,United Kingdom,431,2,568.64,856,19,284.32,428.0,72
18245,2,Recent High-Activity,United Kingdom,8,20,6324.98,5098,336,316.25,254.9,634
18246,1,Developing / Moderate,United Kingdom,24,3,758.82,214,3,252.94,71.33,586
18247,0,Inactive Low-Activity,United Kingdom,415,3,839.73,335,28,279.91,111.67,217
18248,1,Developing / Moderate,United Kingdom,123,2,804.02,511,39,402.01,255.5,64
18249,0,Inactive Low-Activity,United Kingdom,18,1,95.34,128,8,95.34,128.0,0
18250,0,Inactive Low-Activity,United Kingdom,311,1,349.27,199,21,349.27,199.0,0
18251,2,Recent High-Activity,United Kingdom,88,9,26278.86,39639,87,2919.87,4404.33,630
18252,2,Recent High-Activity,United Kingdom,51,7,1533.69,932,125,219.1,133.14,671
18253,0,Inactive Low-Activity,United Kingdom,643,1,317.88,128,7,317.88,128.0,0
18254,0,Inactive Low-Activity,United Kingdom,582,1,267.9,188,16,267.9,188.0,0
18255,1,Developing / Moderate,United Kingdom,90,2,303.15,201,16,151.57,100.5,367
18256,0,Inactive Low-Activity,United Kingdom,388,1,110.7,180,10,110.7,180.0,0
18257,2,Recent High-Activity,United Kingdom,40,12,4600.15,2369,219,383.35,197.42,620
18258,1,Developing / Moderate,United Kingdom,465,6,2059.67,1981,30,343.28,330.17,108
18259,2,Recent High-Activity,United Kingdom,25,7,3941.9,1274,51,563.13,182.0,707
18260,2,Recent High-Activity,United Kingdom,173,23,9947.26,5244,212,432.49,228.0,552
18261,1,Developing / Moderate,United Kingdom,44,2,324.24,146,19,162.12,73.0,52
18262,1,Developing / Moderate,United Kingdom,141,3,577.54,552,40,192.51,184.0,462
18263,1,Developing / Moderate,United Kingdom,26,3,1213.16,1468,59,404.39,489.33,227
18264,0,Inactive Low-Activity,United Kingdom,499,1,603.25,241,36,603.25,241.0,0
18265,1,Developing / Moderate,United Kingdom,73,2,801.51,311,44,400.75,155.5,86
18266,0,Inactive Low-Activity,United Kingdom,435,1,251.1,138,14,251.1,138.0,0
18267,0,Inactive Low-Activity,United Kingdom,673,1,269.37,135,17,269.37,135.0,0
18268,1,Developing / Moderate,United Kingdom,135,6,1490.23,711,36,248.37,118.5,594
18269,0,Inactive Low-Activity,United Kingdom,367,1,168.6,76,7,168.6,76.0,0
18270,1,Developing / Moderate,United Kingdom,39,3,444.55,209,17,148.18,69.67,394
18271,0,Inactive Low-Activity,United Kingdom,610,2,680.85,319,19,340.43,159.5,122
18272,2,Recent High-Activity,United Kingdom,3,9,4385.98,2880,145,487.33,320.0,643
18273,1,Developing / Moderate,United Kingdom,3,4,357.0,140,1,89.25,35.0,588
18274,0,Inactive Low-Activity,United Kingdom,31,1,175.92,88,11,175.92,88.0,0
18275,0,Inactive Low-Activity,United Kingdom,579,2,741.85,417,19,370.93,208.5,153
18276,2,Recent High-Activity,United Kingdom,44,6,1656.52,1246,81,276.09,207.67,686
18277,1,Developing / Moderate,United Kingdom,59,5,1180.05,449,53,236.01,89.8,436
18278,1,Developing / Moderate,United Kingdom,74,2,414.2,140,22,207.1,70.0,331
18279,0,Inactive Low-Activity,United Kingdom,520,1,231.34,630,13,231.34,630.0,0
18280,0,Inactive Low-Activity,United Kingdom,278,2,488.15,194,28,244.08,97.0,117
18281,1,Developing / Moderate,United Kingdom,181,2,201.14,146,17,100.57,73.0,397
18282,0,Inactive Low-Activity,United Kingdom,8,2,178.05,103,12,89.03,51.5,119
18283,2,Recent High-Activity,United Kingdom,4,22,2664.9,1679,352,121.13,76.32,655
18284,0,Inactive Low-Activity,United Kingdom,432,1,461.68,494,28,461.68,494.0,0
18285,0,Inactive Low-Activity,United Kingdom,661,1,427.0,145,12,427.0,145.0,0
18286,1,Developing / Moderate,United Kingdom,477,2,1296.43,608,67,648.22,304.0,247
18287,2,Recent High-Activity,United Kingdom,43,7,4182.99,3013,120,597.57,430.43,529
